{"off_proe": {"Aaron Glenn": -8.770295843243836, "Adam Gase": -3.1049446069541835, "Andy Reid": 6.370514631300507, "Anthony Lynn": -0.7873374348326724, "Antonio Pierce": -1.6846499098488303, "Arthur Smith": -8.231364927691015, "Ben Johnson": -4.0763239044911, "Ben McAdoo": 0.18838092626764666, "Bill Belichick": -0.7519316101387682, "Bill Callahan": -7.199274007243457, "Bill O'Brien": -1.9231694097252978, "Brandon Staley": 3.373345693493686, "Brian Callahan": -5.427350339243342, "Brian Daboll": -3.7335233216181862, "Brian Flores": 3.347183463490164, "Brian Schottenheimer": -0.9849729114546222, "Bruce Arians": 2.8363298695238317, "Chip Kelly": -3.4736715190578713, "Chris Tabor": -11.978735573010534, "Chuck Pagano": 0.38929949753013565, "Dan Campbell": -3.556060483997816, "Dan Quinn": 0.41046849899960575, "Darrell Bevell": 0.022854567217111914, "Dave Canales": -3.8076513464232646, "David Culley": -3.6404735408723345, "DeMeco Ryans": -0.861178281902426, "Dennis Allen": -4.8668797781708255, "Dirk Koetter": 1.7476481458685191, "Doug Marrone": -1.2038164317053843, "Doug Pederson": 0.030872548390336416, "Frank Reich": -2.3602116852332307, "Freddie Kitchens": -1.0425660270869415, "Gary Kubiak": 0.7385203692960659, "Giff Smith": -1.4749392435170607, "Gregg Williams": 2.1375274812524703, "Gus Bradley": 1.2913410398738552, "Hue Jackson": -0.8477848775863841, "Jack Del Rio": -0.3471681098934252, "Jason Garrett": -3.5723239314986865, "Jay Gruden": -0.26930184423301873, "Jay Rosburg": -5.669447453692552, "Jeff Fisher": -5.6283884972768154, "Jeff Saturday": -6.642522575485541, "Jerod Mayo": -3.075419677533172, "Jim Caldwell": 3.8550153070111812, "Jim Harbaugh": -0.23035050410291405, "Jim Tomsula": 0.4511128990504591, "Joe Judge": -1.198443980719396, "Joe Philbin": 2.654007375788161, "John Fox": -6.08997933741093, "John Harbaugh": -4.297332666179844, "Jon Gruden": -1.7168404804924624, "Jonathan Gannon": -1.6292870529409254, "Josh McDaniels": -2.7443658640093407, "Kellen Moore": -3.011016867542245, "Ken Whisenhunt": -2.323633673164565, "Kevin O'Connell": 1.881774913515254, "Kevin Stefanski": -3.6505889289182085, "Kliff Kingsbury": -0.6375900229710869, "Kyle Shanahan": -3.699718722508232, "Liam Coen": 1.6556455389168958, "Lovie Smith": -4.006868251298198, "Marvin Lewis": -0.8020441727025526, "Matt Eberflus": -6.991216016056431, "Matt LaFleur": -0.7782241999068464, "Matt Nagy": -0.36746395180787894, "Matt Patricia": -2.146984496809674, "Matt Rhule": 0.07370894855572596, "Mike Macdonald": -2.6909966047210596, "Mike McCarthy": 1.3748035156543683, "Mike McCoy": 0.6442595171302856, "Mike McDaniel": -1.606064293877918, "Mike Mularkey": -5.040026654147165, "Mike Pettine": 2.295639900769589, "Mike Tomlin": 0.08318650744274055, "Mike Vrabel": -6.375186398406239, "Mike Zimmer": -3.0945524198354937, "Nathaniel Hackett": -1.7044595278244687, "Nick Sirianni": -4.512415037972039, "Pat Shurmur": 0.36685464210677304, "Pete Carroll": -0.4166139514132467, "Raheem Morris": -4.678018557484698, "Rex Ryan": -6.626092084808294, "Rich Bisaccia": 1.2914048865474648, "Robert Saleh": -0.2934004300260451, "Romeo Crennel": 7.115994754482175, "Ron Rivera": -1.4472141913200287, "Sean McDermott": 0.37075772803296975, "Sean McVay": -0.3690790576062238, "Sean Payton": -0.6007039303862521, "Shane Steichen": -4.479278270842845, "Steve Spagnuolo": -2.0435234214983824, "Steve Wilks": -8.542853461570251, "Todd Bowles": -1.3607895768958864, "Tom Coughlin": 1.4174579570385994, "Urban Meyer": -2.169418884405298, "Vance Joseph": -3.516984062407204, "Vic Fangio": -4.521607507829647, "Zac Taylor": 3.375467224603421}, "def_proe_allowed": {"Aaron Glenn": -2.9458667668243694, "Adam Gase": -1.2289922281122263, "Andy Reid": -0.9941452684982257, "Anthony Lynn": -2.772326632334983, "Antonio Pierce": 0.384853552262212, "Arthur Smith": -3.8495834861014004, "Ben Johnson": -3.154226484278462, "Ben McAdoo": -0.573816111923078, "Bill Belichick": -0.3763392721301394, "Bill Callahan": -3.4248190968822154, "Bill O'Brien": -0.5842477719514568, "Brandon Staley": -2.9408526264664983, "Brian Callahan": 0.6843386876073868, "Brian Daboll": -2.048179979762903, "Brian Flores": -1.8554516508933556, "Brian Schottenheimer": 0.8914691155481126, "Bruce Arians": 2.7393947224678428, "Chip Kelly": -2.782990182975423, "Chris Tabor": -7.17840072803596, "Chuck Pagano": -2.423733087760361, "Dan Campbell": -0.3423118763718716, "Dan Quinn": -1.1553678598484245, "Darrell Bevell": -0.3188356257190838, "Dave Canales": -5.749532842077315, "David Culley": -4.476530332283535, "DeMeco Ryans": -3.027780010466027, "Dennis Allen": -3.526100689250068, "Dirk Koetter": -0.033645986387201704, "Doug Marrone": -0.9611224920392173, "Doug Pederson": 1.0269472392020376, "Frank Reich": -0.5603300286943451, "Freddie Kitchens": -2.021139750762736, "Gary Kubiak": -1.9230875812526291, "Giff Smith": -6.732231054987225, "Gregg Williams": -1.1098946441121955, "Gus Bradley": -0.4210987944473836, "Hue Jackson": -0.4131415425093283, "Jack Del Rio": -0.08191767656585631, "Jason Garrett": -0.49218475466094375, "Jay Gruden": -1.4570681307152031, "Jay Rosburg": 12.163474522833901, "Jeff Fisher": 0.12561184483352902, "Jeff Saturday": -6.012451331921377, "Jerod Mayo": -3.4220927980530886, "Jim Caldwell": -1.301618638759474, "Jim Harbaugh": -0.8538588191624038, "Jim Tomsula": -0.25396476758879083, "Joe Judge": 0.4343509204091296, "Joe Philbin": -3.691297421207675, "John Fox": -0.9624356934142749, "John Harbaugh": 0.5099850183312039, "Jon Gruden": -2.4527904104305125, "Jonathan Gannon": -2.6433206152025512, "Josh McDaniels": -1.857913968146151, "Kellen Moore": -5.373643778315306, "Ken Whisenhunt": -0.4730824700098146, "Kevin O'Connell": -2.0971264631474673, "Kevin Stefanski": -2.972293214669157, "Kliff Kingsbury": -0.37484740552387597, "Kyle Shanahan": -1.2660399203760737, "Liam Coen": 1.7800083057439418, "Lovie Smith": -5.679639640506314, "Marvin Lewis": -0.22989514034011507, "Matt Eberflus": -3.7082653963982803, "Matt LaFleur": -3.2735540754888084, "Matt Nagy": -1.8005280991503527, "Matt Patricia": -1.5944401928633, "Matt Rhule": -1.8382527308114247, "Mike Macdonald": 0.011753238126187185, "Mike McCarthy": -2.5651936529972947, "Mike McCoy": -0.8333882964823557, "Mike McDaniel": 0.06338733629657092, "Mike Mularkey": 3.8060486768464163, "Mike Pettine": -1.5066294175953938, "Mike Tomlin": -1.612258632417845, "Mike Vrabel": 0.720297102244767, "Mike Zimmer": -2.00381928605512, "Nathaniel Hackett": -0.764314986646493, "Nick Sirianni": -1.7860468775326233, "Pat Shurmur": -1.8391000841679583, "Pete Carroll": -1.298011661887298, "Raheem Morris": 0.06359072788883702, "Rex Ryan": 0.04457249342165519, "Rich Bisaccia": -3.195901602880534, "Robert Saleh": -4.000091595658821, "Romeo Crennel": -2.3646802555921735, "Ron Rivera": 0.7888935209725336, "Sean McDermott": -2.58043213397786, "Sean McVay": -2.1786454113146188, "Sean Payton": -0.03608353365366664, "Shane Steichen": -3.404742475333761, "Steve Spagnuolo": 1.6194568485144734, "Steve Wilks": -4.225575067886746, "Todd Bowles": 0.594111450040216, "Tom Coughlin": -0.11067409273784808, "Urban Meyer": 1.0160430479634772, "Vance Joseph": 0.08459586884283181, "Vic Fangio": -1.1430528104996633, "Zac Taylor": -1.6178403702472897}}