{
  "gate_accuracy": 0.7125871480300492,
  "gate_log_loss": 0.6710433848066574,
  "global_rmse": 12.852175153163767,
  "global_mae": 8.991220487070747,
  "empirical_rates": {
    "screen": 0.21969410365886613,
    "standard": 0.6650813381613793,
    "deep": 0.11522455817975463
  },
  "simulated_rates": {
    "screen": 0.20375074312273686,
    "standard": 0.6752418526725396,
    "deep": 0.12100740420472356
  },
  "deep_rate_delta": 0.005782846024968924
}