team,player_name,jersey,pos,nfl_status,height,weight,experience,college
ARI,Andrew Billings,95,DT,ACT,73,340,10,Baylor
ARI,Andrew Wingard,28,SAF,ACT,72,205,8,Wyoming
ARI,Art Green,,CB,DEV,74,201,3,Houston
ARI,Bam Knight,20,RB,ACT,71,209,4,N.C. State
ARI,Baron Browning,5,LB,ACT,75,255,6,Ohio State
ARI,Blake Gillikin,12,P,ACT,74,196,7,Penn State
ARI,Budda Baker,3,S,ACT,70,195,10,Washington
ARI,Cam Horsley,93,DT,DEV,75,312,1,Boston College
ARI,Cam Robertson,49,LB,DEV,76,260,R,SMU
ARI,Carson Beck,19,QB,ACT,76,233,R,Miami
ARI,Casey Kreiter,59,LS,ACT,73,250,11,Iowa
ARI,Chad Ryland,38,K,ACT,72,195,4,Maryland
ARI,Chase Bisontis,57,OT,RES,77,315,R,Texas A&M
ARI,Cody Simon,,LB,ACT,74,229,2,Ohio State
ARI,D'Shawn Jamison,,DB,DEV,70,186,2,Texas
ARI,Dadrion Taylor-Demerson,42,SAF,ACT,70,200,3,Texas Tech
ARI,Damonic Williams,96,DT,DEV,73,305,R,Oklahoma
ARI,Dante Stills,55,DT,ACT,76,300,4,West Virginia
ARI,Darius Robinson,56,DL,ACT,77,290,3,Missouri
ARI,Demontrey Jacobs,67,OT,DEV,78,325,3,South Florida Community College
ARI,Denzel Burke,29,CB,ACT,71,190,2,Ohio State
ARI,Devin Duvernay,81,WR,ACT,71,200,6,Texas
ARI,Eku Leota,54,LB,ACT,76,257,2,Auburn
ARI,Elijah Higgins,84,TE,ACT,75,245,4,Stanford
ARI,Elijah Wilkinson,65,OT,ACT,78,315,10,UMass Amherst
ARI,Eugene Asante,61,LB,DEV,73,222,1,Auburn
ARI,Evan Hull,26,RB,DEV,70,209,1,Northwestern
ARI,Gardner Minshew,15,QB,ACT,73,225,8,Washington State
ARI,Garrett Williams,21,CB,ACT,70,192,4,Syracuse
ARI,Harrison Wallace III,30,WR,DEV,71,192,R,Mississippi
ARI,Hayden Conner,58,G,ACT,78,314,2,Texas
ARI,Hjalte Froholdt,72,G,ACT,77,310,8,Arkansas
ARI,Hunter Long,89,TE,ACT,77,253,6,Boston College
ARI,Ihmir Smith-Marsette,83,WR,CUT,73,200,5,Iowa
ARI,Isaac Seumalo,73,G,ACT,76,310,11,Oregon State
ARI,Isaiah Adams,74,G,ACT,76,316,3,Illinois
ARI,Jack Gibbens,50,LB,ACT,75,242,4,Minnesota
ARI,Jacoby Brissett,7,QB,ACT,76,235,11,N.C. State
ARI,Jalen Brooks,86,WR,ACT,74,205,4,South Carolina
ARI,James Conner,6,RB,RSR,73,233,10,Pittsburgh
ARI,Jameson Geers,46,TE,RES,77,250,R,Minnesota
ARI,Jared Harrison-Hunte,,DT,DEV,76,310,2,SMU
ARI,Jayden Williams,66,OT,ACT,76,307,R,Mississippi
ARI,Jeremiyah Love,4,RB,ACT,72,212,R,Notre Dame
ARI,Jerrick Reed II,,SAF,DEV,69,196,4,New Mexico
ARI,Joey Blount,32,SAF,RES,73,195,5,Virginia
ARI,Jon Gaines II,71,G,ACT,76,320,4,UCLA
ARI,Jordan Burch,52,LB,ACT,76,279,2,Oregon
ARI,Josh Fryar,78,OT,ACT,77,320,2,Ohio State
ARI,Josh Sweat,10,LB,ACT,77,265,9,Florida State
ARI,Kaleb Proctor,94,DT,RES,74,291,R,Southeastern Louisiana
ARI,Kalen King,35,CB,ACT,71,190,1,Penn State
ARI,Karson Sharar,43,LB,ACT,73,231,R,Iowa
ARI,Kei'Trel Clark,13,CB,ACT,70,181,4,Louisville
ARI,Kendrick Bourne,17,WR,ACT,73,203,10,Eastern Washington
ARI,Kitan Crawford,36,SAF,RES,71,202,2,Nevada
ARI,L.J. Collier,91,DE,ACT,74,300,8,TCU
ARI,Mack Wilson,1,LB,ACT,73,240,8,Alabama
ARI,Marvin Harrison Jr.,18,WR,ACT,75,220,3,Ohio State
ARI,Matt Pryor,76,OT,DEV,79,332,9,TCU
ARI,Max Melton,16,CB,ACT,71,190,3,Rutgers
ARI,Michael Wilson,14,WR,ACT,74,213,4,Stanford
ARI,Paris Johnson Jr.,70,OT,ACT,78,325,4,Ohio State
ARI,Reggie Virgil,82,WR,ACT,74,187,R,Texas Tech
ARI,Roy Lopez,51,DT,ACT,74,312,6,Arizona
ARI,Shawn Bowman,44,TE,DEV,76,249,1,Rutgers
ARI,Simi Fehoko,80,WR,ACT,76,225,6,Stanford
ARI,Starling Thomas V,24,CB,DEV,70,194,4,UAB
ARI,Teagan Quitoriano,47,TE,DEV,78,259,5,Oregon State
ARI,Tip Reiman,87,TE,PUP,77,271,3,Illinois
ARI,Trey Benson,33,RB,RES,72,225,3,Florida State
ARI,Trey McBride,85,TE,ACT,76,246,5,Colorado State
ARI,Tyler Allgeier,22,RB,ACT,70,225,5,BYU
ARI,Valentin Senn,69,OL,DEV,79,310,2,Connecticut
ARI,Vershon Lee,,C,DEV,76,318,1,South Carolina
ARI,Walter Nolen,97,DT,ACT,76,300,2,Mississippi
ARI,Will Johnson,2,CB,ACT,74,200,2,Michigan
ARI,Wydett Williams Jr.,31,SAF,ACT,73,205,R,Mississippi
ARI,Zachary Carter,90,DT,RSR,76,301,4,Florida
ARI,Zaven Collins,25,LB,ACT,76,270,6,Tulsa
ATL,A.J. Terrell,24,CB,ACT,73,200,7,Clemson
ATL,Anterio Thompson,69,DT,RSN,76,310,R,Washington
ATL,Antwane Wells Jr.,82,WR,DEV,72,205,1,Mississippi
ATL,Austin Hooper,81,TE,ACT,76,254,11,Stanford
ATL,Avieon Terrell,12,CB,ACT,71,180,R,Clemson
ATL,Beaux Collins,88,WR,RSR,75,206,2,Notre Dame
ATL,Bijan Robinson,7,RB,ACT,71,215,4,Texas
ATL,Billy Bowman Jr.,33,CB,ACT,70,194,2,Oklahoma
ATL,Bralen Trice,,LB,DEV,76,274,3,Washington
ATL,Brandon Dorlus,54,DE,ACT,75,295,3,Oregon
ATL,Brian Robinson,15,RB,ACT,73,225,3,Alabama
ATL,C.J. Henderson,26,CB,ACT,73,204,6,Florida
ATL,Cameron Thomas,99,DE,ACT,76,265,5,San Diego State
ATL,Cameron Williams,73,OT,RES,78,317,2,Texas
ATL,Cash Jones,32,RB,DEV,71,195,R,Georgia
ATL,Charlie Woerner,89,TE,ACT,77,250,7,Georgia
ATL,Chris Blair,19,WR,ACT,74,215,2,Alcorn State
ATL,Chris Lindstrom,63,G,ACT,76,310,8,Boston College
ATL,Christian Harris,45,LB,ACT,74,232,5,Alabama
ATL,Colby Sorsdal,,G,DEV,78,315,4,William & Mary
ATL,Cooper Rush,13,QB,ACT,75,225,9,Central Michigan
ATL,Corey Levin,62,G,ACT,76,307,8,Tennessee-Chattanooga
ATL,Da'Shawn Hand,90,DE,RES,75,302,9,Alabama
ATL,Darnay Holmes,30,CB,DEV,70,198,7,UCLA
ATL,DeAngelo Malone,50,LB,PUP,75,235,5,Western Kentucky
ATL,DeMarcco Hellams,23,SAF,ACT,73,203,4,Alabama
ATL,Divine Deablo,,LB,ACT,75,223,6,Virginia Tech
ATL,Drake Jackson,,LB,DEV,76,273,4,USC
ATL,Drake London,5,WR,ACT,76,215,5,USC
ATL,Dylan Drummond,80,WR,DEV,72,190,2,Eastern Michigan
ATL,Ethan Onianwa,75,OT,ACT,79,333,R,Ohio State
ATL,Gervon Dexter Sr.,95,DT,ACT,78,326,4,Florida
ATL,Harold Perkins Jr.,56,LB,ACT,72,222,R,LSU
ATL,JD Bertrand,40,LB,RES,73,230,3,Notre Dame
ATL,Jack Strand,18,QB,ACT,77,240,R,Minnesota State
ATL,Jack Velling,84,TE,DEV,77,245,R,Michigan State
ATL,Jahan Dotson,4,WR,ACT,71,184,5,Penn State
ATL,Jake Bailey,16,P,ACT,74,212,8,Stanford
ATL,Jake Matthews,70,OT,ACT,77,309,13,Texas A&M
ATL,Jalon Walker,11,LB,RES,74,245,2,Georgia
ATL,James Brockermeyer,66,C,CUT,75,295,R,Miami
ATL,James Pearce Jr.,27,DE,SUS,77,242,2,Tennessee
ATL,Jammie Robinson,34,SAF,DEV,71,195,4,Florida State
ATL,Jared Ivey,51,LB,ACT,78,274,2,Mississippi
ATL,Jawaan Taylor,71,OT,ACT,77,312,8,Florida
ATL,Jessie Bates,3,FS,ACT,73,210,9,Wake Forest
ATL,Josh Thompson,,G,DEV,76,315,R,LSU
ATL,Josh Woods,46,LB,ACT,73,235,7,Maryland
ATL,Kam Dewberry,61,G,DEV,76,332,R,Alabama
ATL,Kendal Daniels,53,LB,ACT,77,242,R,Oklahoma
ATL,Khalil Herbert,,RB,DEV,69,212,6,Virginia Tech
ATL,Kyle Hinton,68,G,ACT,74,315,4,Washburn
ATL,Kyle Pitts,8,TE,ACT,78,250,6,Florida
ATL,LaCale London,94,DE,ACT,75,297,3,Western Illinois
ATL,Liam McCullough,49,LS,ACT,74,245,5,Ohio State
ATL,Maason Smith,92,DT,ACT,77,306,3,LSU
ATL,Malcolm DeWalt IV,36,CB,ACT,74,190,R,Akron
ATL,Matthew Bergeron,65,OL,ACT,77,315,4,Syracuse
ATL,Michael Jerrell,72,OT,ACT,77,309,3,Findlay
ATL,Michael Penix Jr.,9,QB,ACT,75,220,3,Washington
ATL,Mike Ford,28,DB,ACT,72,199,9,Southeast Missouri State
ATL,Mike Hughes,21,CB,ACT,70,191,9,UCF
ATL,Nick Folk,6,K,ACT,73,225,19,Arizona
ATL,Nick Muse,87,TE,ACT,77,252,3,South Carolina
ATL,Olamide Zaccheaus,14,WR,ACT,68,194,8,Virginia
ATL,Riley Mahlman,76,OT,DEV,80,318,R,Wisconsin
ATL,Ryan Neuzil,64,G,ACT,75,305,5,Appalachian State
ATL,Samson Ebukam,52,DE,ACT,75,245,10,Eastern Washington
ATL,Storm Norton,77,OT,PUP,79,310,7,Toledo
ATL,Sydney Brown,29,SAF,ACT,70,211,4,Illinois
ATL,Trey Sermon,,RB,RES,72,215,5,Ohio State
ATL,Tua Tagovailoa,1,QB,ACT,73,225,7,Alabama
ATL,Tyler Goodson,25,RB,TRD,69,197,4,Iowa
ATL,Vinny Anthony II,86,WR,DEV,72,190,R,Wisconsin
ATL,Xavier Watts,31,SAF,ACT,72,203,2,Notre Dame
ATL,Yasir Abdullah,22,LB,ACT,73,234,4,Louisville
ATL,Za'Darius Smith,53,DE,ACT,76,270,11,Kentucky
ATL,Zacch Pickens,,DT,DEV,76,303,3,South Carolina
ATL,Zach Harrison,96,DE,DEV,77,270,4,Ohio State
ATL,Zachariah Branch,17,WR,ACT,70,180,R,Georgia
BAL,A.J. Arcuri,,OT,DEV,79,312,2,Michigan State
BAL,Adam Randall,23,RB,RES,75,232,R,Clemson
BAL,Adisa Isaac,50,LB,DEV,76,254,3,Penn State
BAL,Aeneas Peebles,90,DT,ACT,72,300,2,Virginia Tech
BAL,Amani Oruwariye,,CB,DEV,74,205,6,Penn State
BAL,Andrew Vorhees,72,G,ACT,78,330,3,USC
BAL,Bilhal Kone,31,CB,RES,73,190,2,Western Michigan
BAL,Broderick Washington,96,DT,ACT,74,314,7,Texas Tech
BAL,Calais Campbell,93,DE,ACT,80,307,19,Miami
BAL,Carl Jones,48,LB,ACT,72,223,2,UCLA
BAL,Carson Vinson,76,OT,ACT,79,325,2,Alabama A&M
BAL,Chandler Rivers,29,CB,ACT,70,189,R,Duke
BAL,Chidobe Awuzie,3,CB,ACT,72,202,10,Colorado
BAL,Chris Moore,17,WR,ACT,73,200,10,Cincinnati
BAL,Chuma Edoga,,OT,DEV,76,315,8,USC
BAL,Danny Pinter,63,G,RES,76,301,6,Ball State
BAL,David Olajiga,65,DT,DEV,75,310,1,Central Missouri
BAL,Derrick Henry,22,RB,ACT,75,252,11,Alabama
BAL,Devontez Walker,81,WR,ACT,73,198,3,North Carolina
BAL,Dominic DeLuca,42,LB,CUT,73,228,R,Penn State
BAL,Durham Smythe,80,TE,ACT,76,248,9,Notre Dame
BAL,Elijah Sarratt,13,WR,ACT,74,215,R,Indiana
BAL,Emery Jones Jr.,51,OT,ACT,77,325,2,LSU
BAL,Ethan Burke,97,LB,ACT,78,267,R,Texas
BAL,Ethan Pocic,77,C,ACT,78,320,10,LSU
BAL,Gage Larvadain,,WR,DEV,68,171,2,South Carolina
BAL,Gerad Lichtenhan,78,OT,DEV,80,330,1,Oregon State
BAL,Ja'Kobi Lane,6,WR,RES,76,205,R,USC
BAL,Jahquez Robinson,41,SAF,RES,74,201,R,Auburn
BAL,Jake Moody,,K,CUT,73,210,4,Michigan
BAL,Jamon Johnson,,LB,DEV,73,236,1,Kentucky
BAL,Jay Higgins,49,LB,ACT,72,230,2,Iowa
BAL,Jaylinn Hawkins,21,SAF,ACT,73,208,7,California
BAL,Joe Fagnano,12,QB,ACT,75,230,R,Connecticut
BAL,John Jenkins,94,DT,ACT,75,360,14,Georgia
BAL,John Simpson,74,G,ACT,76,330,7,Clemson
BAL,Jonathan Ward,35,RB,DEV,72,202,6,Central Michigan
BAL,Josh Cuevas,85,TE,ACT,75,245,R,Alabama
BAL,Jovaughn Gwyn,54,G,ACT,74,310,4,South Carolina
BAL,Justice Hill,43,RB,ACT,70,195,8,Oklahoma State
BAL,K'Von Wallace,25,SAF,DEV,71,205,6,Clemson
BAL,Kaimon Rucker,56,LB,DEV,74,265,1,North Carolina
BAL,Keondre Jackson,39,SAF,ACT,74,215,2,Illinois State
BAL,Keyon Martin,38,CB,ACT,69,170,2,Louisiana-Lafayette
BAL,Kyle Hamilton,14,SAF,ACT,76,218,5,Notre Dame
BAL,LaJohntay Wester,10,WR,ACT,69,180,2,Colorado
BAL,Ladarius Webb Jr.,,DB,DEV,69,168,R,Wake Forest
BAL,Lamar Jackson,8,QB,ACT,74,205,9,Louisville
BAL,Malaki Starks,24,SAF,ACT,73,205,2,Georgia
BAL,Mark Andrews,89,TE,ACT,77,250,9,Oklahoma
BAL,Marlon Humphrey,44,CB,ACT,72,200,10,Alabama
BAL,Matthew Hibner,88,TE,ACT,76,251,R,SMU
BAL,Mike Green,15,LB,ACT,75,250,2,Marshall
BAL,Nate Wiggins,2,CB,ACT,73,182,3,Clemson
BAL,Nick Moore,46,LS,ACT,74,260,5,Georgia
BAL,Nick Vannett,,TE,DEV,78,257,11,Ohio State
BAL,Nnamdi Madubuike,92,DT,ACT,75,305,7,Texas A&M
BAL,Olaivavega Ioane,71,G,ACT,76,326,R,Penn State
BAL,Rasheen Ali,26,RB,ACT,71,210,3,Marshall
BAL,Rashod Bateman,7,WR,ACT,73,193,6,Minnesota
BAL,Rayshaun Benny,99,DT,DEV,75,305,R,Michigan
BAL,Roger Rosengarten,70,OT,ACT,77,310,3,Washington
BAL,Ronnie Stanley,79,OT,ACT,78,310,11,Notre Dame
BAL,Roquan Smith,,ILB,ACT,73,235,9,Georgia
BAL,Ryan Eckley,30,P,ACT,72,205,R,Michigan State
BAL,Skylar Thompson,11,QB,RES,74,210,5,Kansas State
BAL,T.J. Tampa,27,CB,RES,73,190,3,Iowa State
BAL,Tavius Robinson,95,LB,ACT,78,262,4,Mississippi
BAL,Teddye Buchanan,40,LB,ACT,74,240,2,California
BAL,Travis Jones,98,DT,ACT,76,338,5,Connecticut
BAL,Trenton Simpson,32,LB,ACT,74,242,4,Clemson
BAL,Trey Hendrickson,91,LB,ACT,76,265,10,Florida Atlantic
BAL,Ty Pezza,84,TE,DEV,75,234,R,Brown
BAL,Tyler Huntley,5,QB,ACT,73,204,7,Utah
BAL,Tyler Loop,33,K,ACT,71,191,2,Arizona
BAL,Xavier Guillory,16,WR,DEV,74,203,1,Arizona State
BAL,Zay Flowers,4,WR,ACT,69,183,4,Boston College
BAL,Zion Young,9,LB,ACT,77,267,R,Missouri
BUF,Alec Anderson,70,OT,ACT,77,305,4,UCLA
BUF,Andre Jones Jr.,59,LB,DEV,77,258,2,Louisiana-Lafayette
BUF,Anthony Kendall,30,CB,DEV,70,188,3,Baldwin Wallace College
BUF,Ar'maj Reed-Adams,60,G,ACT,77,314,R,Texas A&M
BUF,Austin Corbett,63,G,ACT,76,306,9,Nevada
BUF,Bradley Chubb,9,OLB,ACT,76,268,9,N.C. State
BUF,Brock Lampe,,RB,DEV,73,249,2,Northern Illinois
BUF,C.J. Gardner-Johnson,22,SAF,ACT,71,208,8,Florida
BUF,Chase Lundt,77,OT,DEV,79,304,2,Connecticut
BUF,Christian Benford,47,CB,ACT,73,205,5,Villanova
BUF,Cole Bishop,24,SAF,ACT,74,207,3,Utah
BUF,Connor McGovern,66,G,ACT,78,318,8,Penn State
BUF,DJ Moore,2,WR,ACT,72,213,9,Maryland
BUF,Dalton Kincaid,86,TE,ACT,75,246,4,Utah
BUF,Damar Hamlin,3,SAF,ACT,72,200,6,Pittsburgh
BUF,Davison Igbinosun,21,CB,ACT,74,189,R,Ohio State
BUF,Dawson Knox,88,TE,ACT,76,254,8,Mississippi
BUF,DeWayne Carter,90,DT,ACT,74,302,3,Duke
BUF,Dee Alford,23,CB,ACT,71,180,5,Tusculum College
BUF,Deone Walker,96,DT,ACT,79,331,2,Kentucky
BUF,Dion Dawkins,73,OT,ACT,77,320,10,Temple
BUF,Dorian Strong,43,CB,RSN,72,185,2,Virginia Tech
BUF,Dorian Williams,42,LB,ACT,73,228,4,Tulane
BUF,Ed Oliver,91,DT,ACT,73,287,8,Houston
BUF,Frank Gore Jr.,20,RB,DEV,68,201,1,Southern Mississippi
BUF,Geno Stone,25,SAF,DEV,71,210,7,Iowa
BUF,Greg Dortch,,WR,DEV,67,180,6,Wake Forest
BUF,Greg Gaines,97,DT,ACT,73,312,8,Washington
BUF,Greg Rousseau,15,LB,ACT,78,266,6,Miami
BUF,Ja'Mori Maclin,84,WR,DEV,71,183,R,Kentucky
BUF,Jackson Hawes,85,TE,ACT,76,253,2,Georgia Tech
BUF,Jalon Kilgore,29,SAF,ACT,73,211,R,South Carolina
BUF,James Cook,4,RB,ACT,71,190,5,Georgia
BUF,Javon Solomon,56,LB,ACT,73,246,3,Troy
BUF,Jedrick Wills,,OT,DEV,76,307,6,Alabama
BUF,Joe Andreessen,44,LB,ACT,73,240,3,Buffalo
BUF,Jordan Hancock,37,CB,ACT,73,195,2,Ohio State
BUF,Josh Allen,17,QB,ACT,77,237,9,Wyoming
BUF,Josh Palmer,5,WR,ACT,73,210,6,Tennessee
BUF,Jude Bowry,74,OT,ACT,77,314,R,Boston College
BUF,Kaleb Elarms-Orr,52,LB,ACT,74,234,R,TCU
BUF,Kani Walker,41,DB,DEV,74,204,R,Arkansas
BUF,Keleki Latu,83,TE,ACT,78,249,1,Washington
BUF,Keon Coleman,,WR,ACT,75,213,3,Florida State
BUF,Keonta Jenkins,49,LB,DEV,74,211,1,Virginia Tech
BUF,Khalil Shakir,10,WR,ACT,72,190,5,Boise State
BUF,Kyle Allen,11,QB,ACT,75,210,8,Houston
BUF,Landon Jackson,94,DE,ACT,78,264,2,Arkansas
BUF,Lloyd Cushenberry III,53,C,ACT,76,315,7,LSU
BUF,Maxwell Hairston,1,CB,ACT,71,192,2,Kentucky
BUF,Michael Danna,51,LB,ACT,74,257,6,Michigan
BUF,Michael Hoecht,55,LB,ACT,76,267,6,Brown
BUF,Nick Broeker,65,G,CUT,76,305,3,Mississippi
BUF,O'Cyrus Torrence,64,G,ACT,77,330,4,Florida
BUF,Phidarian Mathis,72,DT,SUS,76,312,5,Alabama
BUF,Ray Davis,7,RB,ACT,68,211,3,Kentucky
BUF,Reid Ferguson,69,LS,ACT,74,235,10,LSU
BUF,Sam Franklin Jr.,28,SAF,ACT,75,210,7,Temple
BUF,Shane Buechele,6,QB,DEV,72,210,4,SMU
BUF,Shaq Thompson,54,OLB,DEV,72,230,12,Washington
BUF,Skyler Bell,13,WR,ACT,71,192,R,Connecticut
BUF,Spencer Brown,79,OT,ACT,80,311,6,Northern Iowa
BUF,Stephen Gosnell,89,WR,DEV,73,198,1,Virginia Tech
BUF,T.J. Sanders,98,DT,ACT,76,297,2,South Carolina
BUF,TJ Parker,99,LB,ACT,75,263,R,Clemson
BUF,Te'Cory Couch,33,DB,DEV,70,185,1,Miami
BUF,Terrel Bernard,8,LB,ACT,73,224,5,Baylor
BUF,Tommy Doman Jr.,39,P,ACT,76,214,R,Florida
BUF,Travis Clayton,67,OT,DEV,79,303,2,
BUF,Trent Sherfield,18,WR,DEV,72,203,9,Vanderbilt
BUF,Ty Johnson,26,RB,ACT,70,210,8,Maryland
BUF,Tylan Grable,68,OT,ACT,77,313,3,UCF
BUF,Tyler Bass,16,K,ACT,70,183,7,Georgia Southern
BUF,Tyrell Shavers,14,WR,PUP,76,211,2,San Diego State
BUF,Zane Durant,92,DT,RES,73,290,R,Penn State
CAR,AJ Dillon,28,RB,ACT,72,247,7,Boston College
CAR,Aaron Hall,94,DT,ACT,76,297,R,Duke
CAR,Ahmani Marshall,,RB,DEV,73,225,1,Appalachian State
CAR,Akayleb Evans,29,CB,ACT,74,198,5,Missouri
CAR,Albert Reese,76,OT,ACT,79,330,R,Mississippi State
CAR,Anthony Goodlow,,DE,DEV,77,283,1,Oklahoma State
CAR,Anthony Tyus III,34,RB,DEV,73,222,1,Ohio
CAR,Bam Martin-Scott,54,LB,RSR,74,235,2,South Carolina
CAR,Bobby Brown III,97,DT,ACT,76,332,6,Texas A&M
CAR,Bobby Okereke,58,ILB,ACT,73,235,8,Stanford
CAR,Brady Christensen,70,OT,RES,78,300,6,BYU
CAR,Bryce Young,9,QB,ACT,70,204,4,Alabama
CAR,Brycen Tremayne,87,WR,ACT,76,212,2,Stanford
CAR,Cam Jackson,99,DT,ACT,78,328,2,Florida
CAR,Casey Washington,80,WR,DEV,72,200,3,Illinois
CAR,Chandler Zavala,62,G,DEV,77,330,4,N.C. State
CAR,Chau Smith-Wade,26,CB,ACT,71,176,3,Washington State
CAR,Chris Brazzell II,19,WR,RES,76,198,R,Tennessee
CAR,Chuba Hubbard,30,RB,ACT,73,210,6,Oklahoma State
CAR,Claudin Cherelus,53,LB,ACT,74,230,4,Alcorn State
CAR,Corey Bullock,67,OT,ACT,75,314,2,Maryland
CAR,Corey Thornton,31,CB,DEV,73,204,2,Louisville
CAR,Damien Lewis,68,G,ACT,74,327,7,LSU
CAR,Darren Waller,88,TE,ACT,78,245,9,Georgia Tech
CAR,David Moore,83,WR,DEV,72,220,8,East Central
CAR,Derrick Brown,95,DT,ACT,77,320,7,Auburn
CAR,Devin Lloyd,55,LB,ACT,75,235,5,Utah
CAR,Devonta Smith,43,CB,DEV,71,195,R,Notre Dame
CAR,E.J. Williams Jr.,,WR,DEV,75,203,R,Indiana
CAR,Feleipe Franks,81,TE,ACT,78,228,4,Arkansas
CAR,Haynes King,16,QB,ACT,74,212,R,Georgia Tech
CAR,Ikem Ekwonu,79,OT,PUP,76,335,5,N.C. State
CAR,Isaiah Simmons,27,SAF,DEV,76,232,6,Clemson
CAR,J.J. Jansen,44,LS,ACT,74,235,19,Notre Dame
CAR,Ja'Seem Reed,86,WR,DEV,74,195,1,San Diego
CAR,Ja'Tavion Sanders,,TE,ACT,76,252,3,Texas
CAR,Jackson Kuwatch,46,LB,ACT,76,234,R,Miami (Ohio)
CAR,Jaelan Phillips,5,LB,ACT,77,266,6,Miami
CAR,Jake Curhan,74,OT,DEV,78,316,6,California
CAR,Jalen Coker,18,WR,ACT,75,213,3,Holy Cross
CAR,Jaycee Horn,8,CB,ACT,73,200,6,South Carolina
CAR,Jeremiah Moon,,LB,DEV,77,245,3,Florida
CAR,Jimmy Horn Jr.,15,WR,TRC,68,174,2,Colorado
CAR,John Metchie III,13,WR,ACT,71,187,4,Alabama
CAR,Jonathon Brooks,25,RB,ACT,72,207,3,Texas
CAR,Kenny Pickett,12,QB,ACT,75,220,5,Pittsburgh
CAR,Lathan Ransom,22,SAF,ACT,72,206,2,Ohio State
CAR,Lee Hunter,92,DT,ACT,75,318,R,Texas Tech
CAR,Luke Fortner,77,C,ACT,78,300,5,Kentucky
CAR,Mapalo Mwansa,42,LB,DEV,75,234,1,
CAR,Mike Jackson,2,CB,ACT,73,210,6,Miami
CAR,Mitchell Evans,84,TE,ACT,77,258,2,Notre Dame
CAR,Monroe Freeling,57,OT,ACT,79,315,R,Georgia
CAR,Nic Scourton,11,LB,RES,74,257,2,Texas A&M
CAR,Nick Scott,21,SAF,ACT,71,200,8,Penn State
CAR,Parker Petersen,69,DT,DEV,76,314,R,Wisconsin
CAR,Patrick Jones II,91,LB,ACT,76,264,6,Pittsburgh
CAR,Princely Umanmielen,3,LB,ACT,76,244,2,Mississippi
CAR,Rasheed Walker,63,OT,ACT,78,325,5,Penn State
CAR,Robert Hunt,50,G,ACT,78,323,7,Louisiana-Lafayette
CAR,Ryan Fitzgerald,10,K,ACT,71,193,2,Florida State
CAR,Sam Hecht,75,C,ACT,76,305,R,Kansas State
CAR,Sam Martin,6,P,ACT,73,207,14,Appalachian State
CAR,Stone Forsythe,73,OT,ACT,80,307,6,Florida
CAR,Taylor Moton,72,OT,RSN,77,325,10,Western Michigan
CAR,TeRah Edwards,93,DT,ACT,74,305,1,Illinois
CAR,Tershawn Wharton,98,DE,PUP,73,280,7,Missouri-Rolla
CAR,Tetairoa McMillan,4,WR,ACT,77,212,2,Arizona
CAR,Thomas Incoom,48,LB,ACT,74,265,4,Central Michigan
CAR,Tommy Tremble,82,TE,ACT,76,250,6,Notre Dame
CAR,Torricelli Simpkins III,,G,DEV,77,312,2,South Carolina
CAR,Tre'von Moehrig,7,SAF,ACT,74,202,6,TCU
CAR,Trevis Gipson,52,LB,ACT,76,255,7,Tulsa
CAR,Trevor Etienne,23,RB,RSR,69,204,2,Georgia
CAR,Tyrel Dodson,,LB,ACT,72,237,7,Texas A&M
CAR,Will Lee III,24,CB,ACT,73,189,R,Texas A&M
CAR,Xavier Legette,17,WR,ACT,75,227,3,South Carolina
CAR,Zakee Wheatley,20,SAF,ACT,75,203,R,Penn State
CAR,Zion Childress,,DB,DEV,71,195,1,Kentucky
CHI,Anthony Johnson,27,CB,DEV,74,205,3,Virginia
CHI,Austin Booker,94,DE,ACT,78,245,3,Kansas
CHI,Beau Gardner,45,LS,ACT,77,249,R,Georgia
CHI,Braxton Jones,70,OT,ACT,77,303,5,Southern Utah State
CHI,Brittain Brown,38,RB,RES,73,205,3,UCLA
CHI,Buddy Johnson,47,LB,DEV,74,240,5,Texas A&M
CHI,Caden Barnett,76,G,DEV,76,316,R,Wyoming
CHI,Cairo Santos,8,K,ACT,68,173,13,Tulane
CHI,Caleb Williams,18,QB,ACT,73,226,3,USC
CHI,Cam Lewis,21,CB,ACT,69,183,7,Buffalo
CHI,Case Keenum,11,QB,ACT,73,220,14,Houston
CHI,Christian Jones,,OT,DEV,77,320,3,Texas
CHI,Clark Phillips III,20,CB,ACT,70,183,4,Utah
CHI,Coby Bryant,2,CB,RES,73,205,5,Cincinnati
CHI,Cole Kmet,85,TE,ACT,78,257,7,Notre Dame
CHI,Colston Loveland,84,TE,ACT,78,241,2,Michigan
CHI,D'Andre Swift,4,RB,ACT,68,204,7,Georgia
CHI,D'Marco Jackson,48,LB,ACT,73,233,5,Appalachian State
CHI,Dallis Flowers,37,CB,RES,73,196,4,Pittsburg State (KS)
CHI,Daniel Hardy,92,DE,ACT,74,255,4,Montana State
CHI,Darnell Wright,58,OT,ACT,77,325,4,Tennessee
CHI,Dayo Odeyingbo,55,DE,ACT,77,282,6,Vanderbilt
CHI,Deantre Prince,37,CB,DEV,72,183,2,Mississippi
CHI,Devin Bush,12,LB,ACT,71,234,8,Michigan
CHI,Dillon Thieneman,31,SAF,ACT,72,201,R,Oregon
CHI,Elijah Hicks,22,SAF,ACT,71,204,5,California
CHI,Garrett Bradbury,67,C,ACT,75,305,8,N.C. State
CHI,Grady Jarrett,50,DT,ACT,73,294,12,Clemson
CHI,Hayden Large,43,TE,RES,76,255,R,Iowa
CHI,JP Richardson,83,WR,DEV,71,192,1,TCU
CHI,Jack Sanborn,57,LB,ACT,74,234,5,Wisconsin
CHI,Jahdae Walker,9,WR,ACT,75,206,2,Texas A&M
CHI,James Lynch,97,DT,ACT,76,295,7,Baylor
CHI,Jamree Kromah,59,DE,ACT,75,268,1,James Madison
CHI,Jayden Loving,91,DT,ACT,73,309,R,Wake Forest
CHI,Jaylon Johnson,1,CB,ACT,72,195,7,Utah
CHI,Joe Thuney,62,G,ACT,77,301,11,N.C. State
CHI,Jonah Jackson,73,G,ACT,75,319,7,Ohio State
CHI,Jonathan Garvin,52,DE,RES,76,257,4,Miami
CHI,Jordan McFadden,74,G,ACT,74,306,4,Clemson
CHI,Jordan van den Berg,96,DT,ACT,75,310,R,Georgia Tech
CHI,Josh Blackwell,39,CB,ACT,71,180,5,Duke
CHI,Kaden Davis,81,WR,DEV,73,193,1,NW Missouri State University
CHI,Kalif Raymond,14,WR,ACT,69,160,10,Holy Cross
CHI,Keidron Smith,,DB,DEV,74,210,2,Kentucky
CHI,Kentavius Street,93,DE,ACT,74,315,8,N.C. State
CHI,Keyshaun Elliott,49,LB,ACT,73,233,R,Arizona State
CHI,Kyle Hergel,60,OL,DEV,74,315,2,Boston College
CHI,Kyle Monangai,25,RB,ACT,68,207,2,Rutgers
CHI,Kyler Gordon,6,CB,PUP,71,200,5,Washington
CHI,Logan Jones,54,C,ACT,75,299,R,Iowa
CHI,Luke Newman,65,G,ACT,76,308,2,Michigan State
CHI,Luther Burden III,10,WR,ACT,72,210,2,Missouri
CHI,Malik Muhammad,24,CB,ACT,72,182,R,Texas
CHI,Marcus Davenport,52,DE,DEV,78,265,9,Texas-San Antonio
CHI,Miller Moss,,QB,DEV,73,211,R,Louisville
CHI,Montez Sweat,98,DE,ACT,78,270,8,Mississippi State
CHI,Nephi Sewell,46,LB,RES,72,228,3,Utah
CHI,Neville Gallimore,90,DT,ACT,74,307,7,Oklahoma
CHI,Nikola Kalinic,86,TE,RES,76,248,2,York (Canada)
CHI,Noah Sewell,46,LB,PUP,73,246,4,Oregon
CHI,Ozzy Trapilo,75,OT,ACT,80,312,2,Boston College
CHI,Qadir Ismail,80,TE,DEV,78,245,1,Samford
CHI,Rome Odunze,15,WR,ACT,75,215,3,Washington
CHI,Roschon Johnson,23,RB,ACT,72,227,4,Texas
CHI,Ruben Hyppolite II,47,LB,RES,72,236,2,Maryland
CHI,Salvon Ahmed,36,RB,DEV,71,197,6,Washington
CHI,Sam Roush,87,TE,ACT,77,267,R,Stanford
CHI,Scott Miller,82,WR,DEV,69,174,8,Bowling Green
CHI,Shemar Turner,95,DT,PUP,75,293,2,Texas A&M
CHI,Skyler Thomas,38,SAF,ACT,74,191,R,Oregon State
CHI,Stephen Carlson,88,TE,DEV,76,248,4,Princeton
CHI,T.J. Edwards,53,LB,ACT,72,228,8,Wisconsin
CHI,Theo Benedet,79,OL,ACT,79,305,2,University of British Columbia
CHI,Tony Fields II,43,LB,RES,73,220,5,West Virginia
CHI,Tory Taylor,19,P,ACT,76,225,3,Iowa
CHI,Tyrique Stevenson,29,CB,ACT,72,212,4,Miami
CHI,Tyson Bagent,17,QB,ACT,75,213,4,Shepherd
CHI,Wayne Matthews II,35,LB,DEV,72,221,R,Michigan State
CHI,Xavier Woods,32,FS,ACT,71,200,10,Louisiana Tech
CHI,Zavier Scott,,RB,DEV,73,221,2,Maine
CHI,Zavion Thomas,13,WR,ACT,70,190,R,LSU
CIN,Amarius Mims,71,OT,ACT,80,350,3,Georgia
CIN,Andrei Iosivas,80,WR,ACT,75,210,4,Princeton
CIN,B.J. Hill,92,DT,ACT,75,311,9,N.C. State
CIN,Barrett Carter,49,LB,ACT,72,230,2,Clemson
CIN,Blake Freeland,,OT,DEV,79,302,4,BYU
CIN,Boye Mafe,53,DE,ACT,76,265,5,Minnesota
CIN,Bralyn Lux,21,DB,DEV,70,180,1,Texas Tech
CIN,Brian Parker II,62,OT,RSR,77,310,R,Duke
CIN,Bryan Cook,6,SAF,ACT,73,210,5,Cincinnati
CIN,Cashius Howell,55,DE,ACT,76,255,R,Texas A&M
CIN,Cedric Johnson,52,DE,ACT,75,264,3,Mississippi
CIN,Chase Brown,30,RB,ACT,70,211,4,Illinois
CIN,Colbie Young,86,WR,ACT,76,218,R,Georgia
CIN,Connor Lew,65,C,ACT,76,310,R,Auburn
CIN,D.J. Ivey,38,CB,ACT,73,192,4,Miami
CIN,DJ Turner II,,CB,ACT,71,185,4,Michigan
CIN,Dalton Risner,66,G,ACT,77,312,8,Kansas State
CIN,Daxton Hill,23,DB,ACT,72,195,5,Michigan
CIN,Demetrius Knight Jr.,44,LB,ACT,74,240,2,South Carolina
CIN,Dexter Lawrence,97,DT,ACT,77,350,8,Clemson
CIN,Dohnte Meyers,81,WR,ACT,71,186,1,Delta State University
CIN,Drew Sample,89,TE,ACT,77,260,8,Washington
CIN,Dylan Fairchild,63,G,ACT,77,318,2,Georgia
CIN,Erick All,83,TE,ACT,77,255,3,Iowa
CIN,Evan McPherson,2,K,ACT,71,185,6,Florida
CIN,Garmon Randolph,,LB,DEV,80,260,1,Baylor
CIN,Howard Cross III,95,DT,DEV,73,285,2,Notre Dame
CIN,Isaiah Foskey,51,DE,DEV,77,280,4,Notre Dame
CIN,Ja'Marr Chase,1,WR,ACT,72,205,6,LSU
CIN,Ja'Sir Taylor,26,CB,RSR,70,185,5,Wake Forest
CIN,Jack Endries,84,TE,ACT,77,245,R,Texas
CIN,Jacob Bayer,69,C,ACT,75,310,1,Arkansas State
CIN,Jalen Davis,35,CB,ACT,70,186,6,Utah State
CIN,Jalen Rivers,74,G,ACT,77,319,2,Miami
CIN,Javon Foster,73,OT,ACT,77,319,2,Missouri
CIN,Joe Burrow,9,QB,ACT,76,215,7,LSU
CIN,Joe Flacco,16,QB,ACT,78,245,19,Delaware
CIN,Joe Giles-Harris,43,LB,DEV,74,234,3,Duke
CIN,Jonathan Allen,93,DT,ACT,75,300,10,Alabama
CIN,Jordan Battle,27,SAF,ACT,73,215,4,Alabama
CIN,Jordan Moore,14,WR,DEV,72,191,1,Duke
CIN,Josh Johnson,11,QB,DEV,75,219,14,San Diego
CIN,Josh Newton,28,CB,ACT,71,190,3,TCU
CIN,Ke'Shawn Williams,12,WR,ACT,69,189,2,Indiana
CIN,Kendall Milton,36,RB,DEV,73,230,1,Georgia
CIN,Kentrel Bullock,31,RB,DEV,70,205,R,South Alabama
CIN,Kris Jenkins,90,DT,ACT,75,310,3,Michigan
CIN,Kyle Dugger,29,SAF,ACT,73,216,7,Lenoir Rhyne
CIN,Landon Robinson,96,DT,ACT,72,295,R,Navy
CIN,Mike Gesicki,88,TE,ACT,78,245,9,Penn State
CIN,Myles Hinton,77,OT,ACT,78,342,2,Michigan
CIN,Myles Murphy,99,DE,ACT,77,275,4,Clemson
CIN,Noah Thomas,17,WR,DEV,77,203,R,Georgia
CIN,Oren Burks,42,ILB,ACT,75,233,9,Vanderbilt
CIN,Orlando Brown,75,OT,ACT,80,350,9,Oklahoma
CIN,PJ Jules,37,SAF,ACT,72,203,2,Southern Illinois
CIN,Russ Yeast,22,SAF,DEV,70,195,3,Kansas State
CIN,Ryan Rehkow,8,P,ACT,77,235,3,BYU
CIN,Samaje Perine,34,RB,ACT,70,240,10,Oklahoma
CIN,Sean Clifford,4,QB,DEV,74,212,2,Penn State
CIN,Shaka Heyward,50,LB,DEV,75,238,3,Duke
CIN,Shemar Stewart,94,DE,ACT,77,267,2,Texas A&M
CIN,Swayze Bozeman,47,LB,ACT,73,224,2,Southern Mississippi
CIN,Tacario Davis,20,CB,ACT,76,194,R,Washington
CIN,Tahj Brooks,25,RB,ACT,69,220,2,Texas Tech
CIN,Tanner Hudson,87,TE,DEV,77,241,7,Southern Arkansas
CIN,Ted Karras,64,C,ACT,76,310,11,Illinois
CIN,Tedarrell Slaton,98,DT,ACT,77,340,6,Florida
CIN,Tee Higgins,5,WR,ACT,76,219,7,Clemson
CIN,Trikweze Bridges,,DB,DEV,74,200,2,Florida
CIN,William Wagner,46,LS,ACT,74,240,2,Michigan
CLE,Adin Huntington,98,DE,ACT,73,281,2,Tulane
CLE,Alex Wright,91,DE,RES,77,267,5,UAB
CLE,Andre Szmyt,25,K,ACT,72,200,2,Syracuse
CLE,Austin Barber,58,OT,ACT,79,320,R,Florida
CLE,Blake Whiteheart,86,TE,ACT,76,250,4,Wake Forest
CLE,Bub Means,,WR,DEV,74,215,3,Pittsburgh
CLE,Carsen Ryan,48,TE,ACT,75,255,R,BYU
CLE,Carson Schwesinger,49,LB,ACT,75,242,2,UCLA
CLE,Chris Williams,61,DT,CUT,74,298,5,Wagner
CLE,Corey Bojorquez,13,P,ACT,72,217,9,New Mexico
CLE,D'Angelo Ross,38,CB,CUT,69,190,5,New Mexico
CLE,Damarri Mathis,37,DB,RES,71,195,5,Pittsburgh
CLE,Daniel Thomas,24,SAF,ACT,70,215,7,Auburn
CLE,Dawand Jones,79,OT,ACT,80,375,4,Ohio State
CLE,Denzel Boston,12,WR,ACT,76,215,R,Washington
CLE,Denzel Ward,21,CB,ACT,71,190,9,Ohio State
CLE,Derek Barnett,97,DE,ACT,75,259,10,Tennessee
CLE,Deshaun Watson,4,QB,ACT,75,223,10,Clemson
CLE,Dillon Gabriel,6,QB,RSR,71,205,2,Oregon
CLE,Donovan McMillon,31,SAF,ACT,74,203,2,Pittsburgh
CLE,Dylan Sampson,22,RB,RES,68,201,2,Tennessee
CLE,Easton Mascarenas-Arnold,42,LB,ACT,71,226,2,USC
CLE,Edefuan Ulofoshio,54,LB,RES,73,240,2,Washington
CLE,Elgton Jenkins,74,C,ACT,77,311,8,Mississippi State
CLE,Elijah Chatman,62,DT,RES,72,278,2,SMU
CLE,Emmanuel McNeil-Warren,28,SAF,ACT,75,210,R,Toledo
CLE,Eric Gray,,RB,DEV,70,210,4,Oklahoma
CLE,Grant Delpit,9,SAF,ACT,75,208,7,LSU
CLE,Harold Fannin Jr.,44,TE,ACT,76,241,2,Bowling Green
CLE,Isaiah Bond,,WR,ACT,71,180,2,Texas
CLE,Isaiah McGuire,57,DE,ACT,76,268,4,Missouri
CLE,Jaleel McLaughlin,,RB,ACT,69,183,4,Youngstown State
CLE,Jared Verse,8,DE,ACT,76,260,3,Florida State
CLE,Jeremiah Owusu-Koramoah,6,LB,PUP,74,221,6,Notre Dame
CLE,Jerry Jeudy,3,WR,ACT,73,195,7,Alabama
CLE,Jimmy Horn Jr.,,WR,DEV,68,174,2,Colorado
CLE,Joe Royer,18,TE,RSN,77,250,R,Cincinnati
CLE,Justin Jefferson,17,LB,ACT,72,223,R,Alabama
CLE,KC Concepcion,1,WR,ACT,72,190,R,Texas A&M
CLE,KT Leveston,72,OT,DEV,76,335,3,Kansas State
CLE,Kalia Davis,93,DT,RES,74,310,5,UCF
CLE,Kendrick Green,53,G,RES,76,315,5,Illinois
CLE,Khordae Sydnor,90,DE,DEV,76,264,R,Vanderbilt
CLE,Kole Wilson,87,WR,CUT,67,177,R,Baylor
CLE,Logan Fano,99,DE,DEV,77,252,R,Utah
CLE,Luke Wypler,56,C,ACT,75,303,4,Ohio State
CLE,Malachi Corley,11,WR,ACT,71,215,3,Western Kentucky
CLE,Maliek Collins,96,DT,ACT,74,310,11,Nebraska
CLE,Mason Graham,94,DT,ACT,76,315,2,Michigan
CLE,Mekhi Blackmon,29,DB,ACT,71,178,4,USC
CLE,Messiah Swinson,,TE,DEV,79,259,1,Arizona State
CLE,Michael Burton,34,FB,ACT,72,247,12,Rutgers
CLE,Michael Coats Jr.,,CB,DEV,70,185,R,West Virginia
CLE,Mike Hall Jr.,51,DT,ACT,75,300,3,Ohio State
CLE,Myles Bryant,27,CB,DEV,69,192,7,Washington
CLE,Myles Harden,26,CB,ACT,71,195,3,South Dakota
CLE,Nadame Tucker,,DE,DEV,75,250,R,Western Michigan
CLE,Nathaniel Watson,40,LB,DEV,72,233,3,Mississippi State
CLE,Noah Igbinoghene,,CB,ACT,71,197,7,Auburn
CLE,Obinna Eze,,OT,DEV,78,325,2,TCU
CLE,Parker Brailsford,52,C,ACT,74,290,R,Alabama
CLE,Quincy Williams,5,LB,ACT,71,230,8,Murray State
CLE,Quinshon Judkins,10,RB,ACT,72,221,2,Ohio State
CLE,Raheim Sanders,23,RB,ACT,72,230,2,South Carolina
CLE,Rex Sunahara,50,LS,ACT,78,242,3,West Virginia
CLE,Ronnie Hickman Jr.,33,SAF,ACT,73,209,4,Ohio State
CLE,Sam Kamara,92,DT,DEV,72,272,4,Stony Brook
CLE,Sam Williams,54,DE,ACT,76,261,5,Mississippi
CLE,Shedeur Sanders,2,QB,ACT,74,212,2,Colorado
CLE,Spencer Fano,55,OT,ACT,78,315,R,Utah
CLE,Taylen Green,15,QB,ACT,78,230,R,Arkansas
CLE,Teven Jenkins,78,G,ACT,78,320,6,Oklahoma State
CLE,Toriano Pride Jr.,35,CB,ACT,70,185,R,Missouri
CLE,Tylan Wallace,16,WR,ACT,71,200,6,Oklahoma State
CLE,Tyson Campbell,7,CB,ACT,73,195,6,Georgia
CLE,Tytus Howard,71,OT,ACT,77,320,8,Alabama State
CLE,Wes Pahl,,P,DEV,77,205,R,Oklahoma State
CLE,Winston Reid,59,LB,ACT,72,225,3,Weber State
CLE,Xavier Truss,,G,DEV,79,320,2,Georgia
CLE,Zak Zinter,70,G,ACT,78,310,3,Michigan
CLE,Zion Johnson,77,G,ACT,75,316,5,Boston College
CLE,Zion Logue,,DT,DEV,78,325,1,Georgia
CLE,Zion Washington,30,SAF,DEV,73,208,R,Boise State
DAL,Adedayo Odeleye,96,DE,DEV,77,285,1,
DAL,Ajani Cornelius,65,OT,ACT,77,318,2,Oregon
DAL,Alijah Clark,11,DB,ACT,73,200,2,Syracuse
DAL,Ameer Speed,23,CB,ACT,75,215,3,Michigan State
DAL,Anthony Smith,83,WR,DEV,74,200,R,East Carolina
DAL,Brandon Aubrey,17,K,ACT,75,218,4,Notre Dame
DAL,Brevyn Spann-Ford,89,TE,ACT,78,265,3,Minnesota
DAL,Broderick Jones,77,OT,ACT,77,311,4,Georgia
DAL,Bryan Anger,5,P,ACT,75,214,15,California
DAL,Caelen Carson,21,DB,ACT,72,198,3,Wake Forest
DAL,Caleb Downs,13,SAF,ACT,72,210,R,Ohio State
DAL,Camden Brown,80,WR,ACT,74,204,R,Georgia Southern
DAL,CeeDee Lamb,88,WR,ACT,74,198,7,Oklahoma
DAL,Cobie Durant,2,CB,ACT,71,187,5,South Carolina State
DAL,Cooper Beebe,56,C,ACT,75,320,3,Kansas State
DAL,Curtis Robinson,42,LB,DEV,75,246,4,Stanford
DAL,DJ Rogers,49,TE,RES,76,255,R,TCU
DAL,DaRon Bland,26,CB,ACT,74,202,5,Fresno State
DAL,Dak Prescott,4,QB,ACT,74,230,11,Mississippi State
DAL,DeMarvion Overshown,,LB,ACT,75,235,4,Texas
DAL,Dee Winters,53,LB,ACT,71,227,4,TCU
DAL,Derion Kendrick,15,CB,DEV,72,199,5,Georgia
DAL,Devin Moore,29,CB,RSR,75,198,R,Florida
DAL,Donovan Ezeiruaku,6,LB,ACT,74,255,2,Boston College
DAL,Drew Shelton,67,OT,ACT,77,313,R,Penn State
DAL,Elijah Garcia,,DE,DEV,77,302,3,Rice
DAL,Emari Demercado,31,RB,ACT,69,215,4,TCU
DAL,George Pickens,3,WR,ACT,75,205,5,Georgia
DAL,Hunter Luepke,30,RB,ACT,73,250,4,North Dakota State
DAL,Isaiah Land,58,LB,DEV,76,250,3,Florida A&M
DAL,Israel Abanikanda,25,RB,DEV,70,225,3,Pittsburgh
DAL,Jaishawn Barham,55,LB,ACT,74,240,R,Michigan
DAL,Jake Ferguson,87,TE,ACT,77,250,5,Wisconsin
DAL,Jalen Thompson,34,DB,ACT,71,190,8,Washington State
DAL,James Houston,41,LB,ACT,73,248,5,Jackson State University
DAL,James Mitchell,,TE,DEV,76,264,4,Virginia Tech
DAL,Javonte Williams,33,RB,ACT,70,220,6,North Carolina
DAL,Joe Milton III,,QB,DEV,77,236,3,Tennessee
DAL,Jonathan Bullard,90,DE,ACT,75,290,11,Florida
DAL,Jonathan Mingo,18,WR,ACT,74,225,4,Mississippi
DAL,Jordan Hudson,81,WR,DEV,73,202,R,SMU
DAL,Justin Barron,45,LB,DEV,76,235,1,Syracuse
DAL,KaVontae Turpin,9,WR,ACT,67,158,5,TCU
DAL,Kelvin Gilliam,94,DT,RES,74,300,R,Virginia Tech
DAL,Kenny Clark,97,NT,ACT,75,314,11,UCLA
DAL,LT Overton,99,DT,ACT,75,274,R,Alabama
DAL,Laken Tomlinson,,G,DEV,75,323,12,Duke
DAL,Luke Schoonmaker,86,TE,ACT,77,250,4,Michigan
DAL,Malachi Lawrence,57,LB,ACT,76,253,R,UCF
DAL,Malik Davis,20,RB,RES,71,205,3,Florida
DAL,Malik Hooker,24,FS,ACT,73,215,10,Ohio State
DAL,Marcellus Johnson,79,OT,DEV,76,315,1,Missouri
DAL,Marist Liufau,35,LB,RSR,74,245,3,Notre Dame
DAL,Markquese Bell,14,SAF,ACT,74,217,5,Florida A&M
DAL,Matt Hennessy,72,C,RES,76,295,7,Temple
DAL,Michael Trigg,46,TE,DEV,76,250,R,Baylor
DAL,Nick Leverett,51,G,ACT,75,315,5,Rice
DAL,Otito Ogbonnia,91,DT,ACT,76,320,5,UCLA
DAL,P.J. Locke,1,DB,ACT,70,205,7,Texas
DAL,Princeton Fant,85,TE,RES,74,245,2,Tennessee
DAL,Quinnen Williams,92,DT,ACT,75,303,8,Alabama
DAL,Rashan Gary,7,LB,ACT,77,275,8,Michigan
DAL,Reddy Steward,27,DB,DEV,71,187,2,Troy
DAL,Ryan Flournoy,19,WR,ACT,73,205,3,Southeast Missouri State
DAL,Sam Howell,16,QB,ACT,73,225,5,North Carolina
DAL,Shavon Revel Jr.,28,CB,ACT,74,198,2,East Carolina
DAL,Shemar James,50,LB,ACT,73,235,2,Florida
DAL,TJ Bass,66,G,ACT,77,320,4,Oregon
DAL,Terence Steele,78,OT,ACT,78,320,7,Texas Tech
DAL,Tommy Dunn,95,DT,DEV,75,305,R,Kansas
DAL,Trent Sieg,44,LS,ACT,76,255,9,Colorado State
DAL,Tyler Booker,52,G,ACT,77,330,2,Alabama
DAL,Tyler Goodson,,RB,ACT,69,197,4,Iowa
DAL,Tyler Guyton,60,OT,ACT,79,325,3,Oklahoma
DAL,Tyler Smith,73,G,RES,77,328,5,Tulsa
DAL,Tyrus Wheat,59,LB,ACT,74,260,4,Mississippi State
DAL,Von Miller,40,OLB,ACT,75,245,16,Texas A&M
DAL,Wanya Morris,,OT,DEV,78,307,4,Oklahoma
DEN,Adam Prentice,46,FB,DEV,72,245,6,South Carolina
DEN,Adam Trautman,82,TE,ACT,77,253,7,Dayton
DEN,Alex Forsyth,54,C,ACT,76,312,4,Oregon
DEN,Alex Palczewski,63,OT,ACT,78,315,4,Illinois
DEN,Alex Singleton,49,LB,ACT,74,240,8,Montana State
DEN,Ben Powers,74,G,ACT,76,310,8,Oklahoma
DEN,Bo Nix,10,QB,ACT,74,217,3,Oregon
DEN,Brandon Jones,22,SAF,ACT,73,191,7,Texas
DEN,Brent Austin,33,CB,DEV,71,180,R,California
DEN,Caleb Lohner,84,TE,RSR,79,250,1,Utah
DEN,Calvin Throckmorton,76,OT,DEV,77,311,6,Oregon
DEN,Cody Schrader,25,RB,DEV,69,214,3,Missouri
DEN,Courtland Sutton,14,WR,ACT,76,216,9,SMU
DEN,D.J. Jones,93,DT,ACT,72,305,10,Mississippi
DEN,Dallen Bentley,89,TE,ACT,76,253,R,Utah
DEN,Dane Key,87,WR,DEV,75,210,R,Nebraska
DEN,David Agoha,,DE,DEV,76,260,1,
DEN,Devon Key,26,SAF,ACT,72,208,3,Western Kentucky
DEN,Dondrea Tillman,92,LB,ACT,76,247,3,"Indiana PA, University of"
DEN,Evan Engram,1,TE,ACT,75,240,10,Mississippi
DEN,Eyioma Uwazurike,96,DT,ACT,78,320,4,Iowa State
DEN,Frank Crum,73,OT,RSR,79,315,3,Wyoming
DEN,Garett Bolles,72,OT,ACT,77,300,10,Utah
DEN,Gavin Ortega,68,OT,DEV,77,300,R,Weber State
DEN,J.K. Dobbins,27,RB,ACT,70,212,7,Ohio State
DEN,JL Skinner,34,SAF,ACT,76,220,4,Boise State
DEN,Ja'Quan McMillian,29,CB,ACT,70,183,4,East Carolina
DEN,Jahdae Barron,23,CB,ACT,71,200,2,Texas
DEN,Jarrett Stidham,8,QB,ACT,75,215,7,Auburn
DEN,Jaylen Waddle,17,WR,ACT,70,185,6,Alabama
DEN,Jeremy Crawshaw,16,P,ACT,75,205,2,Florida
DEN,Johnny Walker Jr.,59,LB,DEV,75,250,2,Missouri
DEN,Jonah Coleman,20,RB,ACT,68,220,R,Washington
DEN,Jonah Elliss,52,LB,ACT,74,246,3,Utah
DEN,Jonathon Cooper,,LB,EXE,76,257,6,Ohio State
DEN,Jordan Jackson,94,DT,ACT,77,294,3,Air Force
DEN,Jordan Turner,55,LB,ACT,73,231,2,Michigan State
DEN,Justin Strnad,40,LB,ACT,75,235,7,Wake Forest
DEN,Kage Casey,78,OT,ACT,77,311,R,Boise State
DEN,Karene Reid,47,LB,ACT,72,227,2,Utah
DEN,Kolbe Katsis,81,WR,DEV,73,185,R,Northern Arizona
DEN,Kris Abrams-Draine,31,CB,ACT,71,178,3,Missouri
DEN,Levelle Bailey,56,LB,RES,74,225,2,Fresno State
DEN,Lil'Jordan Humphrey,,WR,ACT,76,225,7,Texas
DEN,Lucas Krull,85,TE,DEV,78,260,4,Pittsburgh
DEN,Luke Wattenberg,60,C,ACT,77,300,5,Washington
DEN,Malcolm Roach,97,DT,ACT,75,290,7,Texas
DEN,Marvin Mims Jr.,19,WR,ACT,71,182,4,Oklahoma
DEN,Matt Henningsen,91,DE,RES,75,291,4,Wisconsin
DEN,Matt Peart,79,OT,ACT,79,318,7,Connecticut
DEN,Michael Bandy,83,WR,DEV,70,190,3,San Diego
DEN,Michael Deiter,67,C,RES,78,315,7,Wisconsin
DEN,Mike McGlinchey,69,OT,ACT,80,315,9,Notre Dame
DEN,Miles Scott,39,SAF,DEV,71,210,R,Illinois
DEN,Mitchell Fraboni,48,LS,DEV,74,223,5,Arizona State
DEN,Nate Adkins,45,TE,ACT,75,252,4,South Carolina
DEN,Nick Gargiulo,66,G,PUP,77,327,2,South Carolina
DEN,Nik Bonitto,15,LB,ACT,75,240,5,Oklahoma
DEN,Pat Bryant,13,WR,ACT,74,204,2,Illinois
DEN,Pat Surtain II,2,CB,ACT,74,202,6,Alabama
DEN,Que Robinson,51,LB,ACT,76,243,2,Alabama
DEN,Quinn Meinerz,77,C,ACT,75,320,6,Wisconsin-Whitewater
DEN,RJ Harvey,12,RB,ACT,68,205,2,UCF
DEN,Red Murdock,50,LB,DEV,73,240,R,Buffalo
DEN,Riley Moss,21,CB,ACT,72,193,4,Iowa
DEN,Sai'vion Jones,95,DE,ACT,77,289,2,LSU
DEN,Sam Ehlinger,4,QB,ACT,73,222,6,Texas
DEN,Sean Fresch,37,DB,DEV,69,181,1,Rice
DEN,Talanoa Hufanga,9,SAF,ACT,72,200,6,USC
DEN,Taylor Rapp,30,SAF,DEV,72,208,8,Washington
DEN,Troy Franklin,11,WR,ACT,75,180,3,Oregon
DEN,Tycen Anderson,6,SAF,ACT,74,210,5,Toledo
DEN,Tyler Badie,28,RB,ACT,68,197,3,Missouri
DEN,Tyler Miller,71,OT,DEV,81,335,R,Iowa State
DEN,Tyler Onyedim,98,DT,ACT,75,292,R,Texas A&M
DEN,Wil Lutz,3,K,ACT,71,184,11,Georgia State
DEN,Zach Allen,99,DE,ACT,76,285,8,Boston College
DET,Aamaris Brown,24,DB,DEV,70,198,R,UNLV
DET,Ahmed Hassanein,99,DE,ACT,74,275,1,Boise State
DET,Aidan Hutchinson,97,DE,ACT,79,268,5,Michigan
DET,Alim McNeill,54,DT,ACT,74,310,6,N.C. State
DET,Amen Ogbongbemiga,57,LB,DEV,72,231,6,Oklahoma State
DET,Amon-Ra St. Brown,14,WR,ACT,72,202,6,USC
DET,Anthony Lucas,61,DE,DEV,77,265,R,USC
DET,Avonte Maddox,29,FS,ACT,69,191,9,Pittsburgh
DET,Ben Bartch,78,OT,ACT,78,318,7,St. John's (MN)
DET,Ben Stille,96,DE,DEV,76,296,3,Nebraska
DET,Blake Miller,76,OT,ACT,78,320,R,Clemson
DET,Brian Branch,32,CB,PUP,72,203,4,Alabama
DET,Brock Wright,89,TE,ACT,77,254,6,Notre Dame
DET,Cade Mays,64,C,RSR,78,325,5,Tennessee
DET,Chris Smith,90,DT,DEV,73,320,1,Notre Dame
DET,Christian Izien,5,SAF,ACT,70,206,4,Rutgers
DET,Christian Mahogany,73,G,ACT,75,330,3,Boston College
DET,Chuck Clark,36,SAF,ACT,72,209,10,Virginia Tech
DET,D.J. Reed,4,CB,ACT,69,190,9,Kansas State
DET,D.J. Wonnum,98,DE,ACT,77,262,7,South Carolina
DET,Damone Clark,11,LB,RES,74,240,5,LSU
DET,Derrick Barnes,55,LB,ACT,72,240,6,Purdue
DET,Derrick Moore,8,DE,ACT,75,260,R,Michigan
DET,Devin Cochran,77,OT,DEV,79,322,3,Georgia Tech
DET,Devin White,45,LB,ACT,72,252,8,LSU
DET,Dominic Lovett,19,WR,DEV,70,185,2,Georgia
DET,Elijah Klein,,G,DEV,76,319,3,Texas-El Paso
DET,Ennis Rakestraw Jr.,2,CB,ACT,71,192,3,Missouri
DET,Eric O'Neill,66,DE,ACT,74,250,R,Rutgers
DET,Giovanni Manu,59,OL,RSN,79,345,3,University of British Columbia
DET,Hogan Hatten,49,LS,ACT,74,239,3,Idaho
DET,Isaac TeSlaa,18,WR,ACT,76,214,2,Arkansas
DET,Isiah Pacheco,10,RB,RES,70,210,5,Rutgers
DET,Jabari Small,,RB,DEV,71,208,1,Tennessee
DET,Jack Campbell,46,LB,ACT,77,246,4,Iowa
DET,Jack Fox,3,P,ACT,74,218,7,Rice
DET,Jackson Meeks,13,WR,ACT,74,235,1,Syracuse
DET,Jacob Saylors,25,RB,ACT,71,195,2,East Tennessee State
DET,Jahmyr Gibbs,,RB,ACT,69,202,4,Alabama
DET,Jake Bates,39,K,ACT,70,205,3,Arkansas
DET,Jalen Mills,,CB,DEV,72,200,11,LSU
DET,Jameson Williams,1,WR,ACT,73,184,5,Alabama
DET,Jared Goff,16,QB,ACT,76,217,11,California
DET,Jimmy Rolder,41,LB,ACT,74,238,R,Michigan
DET,Joe Bachie,35,LB,ACT,74,238,7,Michigan State
DET,Joshua Dobbs,11,QB,ACT,75,216,10,Tennessee
DET,Juice Scruggs,70,C,ACT,75,320,4,Penn State
DET,Keith Abney II,6,CB,ACT,69,187,R,Arizona State
DET,Kendrick Law,88,WR,RES,71,203,R,Kentucky
DET,Kerby Joseph,31,SAF,PUP,72,210,5,Illinois
DET,Khalil Dorsey,30,CB,ACT,68,190,6,Northern Arizona
DET,Larry Borom,79,G,ACT,77,325,6,Missouri
DET,Levi Onwuzurike,,DT,ACT,75,304,5,Washington
DET,Lucky Jackson,9,WR,DEV,72,186,1,Western Kentucky
DET,Luke Altmyer,15,QB,DEV,73,213,R,Illinois
DET,Malcolm Rodriguez,44,LB,ACT,71,230,5,Oklahoma State
DET,Mason Miller,63,OT,DEV,79,318,1,North Dakota State
DET,Mekhi Wingo,94,DT,ACT,72,282,3,LSU
DET,Miles Frazier,71,G,ACT,78,325,2,LSU
DET,Natrone Brooks,,DB,DEV,71,176,3,Southern Mississippi
DET,Nick Whiteside,38,DB,DEV,73,200,2,Saginaw Valley State
DET,Payton Turner,92,DE,RES,78,270,6,Houston
DET,Penei Sewell,58,OT,ACT,77,335,6,Oregon
DET,Rock Ya-Sin,23,CB,ACT,71,195,8,Temple
DET,Roger McCreary,21,CB,ACT,71,190,5,Auburn
DET,Sam LaPorta,87,TE,ACT,75,245,4,Iowa
DET,Seth McLaughlin,,C,DEV,76,305,1,Ohio State
DET,Sione Vaki,33,RB,ACT,71,216,3,Utah
DET,Skyler Gill-Howard,50,DT,ACT,72,280,R,Texas Tech
DET,Tate Ratledge,69,G,ACT,78,322,2,Georgia
DET,Tay Martin,17,WR,ACT,75,186,1,Oklahoma State
DET,Thomas Gordon,82,TE,DEV,76,250,1,Northwestern
DET,Thomas Harper,12,SAF,ACT,68,195,3,Notre Dame
DET,Tom Kennedy,85,WR,ACT,70,195,4,Bryant
DET,Trevor Nowaske,53,LB,ACT,75,237,4,Saginaw Valley State
DET,Tyleik Williams,91,DT,ACT,75,325,2,Ohio State
DET,Tyler Conklin,83,TE,ACT,75,245,9,Central Michigan
DET,Tyler Lacy,93,DE,ACT,76,300,4,Oklahoma State
GB,Aaron Banks,65,G,ACT,77,325,6,Notre Dame
GB,Anthony Belton,71,OT,ACT,78,336,2,N.C. State
GB,Anthony Campbell,93,DT,ACT,78,307,1,Miami
GB,Arron Mosby,53,DE,DEV,75,250,4,Fresno State
GB,Barryn Sorrell,99,DE,ACT,75,256,2,Texas
GB,Benjamin St-Juste,21,CB,ACT,75,200,6,Minnesota
GB,Bo Melton,,WR,ACT,71,189,3,Rutgers
GB,Brandon Cisse,2,CB,ACT,72,189,R,South Carolina
GB,Brenton Cox Jr.,57,DE,ACT,76,250,4,Florida
GB,Carrington Valentine,24,DB,ACT,72,189,4,Kentucky
GB,Chris Brooks,30,RB,ACT,73,219,4,BYU
GB,Chris Hilton Jr.,37,WR,CUT,72,190,R,LSU
GB,Chris McClellan,55,DT,ACT,76,313,R,Missouri
GB,Christian Watson,9,WR,ACT,76,215,5,North Dakota State
GB,Collin Oliver,45,LB,RSR,74,240,2,Oklahoma State
GB,Cordell Volson,,OT,DEV,78,315,5,North Dakota State
GB,Dalton Cooper,78,OT,DEV,78,326,1,Oklahoma State
GB,Damon Bankston,,RB,DEV,70,186,R,New Mexico
GB,Dani Dennis-Sutton,51,LB,ACT,78,256,R,Penn State
GB,Daniel Whelan,19,P,ACT,77,216,4,UC Davis
GB,Devonte Wyatt,95,DT,ACT,75,304,5,Georgia
GB,Dillon Wade,68,G,DEV,75,316,R,Auburn
GB,Domani Jackson,20,CB,DEV,73,194,R,Alabama
GB,Donovan Jennings,67,OT,ACT,76,323,2,University of South Florida
GB,Drake Dabney,49,TE,DEV,77,246,1,TCU
GB,Edgerrin Cooper,56,LB,ACT,74,229,3,Texas A&M
GB,Eric Johnson,,DT,DEV,76,320,5,Missouri State
GB,Evan Williams,33,SAF,ACT,71,200,3,Oregon
GB,Isaiah McDuffie,58,LB,ACT,73,227,6,Boston College
GB,Isaiah Neyor,80,WR,DEV,76,218,1,Nebraska
GB,J. Michael Sturdivant,87,WR,ACT,75,207,R,Florida
GB,Jacob Monk,62,C,ACT,75,308,3,Duke
GB,Jager Burton,52,C,ACT,76,312,R,Kentucky
GB,Javon Bullard,7,SAF,ACT,70,198,3,Georgia
GB,Javon Hargrave,98,NT,ACT,74,307,11,South Carolina State
GB,Jayden Reed,11,WR,ACT,71,187,4,Michigan State
GB,John Williams,73,G,ACT,76,322,2,Cincinnati
GB,Johnathan Baldwin,37,SAF,RES,72,190,1,UNLV
GB,Jonathan Ford,96,DT,ACT,77,338,4,Miami
GB,Jonnu Smith,18,TE,ACT,75,248,10,Florida International
GB,Jordan Love,10,QB,ACT,76,219,7,Utah State
GB,Jordan Morgan,77,OT,ACT,77,311,3,Arizona
GB,Jordon Riley,97,DT,PUP,77,338,3,Oregon
GB,Josh Gesky,76,OT,DEV,77,308,R,Illinois
GB,Josh Jacobs,8,RB,EXE,70,223,8,Alabama
GB,Josh Whyle,81,TE,ACT,79,248,4,Cincinnati
GB,Kahlef Hailassie,,DB,DEV,73,195,4,Western Kentucky
GB,Kaleb Johnson,26,RB,ACT,72,225,2,Iowa
GB,Kamal Hadden,36,CB,ACT,73,192,2,Tennessee
GB,Karl Brooks,94,DT,ACT,75,296,4,Bowling Green
GB,Kedon Slovis,,QB,DEV,74,223,2,BYU
GB,Keisean Nixon,25,DB,ACT,70,200,8,South Carolina
GB,Kitan Oladapo,27,SAF,ACT,74,216,3,Oregon State
GB,Kristian Welch,54,LB,DEV,75,240,7,Iowa
GB,Lenny Krieg,,K,DEV,74,214,1,
GB,Lukas Van Ness,90,LB,ACT,77,272,4,Iowa
GB,Luke Musgrave,88,TE,PUP,78,253,4,Oregon State
GB,MarShawn Lloyd,32,RB,ACT,69,220,3,USC
GB,Mark Redman,86,TE,ACT,77,258,1,Louisville
GB,Marlon Jones,46,DB,RES,72,190,R,Vanderbilt
GB,Matthew Golden,,WR,ACT,71,191,2,Texas
GB,Matthew Orzech,42,LS,ACT,75,245,7,Azusa Pacific
GB,McCallan Castles,47,TE,RES,76,244,1,Tennessee
GB,Micah Parsons,1,LB,PUP,75,250,6,Penn State
GB,Nick Niemann,31,LB,ACT,75,234,6,Iowa
GB,Nyjalik Kelly,47,DE,DEV,77,263,R,UCF
GB,Pierre Strong,22,RB,DEV,71,207,4,South Dakota State
GB,Quincy Skinner Jr.,,WR,DEV,74,205,1,Vanderbilt
GB,Savion Williams,83,WR,RSR,76,222,2,TCU
GB,Scott Daly,,LS,TRD,73,245,6,Notre Dame
GB,Sean Rhyan,75,OT,ACT,77,320,5,UCLA
GB,Skyy Moore,23,WR,ACT,70,195,5,Western Michigan
GB,Thomas Yassmin,84,TE,RES,77,245,1,Utah
GB,Travis Glover,79,OT,ACT,78,317,3,Georgia State
GB,Trey Dean III,35,SAF,CUT,74,200,1,Florida
GB,Trey Smack,28,K,ACT,73,188,R,Florida
GB,Tucker Kraft,85,TE,ACT,77,259,4,South Dakota State
GB,Ty'Ron Hopper,59,LB,ACT,74,228,3,Missouri
GB,Tyrod Taylor,6,QB,ACT,73,217,16,Virginia Tech
GB,Warren Brinson,91,DT,ACT,77,315,2,Georgia
GB,Xavier McKinney,29,SAF,ACT,72,201,7,Alabama
GB,Zach Bako-Bewele,50,G,ACT,76,304,5,Wake Forest
GB,Zaire Franklin,44,OLB,ACT,72,235,9,Syracuse
HOU,Aiden Fisher,59,LB,ACT,73,231,R,Indiana
HOU,Aireontae Ersery,79,OT,ACT,78,330,2,Minnesota
HOU,Ali Gaye,95,DE,RES,78,265,3,LSU
HOU,Alijah Huzzie,28,CB,DEV,70,195,1,North Carolina
HOU,Austin Brinkman,40,LS,ACT,76,241,2,West Virginia
HOU,Azeez Al-Shaair,,LB,ACT,74,228,8,Florida Atlantic
HOU,Blake Fisher,57,OT,ACT,78,312,3,Notre Dame
HOU,Braden Smith,71,OT,RES,78,312,9,Auburn
HOU,Brevin Jordan,9,TE,ACT,75,245,6,Miami
HOU,British Brooks,44,RB,ACT,71,225,3,North Carolina
HOU,Bryce Hall,34,CB,DEV,73,202,6,Virginia
HOU,Bryce Oliver,,WR,DEV,73,214,3,Youngstown State
HOU,C.J. Stroud,7,QB,ACT,75,218,4,Ohio State
HOU,Cade Stover,8,TE,ACT,76,251,3,Ohio State
HOU,Calen Bullock,2,SAF,ACT,75,190,3,USC
HOU,Chris Braswell,,LB,DEV,75,255,3,Alabama
HOU,Collin Wright,37,CB,ACT,72,195,R,Stanford
HOU,Dalton Schultz,86,TE,ACT,77,242,9,Stanford
HOU,Daniel Sobkowicz,89,WR,DEV,75,205,R,Illinois State
HOU,Danielle Hunter,55,DE,ACT,77,263,12,LSU
HOU,David Montgomery,32,RB,ACT,71,230,8,Iowa State
HOU,Davis Mills,10,QB,ACT,76,225,6,Stanford
HOU,Derek Stingley Jr.,24,CB,ACT,73,195,5,LSU
HOU,Dominique Robinson,94,DE,ACT,77,275,5,Miami (Ohio)
HOU,Dylan Horton,92,DE,RES,76,275,4,TCU
HOU,E.J. Speed,45,LB,PUP,76,227,8,Tarleton State
HOU,Ed Ingram,69,G,ACT,75,307,5,LSU
HOU,Evan Brown,63,C,ACT,75,320,8,SMU
HOU,Febechi Nwaiwu,64,G,ACT,76,319,R,Oklahoma
HOU,Foster Moreau,87,TE,ACT,76,250,8,LSU
HOU,Gavin Gerhardt,,C,DEV,76,235,R,Cincinnati
HOU,George Odum,,DB,DEV,73,202,9,Central Arkansas
HOU,Graham Mertz,18,QB,RES,74,216,2,Florida
HOU,Henry To'oTo'o,39,LB,RES,74,228,4,Alabama
HOU,Ja'Marcus Ingram,20,CB,RSR,74,190,3,Buffalo
HOU,Jacob Hummel,33,LB,ACT,73,229,5,Iowa State
HOU,Jaden Crumedy,,DT,ACT,76,309,3,Mississippi State
HOU,Jadeveon Clowney,90,DE,ACT,77,266,13,South Carolina
HOU,Jake Andrews,60,C,ACT,75,308,4,Troy
HOU,Jake Hansen,35,LB,ACT,73,230,5,Illinois
HOU,Jalen Pitre,5,SAF,ACT,72,200,5,Baylor
HOU,Jamal Hill,56,LB,ACT,72,226,3,Oregon
HOU,James Neal III,70,OT,DEV,78,325,R,Iowa State
HOU,Jared Wayne,17,WR,ACT,75,210,1,Pittsburgh
HOU,Jawhar Jordan,25,RB,DEV,70,186,1,Louisville
HOU,Jayden Higgins,81,WR,RES,76,215,2,Iowa State
HOU,Jaylin Noel,13,WR,ACT,71,200,2,Iowa State
HOU,Jaylin Smith,22,CB,ACT,71,190,2,USC
HOU,Josh Kelly,85,WR,DEV,73,192,1,Texas Tech
HOU,Junior Tafuna,91,DT,DEV,75,305,1,Utah
HOU,K.C. Ossai,52,LB,RES,74,241,1,Louisiana
HOU,Ka'imi Fairbairn,15,K,ACT,72,183,11,UCLA
HOU,Kai Kroeger,38,P,ACT,76,213,2,South Carolina
HOU,Kamari Lassiter,3,CB,ACT,72,180,3,Georgia
HOU,Kamari Ramsey,27,SAF,ACT,72,204,R,USC
HOU,Kayden McDonald,93,DT,RES,75,326,R,Ohio State
HOU,Kayshon Boutte,14,WR,ACT,71,203,4,LSU
HOU,"Kenneth Murray, Jr.",,LB,DEV,74,241,7,Oklahoma
HOU,Keylan Rutledge,66,G,ACT,76,320,R,Georgia Tech
HOU,Lewis Bond,82,WR,DEV,71,190,R,Boston College
HOU,Logan Hall,96,DE,ACT,78,283,5,Houston
HOU,M.J. Stewart,29,SAF,PUP,71,205,9,North Carolina
HOU,Mario Edwards,97,DT,ACT,75,280,11,Florida State
HOU,Mark Gronowski,,QB,CUT,74,226,R,Iowa
HOU,Marlin Klein,83,TE,ACT,78,250,R,Michigan
HOU,Max Pircher,,OT,DEV,79,325,1,
HOU,Mitchell Tinsley,,WR,DEV,73,205,3,Penn State
HOU,Nathan Thomas,78,OT,ACT,77,330,3,Louisiana-Lafayette
HOU,Nico Collins,12,WR,ACT,76,222,6,Michigan
HOU,Noah Whittington,26,RB,DEV,68,203,R,Oregon
HOU,Reed Blankenship,6,SAF,ACT,73,203,5,Middle Tennessee State
HOU,Sabastian Harsh,54,DE,ACT,74,255,R,N.C. State
HOU,Sam Hagen,76,OT,RES,78,320,R,South Dakota State
HOU,Sheldon Rankins,98,DT,ACT,74,305,11,Louisville
HOU,Solomon Byrd,50,DE,RES,75,250,1,USC
HOU,Tank Dell,1,WR,RSR,70,165,4,Houston
HOU,Tommy Togiai,72,DT,ACT,74,296,5,Ohio State
HOU,Tremon Smith,11,CB,ACT,72,190,9,Central Arkansas
HOU,Trent Brown,77,OT,ACT,80,380,12,Florida
HOU,Wade Woodaz,30,LB,ACT,76,235,R,Clemson
HOU,Will Anderson Jr.,51,DE,ACT,76,243,4,Alabama
HOU,Woody Marks,4,RB,ACT,70,208,2,USC
HOU,Wyatt Teller,75,G,ACT,76,315,9,Virginia Tech
HOU,Xavier Hutchinson,19,WR,ACT,75,210,4,Iowa State
HOU,Zaire Mitchell-Paden,,TE,DEV,77,257,1,Florida Atlantic
IND,A.J. Haulcy,25,SAF,ACT,71,215,R,LSU
IND,Adetomiwa Adebawore,95,DT,ACT,74,282,4,Northwestern
IND,Akeem Davis-Gaither,51,LB,ACT,74,238,7,Appalachian State
IND,Alec Pierce,14,WR,ACT,75,211,5,Cincinnati
IND,Anderson Castle,42,RB,DEV,72,220,R,Duke
IND,Andrew Ogletree,85,TE,ACT,77,260,5,Youngstown State
IND,Anthony Gould,6,WR,DEV,68,174,3,Oregon State
IND,Anthony Richardson,5,QB,ACT,76,244,4,Florida
IND,Arden Key,98,DE,ACT,77,240,9,LSU
IND,Ashton Dulin,16,WR,ACT,74,215,8,Malone
IND,Austin Ajiake,58,LB,ACT,73,223,2,UNLV
IND,Bernhard Raimann,79,OT,ACT,78,303,5,Central Michigan
IND,Bryce Boettcher,50,LB,ACT,73,230,R,Oregon
IND,CJ Allen,53,LB,ACT,72,230,R,Georgia
IND,Caden Curry,55,DE,ACT,74,257,R,Ohio State
IND,Cam Taylor-Britt,29,CB,ACT,71,200,5,Nebraska
IND,Cameron Ball,92,DT,DEV,75,310,R,Arkansas
IND,Cameron Mitchell,43,DB,RES,71,191,4,Northwestern
IND,Camryn Bynum,,SAF,ACT,72,200,6,California
IND,Carson Towt,45,TE,RES,79,242,R,Notre Dame
IND,Charvarius Ward,7,CB,ACT,73,196,9,Middle Tennessee State
IND,D.J. Montgomery,2,WR,RES,73,201,5,Austin Peay
IND,DJ Giddens,21,RB,ACT,73,212,2,Kansas State
IND,Dalton Tucker,68,G,ACT,78,307,3,Marshall
IND,Daniel Jones,17,QB,ACT,77,230,8,Duke
IND,Daniel Scott,32,SAF,DEV,73,208,4,California
IND,Davon Booth,,RB,DEV,70,205,R,Mississippi State
IND,DeForest Buckner,99,DT,ACT,79,295,11,Oregon
IND,Deion Burks,80,WR,ACT,69,180,R,Oklahoma
IND,George Gumbs Jr.,52,DE,ACT,76,245,R,Florida
IND,Grover Stewart,90,DT,ACT,76,315,10,Albany State (GA)
IND,Hunter Wohler,30,SAF,ACT,74,213,2,Wisconsin
IND,Jalen Farmer,62,G,ACT,76,312,R,Kentucky
IND,Jalen Travis,75,OT,ACT,80,339,2,Iowa State
IND,Jaylahn Tuimoloau,91,DE,ACT,76,264,2,Ohio State
IND,Jaylon Carlies,57,LB,ACT,75,227,3,Missouri
IND,Jerry Tillery,94,DT,ACT,78,295,8,Notre Dame
IND,Johnathan Edwards,,DB,DEV,73,200,2,Tulane
IND,Jonathan Owens,38,SAF,ACT,71,204,8,Missouri Western
IND,Jonathan Taylor,28,RB,ACT,70,226,7,Wisconsin
IND,Josh Downs,2,WR,ACT,69,171,4,North Carolina
IND,Josh Sills,66,G,DEV,78,325,3,Oklahoma State
IND,Justin Walley,27,CB,ACT,71,190,2,Minnesota
IND,Kapena Gushiken,34,CB,ACT,69,189,R,Mississippi
IND,Keenan Allen,10,WR,ACT,74,211,14,California
IND,Kenneth Harris,33,CB,DEV,72,195,R,Oklahoma State
IND,Kenny Fletcher Jr.,,TE,DEV,75,252,R,Rutgers
IND,Laiatu Latu,97,DE,ACT,77,265,3,UCLA
IND,Laquon Treadwell,13,WR,ACT,74,215,10,Mississippi
IND,Luke Rhodes,46,LS,ACT,74,238,10,William & Mary
IND,Luke Tenuta,67,OT,ACT,80,315,4,Virginia Tech
IND,Matt Goncalves,71,G,ACT,78,317,3,Pittsburgh
IND,Micheal Clemons,72,DE,ACT,77,263,5,Texas A&M
IND,Mitchell Melton,54,DE,DEV,75,253,R,Virginia
IND,Mo Alie-Cox,81,TE,ACT,77,267,9,Virginia Commonwealth Univ.
IND,Nick Westbrook-Ikhine,12,WR,DEV,74,211,7,Indiana
IND,Nolan Rucci,76,OT,DEV,80,314,R,Penn State
IND,Pharaoh Brown,49,TE,DEV,77,246,9,Oregon
IND,Quenton Nelson,56,G,ACT,77,330,9,Notre Dame
IND,Reid Holskey,,OT,DEV,78,306,1,Miami (Ohio)
IND,Rigoberto Sanchez,8,P,ACT,72,195,10,Hawaii
IND,Riley Leonard,15,QB,ACT,76,213,2,Notre Dame
IND,Rob Carter Jr.,39,CB,CUT,70,175,1,Robert Morris
IND,Roy Mbaeteka,78,OT,DEV,80,330,1,
IND,Sauce Gardner,1,CB,ACT,75,190,5,Cincinnati
IND,Sedrick Van Pran-Granger,63,C,ACT,76,315,3,Georgia
IND,Seth McGowan,20,RB,ACT,73,223,R,Kentucky
IND,Spencer Shrader,3,K,ACT,74,201,3,Notre Dame
IND,Tahj Chambers,44,LB,ACT,74,230,R,Mississippi
IND,Tanor Bortolini,60,C,ACT,76,303,3,Wisconsin
IND,Tim Smith,93,DT,ACT,76,306,1,Alabama
IND,Trey Washington,41,SAF,DEV,70,205,1,Mississippi
IND,Tyler Warren,84,TE,ACT,78,256,2,Penn State
IND,West Weeks,47,LB,DEV,73,230,R,LSU
IND,Will Mallory,86,TE,RSR,76,239,4,Miami
JAX,Albert Regis,98,DT,ACT,73,317,R,Texas A&M
JAX,Ameer Abdullah,20,RB,ACT,69,203,12,Nebraska
JAX,Anton Harrison,77,OT,ACT,77,315,4,Oklahoma
JAX,Antonio Johnson,6,SAF,ACT,74,198,4,Texas A&M
JAX,Arik Armstead,91,DT,ACT,79,290,12,Oregon
JAX,Austin Trammell,81,WR,DEV,70,185,4,Rice
JAX,BJ Green II,95,DE,RES,73,270,2,Colorado
JAX,BJ Ojulari,,LB,DEV,74,248,4,LSU
JAX,Bhayshul Tuten,33,RB,ACT,69,209,2,Virginia Tech
JAX,Branson Combs,50,LB,ACT,75,228,2,Wake Forest
JAX,Brenton Strange,85,TE,ACT,76,253,4,Penn State
JAX,Brian Thomas Jr.,7,WR,ACT,74,209,3,LSU
JAX,Bryan Thomas Jr.,57,DE,ACT,74,235,R,South Carolina
JAX,C.J. Williams,18,WR,ACT,73,205,R,Stanford
JAX,Caleb Ransaw,27,SAF,ACT,72,196,2,Tulane
JAX,Cam Little,39,K,ACT,73,172,3,Arkansas
JAX,Cam'Ron Silmon-Craig,42,DB,DEV,70,185,1,Colorado
JAX,Chris Rodriguez Jr.,24,RB,ACT,71,224,4,Kentucky
JAX,Christian Braswell,21,CB,ACT,71,185,3,Rutgers
JAX,Cole Van Lanen,70,G,ACT,76,312,6,Wisconsin
JAX,DaVon Hamilton,52,DT,ACT,76,335,7,Ohio State
JAX,Daniel Faalele,68,G,ACT,80,380,5,Minnesota
JAX,Danny Striggow,92,DE,ACT,77,255,2,Minnesota
JAX,Dennis Gardeck,47,LB,ACT,72,232,9,Sioux Falls
JAX,Eli Cox,,C,DEV,76,309,1,Kentucky
JAX,Emmanuel Pregnon,75,G,ACT,76,318,R,Oregon
JAX,Eric Murray,29,S,ACT,71,199,11,Minnesota
JAX,Ezra Cleveland,76,G,ACT,78,311,7,Boise State
JAX,Foye Oluokun,23,LB,ACT,74,229,9,Yale
JAX,Garrett DiGiorgio,74,OT,RES,79,320,R,UCLA
JAX,Geron Christian,79,OT,DEV,77,335,9,Louisville
JAX,Hayden Rucci,,TE,DEV,77,247,1,Wisconsin
JAX,J'Mari Taylor,30,RB,DEV,69,204,R,Virginia
JAX,Jabbar Muhammad,37,CB,DEV,70,185,1,Oregon
JAX,Jack Kiser,54,LB,ACT,74,231,2,Notre Dame
JAX,Jahlani Tavai,31,LB,ACT,74,255,9,Hawaii
JAX,Jakobi Meyers,3,WR,ACT,74,200,8,N.C. State
JAX,Jalen Huskey,22,SAF,ACT,74,201,R,Maryland
JAX,Jalen McLeod,35,LB,DEV,73,236,2,Auburn
JAX,Jared Bartlett,45,LB,RES,74,237,1,Cincinnati
JAX,Jarrian Jones,4,CB,ACT,71,190,3,Florida State
JAX,Joey Aguilar,17,QB,DEV,75,225,R,Tennessee
JAX,Jonah Monheim,60,C,ACT,77,310,2,USC
JAX,Josh Cameron,19,WR,ACT,73,224,R,Baylor
JAX,Josh Hines-Allen,41,DE,ACT,77,255,8,Kentucky
JAX,Jourdan Lewis,2,CB,ACT,70,190,10,Michigan
JAX,Kaevon Merriweather,,SAF,DEV,72,212,4,Iowa
JAX,Kilian Zierer,78,OT,DEV,79,312,2,Auburn
JAX,LeQuint Allen Jr.,5,RB,ACT,72,201,2,Syracuse
JAX,Logan Cooke,9,P,ACT,77,230,9,Mississippi State
JAX,Matt Dickerson,93,DT,ACT,77,300,6,UCLA
JAX,Michael Wortham,,WR,DEV,69,190,R,Montana
JAX,Montaric Brown,1,CB,ACT,72,190,5,Arkansas
JAX,Nate Boerkircher,87,TE,ACT,77,250,R,Texas A&M
JAX,Nick Mullens,14,QB,DEV,73,210,8,Southern Mississippi
JAX,Parker Hughes,53,LB,RES,73,228,R,Middle Tennessee State
JAX,Parker Washington,11,WR,ACT,70,204,4,Penn State
JAX,Patrick Mekari,65,OT,RSR,76,305,8,California
JAX,Quinn Ewers,10,QB,ACT,74,209,2,Texas
JAX,Quintin Morris,80,TE,ACT,74,243,5,Bowling Green
JAX,Rayuan Lane III,25,SAF,ACT,71,197,2,Navy
JAX,Robert Hainsey,73,OT,ACT,76,306,6,Notre Dame
JAX,Ross Matiscik,46,LS,ACT,72,240,7,Baylor
JAX,Ruke Orhorhoro,99,DT,ACT,76,294,3,Clemson
JAX,Sam Mustipher,69,C,RES,75,306,6,Notre Dame
JAX,T.J. Bollers,94,DT,DEV,74,305,R,California
JAX,Tanner Koziol,88,TE,ACT,79,250,R,Houston
JAX,Tim Jones,13,WR,DEV,73,200,4,Southern Mississippi
JAX,Travis Hunter,12,CB,ACT,73,185,2,Colorado
JAX,Travon Walker,44,DE,ACT,77,272,5,Georgia
JAX,Trebor Pena,86,WR,DEV,70,186,R,Penn State
JAX,Trevor Lawrence,16,QB,ACT,78,220,6,Clemson
JAX,Ventrell Miller,51,LB,ACT,72,232,4,Florida
JAX,Walker Little,72,OT,ACT,79,325,6,Stanford
JAX,Wesley Williams,90,DE,ACT,75,256,R,Duke
JAX,Wyatt Milum,64,OT,ACT,78,317,2,West Virginia
JAX,Zach Durfee,58,DE,RSR,77,258,R,Washington
KC,Alohi Gilman,17,SAF,ACT,70,201,7,Notre Dame
KC,Andrew Armstrong,85,WR,DEV,76,210,1,Arkansas
KC,Ashton Gillotte,97,DE,ACT,75,270,2,Louisville
KC,Ben VanSumeren,,RB,ACT,74,231,4,Michigan State
KC,Brashard Smith,24,RB,ACT,70,196,2,SMU
KC,Bryson Eason,94,DT,ACT,74,323,R,Tennessee
KC,Cam Jones,45,LB,DEV,74,227,4,Indiana
KC,Chamarri Conner,27,DB,ACT,72,202,4,Virginia Tech
KC,Chris Jones,95,DE,ACT,78,310,11,Mississippi State
KC,Christian Roland-Wallace,30,CB,ACT,71,202,3,USC
KC,Cole Christiansen,48,LB,DEV,73,230,2,Army
KC,Cooper McDonald,44,LB,RES,75,240,2,TCU
KC,Creed Humphrey,52,C,ACT,76,302,6,Oklahoma
KC,Cyrus Allen,13,WR,ACT,71,180,R,Cincinnati
KC,D'Arco Perkins-McAllister,46,CB,DEV,73,195,R,Louisiana-Monroe
KC,DeShon Singleton,25,SAF,DEV,75,210,R,Nebraska
KC,Diego Pounds,61,OT,ACT,78,335,R,Mississippi
KC,Drue Tranquill,23,LB,ACT,74,234,8,Notre Dame
KC,Emmanuel Ogbah,90,DE,DEV,76,275,11,Oklahoma State
KC,Emmett Johnson,10,RB,ACT,70,202,R,Nebraska
KC,Ethan Downs,40,LB,RES,76,263,1,Oklahoma
KC,Ethan Driskell,75,OT,DEV,80,313,2,Marshall
KC,Felix Anudike-Uzomah,91,DE,ACT,76,255,4,Kansas State
KC,Garrett Nussmeier,19,QB,ACT,73,205,R,LSU
KC,George Karlaftis,56,DE,ACT,76,263,5,Purdue
KC,Harrison Butker,7,K,ACT,76,205,10,Georgia Tech
KC,Hunter Nourzad,64,C,ACT,75,317,3,Penn State
KC,Jack Cochrane,43,LB,ACT,75,236,5,South Dakota
KC,Jack Pyburn,54,DE,ACT,76,258,R,LSU
KC,Jaden Hicks,21,SAF,ACT,73,215,3,Washington State
KC,Jadon Canady,22,CB,ACT,70,185,R,Oregon
KC,Jake Briningstool,88,TE,ACT,78,240,2,Clemson
KC,Jalen Royals,11,WR,ACT,72,195,2,Utah State
KC,James Winchester,41,LS,ACT,75,240,12,Oklahoma
KC,Jared Wiley,12,TE,ACT,78,249,3,TCU
KC,Jaydn Ott,34,RB,DEV,71,208,R,Oklahoma
KC,Jaylon Moore,77,OT,ACT,76,311,6,Western Michigan
KC,Jeff Caldwell,8,WR,RES,77,215,R,Cincinnati
KC,Jeffrey Bassa,31,LB,ACT,74,235,2,Oregon
KC,Jimmy Holiday,82,WR,RES,73,211,1,Louisiana Tech
KC,John Michael Gyllenborg,84,TE,RES,77,251,R,Wyoming
KC,Josh Simmons,71,OT,ACT,77,310,2,Ohio State
KC,Joshua Ezeudu,73,G,ACT,76,310,5,North Carolina
KC,Justin Fields,6,QB,ACT,75,227,6,Ohio State
KC,Kader Kohou,26,CB,DEV,70,195,5,East Texas A&M
KC,Kahlil Benson,70,OT,ACT,78,319,R,Indiana
KC,Kenneth Walker III,9,RB,ACT,69,211,5,Michigan State
KC,Khyiris Tonga,92,DT,ACT,74,335,6,BYU
KC,Kingsley Suamataia,76,OT,ACT,76,326,3,BYU
KC,Kristian Fulton,8,CB,ACT,71,197,6,LSU
KC,L'Jarius Sneed,38,CB,ACT,73,192,7,Louisiana Tech
KC,Mansoor Delane,5,CB,ACT,72,190,R,LSU
KC,Marcus Harris,96,DT,DEV,75,295,1,Auburn
KC,Matt Araiza,14,P,ACT,74,200,3,San Diego State
KC,Matt Waletzko,73,OT,RES,80,305,4,North Dakota
KC,Melvin Smith Jr.,39,DB,DEV,73,185,1,Southern Arkansas
KC,Michael Heldman,,LB,DEV,76,260,R,Central Michigan
KC,Mike Caliendo,66,G,ACT,76,300,4,Western Michigan
KC,Nate Carter,,RB,DEV,70,202,2,Michigan State
KC,Nick Bolton,32,LB,ACT,71,237,6,Missouri
KC,Nikko Remigio,81,WR,ACT,69,187,2,Fresno State
KC,Noah Gray,83,TE,ACT,75,240,6,Duke
KC,Nohl Williams,20,CB,ACT,73,200,2,California
KC,Omari Evans,80,WR,DEV,72,195,R,Washington
KC,Omarr Norman-Lott,55,DT,PUP,75,315,2,Tennessee
KC,Patrick Mahomes,15,QB,ACT,74,225,10,Texas Tech
KC,Pete Nygra,50,C,DEV,76,300,R,Louisville
KC,Peter Woods,99,DT,ACT,75,310,R,Clemson
KC,R Mason Thomas,51,DE,ACT,74,249,R,Oklahoma
KC,Rashee Rice,4,WR,ACT,73,203,4,SMU
KC,Tanner McCalister,34,SAF,CUT,71,191,1,Ohio State
KC,Thomas Odukoya,,TE,DEV,78,253,2,Eastern Michigan
KC,Travis Kelce,87,TE,ACT,77,250,14,Cincinnati
KC,Trey Smith,65,G,ACT,78,321,6,Tennessee
KC,Tyquan Thornton,2,WR,ACT,74,185,5,Baylor
KC,Tyreke Smith,57,DE,DEV,75,255,3,Ohio State
KC,Xavier Nwankpa,29,SAF,ACT,74,213,R,Iowa
KC,Xavier Worthy,1,WR,ACT,71,165,3,Texas
LA,Aaron Donald,99,DE,ACT,73,285,11,Pittsburgh
LA,Alaric Jackson,77,OT,ACT,79,338,6,Iowa
LA,Alex Bachman,5,WR,DEV,72,190,3,Wake Forest
LA,Austin Blaske,64,OT,DEV,77,310,R,North Carolina
LA,Beaux Limmer,50,G,ACT,77,318,3,Arkansas
LA,Bill Murray,66,G,ACT,76,265,2,William & Mary
LA,Bill Norton,93,DE,DEV,78,335,1,Texas
LA,Blake Corum,24,RB,ACT,68,202,3,Michigan
LA,Blake Hance,72,G,DEV,77,310,6,Northwestern
LA,Braden Fiske,55,DE,ACT,77,294,3,Florida State
LA,Brennan Presley,81,WR,DEV,68,174,1,Oklahoma State
LA,Byron Young,,LB,ACT,74,260,4,Tennessee
LA,CJ Daniels,6,WR,ACT,74,202,R,Miami
LA,Cam Lampkin,21,DB,DEV,71,176,1,Washington State
LA,Colby Parkinson,84,TE,ACT,79,265,7,Stanford
LA,Coleman Shelton,65,C,ACT,77,292,8,Washington
LA,Dan Villari,38,TE,DEV,76,243,R,Syracuse
LA,Daniel Rickert,40,LB,RES,74,232,R,Virginia
LA,Darryl Peterson III,59,OLB,DEV,73,260,R,Wisconsin
LA,Davante Adams,17,WR,ACT,73,204,13,Fresno State
LA,David Quessenberry,68,OT,ACT,77,310,9,San Jose State
LA,Davis Allen,87,TE,ACT,78,253,4,Clemson
LA,Dean Connors,33,RB,DEV,71,206,R,Houston
LA,Desjuan Johnson,94,LB,ACT,75,278,4,Toledo
LA,Dylan McMahon,63,C,ACT,75,290,2,N.C. State
LA,Eddie Walls III,,LB,RES,76,250,R,Houston
LA,Elias Neal,58,LB,ACT,72,221,2,Marshall
LA,Emmanuel Forbes,1,CB,ACT,72,173,4,Mississippi State
LA,Ethan Evans,42,P,ACT,75,253,4,Wingate
LA,Grant Stuard,44,LB,ACT,71,230,6,Houston
LA,Harrison Mevis,92,K,ACT,72,245,2,Missouri
LA,Jack Bouwmeester,14,P,DEV,74,205,R,Texas
LA,Jamie Sheriff,,LB,DEV,73,254,1,South Alabama
LA,Jaxson Moi,,DT,DEV,74,305,R,Tennessee
LA,Jaylen McCollough,2,SAF,ACT,72,211,3,Tennessee
LA,Jaylen Watson,35,CB,ACT,74,197,5,Washington State
LA,Joe Cardona,49,LS,ACT,74,245,12,Navy
LA,Jordan Waters,32,RB,DEV,72,219,1,N.C. State
LA,Jordan Whittington,88,WR,ACT,73,202,3,Texas
LA,Josaiah Stewart,10,LB,ACT,73,251,2,Michigan
LA,Josh Wallace,30,CB,ACT,72,190,3,Michigan
LA,Justin Dedich,67,OL,RSR,74,296,3,USC
LA,Kam Curl,3,SAF,ACT,74,207,7,Arkansas
LA,Kamren Kinchens,5,SAF,ACT,72,201,3,Miami
LA,Keagen Trost,79,OT,RSR,76,315,R,Missouri
LA,Keir Thomas,11,LB,RES,74,260,4,Florida State
LA,Kevin Dotson,69,G,ACT,76,328,7,Louisiana-Lafayette
LA,Kobie Turner,91,DE,ACT,74,294,4,Wake Forest
LA,Konata Mumpfield,4,WR,ACT,73,188,2,Pittsburgh
LA,Kyren Williams,23,RB,ACT,69,207,5,Notre Dame
LA,Larrell Murchison,52,DT,DEV,74,295,7,N.C. State
LA,Matthew Caldwell,2,QB,RES,76,209,R,Texas
LA,Matthew Stafford,9,QB,ACT,75,214,18,Georgia
LA,Max Klare,86,TE,ACT,76,246,R,Ohio State
LA,Myles Garrett,95,LB,RES,76,272,10,Texas A&M
LA,Nate Landman,53,LB,ACT,75,235,5,Colorado
LA,Nick Andersen,45,SAF,DEV,71,197,R,Wake Forest
LA,Nyzier Fourqurean,25,CB,DEV,73,190,R,Wisconsin
LA,Omar Speights,48,LB,ACT,73,234,3,LSU
LA,Poona Ford,97,DT,ACT,71,314,9,Texas
LA,Puka Nacua,12,WR,ACT,74,216,4,BYU
LA,Quentin Lake,37,SAF,ACT,73,204,5,UCLA
LA,Ronnie Rivers,20,RB,ACT,69,198,5,Fresno State
LA,Shaun Dolac,56,LB,ACT,73,222,2,Buffalo
LA,Stetson Bennett,13,QB,ACT,71,190,3,Georgia
LA,Steve Avila,73,G,ACT,75,332,4,TCU
LA,Tanner Ingle,34,SAF,ACT,68,186,1,N.C. State
LA,Terrance Ferguson,18,TE,ACT,77,252,2,Oregon
LA,Trent McDuffie,22,CB,ACT,71,193,5,Washington
LA,Tutu Atwell,8,WR,ACT,69,165,6,Louisville
LA,Ty Hamilton,57,DT,ACT,75,301,2,Ohio State
LA,Ty Simpson,15,QB,ACT,73,211,R,Alabama
LA,Tyler Davis,90,DE,ACT,74,306,3,Clemson
LA,Tyler Higbee,89,TE,ACT,78,253,11,Western Kentucky
LA,Warren McClendon Jr.,71,OT,ACT,76,315,4,Georgia
LA,Wesley Bailey,47,LB,ACT,77,265,R,Louisville
LA,Xavier Smith,19,WR,ACT,69,180,3,Florida A&M
LAC,Akheem Mesidor,90,LB,ACT,75,280,R,Miami
LAC,Alec Ingold,30,FB,ACT,73,240,8,Wisconsin
LAC,Alex Harkey,73,G,ACT,78,327,R,Oregon
LAC,Amar Johnson,35,RB,DEV,70,205,1,South Dakota State
LAC,Andre Carter II,51,LB,DEV,78,256,2,Army
LAC,Branson Taylor,71,OT,RSR,78,330,1,Pittsburgh
LAC,Brenen Thompson,89,WR,ACT,69,170,R,Mississippi State
LAC,Bud Dupree,48,OLB,ACT,76,269,12,Kentucky
LAC,Caleb Murphy,,LB,DEV,75,254,4,Ferris State
LAC,Cam Hart,20,CB,ACT,74,207,3,Notre Dame
LAC,Cameron Dicker,11,K,ACT,73,216,5,Texas
LAC,Charlie Kolar,88,TE,ACT,78,250,5,Iowa State
LAC,Cole Strange,69,G,ACT,77,305,5,Tennessee-Chattanooga
LAC,DJ Uiagalelei,7,QB,DEV,76,252,1,Florida State
LAC,Daiyan Henley,,LB,ACT,73,225,4,Washington State
LAC,Dalvin Tomlinson,94,DE,ACT,75,317,10,Alabama
LAC,David Njoku,83,TE,ACT,76,246,12,Miami
LAC,Deane Leonard,33,CB,ACT,72,195,5,Mississippi
LAC,Del'Shawn Phillips,53,LB,ACT,74,230,7,Illinois
LAC,Denzel Perryman,6,MLB,RES,71,240,12,Miami
LAC,Derius Davis,12,WR,ACT,68,165,4,TCU
LAC,Derwin James,3,FS,ACT,74,215,9,Florida State
LAC,Donte Jackson,26,CB,ACT,70,180,8,LSU
LAC,Elijah Molden,2,CB,ACT,70,191,6,Washington
LAC,Evan Svoboda,49,TE,DEV,77,251,R,Wyoming
LAC,Gary Jennings,,WR,ACT,73,216,2,West Virginia
LAC,Genesis Smith,22,SAF,ACT,74,204,R,Arizona
LAC,Gregory Desrosiers,31,RB,DEV,71,200,R,Memphis
LAC,Isaiah World,67,OT,RSN,80,318,R,Oregon
LAC,Isas Waxter,,DB,DEV,73,205,1,Villanova
LAC,J.K. Scott,16,P,ACT,77,208,8,Alabama
LAC,Jacob Spomer,60,C,ACT,75,290,R,Fresno State
LAC,Jake Slaughter,66,C,ACT,76,308,R,Florida
LAC,Jamaree Caldwell,99,DT,ACT,73,340,2,Oregon
LAC,Joe Alt,76,OT,ACT,80,322,3,Notre Dame
LAC,Jordan Jefferson,,DT,DEV,76,317,3,LSU
LAC,Josh Harris,47,LS,ACT,73,224,15,Auburn
LAC,Josh Kaltenberger,68,C,DEV,78,308,1,Maryland
LAC,Junior Colson,25,LB,DEV,75,247,3,Michigan
LAC,Justin Eboigbe,92,DT,ACT,77,292,3,Alabama
LAC,Justin Herbert,10,QB,ACT,78,236,7,Oregon
LAC,Kaiir Elam,,CB,DEV,73,191,5,Florida
LAC,Kayode Awosika,74,G,ACT,75,312,5,Buffalo
LAC,KeAndre Lambert-Smith,84,WR,RES,73,182,2,Auburn
LAC,Keaton Mitchell,34,RB,ACT,68,191,4,East Carolina
LAC,Kendall Williamson,32,SAF,ACT,72,203,2,Stanford
LAC,Khalil Mack,52,OLB,ACT,75,269,13,Buffalo
LAC,Kimani Vidal,28,RB,ACT,68,215,3,Troy
LAC,Ladd McConkey,15,WR,ACT,72,185,3,Georgia
LAC,Laekin Vakalahi,78,OT,DEV,77,327,1,
LAC,Lander Barton,57,LB,DEV,77,240,R,Utah
LAC,Logan Taylor,65,G,ACT,79,312,R,Boston College
LAC,Marlowe Wax,58,LB,ACT,73,236,2,Syracuse
LAC,Marquez Valdes-Scantling,,WR,DEV,76,206,9,University of South Florida
LAC,Nick Barrett,91,DT,ACT,75,327,R,South Carolina
LAC,Nikko Reed,46,DB,TRC,70,180,2,Oregon
LAC,Omarion Hampton,8,RB,ACT,72,220,2,North Carolina
LAC,Oronde Gadsden II,86,TE,ACT,77,236,2,Syracuse
LAC,Patrick Herbert,,TE,DEV,77,255,1,Oregon
LAC,Quentin Johnston,1,WR,ACT,74,208,4,TCU
LAC,R.J. Mickens,27,SAF,ACT,72,210,2,Clemson
LAC,Rashawn Slater,70,OT,ACT,76,315,6,Northwestern
LAC,Rodney Shelley,24,DB,ACT,71,180,R,Georgia Tech
LAC,Scott Matlock,44,DT,RSR,76,296,4,Boise State
LAC,Tarheeb Still,4,CB,ACT,73,196,3,Maryland
LAC,Teair Tart,93,DT,ACT,74,315,7,Florida International
LAC,Terry Webb,64,DT,DEV,75,313,R,SMU
LAC,Theo Wease Jr.,,WR,DEV,74,210,1,Missouri
LAC,Tony Jefferson,23,S,ACT,71,211,12,Oklahoma
LAC,Travis Burke,77,OT,ACT,81,315,R,Memphis
LAC,Tre Harris,9,WR,ACT,75,210,2,Mississippi
LAC,Trevor Penning,75,OT,ACT,79,325,5,Northern Iowa
LAC,Trey Lance,5,QB,ACT,76,226,6,North Dakota State
LAC,Trey Pipkins,79,OT,ACT,78,307,8,Sioux Falls
LAC,Troy Dye,43,LB,ACT,75,225,7,Oregon
LAC,Tuli Tuipulotu,45,LB,ACT,75,266,4,USC
LAC,Tyler Biadasz,63,C,RES,76,318,7,Wisconsin
LV,AJ Cole,6,P,ACT,76,220,8,N.C. State
LV,Adam Butler,69,DT,ACT,77,300,9,Vanderbilt
LV,Aidan O'Connell,12,QB,ACT,75,206,4,Purdue
LV,Alex Ward,47,LS,ACT,76,240,4,UCF
LV,Ashton Jeanty,2,RB,ACT,68,208,2,Boise State
LV,Azeez Ojulari,,LB,DEV,75,240,6,Georgia
LV,Brandon Cleveland,90,DT,DEV,75,307,R,N.C. State
LV,Brennan Jackson,54,LB,RES,76,259,3,Washington State
LV,Brock Bowers,89,TE,ACT,75,235,3,Georgia
LV,Bryce Cabeldue,,G,ACT,76,308,2,Kansas
LV,Caleb Rogers,76,G,ACT,76,312,2,Texas Tech
LV,Cameron McGrone,57,LB,DEV,73,234,3,Michigan
LV,Carter Runyon,84,TE,RSR,76,243,2,Towson
LV,Charles Grant,60,OT,ACT,76,304,2,William & Mary
LV,Chigozie Anusiem,29,DB,RES,73,200,2,Colorado State
LV,Chris Collier,33,RB,RES,71,206,2,University of Lock Haven
LV,Chris Myarick,41,TE,DEV,77,261,5,Temple
LV,Cian Slone,48,DE,DEV,75,239,R,N.C. State
LV,Cody Lindenberg,55,LB,ACT,74,236,2,Minnesota
LV,Cody White,,WR,DEV,75,227,5,Michigan State
LV,Connor Heyward,34,FB,ACT,72,230,5,Michigan State
LV,Corey Rucker,32,WR,RES,72,213,R,Arkansas State
LV,DJ Glaze,71,OT,ACT,76,331,3,Maryland
LV,Dalton Johnson,43,SAF,ACT,71,198,R,Arizona
LV,Dare Ogunbowale,32,RB,DEV,71,205,8,Wisconsin
LV,Dareke Young,81,WR,ACT,74,224,5,Lenoir Rhyne
LV,Darien Porter,26,CB,ACT,74,195,2,Iowa State
LV,Darrell Luter Jr.,25,CB,ACT,72,190,4,South Alabama
LV,Deven Thompkins,83,WR,DEV,68,155,5,Utah State
LV,Dont'e Thornton Jr.,10,WR,RES,77,205,2,Tennessee
LV,Dylan Laube,23,RB,ACT,70,206,3,New Hampshire
LV,Eric Stokes,5,CB,ACT,72,194,6,Georgia
LV,Evan Neal,,G,DEV,79,340,5,Alabama
LV,Fernando Mendoza,15,QB,ACT,77,225,R,Indiana
LV,Foley Fatukasi,94,DT,ACT,76,318,8,Connecticut
LV,Greedy Vance,22,CB,DEV,70,168,2,USC
LV,Hezekiah Masses,35,CB,ACT,73,185,R,California
LV,Ian Thomas,80,TE,ACT,75,253,9,Indiana
LV,Isaiah Pola-Mao,20,SAF,ACT,75,204,5,USC
LV,JJ Pegues,92,DT,ACT,74,325,2,Mississippi
LV,Jack Bech,18,WR,ACT,73,214,2,TCU
LV,Jackson Powers-Johnson,58,C,ACT,75,325,3,Oregon
LV,Jalen Nailor,9,WR,ACT,72,190,5,Michigan State
LV,Jeremy Chinn,11,SAF,ACT,75,220,7,Southern Illinois
LV,Jermod McCoy,28,CB,ACT,72,193,R,Tennessee
LV,Jonah Laulu,96,DT,ACT,77,289,3,Oklahoma
LV,Justin Pickett,77,G,RES,79,311,R,Duke
LV,Justin Shorter,88,TE,RES,76,227,4,Florida
LV,Kansei Matsuzawa,38,K,DEV,74,200,R,Hawaii
LV,Keyron Crawford,42,DE,RES,76,253,R,Auburn
LV,Kirk Cousins,8,QB,ACT,75,209,15,Michigan State
LV,Kolton Miller,74,OT,ACT,80,326,9,UCLA
LV,Kwity Paye,95,DE,ACT,75,265,6,Michigan
LV,Malcolm Koonce,51,DE,ACT,74,243,6,Buffalo
LV,Malik Benson,19,WR,ACT,73,195,R,Oregon
LV,Matt Gay,14,K,ACT,72,232,5,Utah
LV,Maxx Crosby,98,DE,ACT,77,255,8,Eastern Michigan
LV,Michael Mayer,87,TE,ACT,76,256,4,Notre Dame
LV,Mike Washington Jr.,4,RB,ACT,74,228,R,Arkansas
LV,Nakobe Dean,17,LB,ACT,71,229,5,Georgia
LV,Niklas Henning,73,OT,DEV,77,291,R,Queens University (Canada)
LV,Patrick Gurd,,TE,DEV,76,250,R,Cincinnati
LV,Patrick Johnson,93,DE,ACT,74,248,6,Tulane
LV,Quay Walker,7,LB,ACT,76,240,5,Georgia
LV,Roman Hemby,37,RB,DEV,72,210,R,Indiana
LV,Ronnie Bell,,WR,DEV,72,192,3,Michigan
LV,Segun Olubi,50,LB,ACT,74,220,4,San Diego State
LV,Spencer Burford,70,G,ACT,76,300,5,Texas-San Antonio
LV,Taron Johnson,3,CB,ACT,71,192,9,Weber State
LV,Thomas Booker,99,DT,ACT,75,301,4,Stanford
LV,Tim Keenan III,,DT,DEV,74,320,R,Alabama
LV,Tommy Eichenberg,44,LB,ACT,74,233,3,Ohio State
LV,Tonka Hemingway,97,DT,ACT,74,284,2,South Carolina
LV,Tre Tucker,1,WR,ACT,68,182,4,Cincinnati
LV,Trey Zuhn III,66,G,ACT,79,319,R,Texas A&M
LV,Treydan Stukes,31,SAF,ACT,74,200,R,Arizona
LV,Tristin McCollum,27,DB,ACT,75,195,3,Sam Houston State
LV,Tyler Linderbaum,65,C,ACT,74,305,5,Iowa
LV,Will Putnam,67,C,DEV,76,301,2,Clemson
MIA,Aaron Brewer,55,C,ACT,73,290,7,Texas State-San Marcos
MIA,Amari Gainer,,LB,DEV,75,240,2,North Carolina
MIA,Andrew Meyer,60,C,ACT,75,290,3,Texas-El Paso
MIA,Austin Jackson,73,OT,ACT,77,305,7,USC
MIA,Bradley Pinion,48,P,ACT,77,250,12,Clemson
MIA,Brady Cook,15,QB,ACT,74,215,2,Missouri
MIA,Caedan Wallace,77,G,ACT,77,314,3,Penn State
MIA,Cal Adomitis,,LS,DEV,74,238,5,Pittsburgh
MIA,Caleb Douglas,7,WR,ACT,76,208,R,Texas Tech
MIA,Carlos Washington,26,RB,DEV,71,210,1,Southeastern Louisiana
MIA,Chop Robinson,44,LB,ACT,75,265,3,Penn State
MIA,Chris Bell,18,WR,ACT,74,228,R,Louisville
MIA,Chris Johnson,3,CB,ACT,72,196,R,San Diego State
MIA,Chukwuebuka Godrick,79,OT,ACT,77,295,1,
MIA,Clelin Ferrell,98,DE,DEV,76,265,8,Clemson
MIA,Cole Turner,87,TE,RES,78,240,3,Nevada
MIA,DJ Campbell,63,G,ACT,75,321,R,Texas
MIA,DJ Herman,34,RB,ACT,73,242,R,San Diego State
MIA,Dante Trader Jr.,11,SAF,ACT,71,202,2,Maryland
MIA,Darrell Baker Jr.,22,CB,PUP,73,190,4,Georgia Southern
MIA,De'Von Achane,28,RB,ACT,69,195,4,Texas A&M
MIA,Ethan Bonner,27,CB,DEV,73,190,3,Stanford
MIA,Gottlieb Ayedze,72,OT,DEV,76,309,1,Maryland
MIA,Greg Dulcich,85,TE,ACT,76,245,5,UCLA
MIA,Jackson Woodard,42,LB,ACT,74,230,1,UNLV
MIA,Jacob Rodriguez,10,LB,ACT,73,235,R,Texas Tech
MIA,Jalen Reagor,88,WR,DEV,71,197,6,TCU
MIA,Jalen Tolbert,1,WR,ACT,73,195,5,South Alabama
MIA,Jarquez Hunter,,RB,DEV,70,211,2,Auburn
MIA,Jarrett Kingston,62,OT,ACT,76,308,3,USC
MIA,Jason Marshall Jr.,4,CB,ACT,72,204,2,Florida
MIA,Jaylen Wright,5,RB,ACT,70,205,3,Tennessee
MIA,Jaylin Simpson,,CB,ACT,72,180,1,Auburn
MIA,Jonah Savaiinaea,71,G,ACT,77,326,2,Arizona
MIA,Jordan Miller,,DT,DEV,75,307,1,SMU
MIA,Jordan Phillips,94,DT,ACT,75,324,2,Maryland
MIA,Jordyn Brooks,20,LB,ACT,72,240,7,Texas Tech
MIA,Joshua Uche,9,LB,ACT,75,252,7,Michigan
MIA,Julius Brents,8,CB,ACT,75,203,4,Kansas State
MIA,Julius Wood,25,DB,ACT,73,202,2,East Carolina
MIA,Justin Joly,80,TE,ACT,75,241,R,N.C. State
MIA,Kadyn Proctor,74,OT,ACT,79,360,R,Alabama
MIA,Keith Cooper Jr.,97,DE,ACT,77,285,1,Houston
MIA,Kenneth Grant,78,DT,RSR,75,335,2,Michigan
MIA,Kevin Coleman Jr.,21,WR,ACT,70,180,R,Missouri
MIA,Kyle Louis,19,LB,RES,72,225,R,Pittsburgh
MIA,Kyle McCord,14,QB,ACT,75,218,1,Syracuse
MIA,Liam Anderson,,LB,CUT,75,230,1,Holy Cross
MIA,Major Burns,43,SAF,DEV,74,207,1,LSU
MIA,Malik Herring,90,DE,ACT,75,280,6,Georgia
MIA,Malik Washington,6,WR,ACT,68,192,3,Virginia
MIA,Malik Willis,2,QB,ACT,73,225,5,Liberty
MIA,Marcellas Dial Jr.,24,DB,ACT,72,190,3,South Carolina
MIA,Max Llewellyn,57,DE,DEV,77,263,R,Iowa
MIA,Mazi Smith,,DT,DEV,75,337,4,Michigan
MIA,Michael Taaffe,16,SAF,ACT,72,190,R,Texas
MIA,Ollie Gordon II,,RB,ACT,74,225,2,Oklahoma State
MIA,Patrick Paul,52,OT,ACT,79,326,3,Houston
MIA,Reese Taylor,35,DB,ACT,71,190,2,Purdue
MIA,Rene Konga,95,DE,RES,75,298,R,Louisville
MIA,Riley Patterson,47,K,ACT,72,196,6,Memphis
MIA,Rob Beal Jr.,51,DE,ACT,76,264,4,Georgia
MIA,Rodney McGraw,59,DE,DEV,76,264,R,Western Michigan
MIA,Ronnie Harrison,56,LB,RES,74,220,9,Alabama
MIA,Ryan Miller,84,WR,ACT,74,221,3,Furman
MIA,Seydou Traore,83,TE,ACT,76,242,R,Mississippi State
MIA,Storm Duck,29,CB,PUP,72,195,3,Louisville
MIA,Tre Watson,,TE,DEV,77,250,1,Texas A&M
MIA,Trey Moore,17,LB,RSR,74,243,R,Texas
MIA,Tucker Addington,46,LS,ACT,74,230,1,Sam Houston State
MIA,Will Kacmarek,89,TE,ACT,78,264,R,Ohio State
MIA,Will Sheppard,,WR,DEV,75,196,1,Colorado
MIA,Willie Gay Jr.,40,LB,ACT,73,246,7,Mississippi State
MIA,Zach Sieler,92,DE,ACT,78,300,9,Ferris State
MIA,Zayne Anderson,23,SAF,ACT,74,206,4,BYU
MIA,Zeek Biggers,93,DT,ACT,78,315,2,Georgia Tech
MIN,Aaron Jones,33,RB,ACT,69,208,10,Texas-El Paso
MIN,Andrew DePaola,42,LS,ACT,73,227,12,Rutgers
MIN,Andrew Van Ginkel,43,OLB,ACT,76,242,8,Wisconsin
MIN,Bangally Kamara,59,LB,DEV,74,235,R,Kansas
MIN,Ben Yurosek,85,TE,RES,76,251,2,Georgia
MIN,Blake Brandel,64,C,ACT,79,315,6,Oregon State
MIN,Blake Cashman,51,LB,ACT,73,235,8,Minnesota
MIN,Bo Richter,98,LB,ACT,73,248,3,Air Force
MIN,Brett Thorson,47,P,ACT,73,237,R,Georgia
MIN,Brian O'Neill,75,OT,ACT,79,310,9,Pittsburgh
MIN,Bryce Phillips,40,CB,DEV,72,195,R,San Diego State
MIN,Bryson Nesbit,83,TE,RES,77,228,1,North Carolina
MIN,Byron Murphy,7,CB,ACT,71,190,8,Washington
MIN,Caleb Banks,95,DT,ACT,78,329,R,Florida
MIN,Caleb Tiernan,78,OT,ACT,79,323,R,Northwestern
MIN,Cam Grandy,,TE,DEV,77,253,3,Illinois State
MIN,Carson Wentz,11,QB,ACT,77,237,11,North Dakota State
MIN,Charles Demmings,20,CB,ACT,73,193,R,Stephen F. Austin State
MIN,Chaz Chambliss,40,LB,ACT,73,244,2,Georgia
MIN,Christian Darrisaw,71,OT,ACT,77,315,6,Virginia Tech
MIN,Da'Veawn Armstead,38,CB,DEV,73,183,R,North Texas
MIN,Dallas Turner,15,LB,ACT,75,247,3,Alabama
MIN,DeeJay Dallas,,RB,ACT,70,225,7,Miami
MIN,Demond Claiborne,21,RB,ACT,70,188,R,Wake Forest
MIN,Dillon Bell,89,WR,DEV,73,210,R,Georgia
MIN,Domonique Orange,97,DT,ACT,74,322,R,Iowa State
MIN,Donovan Jackson,74,G,ACT,76,324,2,Ohio State
MIN,Elijah Williams,99,DE,ACT,75,298,2,Morgan State
MIN,Eric Wilson,55,LB,ACT,73,230,10,Cincinnati
MIN,Gavin Bartholomew,86,TE,ACT,77,249,2,Pittsburgh
MIN,Harrison Smith,,FS,ACT,74,211,15,Notre Dame
MIN,Henry Byrd,68,G,DEV,77,314,1,Princeton
MIN,Isaiah Rodgers,2,CB,ACT,70,180,6,UMass Amherst
MIN,Ivan Pace Jr.,,LB,ACT,70,236,4,Cincinnati
MIN,J.J. McCarthy,9,QB,ACT,75,219,3,Michigan
MIN,Jack Nelson,,OT,DEV,79,314,2,Wisconsin
MIN,Jacob Thomas,39,SAF,ACT,73,212,R,James Madison
MIN,Jahvaree Ritzie,96,DT,DEV,76,290,1,North Carolina
MIN,Jake Golday,41,LB,ACT,76,240,R,Cincinnati
MIN,Jakobe Thomas,8,SAF,ACT,73,211,R,Miami
MIN,Jalen Redmond,61,DL,ACT,75,305,3,Oklahoma
MIN,Jamal Adams,32,LB,RES,73,213,10,LSU
MIN,James Pierre,23,CB,ACT,74,185,7,Florida Atlantic
MIN,Jauan Jennings,14,WR,ACT,75,212,6,Tennessee
MIN,Jay Ward,24,SAF,ACT,73,190,4,LSU
MIN,Jerome Ford,,RB,DEV,70,210,5,Cincinnati
MIN,Jeshaun Jones,82,WR,SUS,73,188,1,Maryland
MIN,Jihad Ward,,LB,DEV,77,285,11,Illinois
MIN,Joe Huber,60,G,ACT,77,310,2,Wisconsin
MIN,Jordan Addison,3,WR,ACT,71,179,4,USC
MIN,Jordan Mason,27,RB,RES,71,230,5,Georgia Tech
MIN,Josh Metellus,44,SAF,ACT,71,207,7,Michigan
MIN,Josh Oliver,84,TE,ACT,77,264,8,San Jose State
MIN,Justin Jefferson,18,WR,ACT,73,195,7,LSU
MIN,Kyle Van Noy,,MLB,DEV,75,255,13,BYU
MIN,Kyler Murray,1,QB,ACT,70,207,8,Oklahoma
MIN,Levi Drake Rodriguez,50,DL,ACT,74,307,3,East Texas A&M
MIN,Maceo Beard-Aigret,,SAF,DEV,73,206,R,
MIN,Max Bredeson,45,RB,ACT,74,252,R,Michigan
MIN,Max Brosmer,12,QB,DEV,74,217,2,Minnesota
MIN,Michael Briscoe,46,WR,DEV,74,209,R,Cal Poly (San Luis Obispo)
MIN,Michael Jurgens,65,G,RSR,76,311,3,Wake Forest
MIN,Myles Price,4,WR,ACT,69,183,2,Indiana
MIN,Naquan Jones,,DT,DEV,75,313,6,Michigan State
MIN,Nick Samac,,C,ACT,76,317,3,Michigan State
MIN,Ryan Van Demark,72,OT,ACT,78,307,4,Connecticut
MIN,T.J. Hockenson,87,TE,ACT,77,248,8,Iowa
MIN,Tai Felton,13,WR,ACT,73,186,2,Maryland
MIN,Taki Taimani,94,DL,RES,73,324,2,Oregon
MIN,Tavierre Thomas,37,SAF,DEV,70,212,9,Ferris State
MIN,Theo Jackson,26,DB,ACT,73,205,5,Tennessee
MIN,Trayvon Rudolph,30,WR,DEV,70,187,R,Toledo
MIN,Trevor Keegan,,G,ACT,77,315,3,Michigan
MIN,Tyler Batty,92,LB,RES,77,271,2,BYU
MIN,Tyreek Chappell,28,CB,RES,71,180,R,Texas A&M
MIN,Tyrion Ingram-Dawkins,90,DT,ACT,77,290,2,Georgia
MIN,Will Fries,76,G,ACT,78,321,6,Penn State
MIN,Will Reichard,16,K,ACT,73,190,3,Alabama
MIN,Zemaiah Vaughn,5,CB,ACT,75,180,1,Utah
NE,A.J. Brown,1,WR,RES,73,226,8,Mississippi
NE,Alijah Vera-Tucker,75,G,ACT,77,308,6,USC
NE,Andy Borregales,8,K,ACT,71,202,2,Miami
NE,Behren Morton,15,QB,ACT,74,218,R,Texas Tech
NE,Ben Brown,77,C,ACT,77,312,4,Mississippi
NE,Brenden Schooler,41,SAF,RSN,73,210,5,Texas
NE,Bryce Baringer,17,P,RES,74,215,4,Michigan State
NE,Caleb Lomu,74,OT,ACT,78,313,R,Utah
NE,Cameron Dorner,88,WR,DEV,73,188,R,North Texas
NE,Cameron Latu,36,TE,ACT,77,244,3,Alabama
NE,Carlton Davis III,7,CB,ACT,73,200,8,Auburn
NE,Chandler Brayboy,,WR,DEV,73,199,1,Elon
NE,Channing Canada,29,CB,ACT,71,190,R,TCU
NE,Charles Woods,22,CB,ACT,71,185,3,SMU
NE,Christian Barmore,90,DT,ACT,77,315,6,Alabama
NE,Christian Elliss,53,LB,ACT,74,231,5,Idaho
NE,Christian Gonzalez,,CB,ACT,73,205,4,Oregon
NE,Corey Kiner,9,RB,ACT,69,210,2,Cincinnati
NE,Cory Durden,94,DT,ACT,76,305,2,N.C. State
NE,Craig Woodson,4,SAF,ACT,72,200,2,California
NE,DaQuan Jones,,DE,ACT,76,320,13,Penn State
NE,Dametrious Crownover,68,OT,ACT,79,319,R,Texas A&M
NE,Darius Muasau,54,LB,ACT,73,230,3,UCLA
NE,DeMario Douglas,3,WR,ACT,68,185,4,Liberty
NE,Dell Pettus,24,SAF,ACT,71,200,3,Troy
NE,Drake Maye,10,QB,ACT,76,225,3,North Carolina
NE,Dre'Mont Jones,5,DE,ACT,75,268,8,Ohio State
NE,Efton Chism III,86,WR,ACT,70,198,2,Eastern Washington
NE,Eli Raridon,82,TE,ACT,78,245,R,Notre Dame
NE,Elijah Ponder,91,LB,ACT,75,261,2,Cal Poly (San Luis Obispo)
NE,Elliott Davison,,SAF,DEV,72,190,1,Texas-San Antonio
NE,Eric Gregory,95,DT,DEV,75,319,2,Arkansas
NE,Erick Hunter,49,LB,ACT,74,225,R,Morgan State
NE,Gabe Jacas,50,LB,ACT,76,261,R,Illinois
NE,Greg Van Roten,70,G,ACT,75,305,12,Penn
NE,Harold Landry III,2,LB,PUP,74,252,9,Boston College
NE,Hassan Haskins,26,RB,CUT,74,228,5,Michigan
NE,Hunter Henry,85,TE,ACT,77,249,11,Arkansas
NE,Jacob Rizy,64,C,CUT,77,306,R,Florida State
NE,Jake Kubas,,G,DEV,76,308,2,North Dakota State
NE,Jared Wilson,55,C,ACT,75,310,2,Georgia
NE,Jaylen Reed,23,SAF,ACT,72,212,2,Penn State
NE,Jeremiah Pharms Jr.,98,DT,DEV,75,300,3,Friends U.
NE,Jeremiah Webb,29,WR,RES,71,198,1,South Alabama
NE,Jose Ramirez,,LB,DEV,74,252,1,Eastern Michigan
NE,Joshua Farmer,92,DT,ACT,75,312,2,Florida State
NE,Julian Ashby,47,LS,ACT,73,231,2,Vanderbilt
NE,Julian Hill,80,TE,RES,76,251,4,Campbell University
NE,K.J. Britt,35,LB,DEV,72,240,6,Auburn
NE,Karon Prunty,21,CB,ACT,74,192,R,Wake Forest
NE,Kevin Byard,31,FS,ACT,71,212,11,Middle Tennessee State
NE,Khalil Jacobs,59,LB,RES,73,227,R,Missouri
NE,Kindle Vildor,28,CB,DEV,71,189,7,Georgia Southern
NE,Kyle Dixon,83,WR,DEV,74,220,R,Culver-Stockton College
NE,Kyle Williams,18,WR,ACT,71,190,2,Washington State
NE,Lan Larison,34,RB,DEV,71,209,2,UC Davis
NE,Leonard Taylor III,93,DT,ACT,75,305,3,Miami
NE,Lorenz Metz,61,OT,DEV,81,320,1,Cincinnati
NE,Mack Hollins,13,WR,ACT,76,221,10,North Carolina
NE,Marcus Bryant,52,OT,RSR,79,320,2,Missouri
NE,Marcus Jones,25,CB,ACT,68,188,5,Houston
NE,Mike Brown,33,SAF,DEV,73,218,4,Miami (Ohio)
NE,Mike Onwenu,71,G,ACT,75,350,7,Michigan
NE,Milton Williams,97,DT,ACT,75,290,6,Louisiana Tech
NE,Mitch Wishnowsky,,P,DEV,74,220,8,Utah
NE,Morgan Moses,76,OT,ACT,78,320,13,Virginia
NE,Myles Montgomery,39,RB,RES,70,205,R,UCF
NE,Namdi Obiazor,48,LB,ACT,75,229,R,TCU
NE,Quintayvious Hutchins,45,LB,ACT,75,245,R,Boston College
NE,Reggie Gilliam,44,RB,ACT,73,255,7,Toledo
NE,Rhamondre Stevenson,38,RB,ACT,72,227,6,Oklahoma
NE,Riley Wilson,51,LB,DEV,73,226,R,Arizona
NE,Robert Spillane,14,LB,ACT,73,234,8,Western Michigan
NE,Romeo Doubs,87,WR,ACT,74,210,5,Nevada
NE,Shane Zylstra,,TE,CUT,76,240,5,Minnesota State
NE,Tanner Arkin,84,TE,ACT,76,262,R,Illinois
NE,Tommy DeVito,16,QB,ACT,74,210,4,Illinois
NE,TreVeyon Henderson,32,RB,ACT,70,202,2,Ohio State
NE,Walter Rouse,72,OT,ACT,78,314,3,Oklahoma
NE,Will Campbell,66,OT,ACT,78,319,2,LSU
NE,Xavier Holmes,,LB,DEV,75,238,R,James Madison
NE,Xavier Newman-Johnson,,G,DEV,74,297,4,Baylor
NO,Alan Herron,70,OT,DEV,75,308,R,Maryland
NO,Alex Wollschlaeger,79,OT,DEV,79,310,R,Kentucky
NO,Alvin Kamara,41,RB,ACT,70,215,10,Tennessee
NO,Anfernee Jennings,54,LB,ACT,75,255,7,Alabama
NO,Asim Richards,72,OT,ACT,76,307,4,North Carolina
NO,Audric Estimé,30,RB,RES,71,227,3,Notre Dame
NO,Barion Brown,19,WR,ACT,71,177,R,LSU
NO,Brock Rechsteiner,89,WR,SUS,74,225,R,Jacksonville State
NO,Bryan Bresee,90,DT,RES,77,305,4,Clemson
NO,Bryce Lance,18,WR,ACT,75,204,R,North Dakota State
NO,CJ Donaldson,43,RB,ACT,73,230,R,Ohio State
NO,Cameron Jordan,94,LB,ACT,76,287,16,California
NO,Carl Granderson,96,DE,ACT,77,261,8,Wyoming
NO,Cedric Tillman,,WR,DEV,75,215,4,Tennessee
NO,Cesar Ruiz,51,G,ACT,76,316,7,Michigan
NO,Charlie Smyth,39,K,DEV,76,210,2,
NO,Chase Young,99,DE,ACT,77,265,7,Ohio State
NO,Chris Olave,12,WR,ACT,72,187,5,Ohio State
NO,Chris Rumph II,58,LB,ACT,74,244,6,Duke
NO,Christen Miller,52,DT,ACT,75,321,R,Georgia
NO,Colby Wooden,50,DE,ACT,76,273,4,Auburn
NO,Daniel Carlson,10,K,ACT,77,222,9,Auburn
NO,Danny Stutsman,28,LB,ACT,75,233,2,Oklahoma
NO,David Edwards,76,G,ACT,78,308,8,Wisconsin
NO,David Long,,DB,RES,71,196,7,Michigan
NO,Davon Godchaux,92,DT,ACT,75,330,10,LSU
NO,Decamerion Richardson,,CB,ACT,74,188,3,Mississippi State
NO,Devaughn Vele,14,WR,ACT,77,210,3,Utah
NO,Dillon Radunz,77,OT,RES,78,301,6,North Dakota State
NO,Easton Kilty,73,OT,DEV,78,307,1,Kansas State
NO,Erik McCoy,78,C,ACT,76,303,8,Texas A&M
NO,Fadil Diggs,40,DE,DEV,76,257,1,Syracuse
NO,Isaiah Stalbird,44,LB,ACT,73,215,2,South Dakota State
NO,Jackson Sirmon,47,LB,DEV,74,240,1,California
NO,Jalen Moreno-Cropper,85,WR,DEV,72,172,1,Fresno State
NO,Jay'Viar Suggs,62,DT,DEV,75,299,R,Wisconsin
NO,Jayden Price,38,CB,ACT,71,185,1,North Dakota State
NO,Jaylan Ford,53,LB,RSR,74,240,3,Texas
NO,Jeremiah Wright,65,G,ACT,77,331,R,Auburn
NO,John Ridgeway,95,DT,ACT,77,321,5,Arkansas
NO,Jonah Williams,,DE,DEV,77,275,6,Weber State
NO,Jonas Sanker,7,SAF,ACT,73,210,2,Virginia
NO,Jordan Howden,31,SAF,ACT,72,210,4,Minnesota
NO,Jordyn Tyson,,WR,RSR,74,200,R,Arizona State
NO,Julian Blackmon,23,SAF,ACT,72,202,7,Utah
NO,Justin Reid,21,S,ACT,73,207,9,Stanford
NO,Juwan Johnson,83,TE,ACT,76,245,7,Oregon
NO,Kaden Elliss,55,LB,ACT,74,238,8,Idaho
NO,Kelvin Banks Jr.,71,OT,ACT,77,315,2,Texas
NO,Kendre Miller,5,RB,ACT,72,220,4,TCU
NO,Kevin Austin Jr.,81,WR,DEV,74,200,3,Notre Dame
NO,Khristian Boyd,97,DT,ACT,74,320,3,Northern Iowa
NO,Kool-Aid McKinstry,1,CB,ACT,71,199,3,Alabama
NO,Kyrese Rowan,,WR,DEV,70,185,1,Utah State
NO,Lorenzo Styles Jr.,36,SAF,RES,73,195,R,Ohio State
NO,Martin Emerson,22,CB,ACT,74,200,5,Mississippi State
NO,Mason Murphy,74,OT,ACT,77,315,R,Auburn
NO,Mason Tipton,15,WR,PUP,71,187,3,Yale
NO,Michael Reid,42,SAF,ACT,74,200,1,South Dakota
NO,Moliki Matavao,80,TE,RES,78,263,2,UCLA
NO,Nathan Shepherd,93,DE,ACT,76,315,9,Fort Hays
NO,Nick Saldiveri,64,G,PUP,78,316,4,Old Dominion
NO,Noah Fant,87,TE,ACT,76,249,8,Iowa
NO,Oscar Delp,88,TE,ACT,77,245,R,Georgia
NO,Pete Werner,20,LB,ACT,75,242,6,Ohio State
NO,Quincy Riley,29,CB,ACT,71,195,2,Louisville
NO,Rejzohn Wright,25,DB,RES,74,193,3,Oregon State
NO,Ryan Wright,17,P,ACT,75,245,5,Tulane
NO,Scott Daly,,LS,DEV,73,245,6,Notre Dame
NO,Spencer Rattler,2,QB,ACT,72,211,3,South Carolina
NO,Stone Smartt,,TE,DEV,76,226,5,Old Dominion
NO,TJ Hall,34,DB,DEV,72,190,R,Iowa
NO,Taliese Fuaga,75,OT,ACT,78,324,3,Oregon State
NO,Travis Etienne,3,RB,ACT,70,215,6,Clemson
NO,Trey Palmer,10,WR,DEV,73,190,4,Nebraska
NO,Treyton Welch,82,TE,ACT,76,240,1,Wyoming
NO,Ty Chandler,32,RB,RES,71,204,5,North Carolina
NO,Tyler Shough,6,QB,ACT,77,219,2,Louisville
NO,Tyree Wilson,98,DE,ACT,77,263,4,Texas Tech
NO,Vernon Broughton,91,DT,ACT,77,311,2,Texas
NO,Will Sherman,66,G,ACT,76,300,2,Colorado
NO,Zach Wilson,4,QB,ACT,74,214,6,BYU
NO,Zach Wood,49,LS,RES,75,255,10,SMU
NO,Zamir White,,RB,DEV,71,227,5,Georgia
NYG,Aaron Stinnie,64,G,ACT,75,312,9,James Madison
NYG,Abdul Carter,3,LB,ACT,75,252,2,Penn State
NYG,Andrew Thomas,78,OT,ACT,77,315,7,Georgia
NYG,Andru Phillips,22,DB,ACT,71,180,3,Kentucky
NYG,Ar'Darius Washington,24,SAF,ACT,68,180,5,TCU
NYG,Arvell Reese,52,LB,ACT,76,243,R,Ohio State
NYG,Basil Okoye,99,DT,ACT,78,365,2,
NYG,Ben Mann,58,LS,ACT,77,232,R,Boston College
NYG,Bobby Jamison-Travis,97,DT,ACT,75,328,R,Auburn
NYG,Braxton Berrios,87,WR,ACT,69,190,9,Miami
NYG,Brian Burns,,LB,ACT,77,250,8,Florida State
NYG,Bryan Hudson,60,C,ACT,77,305,1,Louisville
NYG,Calvin Austin III,82,WR,RES,69,162,5,Memphis
NYG,Cam Skattebo,44,RB,ACT,71,215,2,Arizona State
NYG,Chandler Martin,55,LB,DEV,72,230,1,Memphis
NYG,Charlie Jones,,WR,DEV,72,190,4,Purdue
NYG,Chauncey Golston,57,DE,ACT,77,277,6,Iowa
NYG,Chris Manhertz,85,TE,ACT,78,235,11,Canisius College
NYG,Colton Hood,12,CB,ACT,72,195,R,Tennessee
NYG,DJ Reader,98,DT,ACT,75,335,11,Clemson
NYG,Dalen Cambre,83,WR,DEV,72,192,2,Louisiana
NYG,Darian Kinnard,,G,DEV,77,322,4,Kentucky
NYG,Darius Alexander,91,DT,ACT,76,310,2,Toledo
NYG,Darnell Mooney,17,WR,ACT,71,177,7,Tulane
NYG,Deonte Banks,2,CB,ACT,74,200,4,Maryland
NYG,Devin Singletary,26,RB,ACT,67,203,8,Florida Atlantic
NYG,Dominic Zvada,34,K,ACT,75,187,R,Michigan
NYG,Elijah Campbell,28,DB,ACT,71,190,6,Northern Iowa
NYG,Elijah Jones,,CB,DEV,73,185,3,Boston College
NYG,Francis Mauigoa,65,OT,ACT,78,335,R,Miami
NYG,Geno VanDeMark,,C,DEV,77,326,R,Alabama
NYG,Grant Finley,,RB,DEV,76,270,R,Missouri Western
NYG,Greg Newsome II,20,CB,ACT,72,192,6,Northwestern
NYG,Gunner Olszewski,80,WR,RES,72,192,8,Bemidji State University
NYG,Isaiah Likely,9,TE,ACT,76,241,5,Coastal Carolina
NYG,J.C. Davis,74,OT,ACT,76,322,R,Illinois
NYG,Jack Kelly,51,LB,ACT,74,240,R,BYU
NYG,Jaden Robinson,,CB,DEV,72,193,1,Oregon State
NYG,Jake Haener,18,QB,DEV,73,200,3,Fresno State
NYG,Jalin Hyatt,13,WR,DEV,72,185,4,Tennessee
NYG,Jameis Winston,19,QB,ACT,76,231,12,Florida State
NYG,Jarrick Bernard-Converse,35,CB,RES,73,205,4,LSU
NYG,Jarrod Gray,79,OT,DEV,79,318,R,
NYG,Jason Pinnock,25,SAF,ACT,72,200,6,Pittsburgh
NYG,Jaxson Dart,6,QB,ACT,74,223,2,Mississippi
NYG,Jermaine Eluemunor,72,G,ACT,76,338,10,Texas A&M
NYG,Jevon Holland,8,SAF,ACT,73,207,6,Oregon
NYG,John Michael Schmitz,61,C,ACT,76,320,4,Minnesota
NYG,Jon Runyan,76,G,ACT,76,307,7,Michigan
NYG,Jordan Stout,15,P,ACT,75,214,5,Penn State
NYG,Josh Tupou,94,DT,ACT,75,340,7,Colorado
NYG,Kayvon Thibodeaux,5,LB,ACT,77,258,5,Oregon
NYG,Kingsley Eguakun,,C,DEV,75,305,2,Florida
NYG,Korie Black,38,CB,RSR,72,190,2,Oklahoma State
NYG,Malachi Fields,88,WR,ACT,76,222,R,Notre Dame
NYG,Malik Harrison,,LB,ACT,75,247,7,Ohio State
NYG,Malik Nabers,1,WR,ACT,72,200,3,LSU
NYG,Marcus Mbow,71,G,ACT,77,300,2,Purdue
NYG,Micah McFadden,41,LB,ACT,74,232,5,Indiana
NYG,Najee Harris,23,RB,ACT,73,232,6,Alabama
NYG,Nic Jones,31,CB,ACT,72,189,3,Ball State
NYG,Nikko Reed,,DB,ACT,70,180,2,Oregon
NYG,Odell Beckham Jr.,13,WR,ACT,71,198,11,LSU
NYG,Patrick Ricard,45,RB,ACT,75,300,10,Maine
NYG,Paulson Adebo,21,CB,RES,73,192,6,Stanford
NYG,Phil Mafah,,RB,DEV,73,232,1,Clemson
NYG,Raheem Layne,43,SAF,DEV,71,192,3,Indiana
NYG,Rico Payton,36,CB,RES,72,182,3,Pittsburg State (KS)
NYG,Roy Robertson-Harris,95,DE,RES,79,300,10,Texas-El Paso
NYG,Ryan Schernecke,70,OT,CUT,80,330,R,Kutztown
NYG,Shelby Harris,93,DE,ACT,74,288,12,Illinois State
NYG,Thaddeus Dixon,39,CB,RES,73,195,R,North Carolina
NYG,Theo Johnson,84,TE,ACT,78,264,3,Penn State
NYG,Thomas Fidone II,86,TE,ACT,78,255,2,Nebraska
NYG,Trace Ford,48,LB,DEV,74,252,1,Oklahoma
NYG,Tremaine Edmunds,49,MLB,ACT,76,251,9,Virginia Tech
NYG,Tyler Nubin,27,SAF,ACT,74,210,3,Minnesota
NYG,Tyrone Tracy Jr.,29,RB,ACT,71,210,3,Purdue
NYG,Zaire Barnes,46,LB,ACT,73,232,4,Western Michigan
NYJ,Adonai Mitchell,15,WR,ACT,74,205,3,Texas
NYJ,Al-Jay Henderson,,RB,DEV,70,216,R,Buffalo
NYJ,Andre Cisco,8,SAF,ACT,72,210,6,Syracuse
NYJ,Andrew Beck,47,FB,ACT,75,255,7,Texas
NYJ,Anez Cooper,72,G,RSR,77,334,R,Miami
NYJ,Arian Smith,82,WR,ACT,72,179,2,Georgia
NYJ,Armand Membou,70,OT,ACT,76,332,2,Missouri
NYJ,Austin McNamara,14,P,ACT,76,204,2,Texas Tech
NYJ,Azareye'h Thomas,1,CB,ACT,73,197,2,Florida State
NYJ,Bailey Zappe,4,QB,DEV,73,215,4,Western Kentucky
NYJ,Blake Grupe,4,K,ACT,67,156,4,Notre Dame
NYJ,Braelon Allen,,RB,ACT,73,235,3,Wisconsin
NYJ,Braiden McGregor,55,DE,ACT,78,267,3,Michigan
NYJ,Brandon Stephens,21,CB,ACT,73,215,6,SMU
NYJ,Brant Banks,,OT,DEV,79,306,1,Rice
NYJ,Breece Hall,20,RB,ACT,71,217,5,Iowa State
NYJ,Cade Klubnik,10,QB,ACT,74,207,R,Clemson
NYJ,Chip Trayanum,40,RB,RES,71,227,R,Toledo
NYJ,Chukwuma Okorafor,79,OT,ACT,78,320,8,Western Michigan
NYJ,D'Angelo Ponds,23,CB,ACT,68,182,R,Indiana
NYJ,Dane Belton,6,SAF,ACT,73,205,5,Iowa
NYJ,Darrell Jackson Jr.,95,DT,ACT,77,315,R,Florida State
NYJ,David Bailey,31,LB,ACT,75,250,R,Texas Tech
NYJ,David Onyemata,93,DT,ACT,75,300,11,Manitoba (Canada)
NYJ,Demario Davis,56,OLB,ACT,74,239,15,Arkansas State
NYJ,Dylan Parham,64,G,ACT,75,311,5,Memphis
NYJ,Francisco Mauigoa,51,LB,ACT,74,233,2,Miami
NYJ,Garrett Wilson,5,WR,ACT,72,183,5,Ohio State
NYJ,Geno Smith,7,QB,ACT,75,221,14,West Virginia
NYJ,Harrison Phillips,97,DT,ACT,75,307,9,Stanford
NYJ,Isaiah Davis,32,RB,ACT,73,220,3,South Dakota State
NYJ,Isaiah Williams,18,WR,ACT,70,185,3,Illinois
NYJ,Jack Heflin,96,DT,DEV,75,304,2,Iowa
NYJ,Jaden Keller,48,LB,CUT,75,235,R,Virginia Tech
NYJ,Jamaal Pritchett,81,WR,DEV,68,175,1,South Alabama
NYJ,Jamien Sherwood,44,LB,ACT,74,216,6,Auburn
NYJ,Jarvis Brownlee Jr.,2,DB,ACT,70,194,3,Louisville
NYJ,Jason Sanders,19,K,DEV,71,195,9,New Mexico
NYJ,Jelani Woods,86,TE,ACT,79,253,5,Virginia
NYJ,Jeremy Ruckert,89,TE,ACT,77,250,5,Ohio State
NYJ,Joe Tippmann,66,C,ACT,78,313,4,Wisconsin
NYJ,John Saunders Jr.,,SAF,DEV,74,210,1,Mississippi
NYJ,Jordan Clark,33,CB,ACT,69,184,2,Notre Dame
NYJ,Jordan Meredith,67,G,ACT,74,300,4,Western Kentucky
NYJ,Joseph Ossai,46,DE,ACT,76,253,6,Texas
NYJ,Josh Myers,71,C,ACT,77,310,6,Ohio State
NYJ,Jowon Briggs,91,DE,ACT,73,313,3,Cincinnati
NYJ,Kene Nwangwu,3,RB,ACT,73,210,6,Iowa State
NYJ,Kenyon Sadiq,16,TE,ACT,75,241,R,Oregon
NYJ,Kingsley Enagbare,52,LB,ACT,76,258,5,South Carolina
NYJ,Kingsley Jonathan,57,DE,RES,76,260,3,Syracuse
NYJ,Kohl Levao,60,OL,DEV,78,350,1,Hawaii
NYJ,Malachi Moore,27,SAF,ACT,71,196,2,Alabama
NYJ,Malik McClain,84,WR,DEV,77,205,R,Arizona State
NYJ,Marcelino McCrary-Ball,41,LB,ACT,72,214,3,Indiana
NYJ,Mason Taylor,85,TE,ACT,77,251,2,LSU
NYJ,Max Mitchell,61,OT,ACT,78,307,5,Louisiana-Lafayette
NYJ,Minkah Fitzpatrick,29,FS,ACT,73,202,9,Alabama
NYJ,Mory Bamba,38,CB,DEV,74,193,R,BYU
NYJ,Nahshon Wright,26,CB,ACT,76,190,6,Oregon State
NYJ,Nate Lynn,92,DE,DEV,75,256,2,William & Mary
NYJ,Olumuyiwa Fashanu,74,OT,ACT,78,312,3,Penn State
NYJ,Omar Cooper Jr.,11,WR,RES,72,199,R,Indiana
NYJ,Paschal Ekeji,54,DE,DEV,76,230,1,
NYJ,Payton Page,98,DT,DEV,76,300,1,Clemson
NYJ,Qwan'tez Stiggers,37,DB,ACT,72,197,3,
NYJ,Samuel Womack,22,CB,DEV,70,189,5,Toledo
NYJ,Sterling Shepard,,WR,DEV,70,194,11,Oklahoma
NYJ,T'Vondre Sweat,99,DT,ACT,76,366,3,Texas
NYJ,Thomas Hennessy,42,LS,ACT,74,246,10,Duke
NYJ,Tim Patrick,17,WR,RES,77,210,9,Utah
NYJ,Tre Brown,30,CB,RES,70,185,6,Oklahoma
NYJ,Trevin Wallace,49,LB,ACT,73,237,3,Kentucky
NYJ,Troy Reeder,,LB,DEV,75,236,8,Delaware
NYJ,Tyler Baron,94,DE,PUP,76,258,2,Miami
NYJ,Tyler Johnson,,WR,DEV,73,208,6,Minnesota
NYJ,VJ Payne,34,SAF,RSR,75,206,R,Kansas State
NYJ,Will McDonald IV,9,DE,ACT,76,245,4,Iowa State
NYJ,Xavier Newman-Johnson,65,G,TRT,74,297,4,Baylor
PHI,A.J. Epenesa,57,LB,ACT,78,280,7,Iowa
PHI,Andre' Sam,32,SAF,RES,70,194,1,LSU
PHI,Andrew Mukuba,24,SAF,ACT,71,186,2,Texas
PHI,Andy Dalton,14,QB,ACT,74,220,16,TCU
PHI,Arnold Ebiketie,17,LB,ACT,75,256,5,Penn State
PHI,Braden Mann,10,P,ACT,71,198,7,Texas A&M
PHI,Britain Covey,85,WR,ACT,68,173,5,Utah
PHI,Byron Young,94,DT,ACT,75,292,4,Alabama
PHI,Cam Jurgens,51,C,ACT,75,303,5,Nebraska
PHI,Carson Steele,34,RB,DEV,72,228,2,UCLA
PHI,Chance Campbell,59,LB,DEV,74,232,4,Mississippi
PHI,Cole Payton,18,QB,ACT,74,233,R,North Dakota State
PHI,Cole Wisniewski,21,SAF,DEV,75,219,R,Texas Tech
PHI,Cooper DeJean,33,CB,ACT,72,198,3,Iowa
PHI,Dallas Goedert,88,TE,ACT,77,256,9,South Dakota State
PHI,Dameon Pierce,39,RB,DEV,70,215,5,Florida
PHI,Danny Gray,82,WR,CUT,72,200,3,SMU
PHI,Darius Cooper,80,WR,ACT,71,210,2,Tarleton State
PHI,DeVonta Smith,6,WR,ACT,72,170,6,Alabama
PHI,Dontayvion Wicks,13,WR,ACT,73,206,4,Virginia
PHI,Drew Kendall,66,C,ACT,76,308,2,Boston College
PHI,E.J. Jenkins,84,TE,ACT,78,245,2,Georgia Tech
PHI,Eli Stowers,87,TE,RES,76,239,R,Vanderbilt
PHI,Elijah Moore,19,WR,ACT,70,178,6,Mississippi
PHI,Fred Johnson,74,OT,ACT,79,326,8,Florida
PHI,Gabe Hall,96,DT,DEV,78,295,1,Baylor
PHI,Grant Calcaterra,81,TE,RSR,76,240,5,SMU
PHI,Jake Elliott,4,K,ACT,69,167,10,Memphis
PHI,Jake Majors,75,C,DEV,75,315,1,Texas
PHI,Jakorian Bennett,23,DB,RSR,70,200,4,Maryland
PHI,Jalen Carter,98,DT,ACT,75,314,4,Georgia
PHI,Jalen Hurts,1,QB,ACT,73,223,7,Oklahoma
PHI,Jalyx Hunt,58,LB,ACT,75,252,3,Houston Christian University
PHI,Jaydon Blue,,RB,DEV,69,198,2,Texas
PHI,Jeremiah Trotter Jr.,54,LB,ACT,72,225,3,Clemson
PHI,Jihaad Campbell,11,LB,ACT,75,235,2,Alabama
PHI,John Ojukwu,67,OT,DEV,77,309,2,Boise State
PHI,Johnny Mundt,83,TE,ACT,76,245,9,Oregon
PHI,Johnny Wilson,89,WR,RES,78,228,3,Florida State
PHI,Jonathan Greenard,52,LB,ACT,75,263,7,Florida
PHI,Jonathan Jones,31,DB,ACT,70,190,11,Auburn
PHI,Jordan Davis,90,DT,ACT,78,336,5,Georgia
PHI,Jordan Mailata,68,OT,ACT,80,365,9,
PHI,Joshua Weru,46,LB,DEV,76,244,R,
PHI,Josiah Deguara,,TE,DEV,74,240,6,Cincinnati
PHI,Kelee Ringo,7,CB,ACT,74,207,4,Georgia
PHI,Keyshawn James-Newby,50,LB,DEV,73,240,R,New Mexico
PHI,Kiran Amegadjie,,OT,DEV,77,326,3,Yale
PHI,Landon Dickerson,69,G,RES,78,333,6,Alabama
PHI,Lane Johnson,65,OT,ACT,78,325,14,Oklahoma
PHI,Mac McWilliams,22,CB,ACT,70,191,2,UCF
PHI,Makai Lemon,9,WR,ACT,71,192,R,USC
PHI,Marcus Epps,29,SAF,ACT,72,198,8,Wyoming
PHI,Markel Bell,72,OT,ACT,81,345,R,Miami
PHI,Marquise Brown,,WR,ACT,69,170,8,Oklahoma
PHI,Mason Reiger,,DE,DEV,77,248,R,Wisconsin
PHI,Maximus Pulley,36,SAF,DEV,71,200,R,Wofford
PHI,Micah Morris,76,G,ACT,77,334,R,Georgia
PHI,Michael Carter II,35,CB,ACT,70,184,6,Duke
PHI,Moro Ojomo,97,DT,ACT,75,292,4,Texas
PHI,Nolan Smith,3,LB,ACT,74,238,4,Georgia
PHI,Quinyon Mitchell,27,CB,ACT,72,193,3,Toledo
PHI,Riq Woolen,2,CB,ACT,76,210,5,Texas-San Antonio
PHI,Robert Longerbeam,,CB,DEV,71,175,2,Rutgers
PHI,Rocco Underwood,41,LS,ACT,75,231,R,Florida
PHI,Saquon Barkley,26,RB,ACT,72,232,9,Penn State
PHI,Smael Mondon Jr.,42,LB,ACT,74,225,2,Georgia
PHI,Tank Bigsby,8,RB,ACT,71,215,4,Auburn
PHI,Tanner McKee,16,QB,ACT,78,230,4,Stanford
PHI,Tucker Large,,SAF,RSN,71,183,R,Washington State
PHI,Ty Robinson,95,DT,ACT,77,288,2,Nebraska
PHI,Tyler Steen,56,G,ACT,78,321,4,Alabama
PHI,Uar Bernard,93,DT,DEV,76,306,R,
PHI,Will Shipley,28,RB,ACT,71,210,3,Clemson
PHI,Willie Lampkin,61,G,ACT,71,290,2,North Carolina
PHI,Xavier Gipson,86,WR,DEV,69,189,4,Stephen F. Austin State
PHI,Zack Baun,53,LB,ACT,75,225,7,Wisconsin
PIT,Aaron Rodgers,8,QB,ACT,74,223,22,California
PIT,Alex Highsmith,56,LB,ACT,76,242,7,Charlotte
PIT,Asante Samuel Jr.,22,CB,ACT,70,180,6,Florida State
PIT,Ben Skowronek,15,WR,ACT,75,224,6,Notre Dame
PIT,Bishop Fitzgerald,,SAF,DEV,71,205,R,USC
PIT,Bradyn Swinson,,LB,DEV,76,255,2,LSU
PIT,Brandin Echols,26,CB,ACT,70,179,6,Kentucky
PIT,Brandon Johnson,,WR,DEV,74,195,3,UCF
PIT,Brandon Smith,87,WR,DEV,74,220,1,Iowa
PIT,Brock Hoffman,67,C,ACT,76,318,5,Virginia Tech
PIT,Cameron Heyward,97,DE,ACT,77,295,16,Ohio State
PIT,Cameron Johnston,19,P,ACT,71,194,9,Ohio State
PIT,Car'lin Vigers,,DB,DEV,74,200,1,Louisiana-Monroe
PIT,Carson Bruener,44,LB,ACT,73,227,2,Washington
PIT,Chris Boswell,9,K,ACT,74,185,12,Rice
PIT,Christian Kuntz,46,LS,ACT,73,228,6,Duquesne
PIT,Cole Burgess,85,WR,RES,73,192,1,Cortland State Of New York
PIT,Cole Holcomb,55,LB,ACT,73,240,8,North Carolina
PIT,DK Metcalf,4,WR,ACT,76,235,8,Mississippi
PIT,Daequan Hardy,,CB,RES,69,178,1,Penn State
PIT,Darnell Washington,80,TE,ACT,79,265,4,Georgia
PIT,Daylen Everette,23,CB,ACT,73,196,R,Georgia
PIT,DeShon Elliott,25,SAF,RSR,73,210,9,Texas
PIT,Derrick Harmon,99,DT,ACT,76,313,2,Oregon
PIT,Doneiko Slaughter,40,DB,DEV,72,190,1,Arkansas
PIT,Donte Kent,34,CB,PUP,70,189,2,Central Michigan
PIT,Doug Nester,72,G,DEV,78,306,1,West Virginia
PIT,Drew Allar,16,QB,ACT,77,228,R,Penn State
PIT,Dylan Cook,60,OT,ACT,78,305,3,Montana
PIT,Eli Heidenreich,29,RB,ACT,72,198,R,Navy
PIT,Esezi Otomewo,93,DT,DEV,77,282,4,Minnesota
PIT,Gabe Rubio,96,DE,ACT,77,321,R,Notre Dame
PIT,Gennings Dunker,73,G,ACT,77,319,R,Iowa
PIT,Germie Bernard,17,WR,ACT,73,206,R,Alabama
PIT,Jack Driscoll,68,OT,RSR,77,312,6,Auburn
PIT,Jack Sawyer,33,LB,ACT,76,260,2,Ohio State
PIT,Jacoby Windmon,53,LB,DEV,74,250,2,Michigan State
PIT,Jalen Ramsey,5,CB,ACT,73,208,11,Florida State
PIT,Jamel Dean,35,CB,ACT,73,206,8,Auburn
PIT,Jaquan Brisker,3,SAF,ACT,73,204,5,Penn State
PIT,Jaylen Warren,30,RB,ACT,68,215,5,Oklahoma State
PIT,Joey Porter Jr.,24,CB,ACT,74,194,4,Penn State
PIT,Julius Welschof,45,LB,DEV,78,265,1,Charlotte
PIT,Kaden Wetjen,10,WR,ACT,69,196,R,Iowa
PIT,Keeanu Benton,95,DT,ACT,76,309,4,Wisconsin
PIT,Kevin Jobity Jr.,92,DT,ACT,76,300,R,Syracuse
PIT,Kyler Baugh,65,DT,DEV,74,305,1,Minnesota
PIT,Lake McRee,81,TE,DEV,76,243,R,USC
PIT,Lew Nichols III,31,RB,DEV,70,220,1,Central Michigan
PIT,Logan Lee,91,DT,RES,77,286,3,Iowa
PIT,Mason McCormick,66,G,ACT,77,315,3,South Dakota State
PIT,Mason Rudolph,2,QB,ACT,77,235,9,Oklahoma State
PIT,Max Hurleman,84,RB,DEV,71,200,1,Notre Dame
PIT,Max Iheanachor,71,OT,ACT,78,321,R,Arizona State
PIT,Michael Pittman,11,WR,ACT,76,223,7,USC
PIT,Nick Herbig,51,LB,ACT,74,240,4,Wisconsin
PIT,Pat Freiermuth,88,TE,ACT,77,258,6,Penn State
PIT,Patrick Queen,6,LB,ACT,72,230,7,LSU
PIT,Payton Wilson,41,LB,ACT,76,242,3,N.C. State
PIT,Rayshawn Jenkins,20,DB,ACT,73,220,10,Miami
PIT,Rico Dowdle,13,RB,ACT,71,218,7,South Carolina
PIT,Riley Nowakowski,37,FB,ACT,74,250,R,Indiana
PIT,Robert Spears-Jennings,28,SAF,ACT,73,205,R,Oklahoma
PIT,Robert Tonyan,85,TE,ACT,77,240,8,Indiana State
PIT,Roman Wilson,14,WR,ACT,72,192,3,Michigan
PIT,Ryan McCollum,62,C,ACT,77,300,4,Texas A&M
PIT,Sebastian Castro,49,SAF,DEV,71,203,2,Iowa
PIT,Sebastian Joseph-Day,69,DT,ACT,76,310,8,Rutgers
PIT,Spencer Anderson,74,G,ACT,77,305,4,Maryland
PIT,Steven Jones,79,G,DEV,77,340,1,Oregon
PIT,T.J. Watt,90,OLB,ACT,76,252,10,Wisconsin
PIT,Travis Homer,21,RB,DEV,70,202,8,Miami
PIT,Troy Fautanu,76,OT,ACT,76,317,3,Washington
PIT,Will Howard,18,QB,ACT,76,235,2,Ohio State
PIT,Yahya Black,94,DE,ACT,77,330,2,Iowa
PIT,Zach Frazier,54,C,ACT,75,310,3,West Virginia
SEA,AJ Barner,88,TE,ACT,78,251,3,Michigan
SEA,AJ Finley,30,SAF,ACT,74,202,4,Mississippi
SEA,Abraham Lucas,72,OT,ACT,78,322,5,Washington State
SEA,Aidan Hubbard,93,LB,DEV,76,259,R,Northwestern
SEA,Andre Fuller,35,CB,DEV,73,200,R,Toledo
SEA,Anthony Bradford,75,G,ACT,76,335,4,LSU
SEA,Avery Smith,27,CB,ACT,71,196,R,Toledo
SEA,Beau Stephens,70,G,ACT,77,315,R,Iowa
SEA,Bobby Hart,,OT,DEV,77,310,10,Florida State
SEA,Brady Russell,38,RB,ACT,75,250,4,Colorado
SEA,Brandon Pili,95,DT,ACT,75,334,4,USC
SEA,Bud Clark,9,SAF,RES,73,188,R,TCU
SEA,Byron Murphy II,91,DT,ACT,72,306,3,Texas
SEA,Charles Cross,67,OT,ACT,77,317,5,Mississippi State
SEA,Chazz Surratt,44,LB,ACT,74,233,5,North Carolina
SEA,Chris Stoll,41,LS,ACT,74,255,4,Penn State
SEA,Christian Haynes,64,G,ACT,75,318,3,Connecticut
SEA,Connor O'Toole,57,LB,ACT,75,248,2,Utah
SEA,Cooper Kupp,10,WR,ACT,74,205,10,Eastern Washington
SEA,D'Anthony Bell,34,DB,DEV,73,211,5,University of West Florida
SEA,Dante Fowler Jr.,56,LB,ACT,75,264,12,Florida
SEA,DeMarcus Lawrence,,LB,ACT,75,254,13,Boise State
SEA,Derick Hall,58,LB,ACT,75,260,4,Auburn
SEA,Deven Eastern,97,DT,DEV,78,320,R,Minnesota
SEA,Devon Witherspoon,21,CB,ACT,72,185,4,Illinois
SEA,Drake Thomas,32,LB,ACT,71,228,4,N.C. State
SEA,Drew Lock,2,QB,ACT,76,228,8,Missouri
SEA,Elijah Arroyo,18,TE,ACT,77,254,2,Miami
SEA,Emanuel Wilson,23,RB,ACT,70,226,4,Fort Valley State College
SEA,Emmanuel Henderson Jr.,84,WR,DEV,73,185,R,Kansas
SEA,Eric Saubert,81,TE,ACT,77,248,9,Drake
SEA,Ernest Jones,13,LB,ACT,74,233,6,South Carolina
SEA,Evan Beerntsen,,G,DEV,76,310,R,Northwestern
SEA,Federico Maranges,62,C,DEV,75,302,1,Florida Atlantic
SEA,George Holani,36,RB,ACT,70,210,3,Boise State
SEA,Grey Zabel,76,G,ACT,78,316,2,North Dakota State
SEA,Irvin Charles,85,WR,RSR,76,219,4,"Indiana PA, University of"
SEA,Jacardia Wright,31,RB,DEV,72,218,1,Missouri State
SEA,Jadarian Price,8,RB,ACT,71,209,R,Notre Dame
SEA,Jake Bobo,19,WR,RES,76,211,4,UCLA
SEA,Jalen Milroe,6,QB,ACT,74,216,2,Alabama
SEA,Jalen Sundell,61,OT,ACT,77,300,3,North Dakota State
SEA,Jarran Reed,90,DT,ACT,75,315,11,Alabama
SEA,Jason Myers,5,K,ACT,70,190,12,Marist
SEA,Jaxon Smith-Njigba,11,WR,ACT,72,197,4,Ohio State
SEA,Josh Jobe,29,CB,ACT,71,190,5,Alabama
SEA,Josh Jones,74,OT,ACT,79,339,7,Houston
SEA,Julian Hicks,82,WR,DEV,74,201,1,Albany
SEA,Julian Love,20,SAF,ACT,71,195,8,Notre Dame
SEA,Julian Neal,1,CB,ACT,74,203,R,Arkansas
SEA,Leonard Williams,99,DE,ACT,77,310,12,USC
SEA,Logan Brown,73,OT,DEV,78,312,1,Kansas
SEA,Mason Richman,78,G,RES,77,307,2,Iowa
SEA,Maxen Hook,43,SAF,DEV,72,205,1,Toledo
SEA,Michael Dansby,37,CB,DEV,71,185,R,Arizona
SEA,Michael Dickson,4,P,ACT,74,208,9,Texas
SEA,Mike Morris,94,DE,ACT,78,306,4,Michigan
SEA,Montorie Foster Jr,87,WR,ACT,71,188,1,Michigan State
SEA,Nehemiah Pritchett,28,CB,ACT,72,190,3,Auburn
SEA,Nick Emmanwori,3,SAF,ACT,75,220,2,South Carolina
SEA,Nick Kallerup,89,TE,ACT,77,266,2,Minnesota
SEA,Olu Oluwatimi,55,C,ACT,75,309,4,Michigan
SEA,Patrick O'Connell,52,LB,ACT,73,231,3,Montana
SEA,Rashid Shaheed,22,WR,ACT,72,180,5,Weber State
SEA,Ricky White III,86,WR,DEV,73,181,1,UNLV
SEA,Robbie Ouzts,40,RB,RES,75,274,2,Alabama
SEA,Rodney Thomas,24,SAF,DEV,73,196,5,Yale
SEA,Rylie Mills,98,DT,ACT,77,296,1,Notre Dame
SEA,Sam Darnold,14,QB,ACT,75,225,9,USC
SEA,Terrion Arnold,,CB,EXE,72,195,3,Alabama
SEA,Tory Horton,15,WR,ACT,74,196,2,Colorado State
SEA,Trevon Diggs,16,CB,DEV,73,203,7,Alabama
SEA,Ty Okada,39,SAF,ACT,71,200,2,Montana State
SEA,Tyrice Knight,48,LB,ACT,72,233,3,Texas-El Paso
SEA,Uchenna Nwosu,7,LB,ACT,74,265,9,USC
SEA,Velus Jones Jr.,33,WR,DEV,72,204,6,Tennessee
SEA,Zach Charbonnet,26,RB,PUP,73,220,4,UCLA
SF,Alfred Collins,95,DT,RES,77,332,2,Texas
SF,Andrew Farmer II,,LB,RES,76,250,2,Lane College
SF,Ashtyn Davis,24,SAF,ACT,73,205,7,California
SF,Austen Pleasants,62,OL,RSR,79,330,2,Ohio
SF,Brandon Aiyuk,11,WR,RLS,72,200,6,Arizona State
SF,Brandon Codrington,,DB,DEV,69,185,3,North Carolina Central
SF,Brayden Willis,,TE,ACT,76,240,3,Oklahoma
SF,Brett Toth,78,G,RES,78,304,7,Army
SF,Brock Purdy,13,QB,ACT,73,220,5,Iowa State
SF,C.J. West,99,DT,ACT,73,316,2,Indiana
SF,Carver Willis,74,OT,ACT,77,303,R,Washington
SF,Christian Kirk,3,WR,RSR,71,200,9,Texas A&M
SF,Christian McCaffrey,23,RB,ACT,71,210,10,Stanford
SF,Colton McKivitz,68,OT,ACT,78,301,7,West Virginia
SF,Connor Colby,75,G,ACT,77,309,2,Iowa
SF,Corliss Waitman,15,P,ACT,74,210,4,South Alabama
SF,Darrick Forrest,29,SAF,RES,71,200,5,Cincinnati
SF,De'Zhaun Stribling,7,WR,RES,74,207,R,Mississippi
SF,Deebo Samuel Sr.,19,WR,ACT,72,215,8,South Carolina
SF,Demarcus Robinson,11,WR,ACT,73,203,11,Florida
SF,Deommodore Lenoir,2,CB,ACT,70,200,6,Oregon
SF,Dominick Puni,77,OT,ACT,77,313,3,Kansas
SF,Drake Nugent,66,C,DEV,73,300,1,Michigan
SF,Dre Greenlaw,57,LB,ACT,72,230,8,Arkansas
SF,Eddy Pineiro,18,K,ACT,71,190,9,Florida
SF,Enrique Cruz Jr.,69,OT,ACT,77,313,R,Kansas
SF,Ephesians Prysock,35,CB,ACT,76,195,R,Washington
SF,Foster Sarell,,OT,DEV,78,322,5,Stanford
SF,Fred Warner,54,MLB,ACT,75,230,9,BYU
SF,Garret Wallow,49,LB,ACT,74,230,6,TCU
SF,George Kittle,85,TE,ACT,76,250,10,Iowa
SF,Gracen Halton,93,DT,ACT,75,293,R,Oklahoma
SF,Isaac Alarcon,67,OT,DEV,79,320,1,
SF,Isaac Guerendo,31,RB,PUP,72,221,3,Louisville
SF,Jack Jones,25,CB,ACT,71,175,5,Arizona State
SF,Jack Stoll,,TE,DEV,76,247,6,Nebraska
SF,Jacob Cowing,4,WR,ACT,69,170,3,Arizona
SF,Jaden Dugger,53,LB,ACT,77,242,R,Louisiana
SF,Jake Brendel,64,C,ACT,76,299,9,UCLA
SF,Jake Tonges,88,TE,RES,76,240,4,California
SF,Jakob Robinson,43,CB,DEV,70,181,2,BYU
SF,Jalen Graham,41,LB,DEV,75,220,3,Purdue
SF,Jalen Stroman,38,SAF,DEV,72,203,R,Notre Dame
SF,James Thompson Jr.,96,DT,ACT,78,308,R,Illinois
SF,Jarrett Patterson,58,C,ACT,76,310,4,Notre Dame
SF,Ji'Ayir Brown,27,SAF,ACT,71,202,4,Penn State
SF,Jon Weeks,46,LS,ACT,70,242,17,Baylor
SF,Jordan James,29,RB,ACT,69,208,2,Oregon
SF,Jordan Watkins,17,WR,ACT,71,196,2,Mississippi
SF,Kaelon Black,26,RB,ACT,69,208,R,Indiana
SF,Keion White,56,DE,ACT,77,285,4,Georgia Tech
SF,Kevin Givens,90,DT,DEV,73,285,7,Penn State
SF,KhaDarel Hodge,,WR,ACT,74,210,9,Prairie View A&M
SF,Khalid Kareem,,DE,ACT,76,255,4,Notre Dame
SF,Khalil Dinkins,,TE,DEV,76,226,R,Penn State
SF,Kurtis Rourke,14,QB,ACT,76,221,1,Indiana
SF,Kyle Juszczyk,44,FB,ACT,74,235,14,Harvard
SF,Luke Farrell,89,TE,ACT,77,250,6,Ohio State
SF,Luke Gifford,51,LB,ACT,75,242,8,Nebraska
SF,Mac Jones,10,QB,ACT,75,220,6,Alabama
SF,Malik Mustapha,6,SAF,ACT,70,206,3,Wake Forest
SF,Marques Sigle,36,SAF,ACT,71,199,2,Kansas State
SF,McKinnley Jackson,,DT,DEV,74,330,3,Texas A&M
SF,Mikail Kamara,59,DE,RES,73,265,R,Indiana
SF,Mike Evans,5,WR,ACT,77,231,13,Texas A&M
SF,Mykel Williams,98,DE,PUP,77,267,2,Georgia
SF,Nate Hobbs,22,CB,RES,73,195,6,Illinois
SF,Nick Bosa,97,DE,ACT,76,266,8,Ohio State
SF,Nick Martin,45,LB,RES,71,221,2,Oklahoma State
SF,Nick Zakelj,,OT,RES,78,316,4,Fordham
SF,Ogbo Okoronkwo,59,DE,ACT,74,253,9,Oklahoma
SF,Osa Odighizuwa,92,DT,ACT,74,280,6,UCLA
SF,Renardo Green,,CB,ACT,72,186,3,Florida State
SF,Ricky Pearsall,1,WR,RES,73,189,3,Florida
SF,Romello Height,94,DE,ACT,75,239,R,Texas Tech
SF,Sam Okuayinonu,91,DT,RES,73,269,4,Maryland
SF,Sebastian Valdez,55,DL,DEV,75,301,1,Washington
SF,Sincere McCormick,35,RB,DEV,69,205,3,Texas-San Antonio
SF,Siran Neal,33,DB,ACT,72,206,9,Jacksonville State
SF,Tatum Bethune,48,LB,ACT,72,230,3,Florida State
SF,Trent Williams,71,OT,ACT,77,320,17,Oklahoma
SF,Upton Stout,20,CB,ACT,69,182,2,Western Kentucky
SF,Vederian Lowe,76,OT,ACT,77,315,5,Illinois
SF,Vincent Anthony Jr.,,DE,DEV,78,250,R,Duke
SF,Wesley Grimes,18,WR,DEV,74,193,R,N.C. State
SF,Will Pauling,84,WR,DEV,69,183,R,Notre Dame
TB,A'Shawn Robinson,91,DT,ACT,75,320,11,Alabama
TB,Al-Quadin Muhammad,97,LB,ACT,76,250,9,Miami
TB,Alex Anzalone,34,MLB,ACT,75,234,10,Florida
TB,Anthony Nelson,98,LB,ACT,79,271,8,Iowa
TB,Antoine Winfield Jr.,31,SAF,ACT,69,203,7,Minnesota
TB,Ayden Garnes,24,CB,ACT,72,183,R,Arizona
TB,Baker Mayfield,6,QB,ACT,73,215,9,Oklahoma
TB,Bauer Sharp,84,TE,ACT,77,246,R,LSU
TB,Ben Bredeson,68,G,ACT,77,315,7,Michigan
TB,Ben Scott,66,G,DEV,77,310,1,Nebraska
TB,Benjamin Chukwuma,70,OT,ACT,78,310,2,Georgia State
TB,Benjamin Morrison,21,CB,ACT,72,190,2,Notre Dame
TB,Billy Schrauth,75,G,ACT,76,310,R,Notre Dame
TB,Bucky Irving,7,RB,ACT,70,194,3,Oregon
TB,CJ Dippre,,TE,DEV,77,256,2,Alabama
TB,Cade Otton,88,TE,ACT,77,247,5,Washington
TB,Caden Fordham,,LB,DEV,73,232,R,N.C. State
TB,Calijah Kancey,94,DT,ACT,72,280,4,Pittsburgh
TB,Chase McLaughlin,4,K,ACT,72,190,8,Illinois
TB,Chris Godwin Jr.,14,WR,ACT,73,209,10,Penn State
TB,Christian Rozeboom,52,LB,ACT,74,230,6,South Dakota State
TB,Cody Mauch,69,G,ACT,78,303,4,North Dakota State
TB,Dan Feeney,65,G,ACT,76,310,10,Indiana
TB,David Sills,80,WR,RSR,75,211,4,West Virginia
TB,David Walker,51,LB,ACT,74,260,2,Central Arkansas
TB,DeMonte Capehart,90,DT,ACT,77,315,R,Clemson
TB,Dean Patterson IV,81,WR,DEV,74,200,R,Georgia Tech
TB,Deshawn McKnight,73,DT,RES,73,283,R,Arizona
TB,Easton Stick,,QB,DEV,73,224,7,North Dakota State
TB,Elijah Roberts,95,DE,ACT,76,295,2,SMU
TB,Elijah Simmons,92,DL,ACT,73,334,2,Tennessee
TB,Emeka Egbuka,2,WR,ACT,73,205,2,Ohio State
TB,Eric Rivers Jr.,83,WR,DEV,70,176,R,Georgia Tech
TB,Evan Deckers,86,LS,ACT,75,252,3,Duke
TB,Garrett Greene,85,WR,DEV,71,201,1,West Virginia
TB,Graham Barton,62,C,ACT,77,314,3,Duke
TB,Henry Lutovsky,61,G,DEV,78,320,R,Nebraska
TB,Ifeatu Melifonwu,5,SAF,DEV,75,210,6,Syracuse
TB,JJ Roberts,36,DB,DEV,72,195,2,Marshall
TB,Jacob Parrish,25,CB,ACT,70,198,2,Kansas State
TB,Jalen McMillan,11,WR,ACT,73,192,3,Washington
TB,Jalon Daniels,10,QB,ACT,72,220,R,Kansas
TB,Javin Wright,48,LB,DEV,76,232,R,Nebraska
TB,Jayson Jones,93,DT,DEV,78,345,1,Auburn
TB,Josh Hayes,32,DB,RSR,72,190,4,Kansas State
TB,Josh Williams,18,RB,DEV,68,210,2,LSU
TB,Josiah Trotter,45,LB,ACT,74,237,R,Missouri
TB,Justin Skule,77,OT,ACT,78,315,7,Vanderbilt
TB,Kameron Johnson,19,WR,ACT,70,170,3,Barton College
TB,Keionte Scott,22,CB,ACT,72,195,R,Miami
TB,Kenny Gainwell,1,RB,ACT,69,200,6,Memphis
TB,Kevin Knowles,,DB,ACT,71,190,2,Florida State
TB,Ko Kieft,41,TE,ACT,77,265,5,Minnesota
TB,Luke Goedeke,67,OT,ACT,77,312,5,Central Michigan
TB,Luke Haggard,72,G,ACT,79,305,2,Indiana
TB,Miles Killebrew,29,SAF,ACT,74,222,11,Southern Utah State
TB,Mohamed Kamara,59,LB,RES,73,253,2,Colorado State
TB,Paul Rubelt,76,OT,DEV,82,313,R,UCF
TB,Payne Durham,87,TE,ACT,77,255,4,Purdue
TB,Rakeem Nunez-Roches,56,DT,ACT,74,305,12,Southern Mississippi
TB,Riley Dixon,9,P,ACT,76,221,11,Syracuse
TB,Rueben Bain Jr.,3,LB,ACT,75,270,R,Miami
TB,Sean Murphy-Bunting,26,CB,DEV,72,195,7,Central Michigan
TB,Sean Tucker,44,RB,ACT,70,205,4,Syracuse
TB,Silas Walters,,DB,DEV,73,194,R,Miami (Ohio)
TB,SirVocea Dennis,8,LB,ACT,72,230,4,Pittsburgh
TB,Ted Hurst III,17,WR,ACT,75,195,R,Georgia State
TB,Tez Johnson,15,WR,ACT,70,165,2,Oregon
TB,Tristan Wirfs,78,OT,ACT,77,320,7,Iowa
TB,Tykee Smith,23,SAF,ACT,70,202,3,Georgia
TB,Vita Vea,50,DT,ACT,76,347,9,Washington
TB,Yasir Holmes,57,LB,DEV,76,240,R,Tarleton State
TB,Yaya Diaby,,LB,ACT,75,270,4,Louisville
TB,Zyon McCollum,27,CB,ACT,74,199,5,Sam Houston State
TEN,Alontae Taylor,24,CB,ACT,73,199,5,Tennessee
TEN,Amani Hooker,37,SAF,ACT,71,210,8,Iowa
TEN,Anthony Hill Jr.,53,LB,ACT,75,238,R,Texas
TEN,Atonio Mafi,,G,ACT,75,330,2,UCLA
TEN,Austin Schlottmann,51,C,ACT,78,310,8,TCU
TEN,Brandon Crenshaw-Dickson,78,OT,ACT,79,316,2,Florida
TEN,Calvin Ridley,,WR,ACT,73,190,8,Alabama
TEN,Cam Ward,1,QB,ACT,74,219,2,Miami
TEN,Carnell Tate,14,WR,ACT,74,192,R,Ohio State
TEN,Cedric Gray,33,LB,ACT,74,240,3,North Carolina
TEN,Chimere Dike,17,WR,ACT,73,196,2,Florida
TEN,Cody Barton,50,LB,ACT,74,237,8,Utah
TEN,Cordale Flott,18,CB,ACT,73,175,5,LSU
TEN,Dan Moore Jr.,75,OT,ACT,77,315,6,Texas A&M
TEN,Daniel Bellinger,82,TE,ACT,78,255,5,San Diego State
TEN,David Martin-Robinson,88,TE,ACT,75,255,3,Temple
TEN,Dorian Mausi,54,LB,RSR,73,234,2,Auburn
TEN,Drew Moss,67,G,CUT,75,310,2,Colorado State
TEN,Elic Ayomanor,5,WR,ACT,74,206,2,Stanford
TEN,Erick Hallett,41,SAF,DEV,71,200,2,Pittsburgh
TEN,Fernando Carmona,66,G,ACT,77,316,R,Arkansas
TEN,Garrett Dellinger,71,G,DEV,77,330,1,LSU
TEN,Gunnar Helm,84,TE,ACT,77,241,2,Texas
TEN,Hendon Hooker,16,QB,DEV,75,221,3,Tennessee
TEN,Isaiah Oliver,,FS,DEV,72,202,9,Colorado
TEN,JC Latham,55,OT,ACT,78,342,3,Alabama
TEN,Jackie Marshall,96,DT,ACT,74,293,R,Baylor
TEN,Jackson Slater,64,G,ACT,75,320,2,Sacramento State
TEN,Jacob Martin,57,DE,ACT,74,260,9,Temple
TEN,Jalen McMurray,47,CB,DEV,71,184,R,Tennessee
TEN,Jalyn Holmes,97,DT,DEV,77,283,7,Ohio State
TEN,James Hudson,59,OT,ACT,77,310,6,Cincinnati
TEN,James Williams,52,LB,ACT,76,232,3,Miami
TEN,Jaren Kanak,81,TE,RES,74,233,R,Oklahoma
TEN,Jaylen Harrell,92,DE,RES,76,255,3,Michigan
TEN,Jaylon Jones,,DB,ACT,74,203,4,Texas A&M
TEN,Jeffery Simmons,98,DT,ACT,76,305,8,Mississippi State
TEN,Jermaine Johnson II,11,DE,ACT,77,254,5,Florida State
TEN,Jimmy Ciarlo,,LB,DEV,74,225,2,Army
TEN,Joel Wilson,83,TE,DEV,76,245,1,Central Michigan
TEN,Joey Slye,6,K,ACT,71,228,8,Virginia Tech
TEN,John Franklin-Myers,91,DE,ACT,76,288,9,Stephen F. Austin State
TEN,Jordan Elliott,95,DT,ACT,76,325,7,Missouri
TEN,Joshua Williams,25,CB,RSR,75,201,5,Fayetteville State University
TEN,Julius Chestnut,36,RB,ACT,71,228,5,Sacred Heart University
TEN,K.J. Osborn,8,WR,DEV,71,203,6,Miami
TEN,Kalel Mullings,31,RB,DEV,74,226,2,Michigan
TEN,Keldric Faulk,15,DE,ACT,77,274,R,Auburn
TEN,Kendell Brooks,30,SAF,RES,72,206,2,Michigan State
TEN,Kevin Winston Jr.,23,SAF,ACT,74,213,2,Penn State
TEN,Kylen Granson,86,TE,ACT,75,242,6,SMU
TEN,Laki Tasi,68,NT,DEV,78,373,1,
TEN,Marcus Harris,26,CB,ACT,71,188,2,California
TEN,Micah Robinson,21,CB,ACT,71,186,2,Tulane
TEN,Michael Carter,35,RB,DEV,68,201,5,North Carolina
TEN,Milo Eifler,45,LB,RES,74,225,3,Illinois
TEN,Mitchell Trubisky,10,QB,ACT,74,222,10,North Carolina
TEN,Mohamoud Diabate,44,LB,DEV,76,235,4,Utah
TEN,Morgan Cox,46,LS,ACT,76,233,17,Tennessee
TEN,Nazir Stackhouse,93,DT,ACT,76,327,2,Georgia
TEN,Nicholas Singleton,32,RB,ACT,72,219,R,Penn State
TEN,Oluwafemi Oladejo,7,DE,ACT,75,259,2,UCLA
TEN,Owen Pappoe,40,LB,ACT,72,230,4,Auburn
TEN,Pat Coogan,79,C,ACT,77,310,R,Indiana
TEN,Peter Skoronski,77,G,ACT,76,330,4,Northwestern
TEN,Rasheed Miller,62,OT,DEV,79,310,R,Louisville
TEN,Shemar Bartholomew,,CB,CUT,73,200,2,Georgia Southern
TEN,Solomon Thomas,90,DT,ACT,74,285,10,Stanford
TEN,Tanoh Kpassagnon,58,DE,RES,79,289,8,Villanova
TEN,Terrell Burgess,38,SAF,ACT,71,202,6,Utah
TEN,Timmy Horne,94,DT,DEV,76,312,4,Kansas State
TEN,Tommy Townsend,3,P,ACT,73,191,7,Florida
TEN,Tony Adams,29,SAF,ACT,71,210,5,Illinois
TEN,Tony Pollard,20,RB,ACT,72,209,8,Memphis
TEN,Truman Jones,56,DE,ACT,75,255,2,Harvard
TEN,Tyjae Spears,2,RB,ACT,71,200,4,Tulane
TEN,Tyren Montgomery,19,WR,DEV,71,204,R,John Carroll University
TEN,Wan'Dale Robinson,4,WR,ACT,68,185,5,Kentucky
TEN,Xavier Restrepo,87,WR,DEV,70,202,1,Miami
WAS,Ale Kaho,51,LB,DEV,74,230,2,UCLA
WAS,Amik Robertson,2,CB,ACT,69,183,7,Louisiana Tech
WAS,Andrew Wylie,71,G,ACT,77,304,9,Eastern Michigan
WAS,Antonio Williams,14,WR,ACT,71,195,R,Clemson
WAS,Athan Kaliakmanis,16,QB,ACT,74,216,R,Rutgers
WAS,Austin Keys,,LB,DEV,74,244,2,Auburn
WAS,Ben Sinnott,82,TE,ACT,76,245,3,Kansas State
WAS,Brandon Coleman,74,G,ACT,78,320,3,TCU
WAS,Byron Cowart,55,DT,DEV,75,300,6,Maryland
WAS,Charles Omenihu,90,DE,ACT,77,280,8,Texas
WAS,Chig Okonkwo,85,TE,ACT,75,238,5,Maryland
WAS,Chris Paul,75,G,ACT,76,324,5,Tulsa
WAS,Colson Yankoff,80,TE,ACT,76,225,3,UCLA
WAS,Craig Reynolds,24,RB,DEV,71,225,7,Kutztown
WAS,DJ Johnson,53,DE,CUT,76,260,3,Oregon
WAS,Darius Rush,29,CB,CUT,74,198,2,South Carolina
WAS,Daron Payne,94,NT,ACT,75,320,9,Alabama
WAS,Deatrich Wise,91,DE,PUP,77,280,10,Arkansas
WAS,Dorance Armstrong,92,DE,ACT,76,255,9,Kansas
WAS,Drew Stevens,19,K,ACT,73,213,R,Iowa
WAS,Dyami Brown,6,WR,ACT,72,195,6,North Carolina
WAS,Esa Pole,,OT,DEV,79,319,2,Washington State
WAS,Fabian Moreau,24,CB,ACT,72,204,10,UCLA
WAS,Frankie Luvu,4,LB,ACT,75,236,9,Washington State
WAS,Fred Davis,38,CB,DEV,73,200,R,Northwestern
WAS,Isaac Yiadom,,CB,ACT,73,188,9,Boston College
WAS,Jack Westover,,TE,DEV,75,252,2,Washington
WAS,Jacory Croskey-Merritt,22,RB,ACT,71,208,2,Arizona
WAS,Jaden Bradley,86,WR,DEV,76,195,R,UNLV
WAS,Javon Kinlaw,99,DT,ACT,77,319,7,South Carolina
WAS,Javontae Jean-Baptiste,41,LB,ACT,76,260,3,Notre Dame
WAS,Jayden Daniels,5,QB,ACT,76,210,3,LSU
WAS,Jaylin Lane,83,WR,ACT,70,196,2,Virginia Tech
WAS,Jeffrey M'ba,60,DT,DEV,78,312,R,SMU
WAS,Jer'Zhan Newton,95,DT,RES,74,295,3,Illinois
WAS,Jeremy McNichols,26,RB,RSR,69,205,6,Boise State
WAS,Jeremy Reaves,39,DB,ACT,71,200,7,South Alabama
WAS,John Bates,87,TE,ACT,78,256,6,Boise State
WAS,Jordan Magee,58,LB,RES,75,226,3,Temple
WAS,Josh Conerly Jr.,72,OT,ACT,76,315,2,Oregon
WAS,Joshua Josephs,48,LB,ACT,75,240,R,Tennessee
WAS,Julian Good-Jones,61,G,DEV,77,313,2,Iowa State
WAS,K'Lavon Chaisson,45,LB,ACT,75,255,7,LSU
WAS,Kain Medrano,56,LB,ACT,75,230,2,UCLA
WAS,Kaytron Allen,31,RB,ACT,71,217,R,Penn State
WAS,Laremy Tunsil,78,OT,RES,77,313,11,Mississippi
WAS,Leo Chenal,54,LB,ACT,75,250,5,Wisconsin
WAS,Lucas Patrick,,G,ACT,75,313,10,Duke
WAS,Luke McCaffrey,11,WR,ACT,74,195,3,Rice
WAS,Marcus Mariota,8,QB,ACT,76,222,12,Oregon
WAS,Marvin Jones Jr.,,LB,DEV,77,262,R,Oklahoma
WAS,Matt Gulbin,66,C,ACT,76,312,R,Michigan State
WAS,Mike Sainristil,,CB,ACT,70,182,3,Michigan
WAS,Nick Allegretti,67,G,ACT,76,310,8,Illinois
WAS,Nick Cross,25,SAF,ACT,72,212,5,Maryland
WAS,Odafe Oweh,98,LB,ACT,77,251,6,Penn State
WAS,Percy Butler,35,SAF,ACT,72,191,5,Louisiana-Lafayette
WAS,Quan Martin,20,SAF,ACT,72,195,4,Illinois
WAS,Rachaad White,1,RB,ACT,72,214,5,Arizona State
WAS,Rasul Douglas,29,CB,ACT,74,209,10,West Virginia
WAS,Ricky Barber,50,DT,DEV,75,295,1,UCF
WAS,Robert Henry Jr.,30,RB,DEV,69,205,R,Texas-San Antonio
WAS,Sam Cosmi,76,OT,ACT,78,309,6,Texas
WAS,Sam Hartman,15,QB,DEV,73,209,1,Notre Dame
WAS,Shy Tuttle,96,DT,ACT,75,300,8,Tennessee
WAS,Sonny Styles,52,LB,ACT,77,243,R,Ohio State
WAS,Stefon Diggs,3,WR,ACT,72,191,12,Maryland
WAS,Tanoa Togiai,62,G,ACT,78,321,R,Utah
WAS,Terell Smith,,CB,DEV,72,204,4,Minnesota
WAS,Terry McLaurin,17,WR,ACT,72,210,8,Ohio State
WAS,Tim Settle,97,DT,ACT,75,315,9,Virginia Tech
WAS,Trent Scott,73,OT,DEV,77,320,9,Grambling State
WAS,Tress Way,10,P,ACT,73,220,13,Oklahoma
WAS,Trey Amos,23,CB,RSR,73,190,2,Mississippi
WAS,Treylon Burks,13,WR,ACT,74,225,5,Arkansas
WAS,Tyler Ott,69,LS,ACT,75,253,12,Harvard
WAS,Tyler Owens,18,DB,ACT,74,213,3,Texas Tech
WAS,Van Jefferson,,WR,DEV,73,200,7,Florida
