season,week,team,opponent,points,run_block_off_z,pass_block_off_z,run_def_z,pass_def_z,rush_matchup,pass_matchup,rush_att,rush_yards,rush_explosive_rate,rush_negative_rate,rush_ypa,dropbacks,pass_yards,pass_explosive_rate,pass_negative_rate,pass_ypd
2018,1,ATL,PHI,12,-0.4066203214229128,0.5440622346344438,0.8391649997900512,0.22921196576823186,-1.245785321212964,0.3148502688662119,18,74.0,0.1111111111111111,0.2777777777777778,4.111111111111111,49,233.0,0.14285714285714285,0.12244897959183673,4.755102040816326
2018,1,BUF,BAL,3,-0.7465488042205085,-1.0090288042147446,0.4964896084726813,1.395137777029344,-1.2430384126931897,-2.4041665812440884,22,83.0,0.13636363636363635,0.22727272727272727,3.772727272727273,42,85.0,0.023809523809523808,0.16666666666666666,2.0238095238095237
2018,1,PIT,CLE,21,0.26099399933235895,1.227742649180995,0.47637517803692064,0.12473024576541368,-0.2153811787045617,1.1030124034155815,35,159.0,0.14285714285714285,0.14285714285714285,4.542857142857143,46,328.0,0.17391304347826086,0.10869565217391304,7.130434782608695
2018,1,CIN,IND,34,0.18544972265505902,0.3718120839478955,0.9385557352108507,-1.2199941277242214,-0.7531060125557917,1.591806211672117,20,101.0,0.1,0.2,5.05,32,237.0,0.1875,0.0625,7.40625
2018,1,TEN,MIA,20,-0.10946646418074892,0.3063528015990013,-0.19563112070464886,0.12312302638748374,0.08616465652389994,0.18322977521151756,29,116.0,0.034482758620689655,0.10344827586206896,4.0,39,227.0,0.1794871794871795,0.0,5.82051282051282
2018,1,SF,MIN,16,-0.06713159536058952,-0.8544685585025724,-0.22442040333738666,-0.6557828103874047,0.15728880797679715,-0.1986857481151677,25,90.0,0.16,0.24,3.6,38,243.0,0.13157894736842105,0.07894736842105263,6.394736842105263
2018,1,HOU,NE,20,-0.016577689285252453,-1.0715381597486373,-0.899856035807509,0.3990274100367861,0.8832783465222565,-1.4705655697854234,34,167.0,0.17647058823529413,0.23529411764705882,4.911764705882353,42,203.0,0.047619047619047616,0.09523809523809523,4.833333333333333
2018,1,TB,NO,48,-0.44242878493786314,0.18630085109068073,1.0853793155127653,0.6223994417596485,-1.5278081004506285,-0.4360985906689677,34,112.0,0.08823529411764706,0.2647058823529412,3.2941176470588234,34,452.0,0.35294117647058826,0.0,13.294117647058824
2018,1,JAX,NYG,20,-0.05725148690891843,0.25576613750521354,-0.12306226011987124,0.2584616153676896,0.06581077321095281,-0.0026954778624760367,28,137.0,0.10714285714285714,0.21428571428571427,4.892857142857143,35,171.0,0.08571428571428572,0.05714285714285714,4.885714285714286
2018,1,KC,LAC,38,0.4487441655673585,-2.1756957408610607,0.18570310308670265,-1.0867700173905188,0.26304106248065584,-1.0889257234705418,27,106.0,0.07407407407407407,0.25925925925925924,3.925925925925926,29,259.0,0.27586206896551724,0.034482758620689655,8.931034482758621
2018,1,WAS,ARI,24,-0.4355872224338694,-0.5859028672451984,-0.40393452026939913,0.06645103983748668,-0.03165270216447025,-0.652353907082685,42,182.0,0.16666666666666666,0.21428571428571427,4.333333333333333,36,260.0,0.16666666666666666,0.08333333333333333,7.222222222222222
2018,1,DAL,CAR,8,0.19401103725873525,-0.5191914104752104,0.5649956386546164,-0.5456415366860099,-0.3709846013958812,0.02645012621079945,23,96.0,0.08695652173913043,0.17391304347826086,4.173913043478261,39,158.0,0.07692307692307693,0.1794871794871795,4.051282051282051
2018,1,SEA,DEN,24,0.8114522413268429,-0.9524312125639888,-0.47853881446367186,-0.8856181977909369,1.2899910557905148,-0.0668130147730519,16,64.0,0.125,0.25,4.0,40,247.0,0.175,0.15,6.175
2018,1,CHI,GB,23,0.03376583754735496,0.8694049649799075,-0.402112993258983,-0.4730203547447307,0.43587883080633794,1.3424253197246383,27,139.0,0.14814814814814814,0.14814814814814814,5.148148148148148,43,185.0,0.06976744186046512,0.20930232558139536,4.3023255813953485
2018,1,NYJ,DET,48,-1.6750666039092619,0.1949122177770846,-0.683670368213416,-0.8826281756898139,-0.9913962356958459,1.0775403934668986,36,169.0,0.1388888888888889,0.25,4.694444444444445,23,180.0,0.21739130434782608,0.08695652173913043,7.826086956521739
2018,2,BAL,CIN,23,0.7208670793319942,-0.000511313669322259,-1.3462046491794502,-0.051814898058721554,2.0670717285114444,0.0513035843893993,22,66.0,0.045454545454545456,0.13636363636363635,3.0,59,361.0,0.1864406779661017,0.06779661016949153,6.11864406779661
2018,2,CAR,ATL,24,0.6947142286145896,0.72901054876549,-1.47411803934433,-1.072402882416989,2.1688322679589196,1.8014134311824788,18,121.0,0.2777777777777778,0.0,6.722222222222222,50,346.0,0.14,0.04,6.92
2018,2,LAC,BUF,31,-0.7883971916998751,-0.11826839122287731,0.8838254346665387,1.036712659207512,-1.672222626366414,-1.1549810504303892,26,109.0,0.19230769230769232,0.4230769230769231,4.1923076923076925,30,247.0,0.2,0.06666666666666667,8.233333333333333
2018,2,MIN,GB,29,-0.4517890135604787,-0.42751284126968897,-0.402112993258983,-0.4730203547447307,-0.049676020301495705,0.04550751347504173,18,68.0,0.0,0.05555555555555555,3.7777777777777777,53,419.0,0.16981132075471697,0.05660377358490566,7.90566037735849
2018,2,CLE,NO,18,-1.0789015100153372,-0.3597442471970162,1.0853793155127653,0.6223994417596485,-2.1642808255281025,-0.9821436889566646,27,93.0,0.07407407407407407,0.1111111111111111,3.4444444444444446,35,245.0,0.2,0.14285714285714285,7.0
2018,2,MIA,NYJ,20,0.809783730362227,-0.8461321372286751,-0.19941850054177276,0.08646496226245477,1.0092022309039996,-0.9325970994911299,31,135.0,0.12903225806451613,0.3225806451612903,4.354838709677419,27,122.0,0.14814814814814814,0.14814814814814814,4.518518518518518
2018,2,KC,PIT,42,0.4487441655673585,-2.1756957408610607,0.414971865185459,0.6378359698884829,0.033772300381899545,-2.8135317107495434,25,127.0,0.16,0.24,5.08,31,342.0,0.2903225806451613,0.03225806451612903,11.03225806451613
2018,2,PHI,TB,21,-1.0025932201408467,0.1836682530508237,-0.2486030460568014,-1.3284418754146927,-0.7539901740840453,1.5121101284655165,24,91.0,0.08333333333333333,0.20833333333333334,3.7916666666666665,51,325.0,0.13725490196078433,0.11764705882352941,6.372549019607843
2018,2,HOU,TEN,17,-0.016577689285252453,-1.0715381597486373,-0.45785583787664763,-0.2028999459673815,0.4412781485913952,-0.8686382137812558,26,148.0,0.19230769230769232,0.07692307692307693,5.6923076923076925,39,333.0,0.28205128205128205,0.1282051282051282,8.538461538461538
2018,2,IND,WAS,21,0.5171308337705541,1.0103793499447067,-1.2695813449170874,-0.5446295570359863,1.7867121786876417,1.555008906980693,28,104.0,0.07142857142857142,0.14285714285714285,3.7142857142857144,33,179.0,0.12121212121212122,0.09090909090909091,5.424242424242424
2018,2,ARI,LA,0,0.3184835264648675,-0.19135902652215644,-0.47103232916163756,1.043368871861677,0.7895158556265051,-1.2347278983838335,15,54.0,0.0,0.06666666666666667,3.6,28,83.0,0.03571428571428571,0.10714285714285714,2.9642857142857144
2018,2,DET,SF,27,-0.15888605557430163,0.7632693216355376,0.3336112797667934,1.634821462900318,-0.492497335341095,-0.8715521412647803,18,98.0,0.16666666666666666,0.05555555555555555,5.444444444444445,56,337.0,0.10714285714285714,0.07142857142857142,6.017857142857143
2018,2,NE,JAX,20,0.49210669679977104,1.1957451668173433,0.7222952520104337,0.687940741429301,-0.23018855521066262,0.5078044253880424,24,82.0,0.125,0.125,3.4166666666666665,38,230.0,0.13157894736842105,0.10526315789473684,6.052631578947368
2018,2,NYG,DAL,13,-0.736377677232688,0.07690389028621163,1.156448354577802,0.1691833500625588,-1.89282603181049,-0.09227945977634718,17,35.0,0.058823529411764705,0.29411764705882354,2.0588235294117645,51,221.0,0.0784313725490196,0.1568627450980392,4.333333333333333
2018,2,SEA,CHI,17,0.8114522413268429,-0.9524312125639888,1.445179183546554,0.6760462894821879,-0.633726942219711,-1.6284775020461768,22,74.0,0.045454545454545456,0.13636363636363635,3.3636363636363638,42,219.0,0.11904761904761904,0.16666666666666666,5.214285714285714
2018,3,NYJ,CLE,17,-1.6750666039092619,0.1949122177770846,0.47637517803692064,0.12473024576541368,-2.1514417819461826,0.07018197201167091,30,107.0,0.06666666666666667,0.36666666666666664,3.566666666666667,33,161.0,0.12121212121212122,0.09090909090909091,4.878787878787879
2018,3,NO,ATL,43,0.38590018705461243,1.1582926700202152,-1.47411803934433,-1.072402882416989,1.8600182263989424,2.2306955524372043,27,143.0,0.14814814814814814,0.1111111111111111,5.296296296296297,51,398.0,0.17647058823529413,0.0196078431372549,7.803921568627451
2018,3,DEN,BAL,14,1.0504806764319852,-0.47327201004023073,0.4964896084726813,1.395137777029344,0.5539910679593039,-1.8684097870695748,24,120.0,0.16666666666666666,0.2916666666666667,5.0,37,173.0,0.10810810810810811,0.08108108108108109,4.675675675675675
2018,3,CIN,CAR,21,0.18544972265505902,0.3718120839478955,0.5649956386546164,-0.5456415366860099,-0.37954591599955745,0.9174536206339055,13,66.0,0.23076923076923078,0.23076923076923078,5.076923076923077,47,330.0,0.1702127659574468,0.06382978723404255,7.0212765957446805
2018,3,NYG,HOU,27,-0.736377677232688,0.07690389028621163,1.0265523703009678,-0.10275591391202783,-1.7629300475336558,0.17965980419823946,27,114.0,0.14814814814814814,0.2222222222222222,4.222222222222222,33,265.0,0.30303030303030304,0.18181818181818182,8.030303030303031
2018,3,TEN,JAX,9,-0.10946646418074892,0.3063528015990013,0.7222952520104337,0.687940741429301,-0.8317617161911826,-0.38158793983029965,35,150.0,0.11428571428571428,0.2,4.285714285714286,29,113.0,0.034482758620689655,0.10344827586206896,3.896551724137931
2018,3,SF,KC,27,-0.06713159536058952,-0.8544685585025724,-0.9503725381338005,0.20513669374233656,0.883240942773211,-1.0596052522449089,29,178.0,0.20689655172413793,0.20689655172413793,6.137931034482759,37,252.0,0.16216216216216217,0.10810810810810811,6.8108108108108105
2018,3,BUF,MIN,27,-0.7465488042205085,-1.0090288042147446,-0.22442040333738666,-0.6557828103874047,-0.5221284008831218,-0.3532459938273399,38,128.0,0.05263157894736842,0.10526315789473684,3.3684210526315788,29,194.0,0.13793103448275862,0.10344827586206896,6.689655172413793
2018,3,IND,PHI,16,0.5171308337705541,1.0103793499447067,0.8391649997900512,0.22921196576823186,-0.3220341660194971,0.7811673841764748,13,68.0,0.15384615384615385,0.23076923076923078,5.230769230769231,44,174.0,0.045454545454545456,0.11363636363636363,3.9545454545454546
2018,3,GB,WAS,17,1.249739678365091,-0.1660110481244378,-1.2695813449170874,-0.5446295570359863,2.5193210232821786,0.37861850891154847,17,100.0,0.29411764705882354,0.11764705882352941,5.882352941176471,50,250.0,0.08,0.12,5.0
2018,3,LAC,LA,23,-0.7883971916998751,-0.11826839122287731,-0.47103232916163756,1.043368871861677,-0.31736486253823754,-1.1616372630845542,20,141.0,0.3,0.3,7.05,32,215.0,0.1875,0.0625,6.71875
2018,3,CHI,ARI,16,0.03376583754735496,0.8694049649799075,-0.40393452026939913,0.06645103983748668,0.4377003578167541,0.8029539251424208,31,122.0,0.0967741935483871,0.1935483870967742,3.935483870967742,40,202.0,0.075,0.1,5.05
2018,3,DAL,SEA,13,0.19401103725873525,-0.5191914104752104,-0.7411345174327324,1.0880398626169463,0.9351455546914677,-1.6072312730921567,19,166.0,0.42105263157894735,0.10526315789473684,8.736842105263158,40,148.0,0.1,0.2,3.7
2018,3,NE,DET,10,0.49210669679977104,1.1957451668173433,-0.683670368213416,-0.8826281756898139,1.175777065013187,2.0783733425071573,19,89.0,0.15789473684210525,0.10526315789473684,4.684210526315789,28,120.0,0.14285714285714285,0.14285714285714285,4.285714285714286
2018,3,PIT,TB,30,0.26099399933235895,1.227742649180995,-0.2486030460568014,-1.3284418754146927,0.5095970453891603,2.556184524595688,22,78.0,0.09090909090909091,0.45454545454545453,3.5454545454545454,41,335.0,0.14634146341463414,0.12195121951219512,8.170731707317072
2018,4,MIN,LA,31,-0.4517890135604787,-0.42751284126968897,-0.47103232916163756,1.043368871861677,0.019243315601158884,-1.4708817131313658,17,54.0,0.058823529411764705,0.35294117647058826,3.176470588235294,57,418.0,0.17543859649122806,0.10526315789473684,7.333333333333333
2018,4,CIN,ATL,37,0.18544972265505902,0.3718120839478955,-1.47411803934433,-1.072402882416989,1.6595677619993892,1.4442149663648844,23,99.0,0.13043478260869565,0.08695652173913043,4.304347826086956,47,321.0,0.1276595744680851,0.10638297872340426,6.829787234042553
2018,4,TB,CHI,10,-0.44242878493786314,0.18630085109068073,1.445179183546554,0.6760462894821879,-1.8876079684844171,-0.4897454383915072,18,60.0,0.05555555555555555,0.2222222222222222,3.3333333333333335,43,258.0,0.09302325581395349,0.13953488372093023,6.0
2018,4,DET,DAL,24,-0.15888605557430163,0.7632693216355376,1.156448354577802,0.1691833500625588,-1.3153344101521036,0.5940859715729788,20,96.0,0.1,0.2,4.8,34,289.0,0.2647058823529412,0.11764705882352941,8.5
2018,4,BUF,GB,0,-0.7465488042205085,-1.0090288042147446,-0.402112993258983,-0.4730203547447307,-0.34443581096152553,-0.5360084494700139,16,58.0,0.0625,0.1875,3.625,43,100.0,0.06976744186046512,0.16279069767441862,2.3255813953488373
2018,4,HOU,IND,37,-0.016577689285252453,-1.0715381597486373,0.9385557352108507,-1.2199941277242214,-0.9551334244961032,0.14845596797558414,35,119.0,0.08571428571428572,0.2,3.4,50,371.0,0.18,0.14,7.42
2018,4,NYJ,JAX,12,-1.6750666039092619,0.1949122177770846,0.7222952520104337,0.687940741429301,-2.3973618559196956,-0.4930285236522164,14,34.0,0.0,0.2857142857142857,2.4285714285714284,40,152.0,0.075,0.075,3.8
2018,4,MIA,NE,7,0.809783730362227,-0.8461321372286751,-0.899856035807509,0.3990274100367861,1.7096397661697358,-1.245159547265461,18,56.0,0.05555555555555555,0.2222222222222222,3.111111111111111,28,123.0,0.07142857142857142,0.10714285714285714,4.392857142857143
2018,4,PHI,TEN,23,-1.0025932201408467,0.1836682530508237,-0.45785583787664763,-0.2028999459673815,-0.5447373822641991,0.3865681990182052,22,117.0,0.22727272727272727,0.13636363636363635,5.318181818181818,56,323.0,0.125,0.14285714285714285,5.767857142857143
2018,4,SEA,ARI,20,0.8114522413268429,-0.9524312125639888,-0.40393452026939913,0.06645103983748668,1.2153867615962421,-1.0188822524014753,34,171.0,0.17647058823529413,0.14705882352941177,5.029411764705882,29,171.0,0.10344827586206896,0.10344827586206896,5.896551724137931
2018,4,SF,LAC,27,-0.06713159536058952,-0.8544685585025724,0.18570310308670265,-1.0867700173905188,-0.25283469844729217,0.2323014588879464,21,76.0,0.09523809523809523,0.23809523809523808,3.619047619047619,42,305.0,0.14285714285714285,0.023809523809523808,7.261904761904762
2018,4,NO,NYG,33,0.38590018705461243,1.1582926700202152,-0.12306226011987124,0.2584616153676896,0.5089624471744837,0.8998310546525257,32,170.0,0.09375,0.15625,5.3125,35,219.0,0.2,0.05714285714285714,6.257142857142857
2018,4,BAL,PIT,26,0.7208670793319942,-0.000511313669322259,0.414971865185459,0.6378359698884829,0.30589521414653525,-0.6383472835578051,30,96.0,0.06666666666666667,0.16666666666666666,3.2,44,355.0,0.1590909090909091,0.045454545454545456,8.068181818181818
2018,4,KC,DEN,27,0.4487441655673585,-2.1756957408610607,-0.47853881446367186,-0.8856181977909369,0.9272829800310304,-1.2900775430701237,26,142.0,0.07692307692307693,0.15384615384615385,5.461538461538462,47,312.0,0.19148936170212766,0.0425531914893617,6.638297872340425
2018,5,IND,NE,24,0.5171308337705541,1.0103793499447067,-0.899856035807509,0.3990274100367861,1.416986869578063,0.6113519399079206,21,84.0,0.09523809523809523,0.047619047619047616,4.0,60,355.0,0.13333333333333333,0.03333333333333333,5.916666666666667
2018,5,TEN,BUF,12,-0.10946646418074892,0.3063528015990013,0.8838254346665387,1.036712659207512,-0.9932918988472876,-0.7303598576085106,25,100.0,0.12,0.16,4.0,30,131.0,0.06666666666666667,0.1,4.366666666666666
2018,5,NYG,CAR,31,-0.736377677232688,0.07690389028621163,0.5649956386546164,-0.5456415366860099,-1.3013733158873044,0.6225454269722215,16,50.0,0.125,0.4375,3.125,39,384.0,0.2564102564102564,0.05128205128205128,9.846153846153847
2018,5,MIA,CIN,17,0.809783730362227,-0.8461321372286751,-1.3462046491794502,-0.051814898058721554,2.155988379541677,-0.7943172391699536,22,128.0,0.13636363636363635,0.13636363636363635,5.818181818181818,37,169.0,0.13513513513513514,0.13513513513513514,4.5675675675675675
2018,5,BAL,CLE,9,0.7208670793319942,-0.000511313669322259,0.47637517803692064,0.12473024576541368,0.2444919012950736,-0.12524155943473594,25,116.0,0.2,0.32,4.64,60,305.0,0.13333333333333333,0.03333333333333333,5.083333333333333
2018,5,GB,DET,23,1.249739678365091,-0.1660110481244378,-0.683670368213416,-0.8826281756898139,1.933410046578507,0.7166171275653761,20,98.0,0.15,0.1,4.9,60,436.0,0.16666666666666666,0.06666666666666667,7.266666666666667
2018,5,JAX,KC,14,-0.05725148690891843,0.25576613750521354,-0.9503725381338005,0.20513669374233656,0.8931210512248821,0.05062944376287698,17,101.0,0.17647058823529413,0.058823529411764705,5.9411764705882355,68,429.0,0.1323529411764706,0.08823529411764706,6.3088235294117645
2018,5,DEN,NYJ,16,1.0504806764319852,-0.47327201004023073,-0.19941850054177276,0.08646496226245477,1.249899176973758,-0.5597369723026855,17,92.0,0.17647058823529413,0.35294117647058826,5.411764705882353,56,344.0,0.10714285714285714,0.07142857142857142,6.142857142857143
2018,5,ATL,PIT,17,-0.4066203214229128,0.5440622346344438,0.414971865185459,0.6378359698884829,-0.8215921866083717,-0.09377373525403909,19,62.0,0.10526315789473684,0.2631578947368421,3.263157894736842,52,272.0,0.1346153846153846,0.15384615384615385,5.230769230769231
2018,5,MIN,PHI,23,-0.4517890135604787,-0.42751284126968897,0.8391649997900512,0.22921196576823186,-1.29095401335053,-0.6567248070379208,23,77.0,0.13043478260869565,0.30434782608695654,3.347826086956522,39,301.0,0.1282051282051282,0.02564102564102564,7.717948717948718
2018,5,ARI,SF,28,0.3184835264648675,-0.19135902652215644,0.3336112797667934,1.634821462900318,-0.015127753301925895,-1.8261804894224745,23,56.0,0.043478260869565216,0.30434782608695654,2.4347826086956523,25,164.0,0.12,0.04,6.56
2018,5,DAL,HOU,16,0.19401103725873525,-0.5191914104752104,1.0265523703009678,-0.10275591391202783,-0.8325413330422325,-0.4164354965631826,29,98.0,0.10344827586206896,0.3448275862068966,3.3793103448275863,33,207.0,0.09090909090909091,0.09090909090909091,6.2727272727272725
2018,5,WAS,NO,19,-0.4355872224338694,-0.5859028672451984,1.0853793155127653,0.6223994417596485,-1.5209665379466348,-1.2083023090048468,18,39.0,0.05555555555555555,0.2777777777777778,2.1666666666666665,43,244.0,0.16279069767441862,0.09302325581395349,5.674418604651163
2018,6,PHI,NYG,34,-1.0025932201408467,0.1836682530508237,-0.12306226011987124,0.2584616153676896,-0.8795309600209755,-0.07479336231686587,31,108.0,0.03225806451612903,0.12903225806451613,3.4838709677419355,39,285.0,0.15384615384615385,0.10256410256410256,7.3076923076923075
2018,6,TB,ATL,29,-0.44242878493786314,0.18630085109068073,-1.47411803934433,-1.072402882416989,1.0316892544064669,1.2587037335076696,20,121.0,0.2,0.2,6.05,46,403.0,0.2608695652173913,0.043478260869565216,8.76086956521739
2018,6,PIT,CIN,28,0.26099399933235895,1.227742649180995,-1.3462046491794502,-0.051814898058721554,1.607198648511809,1.2795575472397167,21,112.0,0.23809523809523808,0.23809523809523808,5.333333333333333,47,371.0,0.1702127659574468,0.0425531914893617,7.8936170212765955
2018,6,LAC,CLE,38,-0.7883971916998751,-0.11826839122287731,0.47637517803692064,0.12473024576541368,-1.2647723697367956,-0.242998636988291,36,246.0,0.3333333333333333,0.19444444444444445,6.833333333333333,22,203.0,0.2727272727272727,0.045454545454545456,9.227272727272727
2018,6,BUF,HOU,13,-0.7465488042205085,-1.0090288042147446,1.0265523703009678,-0.10275591391202783,-1.7731011745214764,-0.9062728903027167,27,100.0,0.07407407407407407,0.18518518518518517,3.7037037037037037,36,151.0,0.1111111111111111,0.1111111111111111,4.194444444444445
2018,6,CHI,MIA,28,0.03376583754735496,0.8694049649799075,-0.19563112070464886,0.12312302638748374,0.22939695825200382,0.7462819385924238,31,164.0,0.12903225806451613,0.0967741935483871,5.290322580645161,36,315.0,0.16666666666666666,0.1388888888888889,8.75
2018,6,ARI,MIN,17,0.3184835264648675,-0.19135902652215644,-0.22442040333738666,-0.6557828103874047,0.5429039298022542,0.4644237838652483,20,60.0,0.05,0.15,3.0,35,208.0,0.2,0.14285714285714285,5.942857142857143
2018,6,IND,NYJ,34,0.5171308337705541,1.0103793499447067,-0.19941850054177276,0.08646496226245477,0.7165493343123269,0.9239143876822519,23,127.0,0.13043478260869565,0.13043478260869565,5.521739130434782,45,308.0,0.24444444444444444,0.0,6.844444444444444
2018,6,CAR,WAS,17,0.6947142286145896,0.72901054876549,-1.2695813449170874,-0.5446295570359863,1.9642955735316772,1.2736401058014764,18,81.0,0.16666666666666666,0.2777777777777778,4.5,44,292.0,0.20454545454545456,0.045454545454545456,6.636363636363637
2018,6,JAX,DAL,7,-0.05725148690891843,0.25576613750521354,1.156448354577802,0.1691833500625588,-1.2136998414867204,0.08658278744265474,18,65.0,0.05555555555555555,0.16666666666666666,3.611111111111111,31,148.0,0.16129032258064516,0.0967741935483871,4.774193548387097
2018,6,BAL,TEN,21,0.7208670793319942,-0.000511313669322259,-0.45785583787664763,-0.2028999459673815,1.178722917208642,0.20238863229805926,35,123.0,0.08571428571428572,0.17142857142857143,3.5142857142857142,38,240.0,0.15789473684210525,0.07894736842105263,6.315789473684211
2018,6,KC,NE,40,0.4487441655673585,-2.1756957408610607,-0.899856035807509,0.3990274100367861,1.3486002013748675,-2.5747231508978468,17,94.0,0.11764705882352941,0.17647058823529413,5.529411764705882,37,358.0,0.21621621621621623,0.05405405405405406,9.675675675675675
2018,6,SF,GB,30,-0.06713159536058952,-0.8544685585025724,-0.402112993258983,-0.4730203547447307,0.33498139789839343,-0.3814482037578417,30,174.0,0.16666666666666666,0.1,5.8,28,248.0,0.21428571428571427,0.10714285714285714,8.857142857142858
2018,7,DEN,ARI,45,1.0504806764319852,-0.47327201004023073,-0.40393452026939913,0.06645103983748668,1.4544151967013843,-0.5397230498777175,31,131.0,0.12903225806451613,0.3225806451612903,4.225806451612903,25,185.0,0.12,0.12,7.4
2018,7,NE,CHI,38,0.49210669679977104,1.1957451668173433,1.445179183546554,0.6760462894821879,-0.9530724867467829,0.5196988773351554,27,108.0,0.037037037037037035,0.18518518518518517,4.0,38,279.0,0.13157894736842105,0.05263157894736842,7.342105263157895
2018,7,BUF,IND,5,-0.7465488042205085,-1.0090288042147446,0.9385557352108507,-1.2199941277242214,-1.685104539431359,0.21096532350947683,22,135.0,0.18181818181818182,0.2727272727272727,6.136363636363637,33,168.0,0.09090909090909091,0.12121212121212122,5.090909090909091
2018,7,HOU,JAX,20,-0.016577689285252453,-1.0715381597486373,0.7222952520104337,0.687940741429301,-0.7388729412956861,-1.7594789011779381,37,141.0,0.05405405405405406,0.16216216216216217,3.810810810810811,28,142.0,0.14285714285714285,0.07142857142857142,5.071428571428571
2018,7,DET,MIA,32,-0.15888605557430163,0.7632693216355376,-0.19563112070464886,0.12312302638748374,0.036745065130347226,0.6401462952480539,36,248.0,0.19444444444444445,0.2777777777777778,6.888888888888889,24,218.0,0.3333333333333333,0.041666666666666664,9.083333333333334
2018,7,MIN,NYJ,37,-0.4517890135604787,-0.42751284126968897,-0.19941850054177276,0.08646496226245477,-0.25237051301870594,-0.5139778035321437,24,88.0,0.125,0.4166666666666667,3.6666666666666665,41,228.0,0.14634146341463414,0.07317073170731707,5.560975609756097
2018,7,CAR,PHI,21,0.6947142286145896,0.72901054876549,0.8391649997900512,0.22921196576823186,-0.14445077117546157,0.4997985829972581,17,121.0,0.35294117647058826,0.23529411764705882,7.117647058823529,45,286.0,0.13333333333333333,0.044444444444444446,6.355555555555555
2018,7,CLE,TB,23,-1.0789015100153372,-0.3597442471970162,-0.2486030460568014,-1.3284418754146927,-0.8302984639585358,0.9686976282176765,23,119.0,0.17391304347826086,0.2608695652173913,5.173913043478261,42,229.0,0.11904761904761904,0.11904761904761904,5.4523809523809526
2018,7,NO,BAL,24,0.38590018705461243,1.1582926700202152,0.4964896084726813,1.395137777029344,-0.11058942141806888,-0.23684510700912886,39,134.0,0.05128205128205128,0.1282051282051282,3.4358974358974357,31,205.0,0.12903225806451613,0.06451612903225806,6.612903225806452
2018,7,DAL,WAS,17,0.19401103725873525,-0.5191914104752104,-1.2695813449170874,-0.5446295570359863,1.4635923821758228,0.02543814656077581,22,73.0,0.09090909090909091,0.22727272727272727,3.3181818181818183,44,283.0,0.1590909090909091,0.09090909090909091,6.431818181818182
2018,7,CIN,KC,10,0.18544972265505902,0.3718120839478955,-0.9503725381338005,0.20513669374233656,1.1358222607888595,0.16667539020555894,19,65.0,0.05263157894736842,0.21052631578947367,3.4210526315789473,36,179.0,0.1111111111111111,0.1111111111111111,4.972222222222222
2018,7,TEN,LAC,19,-0.10946646418074892,0.3063528015990013,0.18570310308670265,-1.0867700173905188,-0.2951695672674516,1.3931228189895202,33,164.0,0.15151515151515152,0.12121212121212122,4.96969696969697,40,254.0,0.175,0.1,6.35
2018,7,NYG,ATL,20,-0.736377677232688,0.07690389028621163,-1.47411803934433,-1.072402882416989,0.7377403621116421,1.1493067727032005,21,63.0,0.14285714285714285,0.3333333333333333,3.0,44,379.0,0.18181818181818182,0.11363636363636363,8.613636363636363
2018,8,MIA,HOU,23,0.809783730362227,-0.8461321372286751,1.0265523703009678,-0.10275591391202783,-0.21676863993874085,-0.7433762233166472,25,116.0,0.08,0.2,4.64,40,254.0,0.15,0.1,6.35
2018,8,BAL,CAR,21,0.7208670793319942,-0.000511313669322259,0.5649956386546164,-0.5456415366860099,0.1558714406773778,0.5451302230166877,18,101.0,0.2222222222222222,0.16666666666666666,5.611111111111111,47,237.0,0.06382978723404255,0.0425531914893617,5.042553191489362
2018,8,NYJ,CHI,10,-1.6750666039092619,0.1949122177770846,1.445179183546554,0.6760462894821879,-3.120245787455816,-0.48113407170510336,24,57.0,0.041666666666666664,0.2916666666666667,2.375,32,168.0,0.125,0.0625,5.25
2018,8,TB,CIN,34,-0.44242878493786314,0.18630085109068073,-1.3462046491794502,-0.051814898058721554,0.903775864241587,0.23811574914940228,27,126.0,0.07407407407407407,0.1111111111111111,4.666666666666667,61,488.0,0.21311475409836064,0.09836065573770492,8.0
2018,8,SEA,DET,28,0.8114522413268429,-0.9524312125639888,-0.683670368213416,-0.8826281756898139,1.495122609540259,-0.06980303687417488,42,176.0,0.09523809523809523,0.11904761904761904,4.190476190476191,19,237.0,0.42105263157894735,0.10526315789473684,12.473684210526315
2018,8,DEN,KC,23,1.0504806764319852,-0.47327201004023073,-0.9503725381338005,0.20513669374233656,2.000853214565786,-0.6784087037825672,31,189.0,0.22580645161290322,0.12903225806451613,6.096774193548387,40,231.0,0.15,0.175,5.775
2018,8,WAS,NYG,20,-0.4355872224338694,-0.5859028672451984,-0.12306226011987124,0.2584616153676896,-0.3125249623139981,-0.844364482612888,33,182.0,0.15151515151515152,0.21212121212121213,5.515151515151516,33,181.0,0.12121212121212122,0.0,5.484848484848484
2018,8,CLE,PIT,18,-1.0789015100153372,-0.3597442471970162,0.414971865185459,0.6378359698884829,-1.4938733752007962,-0.997580217085499,21,74.0,0.14285714285714285,0.38095238095238093,3.5238095238095237,40,172.0,0.1,0.125,4.3
2018,8,SF,ARI,15,-0.06713159536058952,-0.8544685585025724,-0.40393452026939913,0.06645103983748668,0.3368029249088096,-0.9209195983400591,31,107.0,0.0967741935483871,0.25806451612903225,3.4516129032258065,34,164.0,0.11764705882352941,0.11764705882352941,4.823529411764706
2018,8,GB,LA,27,1.249739678365091,-0.1660110481244378,-0.47103232916163756,1.043368871861677,1.7207720075267285,-1.2093799199861146,19,106.0,0.15789473684210525,0.10526315789473684,5.578947368421052,34,258.0,0.23529411764705882,0.11764705882352941,7.588235294117647
2018,8,NO,MIN,30,0.38590018705461243,1.1582926700202152,-0.22442040333738666,-0.6557828103874047,0.610320590391999,1.8140754804076198,29,106.0,0.06896551724137931,0.13793103448275862,3.6551724137931036,24,164.0,0.16666666666666666,0.08333333333333333,6.833333333333333
2018,8,PHI,JAX,24,-1.0025932201408467,0.1836682530508237,0.7222952520104337,0.687940741429301,-1.7248884721512803,-0.5042724883784773,28,133.0,0.17857142857142858,0.21428571428571427,4.75,37,293.0,0.16216216216216217,0.1891891891891892,7.918918918918919
2018,8,NE,BUF,25,0.49210669679977104,1.1957451668173433,0.8838254346665387,1.036712659207512,-0.3917187378667677,0.15903250760983134,25,76.0,0.04,0.28,3.04,48,319.0,0.16666666666666666,0.0625,6.645833333333333
2018,9,PIT,BAL,23,0.26099399933235895,1.227742649180995,0.4964896084726813,1.395137777029344,-0.23549560914032236,-0.16739512784834898,27,113.0,0.07407407407407407,0.1111111111111111,4.185185185185185,50,285.0,0.08,0.02,5.7
2018,9,CHI,BUF,41,0.03376583754735496,0.8694049649799075,0.8838254346665387,1.036712659207512,-0.8500595971191838,-0.1673076942276045,25,64.0,0.08,0.44,2.56,21,126.0,0.19047619047619047,0.047619047619047616,6.0
2018,9,TB,CAR,28,-0.44242878493786314,0.18630085109068073,0.5649956386546164,-0.5456415366860099,-1.0074244235924796,0.7319423877766906,21,82.0,0.14285714285714285,0.14285714285714285,3.9047619047619047,48,241.0,0.14583333333333334,0.10416666666666667,5.020833333333333
2018,9,KC,CLE,37,0.4487441655673585,-2.1756957408610607,0.47637517803692064,0.12473024576541368,-0.027631012469562122,-2.3004259866264745,24,139.0,0.3333333333333333,0.20833333333333334,5.791666666666667,34,363.0,0.29411764705882354,0.058823529411764705,10.676470588235293
2018,9,NYJ,MIA,6,-1.6750666039092619,0.1949122177770846,-0.19563112070464886,0.12312302638748374,-1.479435483204613,0.07178919138960085,21,80.0,0.09523809523809523,0.14285714285714285,3.8095238095238093,43,202.0,0.16279069767441862,0.09302325581395349,4.6976744186046515
2018,9,DET,MIN,9,-0.15888605557430163,0.7632693216355376,-0.22442040333738666,-0.6557828103874047,0.06553434776308503,1.4190521320229423,24,66.0,0.0,0.20833333333333334,2.75,49,149.0,0.061224489795918366,0.22448979591836735,3.0408163265306123
2018,9,ATL,WAS,38,-0.4066203214229128,0.5440622346344438,-1.2695813449170874,-0.5446295570359863,0.8629610234941746,1.08869179167043,24,154.0,0.20833333333333334,0.0,6.416666666666667,40,337.0,0.2,0.1,8.425
2018,9,HOU,DEN,19,-0.016577689285252453,-1.0715381597486373,-0.47853881446367186,-0.8856181977909369,0.4619611251784194,-0.18591996195770044,33,98.0,0.0,0.2727272727272727,2.9696969696969697,34,230.0,0.20588235294117646,0.11764705882352941,6.764705882352941
2018,9,LAC,SEA,25,-0.7883971916998751,-0.11826839122287731,-0.7411345174327324,1.0880398626169463,-0.0472626742671427,-1.2063082538398235,22,160.0,0.2727272727272727,0.3181818181818182,7.2727272727272725,29,215.0,0.1724137931034483,0.06896551724137931,7.413793103448276
2018,9,GB,NE,17,1.249739678365091,-0.1660110481244378,-0.899856035807509,0.3990274100367861,2.1495957141726,-0.5650384581612239,25,117.0,0.12,0.08,4.68,47,260.0,0.1276595744680851,0.0425531914893617,5.531914893617022
2018,9,TEN,DAL,28,-0.10946646418074892,0.3063528015990013,1.156448354577802,0.1691833500625588,-1.265914818758551,0.1371694515364425,36,125.0,0.1111111111111111,0.19444444444444445,3.4722222222222223,35,227.0,0.17142857142857143,0.17142857142857143,6.485714285714286
2018,10,CAR,PIT,21,0.6947142286145896,0.72901054876549,0.414971865185459,0.6378359698884829,0.27974236342913067,0.09117457887700708,22,95.0,0.13636363636363635,0.09090909090909091,4.318181818181818,34,147.0,0.08823529411764706,0.20588235294117646,4.323529411764706
2018,10,DET,CHI,22,-0.15888605557430163,0.7632693216355376,1.445179183546554,0.6760462894821879,-1.6040652391208556,0.0872230321533497,24,76.0,0.08333333333333333,0.25,3.1666666666666665,52,238.0,0.09615384615384616,0.1346153846153846,4.576923076923077
2018,10,NO,CIN,51,0.38590018705461243,1.1582926700202152,-1.3462046491794502,-0.051814898058721554,1.7321048362340625,1.2101075680789368,47,244.0,0.1276595744680851,0.1702127659574468,5.191489361702128,27,265.0,0.25925925925925924,0.037037037037037035,9.814814814814815
2018,10,ATL,CLE,16,-0.4066203214229128,0.5440622346344438,0.47637517803692064,0.12473024576541368,-0.8829954994598335,0.4193319888690301,19,71.0,0.10526315789473684,0.3157894736842105,3.736842105263158,56,324.0,0.10714285714285714,0.05357142857142857,5.785714285714286
2018,10,JAX,IND,26,-0.05725148690891843,0.25576613750521354,0.9385557352108507,-1.2199941277242214,-0.9958072221197691,1.475760265229435,34,91.0,0.058823529411764705,0.3235294117647059,2.676470588235294,41,332.0,0.14634146341463414,0.024390243902439025,8.097560975609756
2018,10,ARI,KC,14,0.3184835264648675,-0.19135902652215644,-0.9503725381338005,0.20513669374233656,1.268856064598668,-0.396495720264493,25,94.0,0.08,0.12,3.76,44,166.0,0.09090909090909091,0.11363636363636363,3.772727272727273
2018,10,BUF,NYJ,41,-0.7465488042205085,-1.0090288042147446,-0.19941850054177276,0.08646496226245477,-0.5471303036787357,-1.0954937664771993,46,212.0,0.10869565217391304,0.1956521739130435,4.608695652173913,27,239.0,0.18518518518518517,0.037037037037037035,8.851851851851851
2018,10,WAS,TB,16,-0.4355872224338694,-0.5859028672451984,-0.2486030460568014,-1.3284418754146927,-0.186984176377068,0.7425390081694944,25,116.0,0.2,0.28,4.64,31,179.0,0.0967741935483871,0.12903225806451613,5.774193548387097
2018,10,NE,TEN,10,0.49210669679977104,1.1957451668173433,-0.45785583787664763,-0.2028999459673815,0.9499625346764187,1.3986451127847248,19,40.0,0.0,0.2631578947368421,2.1052631578947367,45,244.0,0.1111111111111111,0.1111111111111111,5.4222222222222225
2018,10,MIA,GB,12,0.809783730362227,-0.8461321372286751,-0.402112993258983,-0.4730203547447307,1.21189672362121,-0.3731117824839444,23,131.0,0.08695652173913043,0.043478260869565216,5.695652173913044,43,163.0,0.06976744186046512,0.13953488372093023,3.7906976744186047
2018,10,SEA,LA,31,0.8114522413268429,-0.9524312125639888,-0.47103232916163756,1.043368871861677,1.2824845704884804,-1.9958000844256656,34,273.0,0.35294117647058826,0.11764705882352941,8.029411764705882,35,199.0,0.14285714285714285,0.14285714285714285,5.685714285714286
2018,10,DAL,PHI,27,0.19401103725873525,-0.5191914104752104,0.8391649997900512,0.22921196576823186,-0.645153962531316,-0.7484033762434423,28,171.0,0.17857142857142858,0.10714285714285714,6.107142857142857,42,245.0,0.19047619047619047,0.11904761904761904,5.833333333333333
2018,10,NYG,SF,27,-0.736377677232688,0.07690389028621163,0.3336112797667934,1.634821462900318,-1.0699889569994814,-1.5579175726141063,23,97.0,0.08695652173913043,0.17391304347826086,4.217391304347826,32,180.0,0.125,0.15625,5.625
2018,11,GB,SEA,24,1.249739678365091,-0.1660110481244378,-0.7411345174327324,1.0880398626169463,1.9908741957978233,-1.254050910741384,13,48.0,0.0,0.15384615384615385,3.6923076923076925,36,314.0,0.2222222222222222,0.1388888888888889,8.722222222222221
2018,11,DAL,ATL,22,0.19401103725873525,-0.5191914104752104,-1.47411803934433,-1.072402882416989,1.6681290766030652,0.5532114719417784,29,132.0,0.13793103448275862,0.13793103448275862,4.551724137931035,34,191.0,0.11764705882352941,0.058823529411764705,5.617647058823529
2018,11,CIN,BAL,21,0.18544972265505902,0.3718120839478955,0.4964896084726813,1.395137777029344,-0.3110398858176223,-1.0233256930814485,16,48.0,0.0625,0.1875,3.0,40,236.0,0.15,0.025,5.9
2018,11,CAR,DET,19,0.6947142286145896,0.72901054876549,-0.683670368213416,-0.8826281756898139,1.3783845968280057,1.6116387244553039,16,56.0,0.0625,0.125,3.5,43,333.0,0.16279069767441862,0.06976744186046512,7.744186046511628
2018,11,TEN,IND,10,-0.10946646418074892,0.3063528015990013,0.9385557352108507,-1.2199941277242214,-1.0480221993915997,1.5263469293232228,25,87.0,0.12,0.24,3.48,37,194.0,0.10810810810810811,0.16216216216216217,5.243243243243243
2018,11,PIT,JAX,20,0.26099399933235895,1.227742649180995,0.7222952520104337,0.687940741429301,-0.4613012526780747,0.5398019077516941,11,26.0,0.0,0.2727272727272727,2.3636363636363638,48,297.0,0.08333333333333333,0.041666666666666664,6.1875
2018,11,TB,NYG,35,-0.44242878493786314,0.18630085109068073,-0.12306226011987124,0.2584616153676896,-0.3193665248179919,-0.07216076427700885,30,151.0,0.13333333333333333,0.16666666666666666,5.033333333333333,44,385.0,0.22727272727272727,0.022727272727272728,8.75
2018,11,HOU,WAS,23,-0.016577689285252453,-1.0715381597486373,-1.2695813449170874,-0.5446295570359863,1.253003655631835,-0.526908602712651,31,139.0,0.16129032258064516,0.22580645161290322,4.483870967741935,29,189.0,0.1724137931034483,0.10344827586206896,6.517241379310345
2018,11,DEN,LAC,23,1.0504806764319852,-0.47327201004023073,0.18570310308670265,-1.0867700173905188,0.8647775733452825,0.613498007350288,20,108.0,0.05,0.2,5.4,32,217.0,0.125,0.03125,6.78125
2018,11,PHI,NO,7,-1.0025932201408467,0.1836682530508237,1.0853793155127653,0.6223994417596485,-2.087972535653612,-0.43873118870882477,12,58.0,0.08333333333333333,0.25,4.833333333333333,36,138.0,0.05555555555555555,0.1388888888888889,3.8333333333333335
2018,11,MIN,CHI,20,-0.4517890135604787,-0.42751284126968897,1.445179183546554,0.6760462894821879,-1.8969681971070327,-1.1035591307518768,14,22.0,0.0,0.42857142857142855,1.5714285714285714,51,253.0,0.058823529411764705,0.09803921568627451,4.96078431372549
2018,11,KC,LA,51,0.4487441655673585,-2.1756957408610607,-0.47103232916163756,1.043368871861677,0.9197764947289961,-3.219064612722738,20,98.0,0.05,0.05,4.9,54,470.0,0.2222222222222222,0.05555555555555555,8.703703703703704
2018,12,CHI,DET,23,0.03376583754735496,0.8694049649799075,-0.683670368213416,-0.8826281756898139,0.7174362057607709,1.7520331406697214,15,38.0,0.06666666666666667,0.2,2.533333333333333,44,228.0,0.045454545454545456,0.13636363636363635,5.181818181818182
2018,12,WAS,DAL,23,-0.4355872224338694,-0.5859028672451984,1.156448354577802,0.1691833500625588,-1.5920355770116714,-0.7550862173077572,20,80.0,0.1,0.15,4.0,45,280.0,0.13333333333333333,0.1111111111111111,6.222222222222222
2018,12,ATL,NO,17,-0.4066203214229128,0.5440622346344438,1.0853793155127653,0.6223994417596485,-1.4919996369356783,-0.07833720712520464,16,26.0,0.0,0.4375,1.625,55,356.0,0.18181818181818182,0.12727272727272726,6.472727272727273
2018,12,JAX,BUF,21,-0.05725148690891843,0.25576613750521354,0.8838254346665387,1.036712659207512,-0.9410769215754572,-0.7809465217022984,39,226.0,0.2564102564102564,0.20512820512820512,5.794871794871795,31,146.0,0.06451612903225806,0.12903225806451613,4.709677419354839
2018,12,SEA,CAR,30,0.8114522413268429,-0.9524312125639888,0.5649956386546164,-0.5456415366860099,0.24645660267222647,-0.4067896758779789,28,75.0,0.14285714285714285,0.32142857142857145,2.6785714285714284,32,322.0,0.21875,0.0625,10.0625
2018,12,CLE,CIN,35,-1.0789015100153372,-0.3597442471970162,-1.3462046491794502,-0.051814898058721554,0.26730313916411297,-0.3079293491382946,35,84.0,0.05714285714285714,0.34285714285714286,2.4,27,263.0,0.25925925925925924,0.0,9.74074074074074
2018,12,NE,NYJ,27,0.49210669679977104,1.1957451668173433,-0.19941850054177276,0.08646496226245477,0.6915251973415438,1.1092802045548886,36,215.0,0.1388888888888889,0.19444444444444445,5.972222222222222,31,283.0,0.3225806451612903,0.03225806451612903,9.129032258064516
2018,12,NYG,PHI,22,-0.736377677232688,0.07690389028621163,0.8391649997900512,0.22921196576823186,-1.5755426770227392,-0.15230807548202024,18,126.0,0.1111111111111111,0.1111111111111111,7.0,40,276.0,0.175,0.1,6.9
2018,12,SF,TB,9,-0.06713159536058952,-0.8544685585025724,-0.2486030460568014,-1.3284418754146927,0.18147145069621187,0.4739733169121203,24,148.0,0.3333333333333333,0.25,6.166666666666667,36,194.0,0.16666666666666666,0.1111111111111111,5.388888888888889
2018,12,ARI,LAC,10,0.3184835264648675,-0.19135902652215644,0.18570310308670265,-1.0867700173905188,0.13278042337816484,0.8954109908683624,24,62.0,0.08333333333333333,0.25,2.5833333333333335,21,87.0,0.14285714285714285,0.14285714285714285,4.142857142857143
2018,12,PIT,DEN,17,0.26099399933235895,1.227742649180995,-0.47853881446367186,-0.8856181977909369,0.7395328137960309,2.113360846971932,16,75.0,0.125,0.0625,4.6875,62,470.0,0.11290322580645161,0.04838709677419355,7.580645161290323
2018,12,MIA,IND,24,0.809783730362227,-0.8461321372286751,0.9385557352108507,-1.2199941277242214,-0.12877200484862372,0.37386199049554636,25,113.0,0.12,0.2,4.52,27,210.0,0.1111111111111111,0.14814814814814814,7.777777777777778
2018,12,GB,MIN,17,1.249739678365091,-0.1660110481244378,-0.22442040333738666,-0.6557828103874047,1.4741600817024776,0.4897717622629669,19,82.0,0.05263157894736842,0.05263157894736842,4.315789473684211,32,172.0,0.1875,0.125,5.375
2018,12,TEN,HOU,17,-0.10946646418074892,0.3063528015990013,1.0265523703009678,-0.10275591391202783,-1.1360188344817168,0.4091087155110291,23,105.0,0.08695652173913043,0.2608695652173913,4.565217391304348,34,293.0,0.14705882352941177,0.20588235294117646,8.617647058823529
2018,13,NO,DAL,10,0.38590018705461243,1.1582926700202152,1.156448354577802,0.1691833500625588,-0.7705481675231896,0.9891093199576564,19,65.0,0.05263157894736842,0.15789473684210525,3.4210526315789473,30,111.0,0.06666666666666667,0.1,3.7
2018,13,BAL,ATL,26,0.7208670793319942,-0.000511313669322259,-1.47411803934433,-1.072402882416989,2.1949851186763243,1.0718915687476667,49,207.0,0.10204081632653061,0.12244897959183673,4.224489795918367,29,173.0,0.13793103448275862,0.06896551724137931,5.9655172413793105
2018,13,DEN,CIN,24,1.0504806764319852,-0.47327201004023073,-1.3462046491794502,-0.051814898058721554,2.3966853256114353,-0.42145711198150915,34,218.0,0.20588235294117646,0.20588235294117646,6.411764705882353,24,153.0,0.16666666666666666,0.125,6.375
2018,13,ARI,GB,20,0.3184835264648675,-0.19135902652215644,-0.402112993258983,-0.4730203547447307,0.7205965197238504,0.2816613282225743,29,182.0,0.13793103448275862,0.10344827586206896,6.275862068965517,29,166.0,0.10344827586206896,0.06896551724137931,5.724137931034483
2018,13,CLE,HOU,13,-1.0789015100153372,-0.3597442471970162,1.0265523703009678,-0.10275591391202783,-2.105453880316305,-0.2569883332849884,9,31.0,0.1111111111111111,0.3333333333333333,3.4444444444444446,42,397.0,0.2857142857142857,0.023809523809523808,9.452380952380953
2018,13,IND,JAX,0,0.5171308337705541,1.0103793499447067,0.7222952520104337,0.687940741429301,-0.20516441823987952,0.32243860851540573,16,41.0,0.0625,0.1875,2.5625,57,240.0,0.05263157894736842,0.07017543859649122,4.2105263157894735
2018,13,BUF,MIA,17,-0.7465488042205085,-1.0090288042147446,-0.19563112070464886,0.12312302638748374,-0.5509176835158597,-1.1321518306022282,31,198.0,0.25806451612903225,0.22580645161290322,6.387096774193548,43,345.0,0.18604651162790697,0.06976744186046512,8.023255813953488
2018,13,CHI,NYG,27,0.03376583754735496,0.8694049649799075,-0.12306226011987124,0.2584616153676896,0.15682809766722622,0.6109433496122179,32,118.0,0.09375,0.3125,3.6875,46,262.0,0.10869565217391304,0.13043478260869565,5.695652173913044
2018,13,CAR,TB,17,0.6947142286145896,0.72901054876549,-0.2486030460568014,-1.3284418754146927,0.943317274671391,2.0574524241801826,19,168.0,0.3684210526315789,0.15789473684210525,8.842105263157896,48,292.0,0.125,0.14583333333333334,6.083333333333333
2018,13,NYJ,TEN,22,-1.6750666039092619,0.1949122177770846,-0.45785583787664763,-0.2028999459673815,-1.2172107660326144,0.3978121637444661,33,156.0,0.09090909090909091,0.18181818181818182,4.7272727272727275,33,127.0,0.09090909090909091,0.12121212121212122,3.8484848484848486
2018,13,MIN,NE,10,-0.4517890135604787,-0.42751284126968897,-0.899856035807509,0.3990274100367861,0.44806702224703027,-0.826540251306475,13,95.0,0.23076923076923078,0.07692307692307693,7.3076923076923075,46,183.0,0.043478260869565216,0.08695652173913043,3.9782608695652173
2018,13,SF,SEA,16,-0.06713159536058952,-0.8544685585025724,-0.7411345174327324,1.0880398626169463,0.6740029220721429,-1.9425084211195187,24,66.0,0.08333333333333333,0.2916666666666667,2.75,50,387.0,0.18,0.06,7.74
2018,13,LAC,PIT,33,-0.7883971916998751,-0.11826839122287731,0.414971865185459,0.6378359698884829,-1.2033690568853341,-0.7561043611113603,22,85.0,0.13636363636363635,0.22727272727272727,3.8636363636363638,40,290.0,0.15,0.1,7.25
2018,13,WAS,PHI,13,-0.4355872224338694,-0.5859028672451984,0.8391649997900512,0.22921196576823186,-1.2747522222239205,-0.8151148330134302,14,104.0,0.07142857142857142,0.42857142857142855,7.428571428571429,29,139.0,0.06896551724137931,0.13793103448275862,4.793103448275862
2018,14,JAX,TEN,9,-0.05725148690891843,0.25576613750521354,-0.45785583787664763,-0.2028999459673815,0.4006043509677292,0.4586660834725951,20,60.0,0.05,0.25,3.0,49,211.0,0.08163265306122448,0.12244897959183673,4.3061224489795915
2018,14,NYJ,BUF,27,-1.6750666039092619,0.1949122177770846,0.8838254346665387,1.036712659207512,-2.5588920385758005,-0.8418004414304274,27,75.0,0.037037037037037035,0.4074074074074074,2.7777777777777777,25,170.0,0.08,0.0,6.8
2018,14,CAR,CLE,20,0.6947142286145896,0.72901054876549,0.47637517803692064,0.12473024576541368,0.218339050577669,0.6042803030000763,25,96.0,0.08,0.2,3.84,46,304.0,0.15217391304347827,0.043478260869565216,6.608695652173913
2018,14,ATL,GB,20,-0.4066203214229128,0.5440622346344438,-0.402112993258983,-0.4730203547447307,-0.004507328163929847,1.0170825893791746,24,107.0,0.125,0.16666666666666666,4.458333333333333,44,237.0,0.09090909090909091,0.09090909090909091,5.386363636363637
2018,14,IND,HOU,24,0.5171308337705541,1.0103793499447067,1.0265523703009678,-0.10275591391202783,-0.5094215365304137,1.1131352638567344,23,50.0,0.043478260869565216,0.43478260869565216,2.1739130434782608,45,404.0,0.2,0.06666666666666667,8.977777777777778
2018,14,BAL,KC,24,0.7208670793319942,-0.000511313669322259,-0.9503725381338005,0.20513669374233656,1.6712396174657949,-0.2056480074116588,40,194.0,0.1,0.1,4.85,30,135.0,0.1,0.06666666666666667,4.5
2018,14,NE,MIA,33,0.49210669679977104,1.1957451668173433,-0.19563112070464886,0.12312302638748374,0.6877378175044199,1.0726221404298597,30,77.0,0.03333333333333333,0.2,2.566666666666667,45,344.0,0.26666666666666666,0.044444444444444446,7.644444444444445
2018,14,NO,TB,28,0.38590018705461243,1.1582926700202152,-0.2486030460568014,-1.3284418754146927,0.6345032331114138,2.486734545434908,31,102.0,0.12903225806451613,0.2903225806451613,3.2903225806451615,32,198.0,0.125,0.03125,6.1875
2018,14,NYG,WAS,40,-0.736377677232688,0.07690389028621163,-1.2695813449170874,-0.5446295570359863,0.5332036676843994,0.6215334473221978,34,227.0,0.08823529411764706,0.14705882352941177,6.676470588235294,29,175.0,0.13793103448275862,0.10344827586206896,6.0344827586206895
2018,14,CIN,LAC,21,0.18544972265505902,0.3718120839478955,0.18570310308670265,-1.0867700173905188,-0.000253380431643635,1.4585821013384144,32,144.0,0.125,0.1875,4.5,33,160.0,0.09090909090909091,0.09090909090909091,4.848484848484849
2018,14,DEN,SF,14,1.0504806764319852,-0.47327201004023073,0.3336112797667934,1.634821462900318,0.7168693966651918,-2.1080934729405487,27,103.0,0.1111111111111111,0.2222222222222222,3.814814814814815,47,196.0,0.0851063829787234,0.06382978723404255,4.170212765957447
2018,14,DET,ARI,17,-0.15888605557430163,0.7632693216355376,-0.40393452026939913,0.06645103983748668,0.2450484646950975,0.6968182817980509,31,122.0,0.0967741935483871,0.2903225806451613,3.935483870967742,25,103.0,0.12,0.08,4.12
2018,14,PHI,DAL,23,-1.0025932201408467,0.1836682530508237,1.156448354577802,0.1691833500625588,-2.159041574718649,0.014484902988264908,14,34.0,0.07142857142857142,0.42857142857142855,2.4285714285714284,36,224.0,0.08333333333333333,0.05555555555555555,6.222222222222222
2018,14,MIN,SEA,7,-0.4517890135604787,-0.42751284126968897,-0.7411345174327324,1.0880398626169463,0.2893455038722537,-1.5155527038866352,21,77.0,0.09523809523809523,0.19047619047619047,3.6666666666666665,35,199.0,0.11428571428571428,0.08571428571428572,5.685714285714286
2018,15,LAC,KC,29,-0.7883971916998751,-0.11826839122287731,-0.9503725381338005,0.20513669374233656,0.16197534643392542,-0.32340508496521386,24,119.0,0.125,0.16666666666666666,4.958333333333333,44,290.0,0.1590909090909091,0.11363636363636363,6.590909090909091
2018,15,HOU,NYJ,29,-0.016577689285252453,-1.0715381597486373,-0.19941850054177276,0.08646496226245477,0.1828408112565203,-1.158003122011092,17,47.0,0.058823529411764705,0.4117647058823529,2.764705882352941,35,243.0,0.2,0.2571428571428571,6.942857142857143
2018,15,CLE,DEN,17,-1.0789015100153372,-0.3597442471970162,-0.47853881446367186,-0.8856181977909369,-0.6003626955516653,0.5258739505939207,28,134.0,0.10714285714285714,0.14285714285714285,4.785714285714286,34,184.0,0.11764705882352941,0.058823529411764705,5.411764705882353
2018,15,ARI,ATL,14,0.3184835264648675,-0.19135902652215644,-1.47411803934433,-1.072402882416989,1.7926015658091976,0.8810438558948325,22,60.0,0.09090909090909091,0.2727272727272727,2.727272727272727,44,202.0,0.13636363636363635,0.20454545454545456,4.590909090909091
2018,15,TB,BAL,12,-0.44242878493786314,0.18630085109068073,0.4964896084726813,1.395137777029344,-0.9389183934105445,-1.2088369259386633,22,85.0,0.13636363636363635,0.18181818181818182,3.8636363636363638,26,156.0,0.11538461538461539,0.07692307692307693,6.0
2018,15,DET,BUF,13,-0.15888605557430163,0.7632693216355376,0.8838254346665387,1.036712659207512,-1.0427114902408403,-0.27344333757197437,26,105.0,0.15384615384615385,0.23076923076923078,4.038461538461538,30,208.0,0.2,0.06666666666666667,6.933333333333334
2018,15,GB,CHI,17,1.249739678365091,-0.1660110481244378,1.445179183546554,0.6760462894821879,-0.19543950518146302,-0.8420573376066257,19,88.0,0.15789473684210525,0.10526315789473684,4.631578947368421,51,262.0,0.11764705882352941,0.09803921568627451,5.137254901960785
2018,15,DAL,IND,0,0.19401103725873525,-0.5191914104752104,0.9385557352108507,-1.2199941277242214,-0.7445446979521154,0.700802717249011,22,112.0,0.13636363636363635,0.09090909090909091,5.090909090909091,42,180.0,0.023809523809523808,0.09523809523809523,4.285714285714286
2018,15,WAS,JAX,16,-0.4355872224338694,-0.5859028672451984,0.7222952520104337,0.687940741429301,-1.157882474444303,-1.2738436086744993,33,109.0,0.09090909090909091,0.30303030303030304,3.303030303030303,33,177.0,0.06060606060606061,0.09090909090909091,5.363636363636363
2018,15,MIA,MIN,17,0.809783730362227,-0.8461321372286751,-0.22442040333738666,-0.6557828103874047,1.0342041336996135,-0.19034932684127037,20,156.0,0.25,0.1,7.8,34,38.0,0.058823529411764705,0.29411764705882354,1.1176470588235294
2018,15,TEN,NYG,17,-0.10946646418074892,0.3063528015990013,-0.12306226011987124,0.2584616153676896,0.01359579593912233,0.04789118623131172,45,215.0,0.2,0.2,4.777777777777778,22,86.0,0.09090909090909091,0.13636363636363635,3.909090909090909
2018,15,SEA,SF,23,0.8114522413268429,-0.9524312125639888,0.3336112797667934,1.634821462900318,0.4778409615600495,-2.5872526754643066,35,168.0,0.11428571428571428,0.17142857142857143,4.8,35,222.0,0.14285714285714285,0.08571428571428572,6.3428571428571425
2018,15,NE,PIT,10,0.49210669679977104,1.1957451668173433,0.414971865185459,0.6378359698884829,0.07713483161431206,0.5579091969288604,19,96.0,0.15789473684210525,0.0,5.052631578947368,37,272.0,0.10810810810810811,0.05405405405405406,7.351351351351352
2018,15,PHI,LA,30,-1.0025932201408467,0.1836682530508237,-0.47103232916163756,1.043368871861677,-0.5315608909792091,-0.8597006188108532,30,111.0,0.1,0.2,3.7,32,272.0,0.125,0.0,8.5
2018,15,NO,CAR,12,0.38590018705461243,1.1582926700202152,0.5649956386546164,-0.5456415366860099,-0.179095451600004,1.703934206706225,32,155.0,0.125,0.1875,4.84375,38,191.0,0.07894736842105263,0.10526315789473684,5.026315789473684
2018,16,WAS,TEN,16,-0.4355872224338694,-0.5859028672451984,-0.45785583787664763,-0.2028999459673815,0.02226861544277825,-0.3830029212778169,34,161.0,0.11764705882352941,0.058823529411764705,4.735294117647059,26,133.0,0.15384615384615385,0.11538461538461539,5.115384615384615
2018,16,BAL,LAC,22,0.7208670793319942,-0.000511313669322259,0.18570310308670265,-1.0867700173905188,0.5351639762452916,1.0862587037211966,36,159.0,0.1388888888888889,0.3055555555555556,4.416666666666667,28,208.0,0.17857142857142858,0.10714285714285714,7.428571428571429
2018,16,ATL,CAR,24,-0.4066203214229128,0.5440622346344438,0.5649956386546164,-0.5456415366860099,-0.9716159600775293,1.0897037713204538,21,194.0,0.2857142857142857,0.19047619047619047,9.238095238095237,27,233.0,0.14814814814814814,0.037037037037037035,8.62962962962963
2018,16,CIN,CLE,18,0.18544972265505902,0.3718120839478955,0.47637517803692064,0.12473024576541368,-0.29092545538186165,0.2470818381824818,24,102.0,0.16666666666666666,0.25,4.25,26,128.0,0.07692307692307693,0.19230769230769232,4.923076923076923
2018,16,TB,DAL,20,-0.44242878493786314,0.18630085109068073,1.156448354577802,0.1691833500625588,-1.5988771395156651,0.01711750102812193,24,63.0,0.0,0.25,2.625,54,334.0,0.1111111111111111,0.05555555555555555,6.185185185185185
2018,16,MIN,DET,27,-0.4517890135604787,-0.42751284126968897,-0.683670368213416,-0.8826281756898139,0.2318813546529373,0.4551153344201249,28,100.0,0.10714285714285714,0.25,3.5714285714285716,30,240.0,0.23333333333333334,0.06666666666666667,8.0
2018,16,NYG,IND,27,-0.736377677232688,0.07690389028621163,0.9385557352108507,-1.2199941277242214,-1.6749334124435387,1.296898018010433,29,83.0,0.06896551724137931,0.27586206896551724,2.8620689655172415,33,309.0,0.24242424242424243,0.030303030303030304,9.363636363636363
2018,16,JAX,MIA,17,-0.05725148690891843,0.25576613750521354,-0.19563112070464886,0.12312302638748374,0.13837963379573043,0.1326431111177298,32,126.0,0.09375,0.28125,3.9375,30,118.0,0.06666666666666667,0.23333333333333334,3.933333333333333
2018,16,BUF,NE,12,-0.7465488042205085,-1.0090288042147446,-0.899856035807509,0.3990274100367861,0.15330723158700044,-1.4080562142515307,18,72.0,0.1111111111111111,0.05555555555555555,4.0,44,228.0,0.11363636363636363,0.045454545454545456,5.181818181818182
2018,16,GB,NYJ,44,1.249739678365091,-0.1660110481244378,-0.19941850054177276,0.08646496226245477,1.4491581789068637,-0.25247601038689255,21,129.0,0.19047619047619047,0.19047619047619047,6.142857142857143,62,445.0,0.1774193548387097,0.0967741935483871,7.17741935483871
2018,16,HOU,PHI,30,-0.016577689285252453,-1.0715381597486373,0.8391649997900512,0.22921196576823186,-0.8557426890753037,-1.3007501255168692,19,62.0,0.10526315789473684,0.21052631578947367,3.263157894736842,50,350.0,0.16,0.1,7.0
2018,16,CHI,SF,14,0.03376583754735496,0.8694049649799075,0.3336112797667934,1.634821462900318,-0.29984544221943843,-0.7654164979204104,28,90.0,0.0,0.21428571428571427,3.2142857142857144,32,235.0,0.15625,0.09375,7.34375
2018,16,PIT,NO,28,0.26099399933235895,1.227742649180995,1.0853793155127653,0.6223994417596485,-0.8243853161804064,0.6053432074213466,18,65.0,0.05555555555555555,0.2222222222222222,3.611111111111111,54,371.0,0.18518518518518517,0.07407407407407407,6.87037037037037
2018,16,KC,SEA,31,0.4487441655673585,-2.1756957408610607,-0.7411345174327324,1.0880398626169463,1.189878683000091,-3.2637356034780067,20,156.0,0.2,0.1,7.8,44,298.0,0.18181818181818182,0.06818181818181818,6.7727272727272725
2018,17,MIA,BUF,17,0.809783730362227,-0.8461321372286751,0.8838254346665387,1.036712659207512,-0.07404170430431178,-1.8828447964361872,25,99.0,0.08,0.24,3.96,37,138.0,0.05405405405405406,0.13513513513513514,3.72972972972973
2018,17,DET,GB,31,-0.15888605557430163,0.7632693216355376,-0.402112993258983,-0.4730203547447307,0.24322693768468134,1.2362896763802684,38,130.0,0.02631578947368421,0.15789473684210525,3.4210526315789473,34,272.0,0.23529411764705882,0.029411764705882353,8.0
2018,17,JAX,HOU,3,-0.05725148690891843,0.25576613750521354,1.0265523703009678,-0.10275591391202783,-1.0838038572098863,0.35852205141724136,16,30.0,0.0,0.25,1.875,35,104.0,0.05714285714285714,0.17142857142857143,2.9714285714285715
2018,17,NYJ,NE,3,-1.6750666039092619,0.1949122177770846,-0.899856035807509,0.3990274100367861,-0.7752105681017529,-0.2041151922597015,23,104.0,0.21739130434782608,0.43478260869565216,4.521739130434782,33,163.0,0.12121212121212122,0.12121212121212122,4.9393939393939394
2018,17,CAR,NO,33,0.6947142286145896,0.72901054876549,1.0853793155127653,0.6223994417596485,-0.3906650868981757,0.10661110700584153,37,111.0,0.08108108108108109,0.2702702702702703,3.0,34,280.0,0.20588235294117646,0.058823529411764705,8.235294117647058
2018,17,DAL,NYG,36,0.19401103725873525,-0.5191914104752104,-0.12306226011987124,0.2584616153676896,0.3170732973786065,-0.7776530258429,22,51.0,0.045454545454545456,0.36363636363636365,2.3181818181818183,49,371.0,0.1836734693877551,0.12244897959183673,7.571428571428571
2018,17,ATL,TB,34,-0.4066203214229128,0.5440622346344438,-0.2486030460568014,-1.3284418754146927,-0.15801727536611143,1.8725041100491366,30,109.0,0.13333333333333333,0.26666666666666666,3.6333333333333333,47,390.0,0.2127659574468085,0.02127659574468085,8.297872340425531
2018,17,CLE,BAL,24,-1.0789015100153372,-0.3597442471970162,0.4964896084726813,1.395137777029344,-1.5753911184880185,-1.7548820242263603,14,50.0,0.14285714285714285,0.2857142857142857,3.5714285714285716,42,376.0,0.2619047619047619,0.07142857142857142,8.952380952380953
2018,17,LAC,DEN,23,-0.7883971916998751,-0.11826839122287731,-0.47853881446367186,-0.8856181977909369,-0.30985837723620324,0.7673498065680595,30,116.0,0.06666666666666667,0.23333333333333334,3.8666666666666667,25,160.0,0.2,0.04,6.4
2018,17,SF,LA,32,-0.06713159536058952,-0.8544685585025724,-0.47103232916163756,1.043368871861677,0.4039007338010481,-1.8978374303642493,22,127.0,0.13636363636363635,0.18181818181818182,5.7727272727272725,37,266.0,0.16216216216216217,0.08108108108108109,7.1891891891891895
2018,17,CHI,MIN,24,0.03376583754735496,0.8694049649799075,-0.22442040333738666,-0.6557828103874047,0.2581862408847416,1.5251877753673122,37,169.0,0.08108108108108109,0.1891891891891892,4.5675675675675675,29,182.0,0.10344827586206896,0.0,6.275862068965517
2018,17,CIN,PIT,13,0.18544972265505902,0.3718120839478955,0.414971865185459,0.6378359698884829,-0.22952214253039996,-0.2660238859405874,18,125.0,0.16666666666666666,0.1111111111111111,6.944444444444445,29,83.0,0.034482758620689655,0.1724137931034483,2.8620689655172415
2018,17,ARI,SEA,24,0.3184835264648675,-0.19135902652215644,-0.7411345174327324,1.0880398626169463,1.0596180438976,-1.2793988891391028,25,87.0,0.04,0.16,3.48,40,113.0,0.1,0.2,2.825
2018,17,PHI,WAS,24,-1.0025932201408467,0.1836682530508237,-1.2695813449170874,-0.5446295570359863,0.2669881247762407,0.7282978100868099,34,129.0,0.08823529411764706,0.23529411764705882,3.7941176470588234,37,231.0,0.10810810810810811,0.16216216216216217,6.243243243243243
2018,17,IND,TEN,33,0.5171308337705541,1.0103793499447067,-0.45785583787664763,-0.2028999459673815,0.9749866716472018,1.2132792959120882,36,158.0,0.05555555555555555,0.16666666666666666,4.388888888888889,40,298.0,0.225,0.05,7.45
2019,1,GB,CHI,10,0.6633962807394729,0.27627901747931977,0.06488065171352467,1.17358041117026,0.5985156290259482,-0.8973013936909402,22,47.0,0.045454545454545456,0.45454545454545453,2.1363636363636362,36,176.0,0.1111111111111111,0.19444444444444445,4.888888888888889
2019,1,TEN,CLE,43,0.7267936074668897,-0.10820897948805497,-1.0088113675767456,-0.27182184615824806,1.7356049750436353,0.1636128666701931,28,123.0,0.14285714285714285,0.21428571428571427,4.392857142857143,30,234.0,0.13333333333333333,0.16666666666666666,7.8
2019,1,KC,JAX,40,-0.47021331139238665,-0.15523812564851538,-0.811618572882995,1.009638265693053,0.34140526149060835,-1.1648763913415683,26,113.0,0.11538461538461539,0.19230769230769232,4.346153846153846,34,378.0,0.23529411764705882,0.058823529411764705,11.117647058823529
2019,1,BAL,MIA,59,1.1253695812070896,1.600888153617819,-0.7599935163688532,-1.3546967086410258,1.8853630975759428,2.9555848622588448,46,265.0,0.15217391304347827,0.15217391304347827,5.760869565217392,27,378.0,0.25925925925925924,0.037037037037037035,14.0
2019,1,ATL,MIN,12,-0.8860151293680759,0.058513410328116376,-0.3409827719410031,-0.6713371266441263,-0.5450323574270728,0.7298505369722427,17,73.0,0.17647058823529413,0.23529411764705882,4.294117647058823,54,296.0,0.1111111111111111,0.09259259259259259,5.481481481481482
2019,1,BUF,NYJ,17,-0.10660303297474708,0.2073358268604851,1.924087462440496,-0.11712275460240755,-2.030690495415243,0.32445858146289264,25,128.0,0.16,0.2,5.12,44,272.0,0.09090909090909091,0.06818181818181818,6.181818181818182
2019,1,WAS,PHI,27,-0.12868098918159165,-1.566095161582045,0.942389852902801,0.5803965681729061,-1.0710708420843926,-2.1464917297549513,13,28.0,0.0,0.15384615384615385,2.1538461538461537,44,370.0,0.13636363636363635,0.045454545454545456,8.409090909090908
2019,1,IND,LAC,24,-0.546553990025948,-1.1619427947018106,0.33304971840945136,-0.27803003863116904,-0.8796037084353994,-0.8839127560706416,34,205.0,0.08823529411764706,0.11764705882352941,6.029411764705882,30,179.0,0.2,0.1,5.966666666666667
2019,1,CIN,SEA,20,-0.6050063322772407,0.9252205090168845,-0.0286831705270075,-0.7915927843030474,-0.5763231617502331,1.7168132933199318,14,34.0,0.07142857142857142,0.35714285714285715,2.4285714285714284,56,395.0,0.14285714285714285,0.10714285714285714,7.053571428571429
2019,1,DET,ARI,27,-0.14636738487750434,-0.029413951246211045,0.3967916894206712,-0.9208477085778153,-0.5431590742981756,0.8914337573316042,32,116.0,0.03125,0.1875,3.625,48,371.0,0.1875,0.08333333333333333,7.729166666666667
2019,1,NYG,DAL,17,-0.052524667227497546,-1.0208676271169006,0.0026870546144314167,0.16995975268022642,-0.05521172184192896,-1.190827379797127,17,151.0,0.29411764705882354,0.058823529411764705,8.882352941176471,51,330.0,0.09803921568627451,0.0196078431372549,6.470588235294118
2019,1,SF,TB,31,0.203653311018696,0.6529046925371609,2.1728200434885556,0.46068703826395935,-1.9691667324698596,0.19221765427320153,32,98.0,0.125,0.34375,3.0625,29,160.0,0.10344827586206896,0.10344827586206896,5.517241379310345
2019,1,PIT,NE,3,-0.39659157971345343,-0.9310714145263582,-0.376654593024898,0.03102909559992929,-0.019936986688555425,-0.9621005101262875,13,32.0,0.0,0.23076923076923078,2.4615384615384617,49,283.0,0.12244897959183673,0.02040816326530612,5.775510204081633
2019,1,HOU,NO,28,0.7023936591242784,-0.018399193243946437,0.3239302565407294,0.5599975585305698,0.37846340258354905,-0.5783967517745162,23,180.0,0.30434782608695654,0.13043478260869565,7.826086956521739,38,253.0,0.18421052631578946,0.21052631578947367,6.657894736842105
2019,2,TB,CAR,20,-0.12950189908365067,-0.08071280572586566,-1.0792471089805034,0.5746383271664172,0.9497452098968526,-0.6553511328922829,31,100.0,0.12903225806451613,0.2903225806451613,3.225806451612903,29,198.0,0.1724137931034483,0.13793103448275862,6.827586206896552
2019,2,ARI,BAL,17,0.2739037898520899,0.8353505858610419,-0.5440237439714952,0.3243935763668378,0.8179275338235852,0.5109570094942042,11,20.0,0.0,0.2727272727272727,1.8181818181818181,44,338.0,0.18181818181818182,0.11363636363636363,7.681818181818182
2019,2,SF,CIN,41,0.203653311018696,0.6529046925371609,-0.43390972128874095,-0.2088525937173256,0.6375630323074369,0.8617572862544864,42,259.0,0.21428571428571427,0.11904761904761904,6.166666666666667,28,322.0,0.25,0.03571428571428571,11.5
2019,2,LAC,DET,10,-0.34656482160928026,0.5826294211395143,-0.14669703290401487,-0.9232635329538308,-0.1998677887052654,1.505892954093345,25,137.0,0.16,0.16,5.48,38,299.0,0.21052631578947367,0.05263157894736842,7.868421052631579
2019,2,MIN,GB,16,0.2942952134804333,-0.19373042876342395,-1.2334247138384682,-0.18755158206913794,1.5277199273189015,-0.006178846694286005,27,198.0,0.18518518518518517,0.14814814814814814,7.333333333333333,35,240.0,0.14285714285714285,0.08571428571428572,6.857142857142857
2019,2,JAX,HOU,12,-0.30035367384385636,0.6292696142337372,-0.1764669664955621,-0.6211899906480237,-0.12388670734829427,1.2504596048817609,22,103.0,0.18181818181818182,0.13636363636363635,4.681818181818182,43,234.0,0.06976744186046512,0.09302325581395349,5.441860465116279
2019,2,NE,MIA,43,-0.030865235672509372,0.7902522064973732,-0.7599935163688532,-1.3546967086410258,0.7291282806963437,2.144948915138399,35,124.0,0.08571428571428572,0.11428571428571428,3.5428571428571427,30,255.0,0.3,0.06666666666666667,8.5
2019,2,BUF,NYG,28,-0.10660303297474708,0.2073358268604851,0.6787776161939647,0.4050361236747651,-0.7853806491687118,-0.19770029681428,34,151.0,0.08823529411764706,0.20588235294117646,4.4411764705882355,36,256.0,0.1388888888888889,0.08333333333333333,7.111111111111111
2019,2,SEA,PIT,28,0.25185725741769605,-1.3558078241178286,0.998162554589246,1.6361608411277466,-0.7463052971715499,-2.991968665245575,33,151.0,0.15151515151515152,0.2727272727272727,4.575757575757576,41,299.0,0.14634146341463414,0.12195121951219512,7.2926829268292686
2019,2,IND,TEN,19,-0.546553990025948,-1.1619427947018106,0.19312539737073758,-0.6188648389068955,-0.7396793873966856,-0.5430779557949151,34,167.0,0.08823529411764706,0.20588235294117646,4.911764705882353,34,142.0,0.058823529411764705,0.08823529411764706,4.176470588235294
2019,2,DAL,WAS,31,1.2150918859018027,0.6440057146928972,-0.4495734464301968,1.3023695769764003,1.6646653323319995,-0.6583638622835031,34,213.0,0.20588235294117646,0.11764705882352941,6.264705882352941,32,276.0,0.1875,0.125,8.625
2019,2,CHI,DEN,16,0.22554346820893645,0.14692622626815025,-0.15084544629225483,-0.04211956468736874,0.3763889145011913,0.189045790955519,29,153.0,0.10344827586206896,0.1724137931034483,5.275862068965517,27,120.0,0.1111111111111111,0.07407407407407407,4.444444444444445
2019,2,NO,LA,9,0.44570731275578496,1.2333465099021381,-0.19434866964848624,0.7361648570971863,0.6400559824042712,0.49718165280495186,20,57.0,0.05,0.2,2.85,39,192.0,0.15384615384615385,0.07692307692307693,4.923076923076923
2019,2,PHI,ATL,20,-0.2872492394571361,-0.22833744087277727,0.16082431657645369,-1.1396488558071398,-0.4480735560335898,0.9113114149343625,22,49.0,0.0,0.22727272727272727,2.227272727272727,52,239.0,0.09615384615384616,0.07692307692307693,4.596153846153846
2019,2,CLE,NYJ,23,-0.34943789121456514,0.28181963082618544,1.924087462440496,-0.11712275460240755,-2.273525353655061,0.398942385428593,21,70.0,0.09523809523809523,0.3333333333333333,3.3333333333333335,37,305.0,0.1891891891891892,0.13513513513513514,8.243243243243244
2019,3,TEN,JAX,7,0.7267936074668897,-0.10820897948805497,-0.811618572882995,1.009638265693053,1.5384121803498847,-1.117847245181108,26,91.0,0.07692307692307693,0.15384615384615385,3.5,53,278.0,0.1509433962264151,0.18867924528301888,5.245283018867925
2019,3,CIN,BUF,17,-0.6050063322772407,0.9252205090168845,0.4696384544209541,0.005025299197560129,-1.0746447866981947,0.9201952098193243,19,66.0,0.21052631578947367,0.2631578947368421,3.473684210526316,37,240.0,0.1891891891891892,0.08108108108108109,6.486486486486487
2019,3,MIA,DAL,6,-1.3283825884798368,-1.1198462790304011,0.0026870546144314167,0.16995975268022642,-1.3310696430942683,-1.2898060317106275,24,72.0,0.0,0.25,3.0,47,224.0,0.10638297872340426,0.0851063829787234,4.76595744680851
2019,3,DEN,GB,16,-0.3623845376159207,-0.32470716247897863,-1.2334247138384682,-0.18755158206913794,0.8710401762225475,-0.1371555804098407,38,149.0,0.07894736842105263,0.13157894736842105,3.9210526315789473,35,164.0,0.14285714285714285,0.22857142857142856,4.685714285714286
2019,3,ATL,IND,24,-0.8860151293680759,0.058513410328116376,0.282479166029072,-0.4623269306796208,-1.168494295397148,0.5208403410077371,20,93.0,0.15,0.3,4.65,34,304.0,0.23529411764705882,0.029411764705882353,8.941176470588236
2019,3,BAL,KC,28,1.1253695812070896,1.600888153617819,-0.8895738849502348,-0.2804252893296075,2.0149434661573244,1.8813134429474265,34,203.0,0.11764705882352941,0.08823529411764706,5.970588235294118,51,276.0,0.11764705882352941,0.058823529411764705,5.411764705882353
2019,3,NYJ,NE,14,-0.5566219173080557,-1.5662037050582482,-0.376654593024898,0.03102909559992929,-0.17996732428315765,-1.5972328006581775,20,36.0,0.0,0.3,1.8,27,69.0,0.1111111111111111,0.25925925925925924,2.5555555555555554
2019,3,DET,PHI,27,-0.14636738487750434,-0.029413951246211045,0.942389852902801,0.5803965681729061,-1.0887572377803054,-0.6098105194191171,28,86.0,0.07142857142857142,0.4642857142857143,3.0714285714285716,33,204.0,0.21212121212121213,0.06060606060606061,6.181818181818182
2019,3,CAR,ARI,38,0.9019128541500705,0.04902201847910104,0.3967916894206712,-0.9208477085778153,0.5051211647293993,0.9698697270569163,31,173.0,0.06451612903225806,0.16129032258064516,5.580645161290323,29,241.0,0.2413793103448276,0.06896551724137931,8.310344827586206
2019,3,NYG,TB,32,-0.052524667227497546,-1.0208676271169006,2.1728200434885556,0.46068703826395935,-2.2253447107160533,-1.48155466538086,19,72.0,0.10526315789473684,0.21052631578947367,3.789473684210526,45,335.0,0.17777777777777778,0.13333333333333333,7.444444444444445
2019,3,HOU,LAC,27,0.7023936591242784,-0.018399193243946437,0.33304971840945136,-0.27803003863116904,0.36934394071482707,0.2596308453872226,19,39.0,0.10526315789473684,0.3157894736842105,2.0526315789473686,40,360.0,0.225,0.075,9.0
2019,3,NO,SEA,33,0.44570731275578496,1.2333465099021381,-0.0286831705270075,-0.7915927843030474,0.47439048328279243,2.0249392942051854,24,88.0,0.08333333333333333,0.20833333333333334,3.6666666666666665,29,189.0,0.13793103448275862,0.0,6.517241379310345
2019,3,PIT,SF,20,-0.39659157971345343,-0.9310714145263582,-0.3187895075896515,0.5564727637518233,-0.07780207212380191,-1.4875441782781815,22,79.0,0.045454545454545456,0.18181818181818182,3.590909090909091,33,175.0,0.06060606060606061,0.12121212121212122,5.303030303030303
2019,3,CHI,WAS,31,0.22554346820893645,0.14692622626815025,-0.4495734464301968,1.3023695769764003,0.6751169146391333,-1.15544335070825,24,90.0,0.041666666666666664,0.16666666666666666,3.75,34,208.0,0.08823529411764706,0.11764705882352941,6.117647058823529
2019,4,PHI,GB,34,-0.2872492394571361,-0.22833744087277727,-1.2334247138384682,-0.18755158206913794,0.9461754743813321,-0.04078585880363933,33,176.0,0.15151515151515152,0.12121212121212122,5.333333333333333,30,171.0,0.1,0.03333333333333333,5.7
2019,4,TEN,ATL,24,0.7267936074668897,-0.10820897948805497,0.16082431657645369,-1.1396488558071398,0.565969290890436,1.0314398763190848,34,138.0,0.11764705882352941,0.2647058823529412,4.0588235294117645,28,231.0,0.21428571428571427,0.10714285714285714,8.25
2019,4,CLE,BAL,40,-0.34943789121456514,0.28181963082618544,-0.5440237439714952,0.3243935763668378,0.19458585275693008,-0.04257394554065236,29,193.0,0.1724137931034483,0.1724137931034483,6.655172413793103,34,338.0,0.23529411764705882,0.058823529411764705,9.941176470588236
2019,4,NE,BUF,16,-0.030865235672509372,0.7902522064973732,0.4696384544209541,0.005025299197560129,-0.5005036900934634,0.785226907299813,23,74.0,0.043478260869565216,0.30434782608695654,3.217391304347826,39,150.0,0.05128205128205128,0.02564102564102564,3.8461538461538463
2019,4,KC,DET,34,-0.47021331139238665,-0.15523812564851538,-0.14669703290401487,-0.9232635329538308,-0.3235162784883718,0.7680254073053154,25,123.0,0.12,0.2,4.92,47,367.0,0.2127659574468085,0.02127659574468085,7.808510638297872
2019,4,CAR,HOU,16,0.9019128541500705,0.04902201847910104,-0.1764669664955621,-0.6211899906480237,1.0783798206456325,0.6702120091271248,28,94.0,0.10714285714285714,0.14285714285714285,3.357142857142857,37,203.0,0.1891891891891892,0.16216216216216217,5.486486486486487
2019,4,LAC,MIA,30,-0.34656482160928026,0.5826294211395143,-0.7599935163688532,-1.3546967086410258,0.4134286947595729,1.9373261297805402,33,79.0,0.0,0.30303030303030304,2.393939393939394,32,311.0,0.3125,0.03125,9.71875
2019,4,WAS,NYG,3,-0.12868098918159165,-1.566095161582045,0.6787776161939647,0.4050361236747651,-0.8074586053755564,-1.9711312852568101,17,55.0,0.058823529411764705,0.17647058823529413,3.235294117647059,33,144.0,0.06060606060606061,0.09090909090909091,4.363636363636363
2019,4,SEA,ARI,27,0.25185725741769605,-1.3558078241178286,0.3967916894206712,-0.9208477085778153,-0.14493443200297518,-0.43496011554001335,27,115.0,0.1111111111111111,0.25925925925925924,4.2592592592592595,34,232.0,0.17647058823529413,0.11764705882352941,6.823529411764706
2019,4,TB,LA,55,-0.12950189908365067,-0.08071280572586566,-0.19434866964848624,0.7361648570971863,0.06484677056483557,-0.816877662823052,30,88.0,0.06666666666666667,0.36666666666666664,2.933333333333333,43,376.0,0.13953488372093023,0.046511627906976744,8.744186046511627
2019,4,MIN,CHI,6,0.2942952134804333,-0.19373042876342395,0.06488065171352467,1.17358041117026,0.22941456176690864,-1.3673108399336837,16,40.0,0.0,0.125,2.5,43,182.0,0.06976744186046512,0.18604651162790697,4.232558139534884
2019,4,JAX,DEN,26,-0.30035367384385636,0.6292696142337372,-0.15084544629225483,-0.04211956468736874,-0.14950822755160154,0.671389178921106,38,269.0,0.21052631578947367,0.05263157894736842,7.078947368421052,38,186.0,0.15789473684210525,0.13157894736842105,4.894736842105263
2019,4,DAL,NO,10,1.2150918859018027,0.6440057146928972,0.3239302565407294,0.5599975585305698,0.8911616293610733,0.08400815616232749,20,45.0,0.0,0.15,2.25,34,219.0,0.08823529411764706,0.029411764705882353,6.4411764705882355
2019,4,CIN,PIT,3,-0.6050063322772407,0.9252205090168845,0.998162554589246,1.6361608411277466,-1.6031688868664866,-0.7109403321108622,19,73.0,0.05263157894736842,0.15789473684210525,3.8421052631578947,46,106.0,0.043478260869565216,0.2826086956521739,2.3043478260869565
2019,5,JAX,CAR,27,-0.30035367384385636,0.6292696142337372,-1.0792471089805034,0.5746383271664172,0.778893435136647,0.05463128706732001,31,149.0,0.12903225806451613,0.25806451612903225,4.806451612903226,51,401.0,0.17647058823529413,0.0392156862745098,7.862745098039215
2019,5,ARI,CIN,26,0.2739037898520899,0.8353505858610419,-0.43390972128874095,-0.2088525937173256,0.7078135111408308,1.0442031795783675,38,266.0,0.21052631578947367,0.05263157894736842,7.0,35,292.0,0.22857142857142856,0.05714285714285714,8.342857142857143
2019,5,ATL,HOU,32,-0.8860151293680759,0.058513410328116376,-0.1764669664955621,-0.6211899906480237,-0.7095481628725138,0.6797034009761401,20,57.0,0.1,0.3,2.85,50,325.0,0.1,0.06,6.5
2019,5,TB,NO,24,-0.12950189908365067,-0.08071280572586566,0.3239302565407294,0.5599975585305698,-0.45343215562438005,-0.6407103642564355,22,94.0,0.09090909090909091,0.13636363636363635,4.2727272727272725,36,171.0,0.1111111111111111,0.19444444444444445,4.75
2019,5,MIN,NYG,28,0.2942952134804333,-0.19373042876342395,0.6787776161939647,0.4050361236747651,-0.3844824027135314,-0.5987665524381891,34,211.0,0.2647058823529412,0.23529411764705882,6.205882352941177,31,283.0,0.3225806451612903,0.16129032258064516,9.129032258064516
2019,5,NYJ,PHI,6,-0.5566219173080557,-1.5662037050582482,0.942389852902801,0.5803965681729061,-1.4990117702108567,-2.1466002732311544,19,67.0,0.10526315789473684,0.2631578947368421,3.526315789473684,37,61.0,0.05405405405405406,0.2972972972972973,1.6486486486486487
2019,5,BAL,PIT,26,1.1253695812070896,1.600888153617819,0.998162554589246,1.6361608411277466,0.12720702661784367,-0.035272687509927625,40,138.0,0.025,0.175,3.45,38,165.0,0.05263157894736842,0.13157894736842105,4.342105263157895
2019,5,BUF,TEN,14,-0.10660303297474708,0.2073358268604851,0.19312539737073758,-0.6188648389068955,-0.2997284303454847,0.8262006657673806,27,109.0,0.1111111111111111,0.18518518518518517,4.037037037037037,40,220.0,0.075,0.125,5.5
2019,5,NE,WAS,33,-0.030865235672509372,0.7902522064973732,-0.4495734464301968,1.3023695769764003,0.41870821075768744,-0.5121173704790272,27,130.0,0.14814814814814814,0.2222222222222222,4.814814814814815,47,312.0,0.2127659574468085,0.0851063829787234,6.638297872340425
2019,5,DEN,LAC,20,-0.3623845376159207,-0.32470716247897863,0.33304971840945136,-0.27803003863116904,-0.6954342560253721,-0.04667712384780959,32,191.0,0.21875,0.125,5.96875,25,167.0,0.08,0.16,6.68
2019,5,GB,DAL,34,0.6633962807394729,0.27627901747931977,0.0026870546144314167,0.16995975268022642,0.6607092261250415,0.10631926479909334,29,120.0,0.20689655172413793,0.27586206896551724,4.137931034482759,37,218.0,0.16216216216216217,0.08108108108108109,5.891891891891892
2019,5,IND,KC,19,-0.546553990025948,-1.1619427947018106,-0.8895738849502348,-0.2804252893296075,0.34301989492428686,-0.8815175053722031,45,180.0,0.1111111111111111,0.15555555555555556,4.0,31,159.0,0.03225806451612903,0.0,5.129032258064516
2019,5,CLE,SF,3,-0.34943789121456514,0.28181963082618544,-0.3187895075896515,0.5564727637518233,-0.030648383624913622,-0.27465313292563787,18,102.0,0.16666666666666666,0.05555555555555555,5.666666666666667,28,78.0,0.14285714285714285,0.17857142857142858,2.7857142857142856
2019,6,NYG,NE,14,-0.052524667227497546,-1.0208676271169006,-0.376654593024898,0.03102909559992929,0.32412992579740046,-1.0518967227168299,16,52.0,0.0625,0.125,3.25,33,170.0,0.06060606060606061,0.09090909090909091,5.151515151515151
2019,6,CAR,TB,37,0.9019128541500705,0.04902201847910104,2.1728200434885556,0.46068703826395935,-1.2709071893384851,-0.4116650197848583,29,59.0,0.06896551724137931,0.3793103448275862,2.0344827586206895,34,209.0,0.20588235294117646,0.08823529411764706,6.147058823529412
2019,6,CIN,BAL,17,-0.6050063322772407,0.9252205090168845,-0.5440237439714952,0.3243935763668378,-0.06098258830574543,0.6008269326500466,14,33.0,0.07142857142857142,0.2857142857142857,2.357142857142857,42,219.0,0.16666666666666666,0.07142857142857142,5.214285714285714
2019,6,SEA,CLE,32,0.25185725741769605,-1.3558078241178286,-1.0088113675767456,-0.27182184615824806,1.2606686249944417,-1.0839859779595806,39,170.0,0.15384615384615385,0.23076923076923078,4.358974358974359,41,324.0,0.21951219512195122,0.07317073170731707,7.902439024390244
2019,6,NO,JAX,13,0.44570731275578496,1.2333465099021381,-0.811618572882995,1.009638265693053,1.25732588563878,0.2237082442090852,26,104.0,0.11538461538461539,0.23076923076923078,4.0,39,222.0,0.10256410256410256,0.10256410256410256,5.6923076923076925
2019,6,HOU,KC,31,0.7023936591242784,-0.018399193243946437,-0.8895738849502348,-0.2804252893296075,1.5919675440745134,0.262026096085661,41,192.0,0.12195121951219512,0.14634146341463414,4.682926829268292,48,306.0,0.125,0.020833333333333332,6.375
2019,6,WAS,MIA,17,-0.12868098918159165,-1.566095161582045,-0.7599935163688532,-1.3546967086410258,0.6313125271872615,-0.21139845294101933,33,145.0,0.06060606060606061,0.21212121212121213,4.393939393939394,26,175.0,0.15384615384615385,0.0,6.730769230769231
2019,6,PHI,MIN,20,-0.2872492394571361,-0.22833744087277727,-0.3409827719410031,-0.6713371266441263,0.05373353248386703,0.44299968577134896,22,108.0,0.13636363636363635,0.13636363636363635,4.909090909090909,44,299.0,0.1590909090909091,0.09090909090909091,6.795454545454546
2019,6,ATL,ARI,33,-0.8860151293680759,0.058513410328116376,0.3967916894206712,-0.9208477085778153,-1.2828068187887471,0.9793611189059317,25,103.0,0.08,0.16,4.12,40,348.0,0.275,0.1,8.7
2019,6,SF,LA,20,0.203653311018696,0.6529046925371609,-0.19434866964848624,0.7361648570971863,0.39800198066718223,-0.08326016456002538,41,99.0,0.0,0.2926829268292683,2.4146341463414633,35,232.0,0.11428571428571428,0.11428571428571428,6.628571428571429
2019,6,TEN,DEN,0,0.7267936074668897,-0.10820897948805497,-0.15084544629225483,-0.04211956468736874,0.8776390537591445,-0.06608941480068622,21,39.0,0.0,0.3333333333333333,1.8571428571428572,43,176.0,0.11627906976744186,0.16279069767441862,4.093023255813954
2019,6,DAL,NYJ,22,1.2150918859018027,0.6440057146928972,1.924087462440496,-0.11712275460240755,-0.7089955765386933,0.7611284692953048,34,129.0,0.11764705882352941,0.17647058823529413,3.7941176470588234,43,278.0,0.13953488372093023,0.023255813953488372,6.465116279069767
2019,6,PIT,LAC,24,-0.39659157971345343,-0.9310714145263582,0.33304971840945136,-0.27803003863116904,-0.7296412981229048,-0.6530413758951892,36,124.0,0.08333333333333333,0.2222222222222222,3.4444444444444446,21,134.0,0.09523809523809523,0.047619047619047616,6.380952380952381
2019,6,DET,GB,22,-0.14636738487750434,-0.029413951246211045,-1.2334247138384682,-0.18755158206913794,1.087057328960964,0.1581376308229269,20,56.0,0.05,0.25,2.8,36,253.0,0.1388888888888889,0.08333333333333333,7.027777777777778
2019,7,KC,DEN,30,-0.47021331139238665,-0.15523812564851538,-0.15084544629225483,-0.04211956468736874,-0.3193678651001318,-0.11311856096114664,27,80.0,0.07407407407407407,0.2222222222222222,2.962962962962963,31,191.0,0.0967741935483871,0.0967741935483871,6.161290322580645
2019,7,MIA,BUF,21,-1.3283825884798368,-1.1198462790304011,0.4696384544209541,0.005025299197560129,-1.7980210429007908,-1.1248715782279612,30,109.0,0.16666666666666666,0.3333333333333333,3.6333333333333333,38,298.0,0.15789473684210525,0.05263157894736842,7.842105263157895
2019,7,JAX,CIN,27,-0.30035367384385636,0.6292696142337372,-0.43390972128874095,-0.2088525937173256,0.13355604744488458,0.8381222079510627,44,216.0,0.18181818181818182,0.25,4.909090909090909,40,294.0,0.125,0.05,7.35
2019,7,MIN,DET,42,0.2942952134804333,-0.19373042876342395,-0.14669703290401487,-0.9232635329538308,0.44099224638444817,0.7295331041904068,37,166.0,0.13513513513513514,0.24324324324324326,4.486486486486487,34,338.0,0.23529411764705882,0.0,9.941176470588236
2019,7,HOU,IND,23,0.7023936591242784,-0.018399193243946437,0.282479166029072,-0.4623269306796208,0.4199144930952064,0.4439277374356743,24,100.0,0.16666666666666666,0.25,4.166666666666667,40,323.0,0.175,0.075,8.075
2019,7,ARI,NYG,27,0.2739037898520899,0.8353505858610419,0.6787776161939647,0.4050361236747651,-0.4048738263418748,0.43031446218627684,38,156.0,0.18421052631578946,0.23684210526315788,4.105263157894737,27,112.0,0.0,0.07407407407407407,4.148148148148148
2019,7,SF,WAS,9,0.203653311018696,0.6529046925371609,-0.4495734464301968,1.3023695769764003,0.6532267574488928,-0.6494648844392394,39,137.0,0.05128205128205128,0.15384615384615385,3.5128205128205128,25,164.0,0.2,0.16,6.56
2019,7,LAC,TEN,20,-0.34656482160928026,0.5826294211395143,0.19312539737073758,-0.6188648389068955,-0.5396902189800179,1.2014942600464098,21,39.0,0.0,0.3333333333333333,1.8571428571428572,39,326.0,0.28205128205128205,0.05128205128205128,8.35897435897436
2019,7,NO,CHI,36,0.44570731275578496,1.2333465099021381,0.06488065171352467,1.17358041117026,0.38082666104226026,0.059766098731878214,35,151.0,0.08571428571428572,0.14285714285714285,4.314285714285714,41,282.0,0.14634146341463414,0.024390243902439025,6.878048780487805
2019,7,BAL,SEA,30,1.1253695812070896,1.600888153617819,-0.0286831705270075,-0.7915927843030474,1.154052751734097,2.3924809379208662,35,199.0,0.17142857142857143,0.2,5.685714285714286,26,227.0,0.11538461538461539,0.038461538461538464,8.73076923076923
2019,7,PHI,DAL,10,-0.2872492394571361,-0.22833744087277727,0.0026870546144314167,0.16995975268022642,-0.2899362940715675,-0.3982971935530037,28,115.0,0.07142857142857142,0.14285714285714285,4.107142857142857,31,179.0,0.16129032258064516,0.12903225806451613,5.774193548387097
2019,7,NE,NYJ,33,-0.030865235672509372,0.7902522064973732,1.924087462440496,-0.11712275460240755,-1.9549526981130054,0.9073749610997807,34,74.0,0.058823529411764705,0.5,2.176470588235294,45,249.0,0.1111111111111111,0.044444444444444446,5.533333333333333
2019,8,WAS,MIN,9,-0.12868098918159165,-1.566095161582045,-0.3409827719410031,-0.6713371266441263,0.21230178275941147,-0.8947580349379188,16,85.0,0.1875,0.25,5.3125,25,131.0,0.16,0.16,5.24
2019,8,SEA,ATL,27,0.25185725741769605,-1.3558078241178286,0.16082431657645369,-1.1396488558071398,0.09103294084124236,-0.21615896831068881,33,151.0,0.12121212121212122,0.15151515151515152,4.575757575757576,24,177.0,0.25,0.08333333333333333,7.375
2019,8,PHI,BUF,31,-0.2872492394571361,-0.22833744087277727,0.4696384544209541,0.005025299197560129,-0.7568876938780902,-0.2333627400703374,42,220.0,0.16666666666666666,0.3333333333333333,5.238095238095238,30,179.0,0.16666666666666666,0.16666666666666666,5.966666666666667
2019,8,LAC,CHI,17,-0.34656482160928026,0.5826294211395143,0.06488065171352467,1.17358041117026,-0.4114454733228049,-0.5909509900307456,12,36.0,0.08333333333333333,0.3333333333333333,3.0,30,195.0,0.13333333333333333,0.06666666666666667,6.5
2019,8,NYG,DET,26,-0.052524667227497546,-1.0208676271169006,-0.14669703290401487,-0.9232635329538308,0.09417236567651732,-0.09760409416306981,24,80.0,0.041666666666666664,0.20833333333333334,3.3333333333333335,46,299.0,0.1956521739130435,0.08695652173913043,6.5
2019,8,DEN,IND,13,-0.3623845376159207,-0.32470716247897863,0.282479166029072,-0.4623269306796208,-0.6448637036449927,0.13761976820064215,28,113.0,0.10714285714285714,0.17857142857142858,4.035714285714286,36,175.0,0.1388888888888889,0.16666666666666666,4.861111111111111
2019,8,NYJ,JAX,15,-0.5566219173080557,-1.5662037050582482,-0.811618572882995,1.009638265693053,0.25499665557493933,-2.575841970751301,14,46.0,0.07142857142857142,0.21428571428571427,3.2857142857142856,39,169.0,0.15384615384615385,0.23076923076923078,4.333333333333333
2019,8,CIN,LA,10,-0.6050063322772407,0.9252205090168845,-0.19434866964848624,0.7361648570971863,-0.4106576626287544,0.1890556519196982,22,104.0,0.18181818181818182,0.09090909090909091,4.7272727272727275,55,301.0,0.10909090909090909,0.12727272727272726,5.472727272727273
2019,8,ARI,NO,9,0.2739037898520899,0.8353505858610419,0.3239302565407294,0.5599975585305698,-0.05002646668863947,0.2753530273304722,11,40.0,0.09090909090909091,0.36363636363636365,3.6363636363636362,38,197.0,0.13157894736842105,0.13157894736842105,5.184210526315789
2019,8,TB,TEN,23,-0.12950189908365067,-0.08071280572586566,0.19312539737073758,-0.6188648389068955,-0.32262729645438826,0.5381520331810298,30,106.0,0.03333333333333333,0.16666666666666666,3.533333333333333,53,336.0,0.09433962264150944,0.05660377358490566,6.339622641509434
2019,8,CAR,SF,13,0.9019128541500705,0.04902201847910104,-0.3187895075896515,0.5564727637518233,1.220702361739722,-0.5074507452727223,20,132.0,0.1,0.2,6.6,44,100.0,0.06818181818181818,0.1590909090909091,2.272727272727273
2019,8,CLE,NE,13,-0.34943789121456514,0.28181963082618544,-0.376654593024898,0.03102909559992929,0.027216701810332866,0.25079053522625616,22,159.0,0.2727272727272727,0.22727272727272727,7.2272727272727275,37,169.0,0.08108108108108109,0.13513513513513514,4.5675675675675675
2019,8,GB,KC,31,0.6633962807394729,0.27627901747931977,-0.8895738849502348,-0.2804252893296075,1.5529701656897077,0.5567043068089272,26,118.0,0.07692307692307693,0.19230769230769232,4.538461538461538,41,288.0,0.0975609756097561,0.12195121951219512,7.024390243902439
2019,8,MIA,PIT,14,-1.3283825884798368,-1.1198462790304011,0.998162554589246,1.6361608411277466,-2.3265451430690827,-2.7560071201581477,19,60.0,0.0,0.15789473684210525,3.1578947368421053,41,188.0,0.0975609756097561,0.12195121951219512,4.585365853658536
2019,9,SF,ARI,28,0.203653311018696,0.6529046925371609,0.3967916894206712,-0.9208477085778153,-0.19313837840197523,1.5737524011149762,31,101.0,0.0967741935483871,0.3870967741935484,3.2580645161290325,39,314.0,0.20512820512820512,0.02564102564102564,8.051282051282051
2019,9,HOU,JAX,26,0.7023936591242784,-0.018399193243946437,-0.811618572882995,1.009638265693053,1.5140122320072735,-1.0280374589369994,34,216.0,0.11764705882352941,0.17647058823529413,6.352941176470588,32,213.0,0.125,0.0625,6.65625
2019,9,WAS,BUF,9,-0.12868098918159165,-1.566095161582045,0.4696384544209541,0.005025299197560129,-0.5983194436025457,-1.5711204607796052,23,127.0,0.17391304347826086,0.30434782608695654,5.521739130434782,29,130.0,0.06896551724137931,0.1724137931034483,4.482758620689655
2019,9,TEN,CAR,20,0.7267936074668897,-0.10820897948805497,-1.0792471089805034,0.5746383271664172,1.806040716447393,-0.6828473066544721,21,121.0,0.19047619047619047,0.14285714285714285,5.761904761904762,45,347.0,0.2,0.13333333333333333,7.711111111111111
2019,9,MIN,KC,23,0.2942952134804333,-0.19373042876342395,-0.8895738849502348,-0.2804252893296075,1.1838690984306681,0.08669486056618353,27,96.0,0.07407407407407407,0.14814814814814814,3.5555555555555554,40,217.0,0.2,0.05,5.425
2019,9,NYJ,MIA,18,-0.5566219173080557,-1.5662037050582482,-0.7599935163688532,-1.3546967086410258,0.2033715990607975,-0.21150699641722248,21,83.0,0.09523809523809523,0.19047619047619047,3.9523809523809526,42,239.0,0.11904761904761904,0.09523809523809523,5.690476190476191
2019,9,CHI,PHI,14,0.22554346820893645,0.14692622626815025,0.942389852902801,0.5803965681729061,-0.7168463846938645,-0.43347034190475586,18,62.0,0.05555555555555555,0.2222222222222222,3.4444444444444446,25,109.0,0.08,0.12,4.36
2019,9,IND,PIT,24,-0.546553990025948,-1.1619427947018106,0.998162554589246,1.6361608411277466,-1.544716544615194,-2.7981036358295572,29,139.0,0.06896551724137931,0.1724137931034483,4.793103448275862,39,202.0,0.15384615384615385,0.15384615384615385,5.17948717948718
2019,9,TB,SEA,34,-0.12950189908365067,-0.08071280572586566,-0.0286831705270075,-0.7915927843030474,-0.10081872855664317,0.7108799785771817,26,99.0,0.11538461538461539,0.23076923076923078,3.8076923076923075,47,324.0,0.19148936170212766,0.0425531914893617,6.8936170212765955
2019,9,CLE,DEN,19,-0.34943789121456514,0.28181963082618544,-0.15084544629225483,-0.04211956468736874,-0.19859244492231032,0.32393919551355416,29,90.0,0.06896551724137931,0.20689655172413793,3.103448275862069,46,283.0,0.08695652173913043,0.08695652173913043,6.1521739130434785
2019,9,GB,LAC,11,0.6633962807394729,0.27627901747931977,0.33304971840945136,-0.27803003863116904,0.3303465623300215,0.5543090561104889,12,47.0,0.0,0.08333333333333333,3.9166666666666665,39,144.0,0.02564102564102564,0.1282051282051282,3.6923076923076925
2019,9,NE,BAL,20,-0.030865235672509372,0.7902522064973732,-0.5440237439714952,0.3243935763668378,0.5131585082989858,0.46585863013053536,17,74.0,0.058823529411764705,0.058823529411764705,4.352941176470588,48,268.0,0.125,0.08333333333333333,5.583333333333333
2019,9,DAL,NYG,37,1.2150918859018027,0.6440057146928972,0.6787776161939647,0.4050361236747651,0.536314269707838,0.23896959101813214,30,172.0,0.13333333333333333,0.16666666666666666,5.733333333333333,36,268.0,0.1388888888888889,0.0,7.444444444444445
2019,10,DET,CHI,13,-0.14636738487750434,-0.029413951246211045,0.06488065171352467,1.17358041117026,-0.211248036591029,-1.202994362416471,27,98.0,0.1111111111111111,0.14814814814814814,3.6296296296296298,50,290.0,0.12,0.06,5.8
2019,10,BAL,CIN,49,1.1253695812070896,1.600888153617819,-0.43390972128874095,-0.2088525937173256,1.5592793024958307,1.8097407473351446,23,136.0,0.08695652173913043,0.21739130434782608,5.913043478260869,23,252.0,0.2608695652173913,0.08695652173913043,10.956521739130435
2019,10,BUF,CLE,16,-0.10660303297474708,0.2073358268604851,-1.0088113675767456,-0.27182184615824806,0.9022083346019986,0.47915767301873313,20,84.0,0.15,0.15,4.2,43,263.0,0.20930232558139536,0.046511627906976744,6.116279069767442
2019,10,ATL,NO,26,-0.8860151293680759,0.058513410328116376,0.3239302565407294,0.5599975585305698,-1.2099453859088052,-0.5014841482024534,34,143.0,0.14705882352941177,0.14705882352941177,4.205882352941177,38,187.0,0.05263157894736842,0.05263157894736842,4.921052631578948
2019,10,NYG,NYJ,27,-0.052524667227497546,-1.0208676271169006,1.924087462440496,-0.11712275460240755,-1.9766121296679935,-0.9037448725144931,17,23.0,0.058823529411764705,0.5294117647058824,1.3529411764705883,50,280.0,0.12,0.14,5.6
2019,10,ARI,TB,27,0.2739037898520899,0.8353505858610419,2.1728200434885556,0.46068703826395935,-1.8989162536364657,0.3746635475970826,18,75.0,0.16666666666666666,0.4444444444444444,4.166666666666667,47,342.0,0.1702127659574468,0.1276595744680851,7.276595744680851
2019,10,KC,TEN,32,-0.47021331139238665,-0.15523812564851538,0.19312539737073758,-0.6188648389068955,-0.6633387087631242,0.4636267132583801,25,97.0,0.16,0.16,3.88,53,433.0,0.16981132075471697,0.03773584905660377,8.169811320754716
2019,10,MIA,IND,16,-1.3283825884798368,-1.1198462790304011,0.282479166029072,-0.4623269306796208,-1.6108617545089088,-0.6575193483507804,26,70.0,0.038461538461538464,0.23076923076923078,2.6923076923076925,39,183.0,0.07692307692307693,0.1794871794871795,4.6923076923076925
2019,10,CAR,GB,16,0.9019128541500705,0.04902201847910104,-1.2334247138384682,-0.18755158206913794,2.1353375679885387,0.23657360054823898,23,120.0,0.08695652173913043,0.08695652173913043,5.217391304347826,49,293.0,0.20408163265306123,0.10204081632653061,5.979591836734694
2019,10,MIN,DAL,28,0.2942952134804333,-0.19373042876342395,0.0026870546144314167,0.16995975268022642,0.2916081588660019,-0.3636901814436504,36,153.0,0.1388888888888889,0.16666666666666666,4.25,35,218.0,0.11428571428571428,0.05714285714285714,6.228571428571429
2019,10,SEA,SF,27,0.25185725741769605,-1.3558078241178286,-0.3187895075896515,0.5564727637518233,0.5706467650073476,-1.912280587869652,34,147.0,0.08823529411764706,0.17647058823529413,4.323529411764706,43,243.0,0.046511627906976744,0.11627906976744186,5.651162790697675
2019,11,PIT,CLE,7,-0.39659157971345343,-0.9310714145263582,-1.0088113675767456,-0.27182184615824806,0.6122197878632922,-0.6592495683681101,16,58.0,0.125,0.3125,3.625,49,191.0,0.12244897959183673,0.10204081632653061,3.8979591836734695
2019,11,HOU,BAL,7,0.7023936591242784,-0.018399193243946437,-0.5440237439714952,0.3243935763668378,1.2464174030957738,-0.34279276961078425,20,122.0,0.15,0.05,6.1,39,120.0,0.10256410256410256,0.23076923076923078,3.076923076923077
2019,11,ATL,CAR,29,-0.8860151293680759,0.058513410328116376,-1.0792471089805034,0.5746383271664172,0.19323197961242744,-0.5161249168383008,26,54.0,0.038461538461538464,0.3076923076923077,2.076923076923077,36,295.0,0.16666666666666666,0.08333333333333333,8.194444444444445
2019,11,DAL,DET,35,1.2150918859018027,0.6440057146928972,-0.14669703290401487,-0.9232635329538308,1.3617889188058176,1.567269247646728,25,77.0,0.0,0.16,3.08,49,446.0,0.24489795918367346,0.02040816326530612,9.10204081632653
2019,11,JAX,IND,13,-0.30035367384385636,0.6292696142337372,0.282479166029072,-0.4623269306796208,-0.5828328398729283,1.091596544913358,9,29.0,0.1111111111111111,0.3333333333333333,3.2222222222222223,50,279.0,0.1,0.04,5.58
2019,11,BUF,MIA,37,-0.10660303297474708,0.2073358268604851,-0.7599935163688532,-1.3546967086410258,0.6533904833941061,1.5620325355015108,34,168.0,0.11764705882352941,0.17647058823529413,4.9411764705882355,36,270.0,0.2222222222222222,0.027777777777777776,7.5
2019,11,DEN,MIN,23,-0.3623845376159207,-0.32470716247897863,-0.3409827719410031,-0.6713371266441263,-0.021401765674917583,0.34662996416514763,33,124.0,0.09090909090909091,0.18181818181818182,3.757575757575758,43,275.0,0.13953488372093023,0.046511627906976744,6.395348837209302
2019,11,NO,TB,34,0.44570731275578496,1.2333465099021381,2.1728200434885556,0.46068703826395935,-1.7271127307327707,0.7726594716381787,28,109.0,0.10714285714285714,0.14285714285714285,3.892857142857143,36,219.0,0.16666666666666666,0.05555555555555555,6.083333333333333
2019,11,NYJ,WAS,34,-0.5566219173080557,-1.5662037050582482,-0.4495734464301968,1.3023695769764003,-0.10704847087785885,-2.8685732820346486,33,115.0,0.06060606060606061,0.24242424242424243,3.484848484848485,33,285.0,0.2727272727272727,0.06060606060606061,8.636363636363637
2019,11,ARI,SF,26,0.2739037898520899,0.8353505858610419,-0.3187895075896515,0.5564727637518233,0.5926932974417414,0.27887782210921863,25,135.0,0.16,0.16,5.4,37,131.0,0.02702702702702703,0.1891891891891892,3.5405405405405403
2019,11,NE,PHI,17,-0.030865235672509372,0.7902522064973732,0.942389852902801,0.5803965681729061,-0.9732550885753104,0.20985563832446708,23,76.0,0.043478260869565216,0.17391304347826086,3.3043478260869565,49,224.0,0.08163265306122448,0.08163265306122448,4.571428571428571
2019,11,CHI,LA,7,0.22554346820893645,0.14692622626815025,-0.19434866964848624,0.7361648570971863,0.4198921378574227,-0.589238630829036,24,74.0,0.08333333333333333,0.16666666666666666,3.0833333333333335,51,197.0,0.09803921568627451,0.09803921568627451,3.8627450980392157
2019,11,KC,LAC,24,-0.47021331139238665,-0.15523812564851538,0.33304971840945136,-0.27803003863116904,-0.803263029801838,0.12279191298265366,27,130.0,0.1111111111111111,0.14814814814814814,4.814814814814815,37,240.0,0.10810810810810811,0.05405405405405406,6.486486486486487
2019,12,IND,HOU,17,-0.546553990025948,-1.1619427947018106,-0.1764669664955621,-0.6211899906480237,-0.37008702353038586,-0.5407528040537869,39,175.0,0.10256410256410256,0.07692307692307693,4.487179487179487,28,136.0,0.0,0.03571428571428571,4.857142857142857
2019,12,TB,ATL,35,-0.12950189908365067,-0.08071280572586566,0.16082431657645369,-1.1396488558071398,-0.29032621566010436,1.0589360500812741,34,133.0,0.14705882352941177,0.3235294117647059,3.911764705882353,32,355.0,0.21875,0.0,11.09375
2019,12,DEN,BUF,3,-0.3623845376159207,-0.32470716247897863,0.4696384544209541,0.005025299197560129,-0.8320229920368748,-0.32973246167653875,17,85.0,0.11764705882352941,0.11764705882352941,5.0,31,57.0,0.0967741935483871,0.1935483870967742,1.8387096774193548
2019,12,NYG,CHI,14,-0.052524667227497546,-1.0208676271169006,0.06488065171352467,1.17358041117026,-0.11740531894102221,-2.1944480382871605,21,109.0,0.19047619047619047,0.19047619047619047,5.190476190476191,39,161.0,0.10256410256410256,0.10256410256410256,4.128205128205129
2019,12,PIT,CIN,16,-0.39659157971345343,-0.9310714145263582,-0.43390972128874095,-0.2088525937173256,0.03731814157528751,-0.7222188208090327,38,159.0,0.13157894736842105,0.21052631578947367,4.184210526315789,33,187.0,0.06060606060606061,0.09090909090909091,5.666666666666667
2019,12,MIA,CLE,24,-1.3283825884798368,-1.1198462790304011,-1.0088113675767456,-0.27182184615824806,-0.3195712209030912,-0.8480244328721531,20,92.0,0.1,0.05,4.6,48,241.0,0.125,0.125,5.020833333333333
2019,12,CAR,NO,31,0.9019128541500705,0.04902201847910104,0.3239302565407294,0.5599975585305698,0.5779825976093411,-0.5109755400514687,29,121.0,0.10344827586206896,0.3103448275862069,4.172413793103448,42,239.0,0.09523809523809523,0.09523809523809523,5.690476190476191
2019,12,SEA,PHI,17,0.25185725741769605,-1.3558078241178286,0.942389852902801,0.5803965681729061,-0.6905325954851049,-1.9362043922907346,26,174.0,0.15384615384615385,0.19230769230769232,6.6923076923076925,32,190.0,0.15625,0.1875,5.9375
2019,12,DET,WAS,16,-0.14636738487750434,-0.029413951246211045,-0.4495734464301968,1.3023695769764003,0.3032060615526925,-1.3317835282226114,32,175.0,0.15625,0.125,5.46875,43,223.0,0.09302325581395349,0.16279069767441862,5.186046511627907
2019,12,JAX,TEN,20,-0.30035367384385636,0.6292696142337372,0.19312539737073758,-0.6188648389068955,-0.49347907121459395,1.2481344531406326,27,117.0,0.1111111111111111,0.037037037037037035,4.333333333333333,55,261.0,0.09090909090909091,0.09090909090909091,4.745454545454545
2019,12,DAL,NE,9,1.2150918859018027,0.6440057146928972,-0.376654593024898,0.03102909559992929,1.5917464789267006,0.612976619092968,26,109.0,0.07692307692307693,0.11538461538461539,4.1923076923076925,34,216.0,0.11764705882352941,0.029411764705882353,6.352941176470588
2019,12,GB,SF,8,0.6633962807394729,0.27627901747931977,-0.3187895075896515,0.5564727637518233,0.9821857883291244,-0.28019374627250354,28,117.0,0.10714285714285714,0.21428571428571427,4.178571428571429,46,96.0,0.021739130434782608,0.15217391304347827,2.0869565217391304
2019,12,BAL,LA,45,1.1253695812070896,1.600888153617819,-0.19434866964848624,0.7361648570971863,1.3197182508555758,0.8647232965206327,48,285.0,0.25,0.0625,5.9375,28,210.0,0.17857142857142858,0.10714285714285714,7.5
2019,13,CHI,DET,24,0.22554346820893645,0.14692622626815025,-0.14669703290401487,-0.9232635329538308,0.3722405011129513,1.0701897592219811,23,88.0,0.08695652173913043,0.13043478260869565,3.8260869565217392,42,336.0,0.14285714285714285,0.023809523809523808,8.0
2019,13,BUF,DAL,26,-0.10660303297474708,0.2073358268604851,0.0026870546144314167,0.16995975268022642,-0.10929008758917849,0.03737607418025868,34,124.0,0.08823529411764706,0.3235294117647059,3.6470588235294117,32,265.0,0.21875,0.15625,8.28125
2019,13,NO,ATL,26,0.44570731275578496,1.2333465099021381,0.16082431657645369,-1.1396488558071398,0.28488299617933127,2.372995365709278,18,95.0,0.16666666666666666,0.3333333333333333,5.277777777777778,31,184.0,0.0967741935483871,0.0,5.935483870967742
2019,13,SF,BAL,17,0.203653311018696,0.6529046925371609,-0.5440237439714952,0.3243935763668378,0.7476770549901912,0.3285111161703231,29,174.0,0.1724137931034483,0.1724137931034483,6.0,25,161.0,0.12,0.08,6.44
2019,13,WAS,CAR,29,-0.12868098918159165,-1.566095161582045,-1.0792471089805034,0.5746383271664172,0.9505661197989117,-2.140733488748462,30,248.0,0.2,0.2,8.266666666666667,33,121.0,0.12121212121212122,0.18181818181818182,3.6666666666666665
2019,13,NYJ,CIN,6,-0.5566219173080557,-1.5662037050582482,-0.43390972128874095,-0.2088525937173256,-0.12271219601931471,-1.3573511113409227,17,62.0,0.0,0.11764705882352941,3.6470588235294117,54,218.0,0.07407407407407407,0.09259259259259259,4.037037037037037
2019,13,TEN,IND,31,0.7267936074668897,-0.10820897948805497,0.282479166029072,-0.4623269306796208,0.4443144414378177,0.3541179511915658,30,154.0,0.1,0.2,5.133333333333334,29,146.0,0.13793103448275862,0.27586206896551724,5.0344827586206895
2019,13,TB,JAX,28,-0.12950189908365067,-0.08071280572586566,-0.811618572882995,1.009638265693053,0.6821166737993443,-1.0903510714189186,32,76.0,0.0625,0.34375,2.375,39,259.0,0.1794871794871795,0.1282051282051282,6.641025641025641
2019,13,PHI,MIA,31,-0.2872492394571361,-0.22833744087277727,-0.7599935163688532,-1.3546967086410258,0.47274427691171705,1.1263592677682486,19,92.0,0.05263157894736842,0.0,4.842105263157895,48,294.0,0.1875,0.0625,6.125
2019,13,GB,NYG,31,0.6633962807394729,0.27627901747931977,0.6787776161939647,0.4050361236747651,-0.015381335454491829,-0.12875710619544534,26,79.0,0.038461538461538464,0.2692307692307692,3.0384615384615383,36,267.0,0.19444444444444445,0.08333333333333333,7.416666666666667
2019,13,CLE,PIT,13,-0.34943789121456514,0.28181963082618544,0.998162554589246,1.6361608411277466,-1.347600445803811,-1.3543412103015613,24,106.0,0.125,0.125,4.416666666666667,39,173.0,0.20512820512820512,0.1794871794871795,4.435897435897436
2019,13,LAC,DEN,20,-0.34656482160928026,0.5826294211395143,-0.15084544629225483,-0.04211956468736874,-0.19571937531702543,0.6247489858268831,29,115.0,0.10344827586206896,0.1724137931034483,3.9655172413793105,32,244.0,0.15625,0.15625,7.625
2019,13,NE,HOU,22,-0.030865235672509372,0.7902522064973732,-0.1764669664955621,-0.6211899906480237,0.14560173082305272,1.411442197145397,29,145.0,0.1724137931034483,0.1724137931034483,5.0,52,316.0,0.15384615384615385,0.057692307692307696,6.076923076923077
2019,13,MIN,SEA,30,0.2942952134804333,-0.19373042876342395,-0.0286831705270075,-0.7915927843030474,0.32297838400744083,0.5978623555396234,14,78.0,0.14285714285714285,0.21428571428571427,5.571428571428571,38,276.0,0.18421052631578946,0.0,7.2631578947368425
2019,14,DAL,CHI,24,1.2150918859018027,0.6440057146928972,0.06488065171352467,1.17358041117026,1.150211234188278,-0.5295746964773627,22,82.0,0.045454545454545456,0.13636363636363635,3.727272727272727,51,326.0,0.17647058823529413,0.0392156862745098,6.392156862745098
2019,14,CAR,ATL,20,0.9019128541500705,0.04902201847910104,0.16082431657645369,-1.1396488558071398,0.7410885375736168,1.1886708742862409,22,100.0,0.09090909090909091,0.13636363636363635,4.545454545454546,50,260.0,0.1,0.12,5.2
2019,14,BAL,BUF,24,1.1253695812070896,1.600888153617819,0.4696384544209541,0.005025299197560129,0.6557311267861355,1.5958628544202589,33,118.0,0.06060606060606061,0.18181818181818182,3.5757575757575757,26,139.0,0.07692307692307693,0.07692307692307693,5.346153846153846
2019,14,CIN,CLE,19,-0.6050063322772407,0.9252205090168845,-1.0088113675767456,-0.27182184615824806,0.40380503529950496,1.1970423551751326,31,179.0,0.1935483870967742,0.0967741935483871,5.774193548387097,40,275.0,0.225,0.05,6.875
2019,14,WAS,GB,15,-0.12868098918159165,-1.566095161582045,-1.2334247138384682,-0.18755158206913794,1.1047437246568765,-1.378543579512907,29,121.0,0.10344827586206896,0.20689655172413793,4.172413793103448,30,141.0,0.1,0.13333333333333333,4.7
2019,14,DEN,HOU,38,-0.3623845376159207,-0.32470716247897863,-0.1764669664955621,-0.6211899906480237,-0.18591757112035862,0.2964828281690451,27,90.0,0.07407407407407407,0.1111111111111111,3.3333333333333335,30,317.0,0.23333333333333334,0.1,10.566666666666666
2019,14,DET,MIN,7,-0.14636738487750434,-0.029413951246211045,-0.3409827719410031,-0.6713371266441263,0.1946153870634988,0.6419231753979152,22,70.0,0.0,0.18181818181818182,3.1818181818181817,45,161.0,0.06666666666666667,0.1111111111111111,3.577777777777778
2019,14,SF,NO,48,0.203653311018696,0.6529046925371609,0.3239302565407294,0.5599975585305698,-0.12027694552203338,0.09290713400659112,24,162.0,0.25,0.20833333333333334,6.75,40,356.0,0.275,0.1,8.9
2019,14,MIA,NYJ,21,-1.3283825884798368,-1.1198462790304011,1.924087462440496,-0.11712275460240755,-3.2524700509203326,-1.0027235244279935,26,122.0,0.15384615384615385,0.15384615384615385,4.6923076923076925,45,303.0,0.15555555555555556,0.06666666666666667,6.733333333333333
2019,14,IND,TB,35,-0.546553990025948,-1.1619427947018106,2.1728200434885556,0.46068703826395935,-2.7193740335145034,-1.62262983296577,22,66.0,0.045454545454545456,0.3181818181818182,3.0,41,262.0,0.0975609756097561,0.024390243902439025,6.390243902439025
2019,14,LAC,JAX,45,-0.34656482160928026,0.5826294211395143,-0.811618572882995,1.009638265693053,0.46505375127371473,-0.4270088445535386,30,195.0,0.2,0.16666666666666666,6.5,28,330.0,0.25,0.07142857142857142,11.785714285714286
2019,14,PIT,ARI,23,-0.39659157971345343,-0.9310714145263582,0.3967916894206712,-0.9208477085778153,-0.7933832691341247,-0.010223705948542938,35,140.0,0.11428571428571428,0.22857142857142856,4.0,26,170.0,0.15384615384615385,0.15384615384615385,6.538461538461538
2019,14,KC,NE,23,-0.47021331139238665,-0.15523812564851538,-0.376654593024898,0.03102909559992929,-0.09355871836748864,-0.18626722124844466,29,75.0,0.034482758620689655,0.27586206896551724,2.586206896551724,44,280.0,0.1590909090909091,0.06818181818181818,6.363636363636363
2019,14,SEA,LA,12,0.25185725741769605,-1.3558078241178286,-0.19434866964848624,0.7361648570971863,0.4462059270661823,-2.091972681215015,21,106.0,0.14285714285714285,0.047619047619047616,5.0476190476190474,45,230.0,0.15555555555555556,0.1111111111111111,5.111111111111111
2019,14,NYG,PHI,17,-0.052524667227497546,-1.0208676271169006,0.942389852902801,0.5803965681729061,-0.9949145201302985,-1.6012641952898066,20,73.0,0.1,0.2,3.65,32,182.0,0.09375,0.125,5.6875
2019,15,NYJ,BAL,21,-0.5566219173080557,-1.5662037050582482,-0.5440237439714952,0.3243935763668378,-0.012598173336560436,-1.890597281425086,24,103.0,0.08333333333333333,0.041666666666666664,4.291666666666667,35,220.0,0.14285714285714285,0.05714285714285714,6.285714285714286
2019,15,SEA,CAR,30,0.25185725741769605,-1.3558078241178286,-1.0792471089805034,0.5746383271664172,1.3311043663981994,-1.930446151284246,34,154.0,0.17647058823529413,0.17647058823529413,4.529411764705882,30,275.0,0.23333333333333334,0.06666666666666667,9.166666666666666
2019,15,NE,CIN,34,-0.030865235672509372,0.7902522064973732,-0.43390972128874095,-0.2088525937173256,0.4030444856162316,0.9991048002146987,32,175.0,0.1875,0.1875,5.46875,31,116.0,0.06451612903225806,0.0967741935483871,3.7419354838709675
2019,15,TB,DET,38,-0.12950189908365067,-0.08071280572586566,-0.14669703290401487,-0.9232635329538308,0.017195133820364195,0.8425507272279651,29,49.0,0.0,0.3103448275862069,1.6896551724137931,44,446.0,0.25,0.045454545454545456,10.136363636363637
2019,15,CHI,GB,13,0.22554346820893645,0.14692622626815025,-1.2334247138384682,-0.18755158206913794,1.4589681820474047,0.3344778083372882,27,96.0,0.0,0.14814814814814814,3.5555555555555554,58,339.0,0.15517241379310345,0.08620689655172414,5.844827586206897
2019,15,DEN,KC,3,-0.3623845376159207,-0.32470716247897863,-0.8895738849502348,-0.2804252893296075,0.5271893473343141,-0.044281873149371154,15,52.0,0.13333333333333333,0.2,3.466666666666667,42,199.0,0.07142857142857142,0.07142857142857142,4.738095238095238
2019,15,MIA,NYG,20,-1.3283825884798368,-1.1198462790304011,0.6787776161939647,0.4050361236747651,-2.0071602046738013,-1.5248824027051662,25,122.0,0.2,0.24,4.88,48,295.0,0.14583333333333334,0.08333333333333333,6.145833333333333
2019,15,HOU,TEN,24,0.7023936591242784,-0.018399193243946437,0.19312539737073758,-0.6188648389068955,0.5092682617535409,0.600465645662949,35,140.0,0.08571428571428572,0.14285714285714285,4.0,32,257.0,0.15625,0.03125,8.03125
2019,15,PHI,WAS,37,-0.2872492394571361,-0.22833744087277727,-0.4495734464301968,1.3023695769764003,0.16232420697306071,-1.5307070178491775,28,157.0,0.10714285714285714,0.07142857142857142,5.607142857142857,47,265.0,0.10638297872340426,0.0851063829787234,5.638297872340425
2019,15,CLE,ARI,24,-0.34943789121456514,0.28181963082618544,0.3967916894206712,-0.9208477085778153,-0.7462295806352364,1.2026673394040008,23,152.0,0.17391304347826086,0.043478260869565216,6.608695652173913,45,252.0,0.1111111111111111,0.06666666666666667,5.6
2019,15,MIN,LAC,39,0.2942952134804333,-0.19373042876342395,0.33304971840945136,-0.27803003863116904,-0.03875450492901805,0.0842996098677451,37,137.0,0.08108108108108109,0.21621621621621623,3.7027027027027026,25,207.0,0.2,0.0,8.28
2019,15,ATL,SF,29,-0.8860151293680759,0.058513410328116376,-0.3187895075896515,0.5564727637518233,-0.5672256217784244,-0.49795935342370695,21,89.0,0.09523809523809523,0.23809523809523808,4.238095238095238,45,229.0,0.06666666666666667,0.08888888888888889,5.088888888888889
2019,15,BUF,PIT,17,-0.10660303297474708,0.2073358268604851,0.998162554589246,1.6361608411277466,-1.104765587563993,-1.4288250142672616,38,130.0,0.10526315789473684,0.2894736842105263,3.4210526315789473,30,157.0,0.06666666666666667,0.03333333333333333,5.233333333333333
2019,15,IND,NO,7,-0.546553990025948,-1.1619427947018106,0.3239302565407294,0.5599975585305698,-0.8704842465666773,-1.7219403532323803,17,46.0,0.0,0.23529411764705882,2.7058823529411766,36,166.0,0.1111111111111111,0.05555555555555555,4.611111111111111
2019,16,HOU,TB,23,0.7023936591242784,-0.018399193243946437,2.1728200434885556,0.46068703826395935,-1.470426384364277,-0.4790862315079058,26,68.0,0.038461538461538464,0.2692307692307692,2.6153846153846154,42,197.0,0.07142857142857142,0.14285714285714285,4.690476190476191
2019,16,BUF,NE,17,-0.10660303297474708,0.2073358268604851,-0.376654593024898,0.03102909559992929,0.27005156005015096,0.17630673126055582,23,92.0,0.17391304347826086,0.17391304347826086,4.0,31,187.0,0.12903225806451613,0.12903225806451613,6.032258064516129
2019,16,JAX,ATL,12,-0.30035367384385636,0.6292696142337372,0.16082431657645369,-1.1396488558071398,-0.46117799042031005,1.768918470040877,24,115.0,0.08333333333333333,0.08333333333333333,4.791666666666667,42,210.0,0.14285714285714285,0.07142857142857142,5.0
2019,16,BAL,CLE,31,1.1253695812070896,1.600888153617819,-1.0088113675767456,-0.27182184615824806,2.1341809487838352,1.872709999776067,40,243.0,0.25,0.175,6.075,34,265.0,0.11764705882352941,0.029411764705882353,7.794117647058823
2019,16,CAR,IND,6,0.9019128541500705,0.04902201847910104,0.282479166029072,-0.4623269306796208,0.6194336881209985,0.5113489491587218,21,87.0,0.09523809523809523,0.047619047619047616,4.142857142857143,53,216.0,0.03773584905660377,0.09433962264150944,4.0754716981132075
2019,16,CIN,MIA,35,-0.6050063322772407,0.9252205090168845,-0.7599935163688532,-1.3546967086410258,0.1549871840916125,2.27991721765791,26,61.0,0.0,0.23076923076923078,2.3461538461538463,61,373.0,0.16393442622950818,0.08196721311475409,6.114754098360656
2019,16,PIT,NYJ,10,-0.39659157971345343,-0.9310714145263582,1.924087462440496,-0.11712275460240755,-2.3206790421539494,-0.8139486599239507,25,75.0,0.08,0.28,3.0,42,190.0,0.09523809523809523,0.11904761904761904,4.523809523809524
2019,16,NO,TEN,38,0.44570731275578496,1.2333465099021381,0.19312539737073758,-0.6188648389068955,0.2525819153850474,1.8522113488090337,23,102.0,0.08695652173913043,0.2608695652173913,4.434782608695652,43,275.0,0.16279069767441862,0.16279069767441862,6.395348837209302
2019,16,NYG,WAS,41,-0.052524667227497546,-1.0208676271169006,-0.4495734464301968,1.3023695769764003,0.39704877920269926,-2.323237204093301,26,206.0,0.19230769230769232,0.15384615384615385,7.923076923076923,46,358.0,0.15217391304347827,0.043478260869565216,7.782608695652174
2019,16,DET,DEN,17,-0.14636738487750434,-0.029413951246211045,-0.15084544629225483,-0.04211956468736874,0.004478061414750489,0.012705613441157691,21,96.0,0.047619047619047616,0.09523809523809523,4.571428571428571,28,95.0,0.03571428571428571,0.14285714285714285,3.392857142857143
2019,16,DAL,PHI,9,1.2150918859018027,0.6440057146928972,0.942389852902801,0.5803965681729061,0.27270203299900175,0.06360914651999117,16,54.0,0.125,0.3125,3.375,47,264.0,0.1276595744680851,0.06382978723404255,5.617021276595745
2019,16,ARI,SEA,27,0.2739037898520899,0.8353505858610419,-0.0286831705270075,-0.7915927843030474,0.3025869603790974,1.6269433701640894,40,253.0,0.175,0.1,6.325,34,203.0,0.11764705882352941,0.08823529411764706,5.970588235294118
2019,16,KC,CHI,26,-0.47021331139238665,-0.15523812564851538,0.06488065171352467,1.17358041117026,-0.5350939631059113,-1.3288185368187753,29,106.0,0.06896551724137931,0.1724137931034483,3.6551724137931036,36,258.0,0.1388888888888889,0.027777777777777776,7.166666666666667
2019,16,GB,MIN,23,0.6633962807394729,0.27627901747931977,-0.3409827719410031,-0.6713371266441263,1.0043790526804761,0.9476161441234461,32,184.0,0.09375,0.21875,5.75,44,201.0,0.09090909090909091,0.09090909090909091,4.568181818181818
2019,17,NYJ,BUF,13,-0.5566219173080557,-1.5662037050582482,0.4696384544209541,0.005025299197560129,-1.0262603717290097,-1.5712290042558084,27,86.0,0.14814814814814814,0.4074074074074074,3.185185185185185,38,185.0,0.10526315789473684,0.05263157894736842,4.868421052631579
2019,17,NO,CAR,42,0.44570731275578496,1.2333465099021381,-1.0792471089805034,0.5746383271664172,1.5249544217362883,0.658708182735721,35,115.0,0.05714285714285714,0.2857142857142857,3.2857142857142856,32,264.0,0.1875,0.03125,8.25
2019,17,CLE,CIN,23,-0.34943789121456514,0.28181963082618544,-0.43390972128874095,-0.2088525937173256,0.0844718300741758,0.490672224543511,20,74.0,0.05,0.35,3.7,37,268.0,0.21621621621621623,0.16216216216216217,7.243243243243243
2019,17,GB,DET,23,0.6633962807394729,0.27627901747931977,-0.14669703290401487,-0.9232635329538308,0.8100933136434878,1.1995425504331505,30,120.0,0.1,0.13333333333333333,4.0,57,314.0,0.14035087719298245,0.03508771929824561,5.508771929824562
2019,17,LAC,KC,21,-0.34656482160928026,0.5826294211395143,-0.8895738849502348,-0.2804252893296075,0.5430090633409546,0.8630547104691217,25,108.0,0.16,0.24,4.32,50,263.0,0.12,0.08,5.26
2019,17,CHI,MIN,21,0.22554346820893645,0.14692622626815025,-0.3409827719410031,-0.6713371266441263,0.5665262401499396,0.8182633529122765,34,158.0,0.14705882352941177,0.14705882352941177,4.647058823529412,42,180.0,0.09523809523809523,0.19047619047619047,4.285714285714286
2019,17,MIA,NE,27,-1.3283825884798368,-1.1198462790304011,-0.376654593024898,0.03102909559992929,-0.9517279954549388,-1.1508753746303304,22,63.0,0.09090909090909091,0.18181818181818182,2.8636363636363638,51,352.0,0.1568627450980392,0.0392156862745098,6.901960784313726
2019,17,ATL,TB,28,-0.8860151293680759,0.058513410328116376,2.1728200434885556,0.46068703826395935,-3.0588351728566314,-0.402173627935843,30,87.0,0.03333333333333333,0.26666666666666666,2.9,58,287.0,0.05172413793103448,0.1206896551724138,4.948275862068965
2019,17,PIT,BAL,10,-0.39659157971345343,-0.9310714145263582,-0.5440237439714952,0.3243935763668378,0.1474321642580418,-1.255464990893196,23,91.0,0.08695652173913043,0.21739130434782608,3.9565217391304346,27,77.0,0.07407407407407407,0.1111111111111111,2.8518518518518516
2019,17,WAS,DAL,16,-0.12868098918159165,-1.566095161582045,0.0026870546144314167,0.16995975268022642,-0.13136804379602307,-1.7360549142622714,20,88.0,0.15,0.2,4.4,39,183.0,0.10256410256410256,0.1282051282051282,4.6923076923076925
2019,17,TEN,HOU,35,0.7267936074668897,-0.10820897948805497,-0.1764669664955621,-0.6211899906480237,0.9032605739624517,0.5129810111599687,39,245.0,0.1282051282051282,0.1794871794871795,6.282051282051282,23,244.0,0.21739130434782608,0.0,10.608695652173912
2019,17,IND,JAX,20,-0.546553990025948,-1.1619427947018106,-0.811618572882995,1.009638265693053,0.26506458285704704,-2.1715810603948635,27,132.0,0.1111111111111111,0.18518518518518517,4.888888888888889,30,150.0,0.2,0.1,5.0
2019,17,ARI,LA,24,0.2739037898520899,0.8353505858610419,-0.19434866964848624,0.7361648570971863,0.46825245950057615,0.09918572876385567,17,71.0,0.17647058823529413,0.29411764705882354,4.176470588235294,43,322.0,0.18604651162790697,0.046511627906976744,7.488372093023256
2019,17,PHI,NYG,34,-0.2872492394571361,-0.22833744087277727,0.6787776161939647,0.4050361236747651,-0.9660268556511008,-0.6333735645475423,31,121.0,0.16129032258064516,0.16129032258064516,3.903225806451613,43,292.0,0.13953488372093023,0.06976744186046512,6.790697674418604
2019,17,SF,SEA,26,0.203653311018696,0.6529046925371609,-0.0286831705270075,-0.7915927843030474,0.2323364815457035,1.4444974768402083,24,128.0,0.16666666666666666,0.16666666666666666,5.333333333333333,25,270.0,0.4,0.12,10.8
2020,1,HOU,KC,20,0.39702600191362497,-0.6416605395225664,-0.9464767715605775,0.032109180571619635,1.3435027734742024,-0.673769720094186,22,118.0,0.13636363636363635,0.045454545454545456,5.363636363636363,41,269.0,0.17073170731707318,0.0975609756097561,6.560975609756097
2020,1,SEA,ATL,38,0.13447102138981473,-0.7998581295056258,0.3296615529476759,0.3276001426742597,-0.19519053155786117,-1.1274582721798856,20,84.0,0.15,0.2,4.2,39,301.0,0.20512820512820512,0.07692307692307693,7.717948717948718
2020,1,CLE,BAL,6,-0.6557326726081159,0.7967276874552285,0.5632094277802331,1.1534145953574706,-1.218942100388349,-0.3566869079022421,27,138.0,0.18518518518518517,0.2222222222222222,5.111111111111111,42,172.0,0.11904761904761904,0.09523809523809523,4.095238095238095
2020,1,NYJ,BUF,17,0.22644529954637954,-0.9461980823211529,0.34252926197835754,-0.6218502614972233,-0.116083962431978,-0.32434782082392954,15,52.0,0.0,0.13333333333333333,3.466666666666667,37,208.0,0.10810810810810811,0.16216216216216217,5.621621621621622
2020,1,LV,CAR,34,0.09563536646946806,0.4022499388821046,-0.1562470111584155,-0.2729393580103549,0.25188237762788357,0.6751892968924595,31,133.0,0.0967741935483871,0.12903225806451613,4.290322580645161,30,239.0,0.16666666666666666,0.06666666666666667,7.966666666666667
2020,1,CHI,DET,27,-0.6542118801679481,0.5163021421585374,-0.7013103988104854,-1.2065630666015688,0.047098518642537335,1.7228652087601062,28,149.0,0.14285714285714285,0.14285714285714285,5.321428571428571,39,240.0,0.20512820512820512,0.05128205128205128,6.153846153846154
2020,1,IND,JAX,20,-0.014382939193470744,1.15724083387715,-0.6741346345923958,-0.32159342882207637,0.659751695398925,1.4788342626992264,22,88.0,0.09090909090909091,0.22727272727272727,4.0,48,360.0,0.16666666666666666,0.08333333333333333,7.5
2020,1,GB,MIN,43,0.9088240792641769,1.614831247457121,-1.0413805612339193,-1.296156428542798,1.9502046404980962,2.9109876759999187,32,158.0,0.125,0.125,4.9375,44,364.0,0.1590909090909091,0.045454545454545456,8.272727272727273
2020,1,MIA,NE,11,0.31495603656200943,0.9386307951517807,-2.016695521645072,0.7357377028108969,2.3316515582070814,0.20289309234088382,28,89.0,0.07142857142857142,0.21428571428571427,3.1785714285714284,34,199.0,0.14705882352941177,0.08823529411764706,5.852941176470588
2020,1,PHI,WAS,17,-0.49681181860520024,-0.6652946140666655,0.7267413354016995,0.10748351997228023,-1.2235531540068998,-0.7727781340389457,17,57.0,0.11764705882352941,0.11764705882352941,3.3529411764705883,50,208.0,0.12,0.24,4.16
2020,1,LAC,CIN,16,-0.7574484354567812,-1.4979299252717873,-0.9496827727624984,-0.8479421671110843,0.19223433730571715,-0.649987758160703,39,155.0,0.07692307692307693,0.20512820512820512,3.9743589743589745,34,214.0,0.14705882352941177,0.058823529411764705,6.294117647058823
2020,1,TB,NO,23,0.9576070193016581,0.9076916911212077,1.0781705469768383,0.5537342534823455,-0.1205635276751802,0.3539574376388622,26,86.0,0.07692307692307693,0.23076923076923078,3.3076923076923075,41,228.0,0.0975609756097561,0.07317073170731707,5.560975609756097
2020,1,ARI,SF,24,-0.3989737603209733,1.0293901987456677,0.7632303635657995,-0.4749341038734767,-1.1622041238867729,1.5043243026191444,36,180.0,0.19444444444444445,0.19444444444444445,5.0,49,315.0,0.061224489795918366,0.061224489795918366,6.428571428571429
2020,1,DAL,LA,17,0.07098721356239565,0.2999016066956926,0.49458671173613356,-0.45712247641652576,-0.4235994981737379,0.7570240831122184,27,136.0,0.18518518518518517,0.1111111111111111,5.037037037037037,45,274.0,0.08888888888888889,0.06666666666666667,6.088888888888889
2020,1,PIT,NYG,26,-1.0948454729276769,0.4943540329803707,0.6851858857161031,0.49381593801296303,-1.78003135864378,0.000538094967407643,30,141.0,0.13333333333333333,0.2,4.7,35,219.0,0.14285714285714285,0.05714285714285714,6.257142857142857
2020,1,TEN,DEN,16,0.44227880618129445,-0.22236704904076254,-0.5478456322295095,0.6453533470692739,0.990124438410804,-0.8677203961100365,34,130.0,0.11764705882352941,0.14705882352941177,3.823529411764706,45,258.0,0.08888888888888889,0.044444444444444446,5.733333333333333
2020,2,CIN,CLE,30,-0.23828709378082186,0.02813539690100893,-0.5549915387253154,-0.9048216809465561,0.3167044449444935,0.9329570778475651,24,68.0,0.0,0.20833333333333334,2.8333333333333335,67,310.0,0.07462686567164178,0.04477611940298507,4.626865671641791
2020,2,NYG,CHI,13,0.5026965354050527,-1.1549183492753894,0.39864875013762313,-0.3506189883255985,0.10404778526742953,-0.8042993609497908,18,75.0,0.1111111111111111,0.16666666666666666,4.166666666666667,45,241.0,0.1111111111111111,0.1111111111111111,5.355555555555555
2020,2,ATL,DAL,39,-0.8825167859174221,-0.3557122882032351,-1.2517602585010899,0.4230239984630637,0.36924347258366774,-0.7787362866662988,34,113.0,0.029411764705882353,0.11764705882352941,3.323529411764706,43,283.0,0.13953488372093023,0.023255813953488372,6.5813953488372094
2020,2,DET,GB,21,-0.19859074538036312,0.3321552415448006,-0.3494295841127625,-1.0382465225632516,0.15083883873239937,1.3704017641080521,21,89.0,0.047619047619047616,0.14285714285714285,4.238095238095238,38,222.0,0.13157894736842105,0.13157894736842105,5.842105263157895
2020,2,MIN,IND,11,0.5449455871258067,-1.6016474551693942,0.6727228115678436,-0.2066049979087208,-0.12777722444203699,-1.3950424572606734,19,82.0,0.10526315789473684,0.10526315789473684,4.315789473684211,28,95.0,0.14285714285714285,0.14285714285714285,3.392857142857143
2020,2,BUF,MIA,31,-0.34141217524720696,0.025776956438111526,-0.5644119500915642,0.05164284631154209,0.22299977484435723,-0.025865889873430564,23,112.0,0.21739130434782608,0.17391304347826086,4.869565217391305,37,415.0,0.32432432432432434,0.02702702702702703,11.216216216216216
2020,2,SF,NYJ,31,-0.5305428570503816,-0.8695420960789857,0.9011537771928007,0.2267832162837129,-1.4316966342431823,-1.0963253123626986,29,182.0,0.10344827586206896,0.41379310344827586,6.275862068965517,30,177.0,0.16666666666666666,0.1,5.9
2020,2,DEN,PIT,21,-0.9963629380275711,-1.1624717909809397,0.9221761493844631,2.635014650478298,-1.9185390874120343,-3.7974864414592373,26,104.0,0.15384615384615385,0.23076923076923078,4.0,48,220.0,0.22916666666666666,0.16666666666666666,4.583333333333333
2020,2,CAR,TB,17,-0.19845513376767704,0.6823255880001889,1.355343561847906,0.9056914107668962,-1.553798695615583,-0.22336582276670724,24,87.0,0.041666666666666664,0.125,3.625,47,340.0,0.14893617021276595,0.1276595744680851,7.23404255319149
2020,2,JAX,TEN,30,0.04998639057706558,0.49526990335292925,0.009098555208913929,-1.2933739644930278,0.04088783536815165,1.788643867845957,27,165.0,0.18518518518518517,0.037037037037037035,6.111111111111111,50,334.0,0.1,0.06,6.68
2020,2,WAS,ARI,15,-0.2150042478801784,-0.43279728832701325,0.14900724319498734,0.13726839227043255,-0.3640114910751657,-0.5700656805974458,24,117.0,0.125,0.20833333333333334,4.875,39,207.0,0.15384615384615385,0.1282051282051282,5.3076923076923075
2020,2,BAL,HOU,33,1.2393814759867576,-0.03926100786687877,-1.2358330378245104,-0.37593935881182344,2.475214513811268,0.3366783509449447,37,230.0,0.21621621621621623,0.13513513513513514,6.216216216216216,31,193.0,0.16129032258064516,0.16129032258064516,6.225806451612903
2020,2,KC,LAC,23,-0.24698640894134888,-0.08365826664216608,-0.00035452401148668156,0.08140045819212084,-0.2466318849298622,-0.1650587248342869,22,125.0,0.22727272727272727,0.09090909090909091,5.681818181818182,55,345.0,0.07272727272727272,0.01818181818181818,6.2727272727272725
2020,2,NE,SEA,30,1.1575635165043932,-0.5274620213195141,0.4896640411160305,-0.08161019796624135,0.6678994753883627,-0.4458518233532728,26,67.0,0.07692307692307693,0.2692307692307692,2.576923076923077,47,422.0,0.2765957446808511,0.06382978723404255,8.97872340425532
2020,2,NO,LV,24,0.877761015483248,0.9687296080892386,-0.07742285269457647,0.46255450861076913,0.9551838681778245,0.5061750994784695,19,112.0,0.21052631578947367,0.10526315789473684,5.894736842105263,38,312.0,0.2631578947368421,0.0,8.210526315789474
2020,3,MIA,JAX,31,0.31495603656200943,0.9386307951517807,-0.6741346345923958,-0.32159342882207637,0.9890906711544052,1.260224223973857,36,138.0,0.1111111111111111,0.2222222222222222,3.8333333333333335,24,190.0,0.20833333333333334,0.08333333333333333,7.916666666666667
2020,3,CHI,ATL,30,-0.6542118801679481,0.5163021421585374,0.3296615529476759,0.3276001426742597,-0.983873433115624,0.18870199948427774,25,130.0,0.16,0.36,5.2,55,352.0,0.14545454545454545,0.05454545454545454,6.4
2020,3,WAS,CLE,20,-0.2150042478801784,-0.43279728832701325,-0.5549915387253154,-0.9048216809465561,0.33998729084513696,0.4720243926195429,22,103.0,0.09090909090909091,0.09090909090909091,4.681818181818182,41,208.0,0.12195121951219512,0.12195121951219512,5.073170731707317
2020,3,TEN,MIN,31,0.44227880618129445,-0.22236704904076254,-1.0413805612339193,-1.296156428542798,1.4836593674152136,1.0737893795020355,34,134.0,0.11764705882352941,0.20588235294117646,3.9411764705882355,41,320.0,0.14634146341463414,0.0975609756097561,7.804878048780488
2020,3,LV,NE,20,0.09563536646946806,0.4022499388821046,-2.016695521645072,0.7357377028108969,2.11233088811454,-0.3334877639287923,22,126.0,0.18181818181818182,0.09090909090909091,5.7272727272727275,36,259.0,0.1388888888888889,0.08333333333333333,7.194444444444445
2020,3,SF,NYG,36,-0.5305428570503816,-0.8695420960789857,0.6851858857161031,0.49381593801296303,-1.2157287427664847,-1.3633580340919487,35,93.0,0.08571428571428572,0.34285714285714286,2.657142857142857,39,327.0,0.2564102564102564,0.05128205128205128,8.384615384615385
2020,3,CIN,PHI,23,-0.23828709378082186,0.02813539690100893,1.186847074200765,0.7776888405623854,-1.425134167981587,-0.7495534436613764,18,48.0,0.05555555555555555,0.3333333333333333,2.6666666666666665,52,256.0,0.1346153846153846,0.17307692307692307,4.923076923076923
2020,3,HOU,PIT,21,0.39702600191362497,-0.6416605395225664,0.9221761493844631,2.635014650478298,-0.5251501474708382,-3.2766751900008644,15,29.0,0.0,0.2,1.9333333333333333,33,236.0,0.30303030303030304,0.21212121212121213,7.151515151515151
2020,3,NYJ,IND,7,0.22644529954637954,-0.9461980823211529,0.6727228115678436,-0.2066049979087208,-0.4462775120214641,-0.7395930844124321,29,109.0,0.06896551724137931,0.10344827586206896,3.7586206896551726,36,171.0,0.1388888888888889,0.08333333333333333,4.75
2020,3,CAR,LAC,21,-0.19845513376767704,0.6823255880001889,-0.00035452401148668156,0.08140045819212084,-0.19810060975619037,0.6009251298080681,21,81.0,0.09523809523809523,0.3333333333333333,3.857142857142857,31,227.0,0.12903225806451613,0.0967741935483871,7.32258064516129
2020,3,DET,ARI,26,-0.19859074538036312,0.3321552415448006,0.14900724319498734,0.13726839227043255,-0.34759798857535046,0.19488684927436803,27,90.0,0.037037037037037035,0.2962962962962963,3.3333333333333335,35,232.0,0.2571428571428571,0.14285714285714285,6.628571428571429
2020,3,TB,DEN,28,0.9576070193016581,0.9076916911212077,-0.5478456322295095,0.6453533470692739,1.5054526515311677,0.2623383440519338,25,68.0,0.04,0.32,2.72,41,286.0,0.12195121951219512,0.04878048780487805,6.975609756097561
2020,3,DAL,SEA,31,0.07098721356239565,0.2999016066956926,0.4896640411160305,-0.08161019796624135,-0.4186768275536349,0.38151180466193396,21,61.0,0.0,0.19047619047619047,2.9047619047619047,63,483.0,0.15873015873015872,0.09523809523809523,7.666666666666667
2020,3,GB,NO,37,0.9088240792641769,1.614831247457121,1.0781705469768383,0.5537342534823455,-0.16934646771266149,1.0610969939747754,26,98.0,0.11538461538461539,0.23076923076923078,3.769230769230769,34,284.0,0.14705882352941177,0.029411764705882353,8.352941176470589
2020,3,KC,BAL,34,-0.24698640894134888,-0.08365826664216608,0.5632094277802331,1.1534145953574706,-0.810195836721582,-1.2370728619996367,31,132.0,0.12903225806451613,0.16129032258064516,4.258064516129032,46,411.0,0.21739130434782608,0.021739130434782608,8.934782608695652
2020,4,DEN,NYJ,37,-0.9963629380275711,-1.1624717909809397,0.9011537771928007,0.2267832162837129,-1.8975167152203718,-1.3892550072646526,32,117.0,0.09375,0.40625,3.65625,31,242.0,0.12903225806451613,0.03225806451612903,7.806451612903226
2020,4,ARI,CAR,21,-0.3989737603209733,1.0293901987456677,-0.1562470111584155,-0.2729393580103549,-0.24272674916255782,1.3023295567560227,23,129.0,0.043478260869565216,0.21739130434782608,5.608695652173913,35,193.0,0.02857142857142857,0.14285714285714285,5.514285714285714
2020,4,JAX,CIN,25,0.04998639057706558,0.49526990335292925,-0.9496827727624984,-0.8479421671110843,0.9996691633395639,1.3432120704640136,20,89.0,0.1,0.15,4.45,45,349.0,0.17777777777777778,0.06666666666666667,7.7555555555555555
2020,4,CLE,DAL,49,-0.6557326726081159,0.7967276874552285,-1.2517602585010899,0.4230239984630637,0.596027585892974,0.3737036889921648,41,309.0,0.2682926829268293,0.12195121951219512,7.536585365853658,33,209.0,0.09090909090909091,0.06060606060606061,6.333333333333333
2020,4,NO,DET,35,0.877761015483248,0.9687296080892386,-0.7013103988104854,-1.2065630666015688,1.5790714142937334,2.1752926746908074,42,164.0,0.07142857142857142,0.19047619047619047,3.9047619047619047,27,228.0,0.3333333333333333,0.1111111111111111,8.444444444444445
2020,4,MIN,HOU,31,0.5449455871258067,-1.6016474551693942,-1.2358330378245104,-0.37593935881182344,1.780778624950317,-1.2257080963575708,40,162.0,0.075,0.1,4.05,26,250.0,0.3076923076923077,0.11538461538461539,9.615384615384615
2020,4,SEA,MIA,31,0.13447102138981473,-0.7998581295056258,-0.5644119500915642,0.05164284631154209,0.6988829714813789,-0.8515009758171679,26,98.0,0.038461538461538464,0.23076923076923078,3.769230769230769,37,351.0,0.24324324324324326,0.05405405405405406,9.486486486486486
2020,4,LAC,TB,31,-0.7574484354567812,-1.4979299252717873,1.355343561847906,0.9056914107668962,-2.1127919973046874,-2.4036213360386833,23,46.0,0.043478260869565216,0.30434782608695654,2.0,29,287.0,0.20689655172413793,0.06896551724137931,9.89655172413793
2020,4,BAL,WAS,31,1.2393814759867576,-0.03926100786687877,0.7267413354016995,0.10748351997228023,0.5126401405850581,-0.146744527839159,32,144.0,0.09375,0.1875,4.5,27,218.0,0.2222222222222222,0.037037037037037035,8.074074074074074
2020,4,NYG,LA,9,0.5026965354050527,-1.1549183492753894,0.49458671173613356,-0.45712247641652576,0.008109823668919103,-0.6977958728588636,25,136.0,0.2,0.08,5.44,45,197.0,0.06666666666666667,0.2,4.377777777777778
2020,4,IND,CHI,19,-0.014382939193470744,1.15724083387715,0.39864875013762313,-0.3506189883255985,-0.41303168933109385,1.5078598222027486,38,103.0,0.10526315789473684,0.34210526315789475,2.710526315789474,30,186.0,0.13333333333333333,0.1,6.2
2020,4,BUF,LV,30,-0.34141217524720696,0.025776956438111526,-0.07742285269457647,0.46255450861076913,-0.2639893225526305,-0.4367775521726576,24,63.0,0.125,0.3333333333333333,2.625,35,274.0,0.14285714285714285,0.02857142857142857,7.828571428571428
2020,4,PHI,SF,25,-0.49681181860520024,-0.6652946140666655,0.7632303635657995,-0.4749341038734767,-1.2600421821709997,-0.19036051019318878,28,93.0,0.07142857142857142,0.2857142857142857,3.3214285714285716,35,193.0,0.14285714285714285,0.11428571428571428,5.514285714285714
2020,4,NE,KC,10,1.1575635165043932,-0.5274620213195141,-0.9464767715605775,0.032109180571619635,2.1040402880649705,-0.5595712018911337,35,185.0,0.11428571428571428,0.08571428571428572,5.285714285714286,41,181.0,0.0975609756097561,0.12195121951219512,4.414634146341464
2020,4,ATL,GB,16,-0.8825167859174221,-0.3557122882032351,-0.3494295841127625,-1.0382465225632516,-0.5330872018046596,0.6825342343600165,25,78.0,0.04,0.24,3.12,45,259.0,0.13333333333333333,0.08888888888888889,5.7555555555555555
2020,5,TB,CHI,19,0.9576070193016581,0.9076916911212077,0.39864875013762313,-0.3506189883255985,0.558958269164035,1.2583106794468062,20,106.0,0.15,0.2,5.3,44,233.0,0.11363636363636363,0.09090909090909091,5.295454545454546
2020,5,CAR,ATL,23,-0.19845513376767704,0.6823255880001889,0.3296615529476759,0.3276001426742597,-0.528116686715353,0.35472544532592926,27,124.0,0.1111111111111111,0.18518518518518517,4.592592592592593,38,317.0,0.15789473684210525,0.05263157894736842,8.342105263157896
2020,5,CIN,BAL,3,-0.23828709378082186,0.02813539690100893,0.5632094277802331,1.1534145953574706,-0.801496521561055,-1.1252791984564616,28,70.0,0.0,0.17857142857142858,2.5,39,143.0,0.07692307692307693,0.20512820512820512,3.6666666666666665
2020,5,JAX,HOU,14,0.04998639057706558,0.49526990335292925,-1.2358330378245104,-0.37593935881182344,1.285819428401576,0.8712092621647527,20,75.0,0.15,0.25,3.75,56,307.0,0.08928571428571429,0.08928571428571429,5.482142857142857
2020,5,LV,KC,40,0.09563536646946806,0.4022499388821046,-0.9464767715605775,0.032109180571619635,1.0421121380300455,0.37014075831048493,35,144.0,0.02857142857142857,0.14285714285714285,4.114285714285714,32,346.0,0.1875,0.03125,10.8125
2020,5,ARI,NYJ,30,-0.3989737603209733,1.0293901987456677,0.9011537771928007,0.2267832162837129,-1.300127537513774,0.8026069824619548,30,127.0,0.13333333333333333,0.23333333333333334,4.233333333333333,38,369.0,0.23684210526315788,0.02631578947368421,9.710526315789474
2020,5,PHI,PIT,29,-0.49681181860520024,-0.6652946140666655,0.9221761493844631,2.635014650478298,-1.4189879679896633,-3.300309264544963,16,94.0,0.0625,0.3125,5.875,44,249.0,0.1590909090909091,0.11363636363636363,5.659090909090909
2020,5,MIA,SF,43,0.31495603656200943,0.9386307951517807,0.7632303635657995,-0.4749341038734767,-0.4482743270037901,1.4135648990252574,33,94.0,0.09090909090909091,0.3333333333333333,2.8484848484848486,31,359.0,0.2903225806451613,0.06451612903225806,11.580645161290322
2020,5,IND,CLE,23,-0.014382939193470744,1.15724083387715,-0.5549915387253154,-0.9048216809465561,0.5406085995318446,2.0620625148237064,18,68.0,0.05555555555555555,0.1111111111111111,3.7777777777777777,34,240.0,0.11764705882352941,0.029411764705882353,7.0588235294117645
2020,5,NYG,DAL,34,0.5026965354050527,-1.1549183492753894,-1.2517602585010899,0.4230239984630637,1.7544567939061424,-1.577942347738453,27,89.0,0.037037037037037035,0.14814814814814814,3.2962962962962963,36,213.0,0.16666666666666666,0.1111111111111111,5.916666666666667
2020,5,MIN,SEA,26,0.5449455871258067,-1.6016474551693942,0.4896640411160305,-0.08161019796624135,0.05528154600977614,-1.5200372572031529,42,201.0,0.16666666666666666,0.16666666666666666,4.785714285714286,42,248.0,0.047619047619047616,0.09523809523809523,5.904761904761905
2020,5,LAC,NO,27,-0.7574484354567812,-1.4979299252717873,1.0781705469768383,0.5537342534823455,-1.8356189824336195,-2.051664178754133,32,111.0,0.0625,0.28125,3.46875,38,244.0,0.10526315789473684,0.07894736842105263,6.421052631578948
2020,5,BUF,TEN,16,-0.34141217524720696,0.025776956438111526,0.009098555208913929,-1.2933739644930278,-0.3505107304561209,1.3191509209311394,22,95.0,0.045454545454545456,0.13636363636363635,4.318181818181818,50,289.0,0.1,0.04,5.78
2020,6,CHI,CAR,23,-0.6542118801679481,0.5163021421585374,-0.1562470111584155,-0.2729393580103549,-0.4979648690095326,0.7892415001688924,25,63.0,0.08,0.36,2.52,39,205.0,0.07692307692307693,0.0,5.256410256410256
2020,6,CIN,IND,27,-0.23828709378082186,0.02813539690100893,0.6727228115678436,-0.2066049979087208,-0.9110099053486655,0.23474039480972975,32,98.0,0.03125,0.25,3.0625,42,301.0,0.14285714285714285,0.047619047619047616,7.166666666666667
2020,6,DET,JAX,34,-0.19859074538036312,0.3321552415448006,-0.6741346345923958,-0.32159342882207637,0.4755438892120326,0.6537486703668769,39,180.0,0.07692307692307693,0.23076923076923078,4.615384615384615,32,240.0,0.1875,0.0,7.5
2020,6,ATL,MIN,40,-0.8825167859174221,-0.3557122882032351,-1.0413805612339193,-1.296156428542798,0.1588637753164972,0.9404441403395629,37,99.0,0.0,0.35135135135135137,2.675675675675676,44,376.0,0.22727272727272727,0.045454545454545456,8.545454545454545
2020,6,DEN,NE,18,-0.9963629380275711,-1.1624717909809397,-2.016695521645072,0.7357377028108969,1.0203325836175008,-1.8982094937918366,37,135.0,0.08108108108108109,0.24324324324324326,3.6486486486486487,27,167.0,0.25925925925925924,0.07407407407407407,6.185185185185185
2020,6,WAS,NYG,19,-0.2150042478801784,-0.43279728832701325,0.6851858857161031,0.49381593801296303,-0.9001901335962814,-0.9266132263399762,24,86.0,0.08333333333333333,0.16666666666666666,3.5833333333333335,48,259.0,0.10416666666666667,0.08333333333333333,5.395833333333333
2020,6,BAL,PHI,30,1.2393814759867576,-0.03926100786687877,1.186847074200765,0.7776888405623854,0.05253440178599256,-0.8169498484292642,37,182.0,0.16216216216216217,0.2972972972972973,4.918918918918919,33,208.0,0.15151515151515152,0.12121212121212122,6.303030303030303
2020,6,CLE,PIT,7,-0.6557326726081159,0.7967276874552285,0.9221761493844631,2.635014650478298,-1.577908821992579,-1.8382869630230694,22,75.0,0.09090909090909091,0.2727272727272727,3.409090909090909,33,150.0,0.06060606060606061,0.15151515151515152,4.545454545454546
2020,6,HOU,TEN,36,0.39702600191362497,-0.6416605395225664,0.009098555208913929,-1.2933739644930278,0.387927446704711,0.6517134249704614,27,92.0,0.14814814814814814,0.25925925925925924,3.4074074074074074,43,338.0,0.23255813953488372,0.06976744186046512,7.8604651162790695
2020,6,NYJ,MIA,0,0.22644529954637954,-0.9461980823211529,-0.5644119500915642,0.05164284631154209,0.7908572496379438,-0.997840928632695,22,115.0,0.18181818181818182,0.2727272727272727,5.2272727272727275,47,148.0,0.0851063829787234,0.06382978723404255,3.148936170212766
2020,6,GB,TB,10,0.9088240792641769,1.614831247457121,1.355343561847906,0.9056914107668962,-0.4465194825837291,0.7091398366902247,21,94.0,0.09523809523809523,0.23809523809523808,4.476190476190476,42,121.0,0.09523809523809523,0.14285714285714285,2.880952380952381
2020,6,KC,BUF,26,-0.24698640894134888,-0.08365826664216608,0.34252926197835754,-0.6218502614972233,-0.5895156709197065,0.5381919948550573,46,245.0,0.15217391304347827,0.1956521739130435,5.326086956521739,33,254.0,0.21212121212121213,0.09090909090909091,7.696969696969697
2020,6,ARI,DAL,38,-0.3989737603209733,1.0293901987456677,-1.2517602585010899,0.4230239984630637,0.8527864981801165,0.606366200282604,35,261.0,0.22857142857142856,0.11428571428571428,7.457142857142857,27,194.0,0.07407407407407407,0.037037037037037035,7.185185185185185
2020,7,NYG,PHI,21,0.5026965354050527,-1.1549183492753894,1.186847074200765,0.7776888405623854,-0.6841505387957124,-1.9326071898377748,22,160.0,0.22727272727272727,0.2727272727272727,7.2727272727272725,34,175.0,0.08823529411764706,0.17647058823529413,5.147058823529412
2020,7,DET,ATL,23,-0.19859074538036312,0.3321552415448006,0.3296615529476759,0.3276001426742597,-0.528252298328039,0.004555098870540897,21,64.0,0.047619047619047616,0.2857142857142857,3.0476190476190474,35,330.0,0.3142857142857143,0.08571428571428572,9.428571428571429
2020,7,CLE,CIN,37,-0.6557326726081159,0.7967276874552285,-0.9496827727624984,-0.8479421671110843,0.2939501001543825,1.6446698545663128,22,82.0,0.18181818181818182,0.2727272727272727,3.727272727272727,28,316.0,0.32142857142857145,0.03571428571428571,11.285714285714286
2020,7,GB,HOU,35,0.9088240792641769,1.614831247457121,-1.2358330378245104,-0.37593935881182344,2.1446571170886872,1.9907706062689443,27,96.0,0.037037037037037035,0.25925925925925924,3.5555555555555554,34,283.0,0.2647058823529412,0.058823529411764705,8.323529411764707
2020,7,CAR,NO,24,-0.19845513376767704,0.6823255880001889,1.0781705469768383,0.5537342534823455,-1.2766256807445153,0.12859133451784344,14,37.0,0.0,0.21428571428571427,2.642857142857143,31,256.0,0.12903225806451613,0.06451612903225806,8.258064516129032
2020,7,BUF,NYJ,18,-0.34141217524720696,0.025776956438111526,0.9011537771928007,0.2267832162837129,-1.2425659524400077,-0.20100625984560136,27,126.0,0.18518518518518517,0.2222222222222222,4.666666666666667,48,334.0,0.10416666666666667,0.041666666666666664,6.958333333333333
2020,7,PIT,TEN,27,-1.0948454729276769,0.4943540329803707,0.009098555208913929,-1.2933739644930278,-1.1039440281365909,1.7877279974733984,25,94.0,0.04,0.24,3.76,49,268.0,0.08163265306122448,0.02040816326530612,5.469387755102041
2020,7,DAL,WAS,3,0.07098721356239565,0.2999016066956926,0.7267413354016995,0.10748351997228023,-0.6557541218393038,0.19241808672341237,26,83.0,0.038461538461538464,0.23076923076923078,3.1923076923076925,31,75.0,0.06451612903225806,0.1935483870967742,2.4193548387096775
2020,7,TB,LV,45,0.9576070193016581,0.9076916911212077,-0.07742285269457647,0.46255450861076913,1.0350298719962345,0.4451371825104386,25,85.0,0.08,0.32,3.4,43,369.0,0.20930232558139536,0.0,8.581395348837209
2020,7,KC,DEN,43,-0.24698640894134888,-0.08365826664216608,-0.5478456322295095,0.6453533470692739,0.30085922328816067,-0.72901161371144,22,101.0,0.22727272727272727,0.2727272727272727,4.590909090909091,29,185.0,0.20689655172413793,0.13793103448275862,6.379310344827586
2020,7,JAX,LAC,29,0.04998639057706558,0.49526990335292925,-0.00035452401148668156,0.08140045819212084,0.05034091458855226,0.4138694451608084,28,142.0,0.17857142857142858,0.14285714285714285,5.071428571428571,38,177.0,0.10526315789473684,0.13157894736842105,4.657894736842105
2020,7,SF,NE,33,-0.5305428570503816,-0.8695420960789857,-2.016695521645072,0.7357377028108969,1.4861526645946903,-1.6052797988898826,37,197.0,0.13513513513513514,0.10810810810810811,5.324324324324325,27,274.0,0.3333333333333333,0.037037037037037035,10.148148148148149
2020,7,SEA,ARI,34,0.13447102138981473,-0.7998581295056258,0.14900724319498734,0.13726839227043255,-0.014536221805172611,-0.9371265217760584,30,200.0,0.2,0.1,6.666666666666667,57,422.0,0.19298245614035087,0.07017543859649122,7.4035087719298245
2020,7,CHI,LA,10,-0.6542118801679481,0.5163021421585374,0.49458671173613356,-0.45712247641652576,-1.1487985919040815,0.9734246185750632,17,49.0,0.058823529411764705,0.11764705882352941,2.8823529411764706,44,230.0,0.09090909090909091,0.13636363636363635,5.2272727272727275
2020,8,ATL,CAR,25,-0.8825167859174221,-0.3557122882032351,-0.1562470111584155,-0.2729393580103549,-0.7262697747590066,-0.08277293019288018,36,131.0,0.1388888888888889,0.16666666666666666,3.638888888888889,36,299.0,0.25,0.08333333333333333,8.305555555555555
2020,8,PIT,BAL,28,-1.0948454729276769,0.4943540329803707,0.5632094277802331,1.1534145953574706,-1.65805490070791,-0.6590605623771,16,48.0,0.0625,0.25,3.0,34,173.0,0.058823529411764705,0.11764705882352941,5.088235294117647
2020,8,NE,BUF,21,1.1575635165043932,-0.5274620213195141,0.34252926197835754,-0.6218502614972233,0.8150342545260356,0.09438824017770919,34,188.0,0.14705882352941177,0.058823529411764705,5.529411764705882,29,168.0,0.13793103448275862,0.06896551724137931,5.793103448275862
2020,8,TEN,CIN,20,0.44227880618129445,-0.22236704904076254,-0.9496827727624984,-0.8479421671110843,1.3919615789437927,0.6255751180703217,29,218.0,0.2413793103448276,0.06896551724137931,7.517241379310345,34,243.0,0.14705882352941177,0.058823529411764705,7.147058823529412
2020,8,LV,CLE,16,0.09563536646946806,0.4022499388821046,-0.5549915387253154,-0.9048216809465561,0.6506269051947834,1.3070716198286607,45,209.0,0.1111111111111111,0.1111111111111111,4.644444444444445,29,124.0,0.034482758620689655,0.06896551724137931,4.275862068965517
2020,8,IND,DET,41,-0.014382939193470744,1.15724083387715,-0.7013103988104854,-1.2065630666015688,0.6869274596170146,2.363803900478719,40,121.0,0.075,0.225,3.025,36,247.0,0.2222222222222222,0.08333333333333333,6.861111111111111
2020,8,MIN,GB,28,0.5449455871258067,-1.6016474551693942,-0.3494295841127625,-1.0382465225632516,0.8943751712385691,-0.5634009326061427,34,173.0,0.11764705882352941,0.14705882352941177,5.088235294117647,15,151.0,0.2,0.06666666666666667,10.066666666666666
2020,8,NYJ,KC,9,0.22644529954637954,-0.9461980823211529,-0.9464767715605775,0.032109180571619635,1.172922071106957,-0.9783072628927725,25,93.0,0.0,0.12,3.72,34,149.0,0.11764705882352941,0.08823529411764706,4.382352941176471
2020,8,LAC,DEN,30,-0.7574484354567812,-1.4979299252717873,-0.5478456322295095,0.6453533470692739,-0.20960280322727165,-2.143283272341061,38,210.0,0.15789473684210525,0.10526315789473684,5.526315789473684,48,285.0,0.14583333333333334,0.0625,5.9375
2020,8,NO,CHI,26,0.877761015483248,0.9687296080892386,0.39864875013762313,-0.3506189883255985,0.4791122653456249,1.319348596414837,30,122.0,0.13333333333333333,0.16666666666666666,4.066666666666666,43,274.0,0.06976744186046512,0.06976744186046512,6.372093023255814
2020,8,SF,SEA,27,-0.5305428570503816,-0.8695420960789857,0.4896640411160305,-0.08161019796624135,-1.020206898166412,-0.7879318981127443,22,52.0,0.045454545454545456,0.18181818181818182,2.3636363636363638,46,301.0,0.15217391304347827,0.08695652173913043,6.543478260869565
2020,8,DAL,PHI,9,0.07098721356239565,0.2999016066956926,1.186847074200765,0.7776888405623854,-1.1158598606383694,-0.4777872338666928,35,133.0,0.11428571428571428,0.2857142857142857,3.8,44,141.0,0.022727272727272728,0.09090909090909091,3.2045454545454546
2020,8,TB,NYG,25,0.9576070193016581,0.9076916911212077,0.6851858857161031,0.49381593801296303,0.2724211335855551,0.4138757531082447,24,81.0,0.041666666666666664,0.16666666666666666,3.375,43,263.0,0.16279069767441862,0.046511627906976744,6.116279069767442
2020,9,GB,SF,34,0.9088240792641769,1.614831247457121,0.7632303635657995,-0.4749341038734767,0.1455937156983773,2.0897653513305974,31,111.0,0.06451612903225806,0.22580645161290322,3.5806451612903225,33,301.0,0.18181818181818182,0.06060606060606061,9.121212121212121
2020,9,DEN,ATL,27,-0.9963629380275711,-1.1624717909809397,0.3296615529476759,0.3276001426742597,-1.326024490975247,-1.4900719336551993,22,103.0,0.13636363636363635,0.13636363636363635,4.681818181818182,55,349.0,0.10909090909090909,0.01818181818181818,6.345454545454546
2020,9,SEA,BUF,34,0.13447102138981473,-0.7998581295056258,0.34252926197835754,-0.6218502614972233,-0.2080582405885428,-0.17800786800840251,17,57.0,0.11764705882352941,0.35294117647058826,3.3529411764705883,47,366.0,0.14893617021276595,0.10638297872340426,7.787234042553192
2020,9,BAL,IND,24,1.2393814759867576,-0.03926100786687877,0.6727228115678436,-0.2066049979087208,0.566658664418914,0.16734399004184203,38,110.0,0.0,0.23684210526315788,2.8947368421052633,29,173.0,0.06896551724137931,0.10344827586206896,5.9655172413793105
2020,9,HOU,JAX,27,0.39702600191362497,-0.6416605395225664,-0.6741346345923958,-0.32159342882207637,1.0711606365060207,-0.32006711070049004,28,107.0,0.14285714285714285,0.32142857142857145,3.8214285714285716,40,320.0,0.1,0.05,8.0
2020,9,CAR,KC,31,-0.19845513376767704,0.6823255880001889,-0.9464767715605775,0.032109180571619635,0.7480216377929005,0.6502164074285693,24,104.0,0.125,0.125,4.333333333333333,52,346.0,0.09615384615384616,0.07692307692307693,6.653846153846154
2020,9,DET,MIN,20,-0.19859074538036312,0.3321552415448006,-1.0413805612339193,-1.296156428542798,0.8427898158535562,1.6283116700875986,27,129.0,0.1111111111111111,0.07407407407407407,4.777777777777778,47,297.0,0.10638297872340426,0.0851063829787234,6.319148936170213
2020,9,CHI,TEN,17,-0.6542118801679481,0.5163021421585374,0.009098555208913929,-1.2933739644930278,-0.663310435376862,1.8096761066515652,20,56.0,0.05,0.25,2.8,56,321.0,0.125,0.07142857142857142,5.732142857142857
2020,9,NYG,WAS,23,0.5026965354050527,-1.1549183492753894,0.7267413354016995,0.10748351997228023,-0.22404479999664684,-1.2624018692476695,35,166.0,0.14285714285714285,0.2,4.742857142857143,39,184.0,0.07692307692307693,0.15384615384615385,4.717948717948718
2020,9,LV,LAC,31,0.09563536646946806,0.4022499388821046,-0.00035452401148668156,0.08140045819212084,0.09598989048095474,0.32084948068998376,26,160.0,0.2692307692307692,0.19230769230769232,6.153846153846154,26,174.0,0.11538461538461539,0.07692307692307693,6.6923076923076925
2020,9,MIA,ARI,34,0.31495603656200943,0.9386307951517807,0.14900724319498734,0.13726839227043255,0.1659487933670221,0.8013624028813482,25,91.0,0.08,0.24,3.64,33,252.0,0.24242424242424243,0.09090909090909091,7.636363636363637
2020,9,PIT,DAL,24,-1.0948454729276769,0.4943540329803707,-1.2517602585010899,0.4230239984630637,0.15691478557341298,0.07133003451730696,18,46.0,0.0,0.2222222222222222,2.5555555555555554,47,317.0,0.10638297872340426,0.02127659574468085,6.74468085106383
2020,9,NO,TB,38,0.877761015483248,0.9687296080892386,1.355343561847906,0.9056914107668962,-0.4775825463646579,0.06303819732234239,37,138.0,0.16216216216216217,0.32432432432432434,3.72972972972973,37,305.0,0.13513513513513514,0.08108108108108109,8.243243243243244
2020,9,NE,NYJ,30,1.1575635165043932,-0.5274620213195141,0.9011537771928007,0.2267832162837129,0.2564097393115925,-0.754245237603227,41,159.0,0.12195121951219512,0.14634146341463414,3.8780487804878048,35,277.0,0.17142857142857143,0.05714285714285714,7.914285714285715
2020,10,IND,TEN,34,-0.014382939193470744,1.15724083387715,0.009098555208913929,-1.2933739644930278,-0.023481494402384673,2.450614798370178,29,133.0,0.1724137931034483,0.2413793103448276,4.586206896551724,39,297.0,0.10256410256410256,0.02564102564102564,7.615384615384615
2020,10,TB,CAR,46,0.9576070193016581,0.9076916911212077,-0.1562470111584155,-0.2729393580103549,1.1138540304600737,1.1806310491315626,37,210.0,0.10810810810810811,0.24324324324324326,5.675675675675675,41,335.0,0.21951219512195122,0.024390243902439025,8.170731707317072
2020,10,HOU,CLE,7,0.39702600191362497,-0.6416605395225664,-0.5549915387253154,-0.9048216809465561,0.9520175406389404,0.2631611414239897,22,90.0,0.09090909090909091,0.2727272727272727,4.090909090909091,34,165.0,0.08823529411764706,0.08823529411764706,4.852941176470588
2020,10,WAS,DET,27,-0.2150042478801784,-0.43279728832701325,-0.7013103988104854,-1.2065630666015688,0.486306150930307,0.7737657782745555,26,89.0,0.07692307692307693,0.11538461538461539,3.423076923076923,58,380.0,0.13793103448275862,0.06896551724137931,6.551724137931035
2020,10,JAX,GB,20,0.04998639057706558,0.49526990335292925,-0.3494295841127625,-1.0382465225632516,0.39941597468982803,1.5335164259161809,23,109.0,0.13043478260869565,0.08695652173913043,4.739130434782608,38,151.0,0.07894736842105263,0.07894736842105263,3.973684210526316
2020,10,PHI,NYG,17,-0.49681181860520024,-0.6652946140666655,0.6851858857161031,0.49381593801296303,-1.1819977043213032,-1.1591105520796285,24,158.0,0.20833333333333334,0.20833333333333334,6.583333333333333,42,193.0,0.11904761904761904,0.07142857142857142,4.595238095238095
2020,10,BUF,ARI,30,-0.34141217524720696,0.025776956438111526,0.14900724319498734,0.13726839227043255,-0.4904194184421943,-0.11149143583232103,18,73.0,0.2222222222222222,0.3333333333333333,4.055555555555555,51,305.0,0.09803921568627451,0.058823529411764705,5.980392156862745
2020,10,DEN,LV,12,-0.9963629380275711,-1.1624717909809397,-0.07742285269457647,0.46255450861076913,-0.9189400853329946,-1.6250262995917089,19,66.0,0.05263157894736842,0.21052631578947367,3.473684210526316,50,247.0,0.1,0.06,4.94
2020,10,LAC,MIA,21,-0.7574484354567812,-1.4979299252717873,-0.5644119500915642,0.05164284631154209,-0.193036485365217,-1.5495727715833294,29,99.0,0.06896551724137931,0.1724137931034483,3.413793103448276,36,184.0,0.1111111111111111,0.08333333333333333,5.111111111111111
2020,10,SEA,LA,16,0.13447102138981473,-0.7998581295056258,0.49458671173613356,-0.45712247641652576,-0.36011569034631885,-0.3427356530891001,22,113.0,0.18181818181818182,0.09090909090909091,5.136363636363637,50,280.0,0.1,0.12,5.6
2020,10,SF,NO,13,-0.5305428570503816,-0.8695420960789857,1.0781705469768383,0.5537342534823455,-1.60871340402722,-1.4232763495613312,25,49.0,0.0,0.28,1.96,42,235.0,0.09523809523809523,0.09523809523809523,5.595238095238095
2020,10,CIN,PIT,10,-0.23828709378082186,0.02813539690100893,0.9221761493844631,2.635014650478298,-1.160463243165285,-2.606879253577289,21,139.0,0.23809523809523808,0.09523809523809523,6.619047619047619,43,185.0,0.09302325581395349,0.13953488372093023,4.3023255813953485
2020,10,BAL,NE,17,1.2393814759867576,-0.03926100786687877,-2.016695521645072,0.7357377028108969,3.25607699763183,-0.7749987106777757,28,115.0,0.07142857142857142,0.14285714285714285,4.107142857142857,40,271.0,0.125,0.05,6.775
2020,10,MIN,CHI,19,0.5449455871258067,-1.6016474551693942,0.39864875013762313,-0.3506189883255985,0.14629683698818352,-1.2510284668437957,33,99.0,0.06060606060606061,0.2727272727272727,3.0,38,286.0,0.13157894736842105,0.05263157894736842,7.526315789473684
2020,11,ARI,SEA,21,-0.3989737603209733,1.0293901987456677,0.4896640411160305,-0.08161019796624135,-0.8886378014370038,1.111000396711909,18,57.0,0.1111111111111111,0.2222222222222222,3.1666666666666665,47,271.0,0.10638297872340426,0.06382978723404255,5.76595744680851
2020,11,TEN,BAL,30,0.44227880618129445,-0.22236704904076254,0.5632094277802331,1.1534145953574706,-0.12093062159893864,-1.3757816443982331,35,175.0,0.14285714285714285,0.17142857142857143,5.0,36,265.0,0.1111111111111111,0.08333333333333333,7.361111111111111
2020,11,DET,CAR,0,-0.19859074538036312,0.3321552415448006,-0.1562470111584155,-0.2729393580103549,-0.04234373422194762,0.6050945995551555,17,40.0,0.0,0.29411764705882354,2.3529411764705883,39,151.0,0.10256410256410256,0.1282051282051282,3.871794871794872
2020,11,PHI,CLE,17,-0.49681181860520024,-0.6652946140666655,-0.5549915387253154,-0.9048216809465561,0.05817972012011513,0.23952706687989067,25,106.0,0.12,0.16,4.24,40,209.0,0.15,0.125,5.225
2020,11,NE,HOU,20,1.1575635165043932,-0.5274620213195141,-1.2358330378245104,-0.37593935881182344,2.3933965543289037,-0.1515226625076907,24,86.0,0.041666666666666664,0.20833333333333334,3.5833333333333335,42,349.0,0.21428571428571427,0.09523809523809523,8.30952380952381
2020,11,PIT,JAX,27,-1.0948454729276769,0.4943540329803707,-0.6741346345923958,-0.32159342882207637,-0.4207108383352811,0.815947461802447,27,106.0,0.14814814814814814,0.2222222222222222,3.925925925925926,46,267.0,0.10869565217391304,0.06521739130434782,5.804347826086956
2020,11,ATL,NO,9,-0.8825167859174221,-0.3557122882032351,1.0781705469768383,0.5537342534823455,-1.9606873328942604,-0.9094465416855806,14,52.0,0.0,0.07142857142857142,3.7142857142857144,45,196.0,0.13333333333333333,0.17777777777777778,4.355555555555555
2020,11,CIN,WAS,9,-0.23828709378082186,0.02813539690100893,0.7267413354016995,0.10748351997228023,-0.9650284291825213,-0.0793481230712713,18,70.0,0.1111111111111111,0.2222222222222222,3.888888888888889,50,223.0,0.08,0.1,4.46
2020,11,MIA,DEN,13,0.31495603656200943,0.9386307951517807,-0.5478456322295095,0.6453533470692739,0.862801668791519,0.2932774480825068,17,56.0,0.058823529411764705,0.11764705882352941,3.2941176470588234,45,168.0,0.06666666666666667,0.15555555555555556,3.7333333333333334
2020,11,NYJ,LAC,28,0.22644529954637954,-0.9461980823211529,-0.00035452401148668156,0.08140045819212084,0.2267998235578662,-1.0275985405132737,24,96.0,0.08333333333333333,0.125,4.0,32,198.0,0.1875,0.0625,6.1875
2020,11,GB,IND,31,0.9088240792641769,1.614831247457121,0.6727228115678436,-0.2066049979087208,0.23610126769633322,1.8214362453658417,18,66.0,0.05555555555555555,0.1111111111111111,3.6666666666666665,39,314.0,0.15384615384615385,0.05128205128205128,8.051282051282051
2020,11,DAL,MIN,31,0.07098721356239565,0.2999016066956926,-1.0413805612339193,-1.296156428542798,1.112367774796315,1.5960580352384905,32,182.0,0.09375,0.09375,5.6875,34,203.0,0.08823529411764706,0.058823529411764705,5.970588235294118
2020,11,KC,LV,35,-0.24698640894134888,-0.08365826664216608,-0.07742285269457647,0.46255450861076913,-0.1695635562467724,-0.5462127752529352,27,108.0,0.14814814814814814,0.2222222222222222,4.0,48,370.0,0.16666666666666666,0.0,7.708333333333333
2020,12,HOU,DET,41,0.39702600191362497,-0.6416605395225664,-0.7013103988104854,-1.2065630666015688,1.0983364007241103,0.5649025270790023,23,77.0,0.08695652173913043,0.2608695652173913,3.347826086956522,31,336.0,0.25806451612903225,0.0967741935483871,10.838709677419354
2020,12,WAS,DAL,41,-0.2150042478801784,-0.43279728832701325,-1.2517602585010899,0.4230239984630637,1.0367560106209115,-0.855821286790077,36,182.0,0.1388888888888889,0.1111111111111111,5.055555555555555,31,159.0,0.0967741935483871,0.12903225806451613,5.129032258064516
2020,12,LV,ATL,6,0.09563536646946806,0.4022499388821046,0.3296615529476759,0.3276001426742597,-0.23402618647820783,0.0746497962078449,14,40.0,0.07142857142857142,0.42857142857142855,2.857142857142857,45,212.0,0.13333333333333333,0.15555555555555556,4.711111111111111
2020,12,LAC,BUF,17,-0.7574484354567812,-1.4979299252717873,0.34252926197835754,-0.6218502614972233,-1.0999776974351387,-0.8760796637745639,24,76.0,0.125,0.4166666666666667,3.1666666666666665,56,293.0,0.05357142857142857,0.05357142857142857,5.232142857142857
2020,12,NYG,CIN,19,0.5026965354050527,-1.1549183492753894,-0.9496827727624984,-0.8479421671110843,1.4523793081675511,-0.3069761821643051,42,142.0,0.047619047619047616,0.16666666666666666,3.380952380952381,43,262.0,0.11627906976744186,0.046511627906976744,6.093023255813954
2020,12,TEN,IND,45,0.44227880618129445,-0.22236704904076254,0.6727228115678436,-0.2066049979087208,-0.2304440053865492,-0.015762051132041738,45,229.0,0.2,0.1111111111111111,5.088888888888889,23,220.0,0.17391304347826086,0.043478260869565216,9.565217391304348
2020,12,CLE,JAX,27,-0.6557326726081159,0.7967276874552285,-0.6741346345923958,-0.32159342882207637,0.018401961984279902,1.1183211162773048,33,207.0,0.18181818181818182,0.21212121212121213,6.2727272727272725,32,256.0,0.25,0.0625,8.0
2020,12,CAR,MIN,27,-0.19845513376767704,0.6823255880001889,-1.0413805612339193,-1.296156428542798,0.8429254274662423,1.978482016542987,28,107.0,0.14285714285714285,0.17857142857142858,3.8214285714285716,37,279.0,0.16216216216216217,0.0,7.54054054054054
2020,12,ARI,NE,17,-0.3989737603209733,1.0293901987456677,-2.016695521645072,0.7357377028108969,1.6177217613240986,0.29365249593477083,34,138.0,0.08823529411764706,0.11764705882352941,4.0588235294117645,39,189.0,0.07692307692307693,0.07692307692307693,4.846153846153846
2020,12,MIA,NYJ,20,0.31495603656200943,0.9386307951517807,0.9011537771928007,0.2267832162837129,-0.5861977406307912,0.7118475788680678,25,104.0,0.12,0.16,4.16,43,241.0,0.13953488372093023,0.09302325581395349,5.604651162790698
2020,12,NO,DEN,31,0.877761015483248,0.9687296080892386,-0.5478456322295095,0.6453533470692739,1.4256066477127576,0.32337626101996464,44,229.0,0.13636363636363635,0.09090909090909091,5.204545454545454,21,67.0,0.14285714285714285,0.19047619047619047,3.1904761904761907
2020,12,SF,LA,23,-0.5305428570503816,-0.8695420960789857,0.49458671173613356,-0.45712247641652576,-1.0251295687865152,-0.41241961966245994,33,112.0,0.09090909090909091,0.24242424242424243,3.393939393939394,37,233.0,0.1891891891891892,0.10810810810810811,6.297297297297297
2020,12,KC,TB,27,-0.24698640894134888,-0.08365826664216608,1.355343561847906,0.9056914107668962,-1.6023299707892549,-0.9893496774090622,20,87.0,0.15,0.25,4.35,54,468.0,0.16666666666666666,0.037037037037037035,8.666666666666666
2020,12,CHI,GB,25,-0.6542118801679481,0.5163021421585374,-0.3494295841127625,-1.0382465225632516,-0.3047822960551856,1.554548664721789,16,121.0,0.1875,0.1875,7.5625,51,242.0,0.058823529411764705,0.058823529411764705,4.745098039215686
2020,12,SEA,PHI,23,0.13447102138981473,-0.7998581295056258,1.186847074200765,0.7776888405623854,-1.0523760528109503,-1.5775469700680111,30,76.0,0.06666666666666667,0.3333333333333333,2.533333333333333,35,236.0,0.14285714285714285,0.14285714285714285,6.742857142857143
2020,12,BAL,PIT,14,1.2393814759867576,-0.03926100786687877,0.9221761493844631,2.635014650478298,0.3172053266022945,-2.6742756583451768,28,129.0,0.10714285714285714,0.2857142857142857,4.607142857142857,22,99.0,0.045454545454545456,0.18181818181818182,4.5
2020,13,NO,ATL,21,0.877761015483248,0.9687296080892386,0.3296615529476759,0.3276001426742597,0.5480994625355722,0.6411294654149788,36,207.0,0.1388888888888889,0.25,5.75,43,277.0,0.13953488372093023,0.09302325581395349,6.441860465116279
2020,13,DET,CHI,34,-0.19859074538036312,0.3321552415448006,0.39864875013762313,-0.3506189883255985,-0.5972394955179863,0.6827742298703992,22,60.0,0.045454545454545456,0.18181818181818182,2.727272727272727,44,400.0,0.2727272727272727,0.045454545454545456,9.090909090909092
2020,13,IND,HOU,26,-0.014382939193470744,1.15724083387715,-1.2358330378245104,-0.37593935881182344,1.2214500986310397,1.5331801926889734,29,109.0,0.13793103448275862,0.3448275862068966,3.7586206896551726,38,262.0,0.15789473684210525,0.13157894736842105,6.894736842105263
2020,13,CIN,MIA,7,-0.23828709378082186,0.02813539690100893,-0.5644119500915642,0.05164284631154209,0.32612485631074234,-0.02350744941053316,17,40.0,0.058823529411764705,0.35294117647058826,2.3529411764705883,34,157.0,0.08823529411764706,0.20588235294117646,4.617647058823529
2020,13,JAX,MIN,24,0.04998639057706558,0.49526990335292925,-1.0413805612339193,-1.296156428542798,1.091366951810985,1.7914263318957273,25,124.0,0.12,0.04,4.96,47,277.0,0.1276595744680851,0.0425531914893617,5.8936170212765955
2020,13,LV,NYJ,31,0.09563536646946806,0.4022499388821046,0.9011537771928007,0.2267832162837129,-0.8055184107233326,0.1754667225983917,25,72.0,0.04,0.08,2.88,50,373.0,0.2,0.04,7.46
2020,13,CLE,TEN,41,-0.6557326726081159,0.7967276874552285,0.009098555208913929,-1.2933739644930278,-0.6648312278170297,2.090101651948256,36,118.0,0.05555555555555555,0.25,3.2777777777777777,36,344.0,0.19444444444444445,0.027777777777777776,9.555555555555555
2020,13,NYG,SEA,17,0.5026965354050527,-1.1549183492753894,0.4896640411160305,-0.08161019796624135,0.013032494289022145,-1.073308151309148,31,190.0,0.12903225806451613,0.16129032258064516,6.129032258064516,26,105.0,0.07692307692307693,0.11538461538461539,4.038461538461538
2020,13,PHI,GB,16,-0.49681181860520024,-0.6652946140666655,-0.3494295841127625,-1.0382465225632516,-0.14738223449243776,0.3729519084965861,25,117.0,0.2,0.08,4.68,41,205.0,0.12195121951219512,0.17073170731707318,5.0
2020,13,NE,LAC,45,1.1575635165043932,-0.5274620213195141,-0.00035452401148668156,0.08140045819212084,1.1579180405158798,-0.608862479511635,43,165.0,0.11627906976744186,0.13953488372093023,3.8372093023255816,26,145.0,0.15384615384615385,0.11538461538461539,5.576923076923077
2020,13,DEN,KC,16,-0.9963629380275711,-1.1624717909809397,-0.9464767715605775,0.032109180571619635,-0.04988616646699362,-1.1945809715525593,33,179.0,0.06060606060606061,0.15151515151515152,5.424242424242424,30,159.0,0.06666666666666667,0.03333333333333333,5.3
2020,13,WAS,PIT,23,-0.2150042478801784,-0.43279728832701325,0.9221761493844631,2.635014650478298,-1.1371803972646415,-3.067811938805311,21,45.0,0.047619047619047616,0.3333333333333333,2.142857142857143,49,273.0,0.14285714285714285,0.12244897959183673,5.571428571428571
2020,13,BUF,SF,34,-0.34141217524720696,0.025776956438111526,0.7632303635657995,-0.4749341038734767,-1.1046425388130066,0.5007110603115882,27,81.0,0.037037037037037035,0.2962962962962963,3.0,43,378.0,0.18604651162790697,0.023255813953488372,8.790697674418604
2020,13,DAL,BAL,17,0.07098721356239565,0.2999016066956926,0.5632094277802331,1.1534145953574706,-0.4922222142178374,-0.853512988661778,28,111.0,0.17857142857142858,0.17857142857142858,3.9642857142857144,49,277.0,0.08163265306122448,0.08163265306122448,5.653061224489796
2020,14,NE,LA,3,1.1575635165043932,-0.5274620213195141,0.49458671173613356,-0.45712247641652576,0.6629768047682596,-0.07033954490298838,29,107.0,0.034482758620689655,0.13793103448275862,3.689655172413793,31,123.0,0.0967741935483871,0.22580645161290322,3.967741935483871
2020,14,DEN,CAR,32,-0.9963629380275711,-1.1624717909809397,-0.1562470111584155,-0.2729393580103549,-0.8401159268691556,-0.8895324329705847,30,96.0,0.06666666666666667,0.3333333333333333,3.2,31,279.0,0.1935483870967742,0.03225806451612903,9.0
2020,14,HOU,CHI,7,0.39702600191362497,-0.6416605395225664,0.39864875013762313,-0.3506189883255985,-0.0016227482239981605,-0.2910415511969679,27,108.0,0.07407407407407407,0.1111111111111111,4.0,43,194.0,0.09302325581395349,0.16279069767441862,4.511627906976744
2020,14,DAL,CIN,30,0.07098721356239565,0.2999016066956926,-0.9496827727624984,-0.8479421671110843,1.020669986324894,1.1478437738067768,25,101.0,0.12,0.24,4.04,25,171.0,0.12,0.08,6.84
2020,14,TEN,JAX,31,0.44227880618129445,-0.22236704904076254,-0.6741346345923958,-0.32159342882207637,1.11641344077369,0.09922637978131382,40,249.0,0.125,0.15,6.225,25,205.0,0.2,0.08,8.2
2020,14,KC,MIA,33,-0.24698640894134888,-0.08365826664216608,-0.5644119500915642,0.05164284631154209,0.3174255411502153,-0.13530111295370817,24,94.0,0.125,0.4166666666666667,3.9166666666666665,39,358.0,0.3076923076923077,0.07692307692307693,9.179487179487179
2020,14,ARI,NYG,26,-0.3989737603209733,1.0293901987456677,0.6851858857161031,0.49381593801296303,-1.0841596460370764,0.5355742607327048,43,159.0,0.13953488372093023,0.27906976744186046,3.697674418604651,44,283.0,0.11363636363636363,0.045454545454545456,6.431818181818182
2020,14,MIN,TB,14,0.5449455871258067,-1.6016474551693942,1.355343561847906,0.9056914107668962,-0.8103979747220993,-2.5073388659362905,33,162.0,0.15151515151515152,0.09090909090909091,4.909090909090909,48,204.0,0.125,0.125,4.25
2020,14,IND,LV,44,-0.014382939193470744,1.15724083387715,-0.07742285269457647,0.46255450861076913,0.06303991350110572,0.6946863252663809,31,212.0,0.2903225806451613,0.22580645161290322,6.838709677419355,28,244.0,0.25,0.03571428571428571,8.714285714285714
2020,14,NYJ,SEA,3,0.22644529954637954,-0.9461980823211529,0.4896640411160305,-0.08161019796624135,-0.26321874156965097,-0.8645878843549115,23,69.0,0.08695652173913043,0.17391304347826086,3.0,30,119.0,0.1,0.13333333333333333,3.966666666666667
2020,14,GB,DET,31,0.9088240792641769,1.614831247457121,-0.7013103988104854,-1.2065630666015688,1.6101344780746623,2.82139431405869,31,120.0,0.03225806451612903,0.12903225806451613,3.870967741935484,37,305.0,0.13513513513513514,0.02702702702702703,8.243243243243244
2020,14,ATL,LAC,17,-0.8825167859174221,-0.3557122882032351,-0.00035452401148668156,0.08140045819212084,-0.8821622619059354,-0.4371127463953559,20,70.0,0.0,0.15,3.5,36,252.0,0.16666666666666666,0.1111111111111111,7.0
2020,14,NO,PHI,21,0.877761015483248,0.9687296080892386,1.186847074200765,0.7776888405623854,-0.30908605871751704,0.19104076752685317,20,96.0,0.15,0.05,4.8,46,284.0,0.13043478260869565,0.13043478260869565,6.173913043478261
2020,14,WAS,SF,23,-0.2150042478801784,-0.43279728832701325,0.7632303635657995,-0.4749341038734767,-0.9782346114459779,0.042136815546463424,28,98.0,0.10714285714285714,0.2857142857142857,3.5,34,95.0,0.0,0.08823529411764706,2.7941176470588234
2020,14,PIT,BUF,15,-1.0948454729276769,0.4943540329803707,0.34252926197835754,-0.6218502614972233,-1.4373747349060344,1.116204294477594,17,47.0,0.0,0.17647058823529413,2.764705882352941,39,179.0,0.10256410256410256,0.02564102564102564,4.589743589743589
2020,14,BAL,CLE,47,1.2393814759867576,-0.03926100786687877,-0.5549915387253154,-0.9048216809465561,1.7943730147120731,0.8655606730796773,33,233.0,0.2727272727272727,0.06060606060606061,7.0606060606060606,29,203.0,0.10344827586206896,0.13793103448275862,7.0
2020,15,LAC,LV,30,-0.7574484354567812,-1.4979299252717873,-0.07742285269457647,0.46255450861076913,-0.6800255827622047,-1.9604844338825564,29,96.0,0.06896551724137931,0.2413793103448276,3.310344827586207,34,307.0,0.2647058823529412,0.058823529411764705,9.029411764705882
2020,15,BUF,DEN,48,-0.34141217524720696,0.025776956438111526,-0.5478456322295095,0.6453533470692739,0.2064334569823026,-0.6195763906311624,24,182.0,0.16666666666666666,0.08333333333333333,7.583333333333333,43,377.0,0.23255813953488372,0.023255813953488372,8.767441860465116
2020,15,CAR,GB,16,-0.19845513376767704,0.6823255880001889,-0.3494295841127625,-1.0382465225632516,0.15097445034508544,1.7205721105634404,27,115.0,0.14814814814814814,0.1111111111111111,4.2592592592592595,42,280.0,0.16666666666666666,0.09523809523809523,6.666666666666667
2020,15,TB,ATL,31,0.9576070193016581,0.9076916911212077,0.3296615529476759,0.3276001426742597,0.6279454663539823,0.580091548446948,18,51.0,0.05555555555555555,0.16666666666666666,2.8333333333333335,48,365.0,0.16666666666666666,0.08333333333333333,7.604166666666667
2020,15,JAX,BAL,14,0.04998639057706558,0.49526990335292925,0.5632094277802331,1.1534145953574706,-0.5132230372031675,-0.6581446920045413,22,62.0,0.13636363636363635,0.3181818181818182,2.8181818181818183,35,215.0,0.11428571428571428,0.17142857142857143,6.142857142857143
2020,15,SF,DAL,33,-0.5305428570503816,-0.8695420960789857,-1.2517602585010899,0.4230239984630637,0.7212174014507082,-1.2925660945420494,36,150.0,0.1111111111111111,0.16666666666666666,4.166666666666667,46,315.0,0.17391304347826086,0.08695652173913043,6.8478260869565215
2020,15,HOU,IND,20,0.39702600191362497,-0.6416605395225664,0.6727228115678436,-0.2066049979087208,-0.27569680965421867,-0.43505554161384563,21,83.0,0.0,0.047619047619047616,3.9523809523809526,49,358.0,0.16326530612244897,0.12244897959183673,7.3061224489795915
2020,15,NE,MIA,12,1.1575635165043932,-0.5274620213195141,-0.5644119500915642,0.05164284631154209,1.7219754665959575,-0.5791048676310562,22,117.0,0.22727272727272727,0.09090909090909091,5.318181818181818,32,200.0,0.15625,0.125,6.25
2020,15,CHI,MIN,33,-0.6542118801679481,0.5163021421585374,-1.0413805612339193,-1.296156428542798,0.38716868106597124,1.8124585707013354,42,199.0,0.11904761904761904,0.09523809523809523,4.738095238095238,26,220.0,0.19230769230769232,0.038461538461538464,8.461538461538462
2020,15,DET,TEN,25,-0.19859074538036312,0.3321552415448006,0.009098555208913929,-1.2933739644930278,-0.20768930058927704,1.6255292060378284,27,123.0,0.14814814814814814,0.14814814814814814,4.555555555555555,40,330.0,0.1,0.025,8.25
2020,15,SEA,WAS,20,0.13447102138981473,-0.7998581295056258,0.7267413354016995,0.10748351997228023,-0.5922703140118848,-0.9073416494779061,26,181.0,0.23076923076923078,0.2692307692307692,6.961538461538462,30,176.0,0.06666666666666667,0.0,5.866666666666666
2020,15,PHI,ARI,26,-0.49681181860520024,-0.6652946140666655,0.14900724319498734,0.13726839227043255,-0.6458190618001876,-0.802563006337098,31,117.0,0.12903225806451613,0.1935483870967742,3.774193548387097,55,338.0,0.16363636363636364,0.14545454545454545,6.1454545454545455
2020,15,NYJ,LA,23,0.22644529954637954,-0.9461980823211529,0.49458671173613356,-0.45712247641652576,-0.268141412189754,-0.4890756059046271,31,93.0,0.03225806451612903,0.25806451612903225,3.0,35,217.0,0.14285714285714285,0.08571428571428572,6.2
2020,15,KC,NO,32,-0.24698640894134888,-0.08365826664216608,1.0781705469768383,0.5537342534823455,-1.3251569559181873,-0.6373925201245116,41,179.0,0.12195121951219512,0.12195121951219512,4.365853658536586,55,273.0,0.10909090909090909,0.09090909090909091,4.963636363636364
2020,15,CLE,NYG,20,-0.6557326726081159,0.7967276874552285,0.6851858857161031,0.49381593801296303,-1.340918558324219,0.30291174944226545,30,106.0,0.1,0.2,3.533333333333333,35,295.0,0.3142857142857143,0.05714285714285714,8.428571428571429
2020,15,PIT,CIN,17,-1.0948454729276769,0.4943540329803707,-0.9496827727624984,-0.8479421671110843,-0.14516270016517852,1.342296200091455,23,86.0,0.13043478260869565,0.30434782608695654,3.739130434782609,39,158.0,0.07692307692307693,0.10256410256410256,4.051282051282051
2020,16,MIN,NO,33,0.5449455871258067,-1.6016474551693942,1.0781705469768383,0.5537342534823455,-0.5332249598510317,-2.1553817086517397,17,90.0,0.23529411764705882,0.17647058823529413,5.294117647058823,44,274.0,0.13636363636363635,0.045454545454545456,6.2272727272727275
2020,16,TB,DET,47,0.9576070193016581,0.9076916911212077,-0.7013103988104854,-1.2065630666015688,1.6589174181121435,2.1142547577227764,26,111.0,0.11538461538461539,0.11538461538461539,4.269230769230769,45,493.0,0.3111111111111111,0.06666666666666667,10.955555555555556
2020,16,SF,ARI,20,-0.5305428570503816,-0.8695420960789857,0.14900724319498734,0.13726839227043255,-0.679550100245369,-1.0068104883494182,30,227.0,0.3,0.16666666666666666,7.566666666666666,25,171.0,0.28,0.16,6.84
2020,16,MIA,LV,26,0.31495603656200943,0.9386307951517807,-0.07742285269457647,0.46255450861076913,0.3923788892565859,0.4760762865410116,25,130.0,0.12,0.28,5.2,40,265.0,0.1,0.075,6.625
2020,16,NYG,BAL,13,0.5026965354050527,-1.1549183492753894,0.5632094277802331,1.1534145953574706,-0.06051289237518043,-2.30833294463286,12,54.0,0.08333333333333333,0.0,4.5,48,218.0,0.125,0.16666666666666666,4.541666666666667
2020,16,CIN,HOU,37,-0.23828709378082186,0.02813539690100893,-1.2358330378245104,-0.37593935881182344,0.9975459440436885,0.40407475571283236,33,169.0,0.12121212121212122,0.09090909090909091,5.121212121212121,38,371.0,0.23684210526315788,0.02631578947368421,9.763157894736842
2020,16,CHI,JAX,41,-0.6542118801679481,0.5163021421585374,-0.6741346345923958,-0.32159342882207637,0.019922754424447686,0.8378955709806137,33,128.0,0.12121212121212122,0.30303030303030304,3.878787878787879,39,273.0,0.10256410256410256,0.02564102564102564,7.0
2020,16,ATL,KC,14,-0.8825167859174221,-0.3557122882032351,-0.9464767715605775,0.032109180571619635,0.06395998564315541,-0.38782146877485474,23,90.0,0.08695652173913043,0.13043478260869565,3.9130434782608696,39,277.0,0.20512820512820512,0.15384615384615385,7.102564102564102
2020,16,CLE,NYJ,16,-0.6557326726081159,0.7967276874552285,0.9011537771928007,0.2267832162837129,-1.5568864498009165,0.5699444711715156,18,45.0,0.05555555555555555,0.3333333333333333,2.5,55,254.0,0.09090909090909091,0.07272727272727272,4.618181818181818
2020,16,IND,PIT,24,-0.014382939193470744,1.15724083387715,0.9221761493844631,2.635014650478298,-0.9365590885779339,-1.4777738166011478,28,127.0,0.14285714285714285,0.07142857142857142,4.535714285714286,39,238.0,0.20512820512820512,0.15384615384615385,6.102564102564102
2020,16,DEN,LAC,16,-0.9963629380275711,-1.1624717909809397,-0.00035452401148668156,0.08140045819212084,-0.9960084140160844,-1.2438722491730605,28,133.0,0.10714285714285714,0.07142857142857142,4.75,50,275.0,0.16,0.04,5.5
2020,16,CAR,WAS,20,-0.19845513376767704,0.6823255880001889,0.7267413354016995,0.10748351997228023,-0.9251964691693766,0.5748420680279087,35,113.0,0.02857142857142857,0.3142857142857143,3.2285714285714286,34,177.0,0.08823529411764706,0.17647058823529413,5.205882352941177
2020,16,PHI,DAL,17,-0.49681181860520024,-0.6652946140666655,-1.2517602585010899,0.4230239984630637,0.7549484398958897,-1.0883186125297293,29,151.0,0.13793103448275862,0.06896551724137931,5.206896551724138,48,355.0,0.16666666666666666,0.0625,7.395833333333333
2020,16,TEN,GB,14,0.44227880618129445,-0.22236704904076254,-0.3494295841127625,-1.0382465225632516,0.7917083902940569,0.815879473522489,27,156.0,0.1111111111111111,0.07407407407407407,5.777777777777778,30,114.0,0.03333333333333333,0.06666666666666667,3.8
2020,16,BUF,NE,38,-0.34141217524720696,0.025776956438111526,-2.016695521645072,0.7357377028108969,1.675283346397865,-0.7099607463727854,31,130.0,0.16129032258064516,0.16129032258064516,4.193548387096774,41,355.0,0.1951219512195122,0.024390243902439025,8.658536585365853
2020,17,MIA,BUF,26,0.31495603656200943,0.9386307951517807,0.34252926197835754,-0.6218502614972233,-0.0275732254163481,1.560481056649004,20,70.0,0.1,0.15,3.5,63,401.0,0.14285714285714285,0.031746031746031744,6.365079365079365
2020,17,BAL,CIN,38,1.2393814759867576,-0.03926100786687877,-0.9496827727624984,-0.8479421671110843,2.189064248749256,0.8086811592442055,54,404.0,0.2037037037037037,0.07407407407407407,7.481481481481482,24,166.0,0.08333333333333333,0.0,6.916666666666667
2020,17,PIT,CLE,22,-1.0948454729276769,0.4943540329803707,-0.5549915387253154,-0.9048216809465561,-0.5398539342023615,1.3991757139269267,20,85.0,0.05,0.1,4.25,47,310.0,0.10638297872340426,0.06382978723404255,6.595744680851064
2020,17,MIN,DET,37,0.5449455871258067,-1.6016474551693942,-0.7013103988104854,-1.2065630666015688,1.246255985936292,-0.39508438856782546,31,125.0,0.0967741935483871,0.1935483870967742,4.032258064516129,43,383.0,0.23255813953488372,0.09302325581395349,8.906976744186046
2020,17,NYJ,NE,14,0.22644529954637954,-0.9461980823211529,-2.016695521645072,0.7357377028108969,2.2431408211914516,-1.6819357851320498,25,111.0,0.08,0.04,4.44,37,239.0,0.16216216216216217,0.10810810810810811,6.45945945945946
2020,17,DAL,NYG,19,0.07098721356239565,0.2999016066956926,0.6851858857161031,0.49381593801296303,-0.6141986721537074,-0.19391433131727043,27,108.0,0.1111111111111111,0.14814814814814814,4.0,57,230.0,0.07017543859649122,0.12280701754385964,4.035087719298246
2020,17,ATL,TB,27,-0.8825167859174221,-0.3557122882032351,1.355343561847906,0.9056914107668962,-2.237860347765328,-1.2614036989701312,26,127.0,0.07692307692307693,0.2692307692307692,4.884615384615385,45,258.0,0.1111111111111111,0.06666666666666667,5.733333333333333
2020,17,NO,CAR,33,0.877761015483248,0.9687296080892386,-0.1562470111584155,-0.2729393580103549,1.0340080266416636,1.2416689660995934,30,156.0,0.16666666666666666,0.16666666666666666,5.2,35,201.0,0.11428571428571428,0.05714285714285714,5.742857142857143
2020,17,GB,CHI,35,0.9088240792641769,1.614831247457121,0.39864875013762313,-0.3506189883255985,0.5101753291265537,1.9654502357827195,19,79.0,0.10526315789473684,0.10526315789473684,4.157894736842105,26,241.0,0.19230769230769232,0.038461538461538464,9.26923076923077
2020,17,LV,DEN,32,0.09563536646946806,0.4022499388821046,-0.5478456322295095,0.6453533470692739,0.6434809986989776,-0.24310340818716936,23,106.0,0.13043478260869565,0.13043478260869565,4.608695652173913,42,361.0,0.23809523809523808,0.07142857142857142,8.595238095238095
2020,17,TEN,HOU,41,0.44227880618129445,-0.22236704904076254,-1.2358330378245104,-0.37593935881182344,1.6781118440058047,0.1535723097710609,41,288.0,0.17073170731707318,0.17073170731707318,7.024390243902439,31,214.0,0.12903225806451613,0.06451612903225806,6.903225806451613
2020,17,JAX,IND,14,0.04998639057706558,0.49526990335292925,0.6727228115678436,-0.2066049979087208,-0.6227364209907781,0.7018749012616501,17,53.0,0.058823529411764705,0.23529411764705882,3.1176470588235294,48,230.0,0.125,0.125,4.791666666666667
2020,17,LAC,KC,38,-0.7574484354567812,-1.4979299252717873,-0.9464767715605775,0.032109180571619635,0.18902833610379632,-1.5300391058434069,35,135.0,0.05714285714285714,0.17142857142857143,3.857142857142857,36,292.0,0.2222222222222222,0.08333333333333333,8.11111111111111
2020,17,ARI,LA,7,-0.3989737603209733,1.0293901987456677,0.49458671173613356,-0.45712247641652576,-0.8935604720571069,1.4865126751621935,18,48.0,0.16666666666666666,0.3333333333333333,2.6666666666666665,31,166.0,0.12903225806451613,0.16129032258064516,5.354838709677419
2020,17,SEA,SF,26,0.13447102138981473,-0.7998581295056258,0.7632303635657995,-0.4749341038734767,-0.6287593421759848,-0.32492402563214917,27,121.0,0.07407407407407407,0.1111111111111111,4.481481481481482,42,189.0,0.07142857142857142,0.047619047619047616,4.5
2020,17,WAS,PHI,20,-0.2150042478801784,-0.43279728832701325,1.186847074200765,0.7776888405623854,-1.4018513220809434,-1.2104861288893987,27,103.0,0.14814814814814814,0.2222222222222222,3.814814814814815,35,145.0,0.08571428571428572,0.08571428571428572,4.142857142857143
2021,1,DAL,TB,29,0.3300835263557903,0.7111646610258361,0.9426811368926369,1.3701514588031662,-0.6125976105368466,-0.6589867977773302,18,60.0,0.1111111111111111,0.2222222222222222,3.3333333333333335,62,401.0,0.11290322580645161,0.016129032258064516,6.467741935483871
2021,1,PHI,ATL,32,1.4357592981771474,-0.8789794657354829,-0.6516092035398615,-1.7287615850115163,2.087368501717009,0.8497821192760334,32,175.0,0.15625,0.125,5.46875,38,285.0,0.15789473684210525,0.10526315789473684,7.5
2021,1,PIT,BUF,23,-0.729650966940386,1.1827950029193628,1.0019352737488403,1.0582711541605656,-1.7315862406892264,0.12452384875879718,21,75.0,0.09523809523809523,0.3333333333333333,3.5714285714285716,35,185.0,0.11428571428571428,0.08571428571428572,5.285714285714286
2021,1,NYJ,CAR,14,0.35139920001386954,-0.7005095373766023,0.4119581860457836,0.6211918942756517,-0.060558986031914064,-1.321701431652254,18,47.0,0.05555555555555555,0.1111111111111111,2.611111111111111,44,207.0,0.13636363636363635,0.1590909090909091,4.704545454545454
2021,1,MIN,CIN,24,-0.6512334456963219,-1.051179906554973,0.12384004838478942,-0.20087639702236723,-0.7750734940811114,-0.8503035095326057,22,67.0,0.09090909090909091,0.3181818181818182,3.0454545454545454,52,336.0,0.11538461538461539,0.11538461538461539,6.461538461538462
2021,1,SF,DET,41,-0.3778359083952883,0.55076092281441,-0.6368366041244669,-0.42878958877195367,0.25900069572917855,0.9795505115863636,28,131.0,0.14285714285714285,0.21428571428571427,4.678571428571429,27,314.0,0.2962962962962963,0.037037037037037035,11.62962962962963
2021,1,JAX,HOU,21,0.20700033028719023,-0.0759177238891329,-0.3062973176081762,-1.0609899539046015,0.5132976478953664,0.9850722300154686,16,76.0,0.0625,0.1875,4.75,52,319.0,0.17307692307692307,0.07692307692307693,6.134615384615385
2021,1,SEA,IND,28,0.2414513803478413,-0.6283901469838843,-0.3661111294093141,-1.761328364053659,0.6075625097571554,1.1329382170697748,27,140.0,0.1111111111111111,0.1111111111111111,5.185185185185185,28,254.0,0.21428571428571427,0.10714285714285714,9.071428571428571
2021,1,ARI,TEN,38,-0.2665956766561765,0.35041504679679286,0.6185889913522866,-0.19093320583600729,-0.8851846680084632,0.5413482526328002,33,136.0,0.06060606060606061,0.09090909090909091,4.121212121212121,35,288.0,0.22857142857142856,0.05714285714285714,8.228571428571428
2021,1,LAC,WAS,20,0.5334337064210039,0.5821712013074252,0.25544803234474484,0.02419534955307795,0.277985674076259,0.5579758517543472,29,90.0,0.10344827586206896,0.27586206896551724,3.103448275862069,49,334.0,0.22448979591836735,0.061224489795918366,6.816326530612245
2021,1,CLE,KC,29,0.04002188680064822,0.23691751696523652,-0.7328222770277923,0.48704742994467415,0.7728441638284406,-0.25012991297943765,27,155.0,0.14814814814814814,0.1111111111111111,5.7407407407407405,32,319.0,0.21875,0.0625,9.96875
2021,1,MIA,NE,17,-0.8213898858081535,-0.02407227188957613,-0.9945029104114208,0.11515001557347009,0.17311302460326727,-0.1392222874630462,23,74.0,0.08695652173913043,0.30434782608695654,3.217391304347826,29,185.0,0.20689655172413793,0.10344827586206896,6.379310344827586
2021,1,GB,NO,3,1.049221756820455,-0.049512594662231756,1.4685212587064984,-0.03121646553368936,-0.4192995018860435,-0.018296129128542397,15,43.0,0.0,0.06666666666666667,2.8666666666666667,37,186.0,0.10810810810810811,0.05405405405405406,5.027027027027027
2021,1,DEN,NYG,27,-0.3956478272336726,-1.0811910100054603,-0.709704059932513,-1.0289453345991086,0.31405623269884037,-0.05224567540635161,28,165.0,0.07142857142857142,0.17857142857142858,5.892857142857143,41,274.0,0.17073170731707318,0.07317073170731707,6.682926829268292
2021,1,CHI,LA,14,-0.5378304499323588,0.14248700850470455,0.8293744081645743,-0.42867292153149733,-1.3672048580969332,0.5711599300362019,26,134.0,0.11538461538461539,0.15384615384615385,5.153846153846154,45,201.0,0.022222222222222223,0.08888888888888889,4.466666666666667
2021,1,BAL,LV,27,0.48677939891017585,0.5089752287726313,0.5506149593314511,0.5867077417405199,-0.06383556042127525,-0.07773251296788852,34,189.0,0.17647058823529413,0.17647058823529413,5.5588235294117645,39,280.0,0.10256410256410256,0.10256410256410256,7.17948717948718
2021,2,NYG,WAS,29,-0.5818791402590109,-0.11909216082807432,0.25544803234474484,0.02419534955307795,-0.8373271726037557,-0.14328751038115228,28,163.0,0.14285714285714285,0.21428571428571427,5.821428571428571,38,241.0,0.15789473684210525,0.10526315789473684,6.342105263157895
2021,2,NO,CAR,7,-0.5580025958872142,-0.5814303887022684,0.4119581860457836,0.6211918942756517,-0.9699607819329978,-1.20262228297792,17,48.0,0.058823529411764705,0.29411764705882354,2.823529411764706,29,109.0,0.10344827586206896,0.13793103448275862,3.7586206896551726
2021,2,CIN,CHI,17,-0.5857496599169274,-0.24346740460767444,-0.5944155731831222,-1.0661766991750092,0.008665913266194814,0.8227092945673348,20,69.0,0.05,0.1,3.45,35,179.0,0.08571428571428572,0.14285714285714285,5.114285714285714
2021,2,HOU,CLE,21,-1.064529568297736,0.26279449801622023,-0.11165815016615416,0.3326698427099206,-0.9528714181315818,-0.06987534469370038,28,82.0,0.03571428571428571,0.21428571428571427,2.9285714285714284,31,235.0,0.16129032258064516,0.0967741935483871,7.580645161290323
2021,2,DEN,JAX,23,-0.3956478272336726,-1.0811910100054603,0.06077441916417525,0.16925701635008927,-0.45642224639784784,-1.2504480263555495,30,96.0,0.06666666666666667,0.3,3.2,38,304.0,0.13157894736842105,0.10526315789473684,8.0
2021,2,BUF,MIA,35,0.03619014520034319,-0.5979352291120913,0.1565546912929211,1.4730079847539088,-0.1203645460925779,-2.070943213866,30,143.0,0.1,0.2,4.766666666666667,36,185.0,0.08333333333333333,0.027777777777777776,5.138888888888889
2021,2,NE,NYJ,25,0.561818801925908,0.8381852664569927,0.40417505877493615,-0.4562716474067365,0.1576437431509719,1.2944569138637292,24,101.0,0.125,0.20833333333333334,4.208333333333333,33,159.0,0.12121212121212122,0.18181818181818182,4.818181818181818
2021,2,SF,PHI,17,-0.3778359083952883,0.55076092281441,0.49569504456962865,-0.22393913391424633,-0.8735309529649169,0.7747000567286564,38,117.0,0.05263157894736842,0.23684210526315788,3.0789473684210527,33,202.0,0.09090909090909091,0.030303030303030304,6.121212121212121
2021,2,LV,PIT,26,0.5542560770508532,0.46795221719007135,-0.8850530178790665,0.1744445541859453,1.4393090949299197,0.29350766300412606,25,52.0,0.08,0.24,2.08,40,378.0,0.2,0.05,9.45
2021,2,MIN,ARI,33,-0.6512334456963219,-1.051179906554973,0.4818799678495229,0.5345357329111194,-1.133113413545845,-1.5857156394660925,27,177.0,0.2962962962962963,0.2222222222222222,6.555555555555555,35,277.0,0.08571428571428572,0.05714285714285714,7.914285714285715
2021,2,ATL,TB,25,-0.9957847755301631,-1.2575349368280409,0.9426811368926369,1.3701514588031662,-1.9384659124227999,-2.627686395631207,21,57.0,0.047619047619047616,0.38095238095238093,2.7142857142857144,50,296.0,0.1,0.04,5.92
2021,2,DAL,LAC,20,0.3300835263557903,0.7111646610258361,-0.7811653802581282,0.15770917946486177,1.1112489066139184,0.5534554815609743,31,198.0,0.1935483870967742,0.06451612903225806,6.387096774193548,29,221.0,0.13793103448275862,0.10344827586206896,7.620689655172414
2021,2,TEN,SEA,33,-0.1693717340145288,-0.005691090789780029,0.6994941578464083,-0.42176378230809775,-0.8688658918609371,0.4160726915183177,40,212.0,0.1,0.175,5.3,45,346.0,0.2222222222222222,0.06666666666666667,7.688888888888889
2021,2,KC,BAL,35,1.0114199211686183,0.21833604225858447,1.3949188171351077,-0.011733471715201005,-0.38349889596648934,0.23006951397378547,18,62.0,0.05555555555555555,0.2222222222222222,3.4444444444444446,32,346.0,0.21875,0.0,10.8125
2021,2,DET,GB,17,-0.40567928123547564,-0.14940810060307522,-1.3279016699953714,0.04657864979772142,0.9222223887598957,-0.19598675040079663,19,108.0,0.15789473684210525,0.05263157894736842,5.684210526315789,39,265.0,0.1282051282051282,0.02564102564102564,6.794871794871795
2021,3,CAR,HOU,24,-0.36161383336800107,-0.9924661171749318,-0.3062973176081762,-1.0609899539046015,-0.05531651575982488,0.06852383672966966,33,117.0,0.12121212121212122,0.30303030303030304,3.5454545454545454,38,294.0,0.18421052631578946,0.07894736842105263,7.7368421052631575
2021,3,WAS,BUF,21,0.5535536242994296,-0.34168307439834883,1.0019352737488403,1.0582711541605656,-0.4483816494494107,-1.3999542285589144,25,78.0,0.04,0.24,3.12,30,233.0,0.16666666666666666,0.1,7.766666666666667
2021,3,CHI,CLE,6,-0.5378304499323588,0.14248700850470455,-0.11165815016615416,0.3326698427099206,-0.4261722997662047,-0.19018283420521606,13,46.0,0.07692307692307693,0.15384615384615385,3.5384615384615383,30,8.0,0.03333333333333333,0.3,0.26666666666666666
2021,3,BAL,DET,19,0.48677939891017585,0.5089752287726313,-0.6368366041244669,-0.42878958877195367,1.1236160030346427,0.937764817544585,22,116.0,0.09090909090909091,0.18181818181818182,5.2727272727272725,39,323.0,0.23076923076923078,0.10256410256410256,8.282051282051283
2021,3,ARI,JAX,31,-0.2665956766561765,0.35041504679679286,0.06077441916417525,0.16925701635008927,-0.32737009582035176,0.1811580304467036,30,91.0,0.03333333333333333,0.2,3.033333333333333,37,333.0,0.16216216216216217,0.02702702702702703,9.0
2021,3,LAC,KC,30,0.5334337064210039,0.5821712013074252,-0.7328222770277923,0.48704742994467415,1.2662559834487963,0.09512377136275102,22,77.0,0.045454545454545456,0.2727272727272727,3.5,42,292.0,0.19047619047619047,0.07142857142857142,6.9523809523809526
2021,3,NO,NE,28,-0.5580025958872142,-0.5814303887022684,-0.9945029104114208,0.11515001557347009,0.43650031452420657,-0.6965804042757384,38,142.0,0.05263157894736842,0.18421052631578946,3.736842105263158,27,119.0,0.037037037037037035,0.1111111111111111,4.407407407407407
2021,3,ATL,NYG,17,-0.9957847755301631,-1.2575349368280409,-0.709704059932513,-1.0289453345991086,-0.28608071559765014,-0.2285896022289322,20,69.0,0.15,0.15,3.45,39,227.0,0.1282051282051282,0.10256410256410256,5.82051282051282
2021,3,CIN,PIT,24,-0.5857496599169274,-0.24346740460767444,-0.8850530178790665,0.1744445541859453,0.29930335796213914,-0.41791195879361975,24,96.0,0.125,0.25,4.0,19,175.0,0.21052631578947367,0.0,9.210526315789474
2021,3,IND,TEN,16,0.18426510080334288,-0.7942608576762576,0.6185889913522866,-0.19093320583600729,-0.4343238905489437,-0.6033276518402504,18,87.0,0.05555555555555555,0.1111111111111111,4.833333333333333,39,178.0,0.10256410256410256,0.05128205128205128,4.564102564102564
2021,3,NYJ,DEN,0,0.35139920001386954,-0.7005095373766023,-1.418273506827643,0.562401645224075,1.7696727068415126,-1.2629111826006771,13,43.0,0.07692307692307693,0.07692307692307693,3.3076923076923075,40,119.0,0.05,0.15,2.975
2021,3,MIA,LV,28,-0.8213898858081535,-0.02407227188957613,0.5506149593314511,0.5867077417405199,-1.3720048451396045,-0.610780013630096,27,133.0,0.18518518518518517,0.18518518518518517,4.925925925925926,57,236.0,0.03508771929824561,0.05263157894736842,4.140350877192983
2021,3,TB,LA,24,0.9261405945887626,2.3312561573980553,0.8293744081645743,-0.42867292153149733,0.09676618642418833,2.7599290789295527,13,35.0,0.0,0.15384615384615385,2.6923076923076925,60,424.0,0.2,0.11666666666666667,7.066666666666666
2021,3,SEA,MIN,17,0.2414513803478413,-0.6283901469838843,-0.9957841770188433,0.40912051511616965,1.2372355573666844,-1.037510662100054,18,106.0,0.1111111111111111,0.0,5.888888888888889,37,290.0,0.21621621621621623,0.08108108108108109,7.837837837837838
2021,3,GB,SF,30,1.049221756820455,-0.049512594662231756,1.4268833842443696,-0.34925378435223364,-0.3776616274239146,0.2997411896900019,25,100.0,0.12,0.04,4.0,32,253.0,0.1875,0.09375,7.90625
2021,3,PHI,DAL,21,1.4357592981771474,-0.8789794657354829,-0.8112028584668003,1.2672121705709876,2.2469621566439475,-2.1461916363064706,12,64.0,0.08333333333333333,0.08333333333333333,5.333333333333333,48,337.0,0.20833333333333334,0.08333333333333333,7.020833333333333
2021,4,JAX,CIN,21,0.20700033028719023,-0.0759177238891329,0.12384004838478942,-0.20087639702236723,0.08316028190240081,0.12495867313323433,30,139.0,0.16666666666666666,0.13333333333333333,4.633333333333334,27,215.0,0.14814814814814814,0.07407407407407407,7.962962962962963
2021,4,WAS,ATL,34,0.5535536242994296,-0.34168307439834883,-0.6516092035398615,-1.7287615850115163,1.205162827839291,1.3870785106131676,29,122.0,0.10344827586206896,0.20689655172413793,4.206896551724138,39,334.0,0.2564102564102564,0.07692307692307693,8.564102564102564
2021,4,HOU,BUF,0,-1.064529568297736,0.26279449801622023,1.0019352737488403,1.0582711541605656,-2.0664648420465763,-0.7954766561443454,18,48.0,0.1111111111111111,0.2222222222222222,2.6666666666666665,25,63.0,0.04,0.12,2.52
2021,4,DET,CHI,14,-0.40567928123547564,-0.14940810060307522,-0.5944155731831222,-1.0661766991750092,0.18873629194764657,0.916768598571934,25,90.0,0.04,0.16,3.6,43,263.0,0.18604651162790697,0.09302325581395349,6.116279069767442
2021,4,CAR,DAL,28,-0.36161383336800107,-0.9924661171749318,-0.8112028584668003,1.2672121705709876,0.4495890250987992,-2.2596782877459196,24,113.0,0.16666666666666666,0.20833333333333334,4.708333333333333,46,287.0,0.10869565217391304,0.10869565217391304,6.239130434782608
2021,4,IND,MIA,27,0.18426510080334288,-0.7942608576762576,0.1565546912929211,1.4730079847539088,0.02771040951042178,-2.2672688424301666,33,139.0,0.15151515151515152,0.36363636363636365,4.212121212121212,34,210.0,0.14705882352941177,0.08823529411764706,6.176470588235294
2021,4,CLE,MIN,14,0.04002188680064822,0.23691751696523652,-0.9957841770188433,0.40912051511616965,1.0358060638194915,-0.17220299815093312,38,184.0,0.10526315789473684,0.05263157894736842,4.842105263157895,38,151.0,0.07894736842105263,0.07894736842105263,3.973684210526316
2021,4,NYG,NO,27,-0.5818791402590109,-0.11909216082807432,1.4685212587064984,-0.03121646553368936,-2.0504003989655093,-0.08787569529438496,21,85.0,0.09523809523809523,0.14285714285714285,4.0476190476190474,43,427.0,0.27906976744186046,0.023255813953488372,9.930232558139535
2021,4,TEN,NYJ,24,-0.1693717340145288,-0.005691090789780029,0.40417505877493615,-0.4562716474067365,-0.573546792789465,0.45058055661695645,37,177.0,0.16216216216216217,0.10810810810810811,4.783783783783784,58,262.0,0.10344827586206896,0.15517241379310345,4.517241379310345
2021,4,KC,PHI,42,1.0114199211686183,0.21833604225858447,0.49569504456962865,-0.22393913391424633,0.5157248765989897,0.4422751761728308,32,200.0,0.25,0.03125,6.25,35,298.0,0.14285714285714285,0.02857142857142857,8.514285714285714
2021,4,ARI,LA,37,-0.2665956766561765,0.35041504679679286,0.8293744081645743,-0.42867292153149733,-1.0959700848207508,0.7790879683282902,40,216.0,0.2,0.25,5.4,39,287.0,0.1282051282051282,0.10256410256410256,7.358974358974359
2021,4,SEA,SF,28,0.2414513803478413,-0.6283901469838843,1.4268833842443696,-0.34925378435223364,-1.1854320038965283,-0.27913636263165065,28,105.0,0.10714285714285714,0.25,3.75,28,157.0,0.14285714285714285,0.14285714285714285,5.607142857142857
2021,4,BAL,DEN,23,0.48677939891017585,0.5089752287726313,-1.418273506827643,0.562401645224075,1.905052905737819,-0.05342641645144364,30,102.0,0.03333333333333333,0.13333333333333333,3.4,41,306.0,0.14634146341463414,0.07317073170731707,7.463414634146342
2021,4,PIT,GB,17,-0.729650966940386,1.1827950029193628,-1.3279016699953714,0.04657864979772142,0.5982507030549854,1.1362163531216414,16,62.0,0.125,0.125,3.875,42,220.0,0.07142857142857142,0.09523809523809523,5.238095238095238
2021,4,TB,NE,19,0.9261405945887626,2.3312561573980553,-0.9945029104114208,0.11515001557347009,1.9206435050001835,2.2161061418245853,30,120.0,0.06666666666666667,0.2,4.0,45,267.0,0.13333333333333333,0.044444444444444446,5.933333333333334
2021,4,LV,LAC,14,0.5542560770508532,0.46795221719007135,-0.7811653802581282,0.15770917946486177,1.3354214573089815,0.31024303772520956,18,48.0,0.05555555555555555,0.16666666666666666,2.6666666666666665,40,169.0,0.1,0.15,4.225
2021,5,NYJ,ATL,20,0.35139920001386954,-0.7005095373766023,-0.6516092035398615,-1.7287615850115163,1.003008403553731,1.028252047634914,18,64.0,0.0,0.1111111111111111,3.5555555555555554,36,171.0,0.1111111111111111,0.08333333333333333,4.75
2021,5,PHI,CAR,21,1.4357592981771474,-0.8789794657354829,0.4119581860457836,0.6211918942756517,1.023801112131364,-1.5001713600111346,22,91.0,0.13636363636363635,0.18181818181818182,4.136363636363637,41,188.0,0.0975609756097561,0.12195121951219512,4.585365853658536
2021,5,GB,CIN,25,1.049221756820455,-0.049512594662231756,0.12384004838478942,-0.20087639702236723,0.9253817084356655,0.15136380236013547,22,133.0,0.18181818181818182,0.2727272727272727,6.045454545454546,40,333.0,0.275,0.15,8.325
2021,5,NE,HOU,25,0.561818801925908,0.8381852664569927,-0.3062973176081762,-1.0609899539046015,0.8681161195340843,1.8991752203615941,30,126.0,0.1,0.23333333333333334,4.2,30,226.0,0.23333333333333334,0.06666666666666667,7.533333333333333
2021,5,TEN,JAX,37,-0.1693717340145288,-0.005691090789780029,0.06077441916417525,0.16925701635008927,-0.23014615317870404,-0.1749481071398693,36,184.0,0.1388888888888889,0.1388888888888889,5.111111111111111,26,192.0,0.19230769230769232,0.11538461538461539,7.384615384615385
2021,5,DET,MIN,17,-0.40567928123547564,-0.14940810060307522,-0.9957841770188433,0.40912051511616965,0.5901048957833677,-0.5585286157192448,24,108.0,0.125,0.08333333333333333,4.5,40,182.0,0.1,0.1,4.55
2021,5,DEN,PIT,19,-0.3956478272336726,-1.0811910100054603,-0.8850530178790665,0.1744445541859453,0.48940519064539395,-1.2556355641914054,18,106.0,0.16666666666666666,0.16666666666666666,5.888888888888889,42,279.0,0.14285714285714285,0.047619047619047616,6.642857142857143
2021,5,MIA,TB,17,-0.8213898858081535,-0.02407227188957613,0.9426811368926369,1.3701514588031662,-1.7640710227007905,-1.3942237306927423,9,39.0,0.1111111111111111,0.1111111111111111,4.333333333333333,42,262.0,0.14285714285714285,0.09523809523809523,6.238095238095238
2021,5,NO,WAS,33,-0.5580025958872142,-0.5814303887022684,0.25544803234474484,0.02419534955307795,-0.8134506282319591,-0.6056257382553463,23,98.0,0.17391304347826086,0.13043478260869565,4.260869565217392,34,293.0,0.14705882352941177,0.08823529411764706,8.617647058823529
2021,5,CLE,LAC,42,0.04002188680064822,0.23691751696523652,-0.7811653802581282,0.15770917946486177,0.8211872670587764,0.07920833750037476,35,230.0,0.14285714285714285,0.14285714285714285,6.571428571428571,35,311.0,0.14285714285714285,0.05714285714285714,8.885714285714286
2021,5,CHI,LV,20,-0.5378304499323588,0.14248700850470455,0.5506149593314511,0.5867077417405199,-1.08844540926381,-0.44422073323581535,37,143.0,0.05405405405405406,0.24324324324324326,3.864864864864865,22,109.0,0.09090909090909091,0.09090909090909091,4.954545454545454
2021,5,SF,ARI,10,-0.3778359083952883,0.55076092281441,0.4818799678495229,0.5345357329111194,-0.8597158762448112,0.016225189903290582,28,152.0,0.21428571428571427,0.17857142857142858,5.428571428571429,35,231.0,0.14285714285714285,0.05714285714285714,6.6
2021,5,NYG,DAL,20,-0.5818791402590109,-0.11909216082807432,-0.8112028584668003,1.2672121705709876,0.2293237182077894,-1.386304331399062,25,73.0,0.04,0.2,2.92,40,300.0,0.15,0.0,7.5
2021,5,BUF,KC,38,0.03619014520034319,-0.5979352291120913,-0.7328222770277923,0.48704742994467415,0.7690124222281356,-1.0849826590567655,28,121.0,0.10714285714285714,0.32142857142857145,4.321428571428571,30,347.0,0.3,0.03333333333333333,11.566666666666666
2021,5,IND,BAL,25,0.18426510080334288,-0.7942608576762576,1.3949188171351077,-0.011733471715201005,-1.2106537163317648,-0.7825273859610566,26,123.0,0.19230769230769232,0.19230769230769232,4.730769230769231,39,394.0,0.3076923076923077,0.10256410256410256,10.102564102564102
2021,6,TB,PHI,28,0.9261405945887626,2.3312561573980553,0.49569504456962865,-0.22393913391424633,0.430445550019134,2.5551952913123017,31,102.0,0.03225806451612903,0.25806451612903225,3.2903225806451615,42,297.0,0.14285714285714285,0.07142857142857142,7.071428571428571
2021,6,MIA,JAX,20,-0.8213898858081535,-0.02407227188957613,0.06077441916417525,0.16925701635008927,-0.8821643049723288,-0.19332928823966541,20,77.0,0.05,0.15,3.85,50,376.0,0.2,0.04,7.52
2021,6,LAC,BAL,6,0.5334337064210039,0.5821712013074252,1.3949188171351077,-0.011733471715201005,-0.8614851107141038,0.5939046730226262,12,26.0,0.08333333333333333,0.25,2.1666666666666665,42,192.0,0.11904761904761904,0.07142857142857142,4.571428571428571
2021,6,MIN,CAR,34,-0.6512334456963219,-1.051179906554973,0.4119581860457836,0.6211918942756517,-1.0631916317421055,-1.6723718008306245,37,198.0,0.1891891891891892,0.2702702702702703,5.351351351351352,49,389.0,0.16326530612244897,0.04081632653061224,7.938775510204081
2021,6,GB,CHI,24,1.049221756820455,-0.049512594662231756,-0.5944155731831222,-1.0661766991750092,1.6436373300035771,1.0166641045127776,31,154.0,0.0967741935483871,0.25806451612903225,4.967741935483871,28,191.0,0.07142857142857142,0.14285714285714285,6.821428571428571
2021,6,CIN,DET,34,-0.5857496599169274,-0.24346740460767444,-0.6368366041244669,-0.42878958877195367,0.05108694420753945,0.18532218416427923,36,142.0,0.05555555555555555,0.16666666666666666,3.9444444444444446,37,276.0,0.13513513513513514,0.05405405405405406,7.45945945945946
2021,6,HOU,IND,3,-1.064529568297736,0.26279449801622023,-0.3661111294093141,-1.761328364053659,-0.6984184388884219,2.0241228620698792,29,124.0,0.10344827586206896,0.27586206896551724,4.275862068965517,46,232.0,0.06521739130434782,0.06521739130434782,5.043478260869565
2021,6,KC,WAS,31,1.0114199211686183,0.21833604225858447,0.25544803234474484,0.02419534955307795,0.7559718888238736,0.19414069270550652,28,109.0,0.10714285714285714,0.17857142857142858,3.892857142857143,53,421.0,0.16981132075471697,0.07547169811320754,7.943396226415095
2021,6,ARI,CLE,37,-0.2665956766561765,0.35041504679679286,-0.11165815016615416,0.3326698427099206,-0.15493752649002235,0.017745204086872246,37,144.0,0.05405405405405406,0.2972972972972973,3.891891891891892,32,208.0,0.15625,0.15625,6.5
2021,6,LV,DEN,34,0.5542560770508532,0.46795221719007135,-1.418273506827643,0.562401645224075,1.9725295838784964,-0.09444942803400364,23,86.0,0.043478260869565216,0.13043478260869565,3.739130434782609,29,340.0,0.27586206896551724,0.06896551724137931,11.724137931034482
2021,6,DAL,NE,35,0.3300835263557903,0.7111646610258361,-0.9945029104114208,0.11515001557347009,1.324586436767211,0.596014645452366,31,122.0,0.0967741935483871,0.2903225806451613,3.935483870967742,53,455.0,0.18867924528301888,0.018867924528301886,8.584905660377359
2021,6,SEA,PIT,20,0.2414513803478413,-0.6283901469838843,-0.8850530178790665,0.1744445541859453,1.1265043982269078,-0.8028347011698296,27,144.0,0.18518518518518517,0.25925925925925924,5.333333333333333,36,165.0,0.08333333333333333,0.25,4.583333333333333
2021,6,BUF,TEN,31,0.03619014520034319,-0.5979352291120913,0.6185889913522866,-0.19093320583600729,-0.5823988461519434,-0.40700202327608404,23,82.0,0.043478260869565216,0.17391304347826086,3.5652173913043477,55,351.0,0.14545454545454545,0.05454545454545454,6.381818181818182
2021,7,DEN,CLE,14,-0.3956478272336726,-1.0811910100054603,-0.11165815016615416,0.3326698427099206,-0.28398967706751843,-1.4138608527153809,14,41.0,0.0,0.14285714285714285,2.9285714285714284,35,182.0,0.02857142857142857,0.08571428571428572,5.2
2021,7,CIN,BAL,41,-0.5857496599169274,-0.24346740460767444,1.3949188171351077,-0.011733471715201005,-1.980668477052035,-0.23173393289247343,24,111.0,0.125,0.4166666666666667,4.625,38,409.0,0.23684210526315788,0.02631578947368421,10.763157894736842
2021,7,WAS,GB,10,0.5535536242994296,-0.34168307439834883,-1.3279016699953714,0.04657864979772142,1.8814552942948009,-0.38826172419607025,29,195.0,0.1724137931034483,0.10344827586206896,6.724137931034483,46,310.0,0.10869565217391304,0.10869565217391304,6.739130434782608
2021,7,ATL,MIA,30,-0.9957847755301631,-1.2575349368280409,0.1565546912929211,1.4730079847539088,-1.1523394668230842,-2.7305429215819497,22,72.0,0.09090909090909091,0.09090909090909091,3.272727272727273,42,327.0,0.16666666666666666,0.047619047619047616,7.785714285714286
2021,7,NYJ,NE,13,0.35139920001386954,-0.7005095373766023,-0.9945029104114208,0.11515001557347009,1.3459021104252904,-0.8156595529500723,18,62.0,0.05555555555555555,0.2222222222222222,3.4444444444444446,44,237.0,0.1590909090909091,0.06818181818181818,5.386363636363637
2021,7,CAR,NYG,3,-0.36161383336800107,-0.9924661171749318,-0.709704059932513,-1.0289453345991086,0.3480902265645119,0.03647921742417681,17,56.0,0.11764705882352941,0.23529411764705882,3.2941176470588234,46,130.0,0.043478260869565216,0.13043478260869565,2.8260869565217392
2021,7,KC,TEN,3,1.0114199211686183,0.21833604225858447,0.6185889913522866,-0.19093320583600729,0.3928309298163317,0.40926924809459175,13,77.0,0.23076923076923078,0.15384615384615385,5.923076923076923,61,297.0,0.06557377049180328,0.06557377049180328,4.868852459016393
2021,7,DET,LA,19,-0.40567928123547564,-0.14940810060307522,0.8293744081645743,-0.42867292153149733,-1.23505368940005,0.2792648209284221,28,137.0,0.17857142857142858,0.14285714285714285,4.892857142857143,38,281.0,0.18421052631578946,0.07894736842105263,7.394736842105263
2021,7,PHI,LV,22,1.4357592981771474,-0.8789794657354829,0.5506149593314511,0.5867077417405199,0.8851443388456963,-1.4656872074760028,32,135.0,0.03125,0.125,4.21875,41,258.0,0.1951219512195122,0.07317073170731707,6.2926829268292686
2021,7,HOU,ARI,5,-1.064529568297736,0.26279449801622023,0.4818799678495229,0.5345357329111194,-1.546409536147259,-0.2717412348948992,15,42.0,0.06666666666666667,0.2,2.8,34,118.0,0.058823529411764705,0.17647058823529413,3.4705882352941178
2021,7,CHI,TB,3,-0.5378304499323588,0.14248700850470455,0.9426811368926369,1.3701514588031662,-1.4805115868249956,-1.2276644502984617,29,143.0,0.13793103448275862,0.2413793103448276,4.931034482758621,43,206.0,0.09302325581395349,0.11627906976744186,4.790697674418604
2021,7,IND,SF,30,0.18426510080334288,-0.7942608576762576,1.4268833842443696,-0.34925378435223364,-1.2426182834410266,-0.445007073324024,33,148.0,0.12121212121212122,0.3333333333333333,4.484848484848484,30,169.0,0.06666666666666667,0.2,5.633333333333334
2021,7,NO,SEA,13,-0.5580025958872142,-0.5814303887022684,0.6994941578464083,-0.42176378230809775,-1.2574967537336226,-0.15966660639417063,31,94.0,0.06451612903225806,0.22580645161290322,3.032258064516129,41,250.0,0.07317073170731707,0.04878048780487805,6.097560975609756
2021,8,GB,ARI,24,1.049221756820455,-0.049512594662231756,0.4818799678495229,0.5345357329111194,0.567341788970932,-0.5840483275733512,34,151.0,0.11764705882352941,0.17647058823529413,4.4411764705882355,39,188.0,0.07692307692307693,0.05128205128205128,4.82051282051282
2021,8,CAR,ATL,19,-0.36161383336800107,-0.9924661171749318,-0.6516092035398615,-1.7287615850115163,0.28999537017186044,0.7362954678365845,47,203.0,0.06382978723404255,0.10638297872340426,4.319148936170213,29,180.0,0.10344827586206896,0.034482758620689655,6.206896551724138
2021,8,MIA,BUF,11,-0.8213898858081535,-0.02407227188957613,1.0019352737488403,1.0582711541605656,-1.823325159556994,-1.0823434260501417,23,68.0,0.043478260869565216,0.17391304347826086,2.9565217391304346,44,205.0,0.09090909090909091,0.11363636363636363,4.659090909090909
2021,8,SF,CHI,33,-0.3778359083952883,0.55076092281441,-0.5944155731831222,-1.0661766991750092,0.21657966478783391,1.6169376219894191,26,145.0,0.19230769230769232,0.3076923076923077,5.576923076923077,28,324.0,0.35714285714285715,0.03571428571428571,11.571428571428571
2021,8,PIT,CLE,15,-0.729650966940386,1.1827950029193628,-0.11165815016615416,0.3326698427099206,-0.6179928167742319,0.8501251602094422,32,115.0,0.09375,0.1875,3.59375,39,255.0,0.15384615384615385,0.05128205128205128,6.538461538461538
2021,8,PHI,DET,44,1.4357592981771474,-0.8789794657354829,-0.6368366041244669,-0.42878958877195367,2.0725959023016145,-0.45018987696352925,46,236.0,0.1956521739130435,0.10869565217391304,5.130434782608695,19,160.0,0.2631578947368421,0.05263157894736842,8.421052631578947
2021,8,TEN,IND,34,-0.1693717340145288,-0.005691090789780029,-0.3661111294093141,-1.761328364053659,0.19673939539478533,1.755637273263879,31,93.0,0.06451612903225806,0.16129032258064516,3.0,37,247.0,0.02702702702702703,0.08108108108108109,6.675675675675675
2021,8,CIN,NYJ,31,-0.5857496599169274,-0.24346740460767444,0.40417505877493615,-0.4562716474067365,-0.9899247186918636,0.21280424279906204,16,41.0,0.0,0.4375,2.5625,38,277.0,0.18421052631578946,0.10526315789473684,7.2894736842105265
2021,8,NE,LAC,27,0.561818801925908,0.8381852664569927,-0.7811653802581282,0.15770917946486177,1.3429841821840363,0.6804760869921309,39,142.0,0.05128205128205128,0.1282051282051282,3.641025641025641,39,221.0,0.1282051282051282,0.02564102564102564,5.666666666666667
2021,8,JAX,SEA,7,0.20700033028719023,-0.0759177238891329,0.6994941578464083,-0.42176378230809775,-0.4924938275592181,0.3458460584189649,19,82.0,0.05263157894736842,0.05263157894736842,4.315789473684211,57,239.0,0.017543859649122806,0.03508771929824561,4.192982456140351
2021,8,WAS,DEN,10,0.5535536242994296,-0.34168307439834883,-1.418273506827643,0.562401645224075,1.9718271311270725,-0.9040847196224238,24,112.0,0.16666666666666666,0.125,4.666666666666667,45,240.0,0.17777777777777778,0.13333333333333333,5.333333333333333
2021,8,TB,NO,27,0.9261405945887626,2.3312561573980553,1.4685212587064984,-0.03121646553368936,-0.5423806641177358,2.3624726229317448,15,71.0,0.13333333333333333,0.3333333333333333,4.733333333333333,44,350.0,0.1590909090909091,0.09090909090909091,7.954545454545454
2021,8,DAL,MIN,20,0.3300835263557903,0.7111646610258361,-0.9957841770188433,0.40912051511616965,1.3258677033746336,0.30204414590966644,24,78.0,0.0,0.0,3.25,45,343.0,0.2222222222222222,0.08888888888888889,7.622222222222222
2021,8,NYG,KC,17,-0.5818791402590109,-0.11909216082807432,-0.7328222770277923,0.48704742994467415,0.15094313676878146,-0.6061395907727485,20,72.0,0.15,0.2,3.6,38,235.0,0.13157894736842105,0.07894736842105263,6.184210526315789
2021,9,NYJ,IND,30,0.35139920001386954,-0.7005095373766023,-0.3661111294093141,-1.761328364053659,0.7175103294231837,1.0608188266770568,22,88.0,0.09090909090909091,0.18181818181818182,4.0,57,417.0,0.19298245614035087,0.10526315789473684,7.315789473684211
2021,9,MIN,BAL,31,-0.6512334456963219,-1.051179906554973,1.3949188171351077,-0.011733471715201005,-2.0461522628314297,-1.039446434839772,24,131.0,0.16666666666666666,0.375,5.458333333333333,28,187.0,0.14285714285714285,0.0,6.678571428571429
2021,9,NE,CAR,24,0.561818801925908,0.8381852664569927,0.4119581860457836,0.6211918942756517,0.14986061588012445,0.21699337218134096,39,151.0,0.15384615384615385,0.20512820512820512,3.871794871794872,20,122.0,0.15,0.15,6.1
2021,9,CLE,CIN,41,0.04002188680064822,0.23691751696523652,0.12384004838478942,-0.20087639702236723,-0.0838181615841412,0.43779391398760376,23,153.0,0.21739130434782608,0.2608695652173913,6.6521739130434785,23,208.0,0.30434782608695654,0.13043478260869565,9.043478260869565
2021,9,DEN,DAL,30,-0.3956478272336726,-1.0811910100054603,-0.8112028584668003,1.2672121705709876,0.4155550312331277,-2.348403180576448,41,190.0,0.21951219512195122,0.24390243902439024,4.634146341463414,33,219.0,0.21212121212121213,0.18181818181818182,6.636363636363637
2021,9,BUF,JAX,6,0.03619014520034319,-0.5979352291120913,0.06077441916417525,0.16925701635008927,-0.02458427396383206,-0.7671922454621806,14,72.0,0.21428571428571427,0.21428571428571427,5.142857142857143,54,278.0,0.09259259259259259,0.1111111111111111,5.148148148148148
2021,9,HOU,MIA,9,-1.064529568297736,0.26279449801622023,0.1565546912929211,1.4730079847539088,-1.2210842595906573,-1.2102134867376886,18,73.0,0.05555555555555555,0.05555555555555555,4.055555555555555,51,222.0,0.09803921568627451,0.09803921568627451,4.352941176470588
2021,9,ATL,NO,27,-0.9957847755301631,-1.2575349368280409,1.4685212587064984,-0.03121646553368936,-2.4643060342366616,-1.2263184712943516,25,34.0,0.0,0.32,1.36,35,342.0,0.2,0.11428571428571428,9.771428571428572
2021,9,LV,NYG,16,0.5542560770508532,0.46795221719007135,-0.709704059932513,-1.0289453345991086,1.2639601369833662,1.49689755178918,20,117.0,0.25,0.1,5.85,48,290.0,0.16666666666666666,0.020833333333333332,6.041666666666667
2021,9,LAC,PHI,27,0.5334337064210039,0.5821712013074252,0.49569504456962865,-0.22393913391424633,0.0377386618513752,0.8061103352216715,27,89.0,0.1111111111111111,0.2222222222222222,3.2962962962962963,41,370.0,0.24390243902439024,0.024390243902439025,9.024390243902438
2021,9,GB,KC,7,1.049221756820455,-0.049512594662231756,-0.7328222770277923,0.48704742994467415,1.7820440338482473,-0.5365600246069059,25,122.0,0.04,0.12,4.88,39,202.0,0.15384615384615385,0.07692307692307693,5.17948717948718
2021,9,ARI,SF,31,-0.2665956766561765,0.35041504679679286,1.4268833842443696,-0.34925378435223364,-1.6934790609005461,0.6996688311490264,39,163.0,0.07692307692307693,0.10256410256410256,4.17948717948718,30,281.0,0.23333333333333334,0.2,9.366666666666667
2021,9,TEN,LA,28,-0.1693717340145288,-0.005691090789780029,0.8293744081645743,-0.42867292153149733,-0.9987461421791031,0.4229818307417173,26,69.0,0.07692307692307693,0.19230769230769232,2.6538461538461537,30,125.0,0.06666666666666667,0.13333333333333333,4.166666666666667
2021,9,CHI,PIT,27,-0.5378304499323588,0.14248700850470455,-0.8850530178790665,0.1744445541859453,0.3472225679467077,-0.031957545681240734,26,136.0,0.15384615384615385,0.038461538461538464,5.230769230769231,37,307.0,0.21621621621621623,0.08108108108108109,8.297297297297296
2021,10,BAL,MIA,10,0.48677939891017585,0.5089752287726313,0.1565546912929211,1.4730079847539088,0.33022470761725475,-0.9640327559812775,23,94.0,0.17391304347826086,0.2608695652173913,4.086956521739131,48,229.0,0.08333333333333333,0.10416666666666667,4.770833333333333
2021,10,ATL,DAL,3,-0.9957847755301631,-1.2575349368280409,-0.8112028584668003,1.2672121705709876,-0.1845819170633628,-2.5247471073990284,24,103.0,0.125,0.08333333333333333,4.291666666666667,29,111.0,0.13793103448275862,0.10344827586206896,3.8275862068965516
2021,10,JAX,IND,17,0.20700033028719023,-0.0759177238891329,-0.3661111294093141,-1.761328364053659,0.5731114596965043,1.6854106401645261,24,179.0,0.20833333333333334,0.125,7.458333333333333,43,186.0,0.06976744186046512,0.11627906976744186,4.325581395348837
2021,10,CLE,NE,7,0.04002188680064822,0.23691751696523652,-0.9945029104114208,0.11515001557347009,1.034524797212069,0.12176750139176644,20,99.0,0.15,0.15,4.95,38,118.0,0.07894736842105263,0.15789473684210525,3.1052631578947367
2021,10,BUF,NYJ,45,0.03619014520034319,-0.5979352291120913,0.40417505877493615,-0.4562716474067365,-0.36798491357459295,-0.1416635817053548,24,139.0,0.20833333333333334,0.25,5.791666666666667,31,354.0,0.2903225806451613,0.06451612903225806,11.419354838709678
2021,10,DET,PIT,16,-0.40567928123547564,-0.14940810060307522,-0.8850530178790665,0.1744445541859453,0.4793737366435909,-0.3238526547890205,39,229.0,0.20512820512820512,0.23076923076923078,5.871794871794871,29,77.0,0.10344827586206896,0.20689655172413793,2.6551724137931036
2021,10,NO,TEN,21,-0.5580025958872142,-0.5814303887022684,0.6185889913522866,-0.19093320583600729,-1.1765915872395007,-0.3904971828662611,21,86.0,0.09523809523809523,0.09523809523809523,4.095238095238095,41,287.0,0.21951219512195122,0.0975609756097561,7.0
2021,10,TB,WAS,19,0.9261405945887626,2.3312561573980553,0.25544803234474484,0.02419534955307795,0.6706925622440179,2.3070608078449775,13,53.0,0.0,0.07692307692307693,4.076923076923077,34,220.0,0.14705882352941177,0.029411764705882353,6.470588235294118
2021,10,CAR,ARI,34,-0.36161383336800107,-0.9924661171749318,0.4818799678495229,0.5345357329111194,-0.8434938012175239,-1.5270018500860512,37,166.0,0.24324324324324326,0.1891891891891892,4.486486486486487,34,182.0,0.08823529411764706,0.029411764705882353,5.352941176470588
2021,10,MIN,LAC,27,-0.6512334456963219,-1.051179906554973,-0.7811653802581282,0.15770917946486177,0.1299319345618063,-1.2088890860198347,33,103.0,0.06060606060606061,0.24242424242424243,3.121212121212121,40,282.0,0.25,0.075,7.05
2021,10,PHI,DEN,30,1.4357592981771474,-0.8789794657354829,-1.418273506827643,0.562401645224075,2.8540328050047905,-1.4413811109595578,39,216.0,0.20512820512820512,0.2564102564102564,5.538461538461538,26,201.0,0.15384615384615385,0.07692307692307693,7.730769230769231
2021,10,SEA,GB,0,0.2414513803478413,-0.6283901469838843,-1.3279016699953714,0.04657864979772142,1.5693530503432127,-0.6749687967816057,16,75.0,0.125,0.0625,4.6875,48,165.0,0.0625,0.10416666666666667,3.4375
2021,10,KC,LV,41,1.0114199211686183,0.21833604225858447,0.5506149593314511,0.5867077417405199,0.46080496183716724,-0.3683716994819354,25,94.0,0.08,0.24,3.76,51,422.0,0.21568627450980393,0.0392156862745098,8.27450980392157
2021,11,NE,ATL,25,0.561818801925908,0.8381852664569927,-0.6516092035398615,-1.7287615850115163,1.2134280054657696,2.5669468514685088,30,134.0,0.2,0.2,4.466666666666667,30,175.0,0.16666666666666666,0.1,5.833333333333333
2021,11,IND,BUF,41,0.18426510080334288,-0.7942608576762576,1.0019352737488403,1.0582711541605656,-0.8176701729454974,-1.8525320118368231,46,264.0,0.17391304347826086,0.10869565217391304,5.739130434782608,21,124.0,0.19047619047619047,0.09523809523809523,5.904761904761905
2021,11,WAS,CAR,27,0.5535536242994296,-0.34168307439834883,0.4119581860457836,0.6211918942756517,0.14159543825364596,-0.9628749686740006,40,190.0,0.2,0.25,4.75,26,188.0,0.19230769230769232,0.11538461538461539,7.230769230769231
2021,11,BAL,CHI,16,0.48677939891017585,0.5089752287726313,-0.5944155731831222,-1.0661766991750092,1.081194972093298,1.5751519279476405,34,123.0,0.058823529411764705,0.14705882352941177,3.6176470588235294,44,197.0,0.09090909090909091,0.18181818181818182,4.4772727272727275
2021,11,DET,CLE,10,-0.40567928123547564,-0.14940810060307522,-0.11165815016615416,0.3326698427099206,-0.2940211310693215,-0.4820779433129958,23,168.0,0.21739130434782608,0.21739130434782608,7.304347826086956,23,77.0,0.043478260869565216,0.21739130434782608,3.347826086956522
2021,11,SF,JAX,30,-0.3778359083952883,0.55076092281441,0.06077441916417525,0.16925701635008927,-0.43861032755946355,0.38150390646432075,42,171.0,0.14285714285714285,0.23809523809523808,4.071428571428571,25,165.0,0.12,0.08,6.6
2021,11,GB,MIN,31,1.049221756820455,-0.049512594662231756,-0.9957841770188433,0.40912051511616965,2.045005933839298,-0.4586331097784014,19,95.0,0.15789473684210525,0.10526315789473684,5.0,37,393.0,0.24324324324324326,0.05405405405405406,10.621621621621621
2021,11,MIA,NYJ,24,-0.8213898858081535,-0.02407227188957613,0.40417505877493615,-0.4562716474067365,-1.2255649445830896,0.43219937551716037,33,115.0,0.06060606060606061,0.2727272727272727,3.484848484848485,35,280.0,0.14285714285714285,0.0,8.0
2021,11,NO,PHI,29,-0.5580025958872142,-0.5814303887022684,0.49569504456962865,-0.22393913391424633,-1.0536976404568428,-0.357491254788022,22,109.0,0.13636363636363635,0.18181818181818182,4.954545454545454,42,231.0,0.16666666666666666,0.023809523809523808,5.5
2021,11,HOU,TEN,22,-1.064529568297736,0.26279449801622023,0.6185889913522866,-0.19093320583600729,-1.6831185596500227,0.4537277038522275,38,83.0,0.0,0.2894736842105263,2.1842105263157894,29,135.0,0.0,0.0,4.655172413793103
2021,11,CIN,LV,32,-0.5857496599169274,-0.24346740460767444,0.5506149593314511,0.5867077417405199,-1.1363646192483785,-0.8301751463481943,38,159.0,0.15789473684210525,0.21052631578947367,4.184210526315789,35,140.0,0.02857142857142857,0.08571428571428572,4.0
2021,11,DAL,KC,9,0.3300835263557903,0.7111646610258361,-0.7328222770277923,0.48704742994467415,1.0629058033835825,0.22411723108116194,16,82.0,0.0625,0.0625,5.125,48,194.0,0.10416666666666667,0.16666666666666666,4.041666666666667
2021,11,ARI,SEA,23,-0.2665956766561765,0.35041504679679286,0.6994941578464083,-0.42176378230809775,-0.9660898345025848,0.7721788291048906,33,95.0,0.030303030303030304,0.24242424242424243,2.878787878787879,47,321.0,0.1702127659574468,0.0851063829787234,6.829787234042553
2021,11,PIT,LAC,37,-0.729650966940386,1.1827950029193628,-0.7811653802581282,0.15770917946486177,0.0515144133177422,1.025085823454501,18,55.0,0.05555555555555555,0.16666666666666666,3.0555555555555554,47,245.0,0.14893617021276595,0.10638297872340426,5.212765957446808
2021,11,NYG,TB,10,-0.5818791402590109,-0.11909216082807432,0.9426811368926369,1.3701514588031662,-1.5245602771516478,-1.4892436196312406,13,66.0,0.15384615384615385,0.15384615384615385,5.076923076923077,41,149.0,0.04878048780487805,0.0975609756097561,3.6341463414634148
2021,12,CHI,DET,16,-0.5378304499323588,0.14248700850470455,-0.6368366041244669,-0.42878958877195367,0.09900615419210801,0.5712765972766582,29,68.0,0.034482758620689655,0.3793103448275862,2.3448275862068964,43,327.0,0.16279069767441862,0.023255813953488372,7.604651162790698
2021,12,LV,DAL,36,0.5542560770508532,0.46795221719007135,-0.8112028584668003,1.2672121705709876,1.3654589355176534,-0.7992599533809162,35,143.0,0.08571428571428572,0.17142857142857143,4.085714285714285,43,388.0,0.18604651162790697,0.11627906976744186,9.023255813953488
2021,12,BUF,NO,31,0.03619014520034319,-0.5979352291120913,1.4685212587064984,-0.03121646553368936,-1.4323311135061552,-0.5667187635784019,32,113.0,0.09375,0.21875,3.53125,34,273.0,0.17647058823529413,0.058823529411764705,8.029411764705882
2021,12,PIT,CIN,10,-0.729650966940386,1.1827950029193628,0.12384004838478942,-0.20087639702236723,-0.8534910153251755,1.38367139994173,15,51.0,0.06666666666666667,0.13333333333333333,3.4,44,250.0,0.11363636363636363,0.09090909090909091,5.681818181818182
2021,12,NYJ,HOU,21,0.35139920001386954,-0.7005095373766023,-0.3062973176081762,-1.0609899539046015,0.6576965176220457,0.3604804165279992,35,159.0,0.14285714285714285,0.14285714285714285,4.542857142857143,28,109.0,0.10714285714285714,0.21428571428571427,3.892857142857143
2021,12,TB,IND,38,0.9261405945887626,2.3312561573980553,-0.3661111294093141,-1.761328364053659,1.2922517239980769,4.092584521451714,27,142.0,0.14814814814814814,0.07407407407407407,5.2592592592592595,36,217.0,0.1111111111111111,0.1388888888888889,6.027777777777778
2021,12,ATL,JAX,21,-0.9957847755301631,-1.2575349368280409,0.06077441916417525,0.16925701635008927,-1.0565591946943385,-1.4267919531781301,29,149.0,0.1724137931034483,0.1724137931034483,5.137931034482759,31,190.0,0.12903225806451613,0.06451612903225806,6.129032258064516
2021,12,CAR,MIA,10,-0.36161383336800107,-0.9924661171749318,0.1565546912929211,1.4730079847539088,-0.5181685246609222,-2.465474101928841,18,64.0,0.1111111111111111,0.16666666666666666,3.5555555555555554,36,134.0,0.1388888888888889,0.1388888888888889,3.7222222222222223
2021,12,TEN,NE,13,-0.1693717340145288,-0.005691090789780029,-0.9945029104114208,0.11515001557347009,0.825131176396892,-0.12084110636325011,39,270.0,0.1794871794871795,0.05128205128205128,6.923076923076923,26,108.0,0.038461538461538464,0.07692307692307693,4.153846153846154
2021,12,PHI,NYG,7,1.4357592981771474,-0.8789794657354829,-0.709704059932513,-1.0289453345991086,2.1454633581096605,0.14996586886362573,33,208.0,0.24242424242424243,0.030303030303030304,6.303030303030303,33,138.0,0.06060606060606061,0.09090909090909091,4.181818181818182
2021,12,LAC,DEN,13,0.5334337064210039,0.5821712013074252,-1.418273506827643,0.562401645224075,1.951707213248647,0.01976955608335018,17,72.0,0.11764705882352941,0.058823529411764705,4.235294117647059,52,321.0,0.1346153846153846,0.09615384615384616,6.173076923076923
2021,12,MIN,SF,26,-0.6512334456963219,-1.051179906554973,1.4268833842443696,-0.34925378435223364,-2.0781168299406914,-0.7019261222027393,18,67.0,0.05555555555555555,0.16666666666666666,3.7222222222222223,35,256.0,0.2571428571428571,0.02857142857142857,7.314285714285714
2021,12,CLE,BAL,10,0.04002188680064822,0.23691751696523652,1.3949188171351077,-0.011733471715201005,-1.3548969303344593,0.24865098868043753,17,40.0,0.0,0.23529411764705882,2.3529411764705883,41,223.0,0.14634146341463414,0.12195121951219512,5.439024390243903
2021,12,SEA,WAS,15,0.2414513803478413,-0.6283901469838843,0.25544803234474484,0.02419534955307795,-0.01399665199690353,-0.6525854965369622,12,34.0,0.08333333333333333,0.3333333333333333,2.8333333333333335,35,237.0,0.08571428571428572,0.05714285714285714,6.771428571428571
2021,13,DAL,NO,27,0.3300835263557903,0.7111646610258361,1.4685212587064984,-0.03121646553368936,-1.1384377323507082,0.7423811265595255,24,146.0,0.16666666666666666,0.20833333333333334,6.083333333333333,41,231.0,0.12195121951219512,0.04878048780487805,5.634146341463414
2021,13,TB,ATL,30,0.9261405945887626,2.3312561573980553,-0.6516092035398615,-1.7287615850115163,1.5777497981286241,4.060017742409571,17,57.0,0.0,0.11764705882352941,3.3529411764705883,51,368.0,0.17647058823529413,0.0392156862745098,7.215686274509804
2021,13,ARI,CHI,33,-0.2665956766561765,0.35041504679679286,-0.5944155731831222,-1.0661766991750092,0.3278198965269457,1.416591745971802,35,137.0,0.11428571428571428,0.2571428571428571,3.914285714285714,21,146.0,0.09523809523809523,0.09523809523809523,6.9523809523809526
2021,13,LAC,CIN,41,0.5334337064210039,0.5821712013074252,0.12384004838478942,-0.20087639702236723,0.40959365803621445,0.7830475983297924,22,79.0,0.045454545454545456,0.18181818181818182,3.590909090909091,41,292.0,0.14634146341463414,0.17073170731707318,7.121951219512195
2021,13,MIN,DET,27,-0.6512334456963219,-1.051179906554973,-0.6368366041244669,-0.42878958877195367,-0.014396841571855057,-0.6223903177830192,29,100.0,0.06896551724137931,0.20689655172413793,3.4482758620689653,46,333.0,0.21739130434782608,0.15217391304347827,7.239130434782608
2021,13,IND,HOU,31,0.18426510080334288,-0.7942608576762576,-0.3062973176081762,-1.0609899539046015,0.49056241841151904,0.26672909622834384,48,238.0,0.1875,0.22916666666666666,4.958333333333333,24,158.0,0.125,0.08333333333333333,6.583333333333333
2021,13,NYG,MIA,9,-0.5818791402590109,-0.11909216082807432,0.1565546912929211,1.4730079847539088,-0.738433831551932,-1.5921001455819832,17,91.0,0.23529411764705882,0.29411764705882354,5.352941176470588,45,159.0,0.1111111111111111,0.13333333333333333,3.533333333333333
2021,13,PHI,NYJ,33,1.4357592981771474,-0.8789794657354829,0.40417505877493615,-0.4562716474067365,1.0315842394022112,-0.42270781832874643,41,185.0,0.07317073170731707,0.17073170731707318,4.512195121951219,28,242.0,0.21428571428571427,0.10714285714285714,8.642857142857142
2021,13,JAX,LA,7,0.20700033028719023,-0.0759177238891329,0.8293744081645743,-0.42867292153149733,-0.6223740778773841,0.3527551976423644,25,61.0,0.08,0.28,2.44,33,148.0,0.09090909090909091,0.12121212121212122,4.484848484848484
2021,13,WAS,LV,17,0.5535536242994296,-0.34168307439834883,0.5506149593314511,0.5867077417405199,0.002938664967978455,-0.9283908161388688,30,112.0,0.1,0.2,3.7333333333333334,33,197.0,0.06060606060606061,0.09090909090909091,5.96969696969697
2021,13,BAL,PIT,19,0.48677939891017585,0.5089752287726313,-0.8850530178790665,0.1744445541859453,1.3718324167892424,0.33453067458668606,25,107.0,0.12,0.2,4.28,48,252.0,0.16666666666666666,0.16666666666666666,5.25
2021,13,SF,SEA,23,-0.3778359083952883,0.55076092281441,0.6994941578464083,-0.42176378230809775,-1.0773300662416967,0.9725247051225078,25,71.0,0.0,0.2,2.84,31,294.0,0.22580645161290322,0.03225806451612903,9.483870967741936
2021,13,DEN,KC,9,-0.3956478272336726,-1.0811910100054603,-0.7328222770277923,0.48704742994467415,0.33717444979411976,-1.5682384399501343,31,154.0,0.12903225806451613,0.12903225806451613,4.967741935483871,45,266.0,0.08888888888888889,0.022222222222222223,5.911111111111111
2021,13,NE,BUF,14,0.561818801925908,0.8381852664569927,1.0019352737488403,1.0582711541605656,-0.44011647182293223,-0.22008588770357296,47,224.0,0.1702127659574468,0.2553191489361702,4.76595744680851,3,19.0,0.0,0.0,6.333333333333333
2021,14,PIT,MIN,28,-0.729650966940386,1.1827950029193628,-0.9957841770188433,0.40912051511616965,0.26613321007845725,0.7736744878031931,24,106.0,0.125,0.16666666666666666,4.416666666666667,47,276.0,0.14893617021276595,0.1276595744680851,5.872340425531915
2021,14,ATL,CAR,29,-0.9957847755301631,-1.2575349368280409,0.4119581860457836,0.6211918942756517,-1.4077429615759467,-1.8787268311036924,36,128.0,0.1111111111111111,0.25,3.5555555555555554,29,190.0,0.10344827586206896,0.034482758620689655,6.551724137931035
2021,14,BAL,CLE,22,0.48677939891017585,0.5089752287726313,-0.11165815016615416,0.3326698427099206,0.5984375490763301,0.17630538606271073,23,118.0,0.17391304347826086,0.13043478260869565,5.130434782608695,52,324.0,0.09615384615384616,0.11538461538461539,6.230769230769231
2021,14,SEA,HOU,33,0.2414513803478413,-0.6283901469838843,-0.3062973176081762,-1.0609899539046015,0.5477486979560175,0.4325998069207172,29,193.0,0.1724137931034483,0.20689655172413793,6.655172413793103,30,270.0,0.23333333333333334,0.0,9.0
2021,14,LV,KC,9,0.5542560770508532,0.46795221719007135,-0.7328222770277923,0.48704742994467415,1.2870783540786457,-0.019095212754602797,12,44.0,0.0,0.08333333333333333,3.6666666666666665,49,246.0,0.10204081632653061,0.08163265306122448,5.020408163265306
2021,14,NO,NYJ,30,-0.5580025958872142,-0.5814303887022684,0.40417505877493615,-0.4562716474067365,-0.9621776546621503,-0.1251587412955319,44,203.0,0.11363636363636363,0.25,4.613636363636363,27,161.0,0.2222222222222222,0.1111111111111111,5.962962962962963
2021,14,JAX,TEN,0,0.20700033028719023,-0.0759177238891329,0.6185889913522866,-0.19093320583600729,-0.4115886610650964,0.11501548194687439,8,8.0,0.0,0.375,1.0,44,186.0,0.045454545454545456,0.06818181818181818,4.2272727272727275
2021,14,DAL,WAS,27,0.3300835263557903,0.7111646610258361,0.25544803234474484,0.02419534955307795,0.07463549401104547,0.6869693114727582,36,124.0,0.08333333333333333,0.16666666666666666,3.4444444444444446,46,219.0,0.08695652173913043,0.10869565217391304,4.760869565217392
2021,14,DET,DEN,10,-0.40567928123547564,-0.14940810060307522,-1.418273506827643,0.562401645224075,1.0125942255921674,-0.7118097458271502,21,118.0,0.09523809523809523,0.09523809523809523,5.619047619047619,42,211.0,0.07142857142857142,0.07142857142857142,5.023809523809524
2021,14,NYG,LAC,21,-0.5818791402590109,-0.11909216082807432,-0.7811653802581282,0.15770917946486177,0.19928623999911732,-0.27680134029293607,27,137.0,0.037037037037037035,0.1111111111111111,5.074074074074074,40,188.0,0.125,0.075,4.7
2021,14,SF,CIN,26,-0.3778359083952883,0.55076092281441,0.12384004838478942,-0.20087639702236723,-0.5016759567800777,0.7516373198367773,23,100.0,0.08695652173913043,0.13043478260869565,4.3478260869565215,47,259.0,0.1702127659574468,0.10638297872340426,5.51063829787234
2021,14,BUF,TB,27,0.03619014520034319,-0.5979352291120913,0.9426811368926369,1.3701514588031662,-0.9064909916922936,-1.9680866879152576,19,173.0,0.42105263157894735,0.15789473684210525,9.105263157894736,60,315.0,0.1,0.06666666666666667,5.25
2021,14,CHI,GB,30,-0.5378304499323588,0.14248700850470455,-1.3279016699953714,0.04657864979772142,0.7900712200630126,0.09590835870698314,23,137.0,0.17391304347826086,0.043478260869565216,5.956521739130435,43,283.0,0.09302325581395349,0.046511627906976744,6.5813953488372094
2021,15,KC,LAC,34,1.0114199211686183,0.21833604225858447,-0.7811653802581282,0.15770917946486177,1.7925853014267465,0.0606268627937227,20,86.0,0.1,0.3,4.3,50,443.0,0.16,0.06,8.86
2021,15,NE,IND,17,0.561818801925908,0.8381852664569927,-0.3661111294093141,-1.761328364053659,0.9279299313352222,2.5995136305106517,19,81.0,0.15789473684210525,0.21052631578947367,4.2631578947368425,47,296.0,0.10638297872340426,0.02127659574468085,6.297872340425532
2021,15,CAR,BUF,14,-0.36161383336800107,-0.9924661171749318,1.0019352737488403,1.0582711541605656,-1.3635491071168413,-2.0507372713354974,30,151.0,0.13333333333333333,0.2,5.033333333333333,46,152.0,0.043478260869565216,0.08695652173913043,3.3043478260869565
2021,15,ARI,DET,12,-0.2665956766561765,0.35041504679679286,-0.6368366041244669,-0.42878958877195367,0.37024092746829035,0.7792046355687465,21,105.0,0.14285714285714285,0.19047619047619047,5.0,54,296.0,0.12962962962962962,0.07407407407407407,5.481481481481482
2021,15,HOU,JAX,30,-1.064529568297736,0.26279449801622023,0.06077441916417525,0.16925701635008927,-1.1253039874619113,0.09353748166613096,26,75.0,0.0,0.19230769230769232,2.8846153846153846,31,206.0,0.12903225806451613,0.03225806451612903,6.645161290322581
2021,15,NYJ,MIA,24,0.35139920001386954,-0.7005095373766023,0.1565546912929211,1.4730079847539088,0.19484450872094844,-2.173517522130511,24,102.0,0.125,0.125,4.25,33,137.0,0.15151515151515152,0.18181818181818182,4.151515151515151
2021,15,DAL,NYG,21,0.3300835263557903,0.7111646610258361,-0.709704059932513,-1.0289453345991086,1.0397875862883033,1.7401099956249446,30,125.0,0.16666666666666666,0.23333333333333334,4.166666666666667,40,203.0,0.075,0.075,5.075
2021,15,TEN,PIT,13,-0.1693717340145288,-0.005691090789780029,-0.8850530178790665,0.1744445541859453,0.7156812838645378,-0.18013564497572532,42,201.0,0.11904761904761904,0.07142857142857142,4.785714285714286,37,121.0,0.02702702702702703,0.1891891891891892,3.27027027027027
2021,15,CIN,DEN,15,-0.5857496599169274,-0.24346740460767444,-1.418273506827643,0.562401645224075,0.8325238469107157,-0.8058690498317495,26,113.0,0.07692307692307693,0.11538461538461539,4.346153846153846,30,162.0,0.13333333333333333,0.1,5.4
2021,15,ATL,SF,13,-0.9957847755301631,-1.2575349368280409,1.4268833842443696,-0.34925378435223364,-2.4226681597745325,-0.9082811524758072,23,62.0,0.0,0.2608695652173913,2.6956521739130435,39,231.0,0.10256410256410256,0.10256410256410256,5.923076923076923
2021,15,GB,BAL,31,1.049221756820455,-0.049512594662231756,1.3949188171351077,-0.011733471715201005,-0.34569706031465275,-0.03777912294703075,25,96.0,0.04,0.2,3.84,36,263.0,0.19444444444444445,0.1111111111111111,7.305555555555555
2021,15,NO,TB,9,-0.5580025958872142,-0.5814303887022684,0.9426811368926369,1.3701514588031662,-1.500683732779851,-1.9515818475054347,31,61.0,0.0,0.3548387096774194,1.967741935483871,30,155.0,0.1,0.06666666666666667,5.166666666666667
2021,15,LV,CLE,16,0.5542560770508532,0.46795221719007135,-0.11165815016615416,0.3326698427099206,0.6659142272170073,0.13528237448015074,25,98.0,0.04,0.12,3.92,40,236.0,0.1,0.1,5.9
2021,15,MIN,CHI,17,-0.6512334456963219,-1.051179906554973,-0.5944155731831222,-1.0661766991750092,-0.056817872513199696,0.014996792620036281,33,132.0,0.12121212121212122,0.15151515151515152,4.0,29,71.0,0.034482758620689655,0.1724137931034483,2.4482758620689653
2021,15,SEA,LA,10,0.2414513803478413,-0.6283901469838843,0.8293744081645743,-0.42867292153149733,-0.587923027816733,-0.19971722545238696,19,80.0,0.05263157894736842,0.05263157894736842,4.2105263157894735,34,134.0,0.058823529411764705,0.11764705882352941,3.9411764705882355
2021,15,WAS,PHI,17,0.5535536242994296,-0.34168307439834883,0.49569504456962865,-0.22393913391424633,0.05785857972980091,-0.1177439404841025,21,63.0,0.09523809523809523,0.2857142857142857,3.0,33,174.0,0.09090909090909091,0.09090909090909091,5.2727272727272725
2021,16,SF,TEN,17,-0.3778359083952883,0.55076092281441,0.6185889913522866,-0.19093320583600729,-0.9964248997475749,0.7416941286504173,21,83.0,0.047619047619047616,0.14285714285714285,3.9523809523809526,37,306.0,0.24324324324324326,0.08108108108108109,8.27027027027027
2021,16,CLE,GB,22,0.04002188680064822,0.23691751696523652,-1.3279016699953714,0.04657864979772142,1.3679235567960197,0.1903388671675151,25,219.0,0.4,0.04,8.76,43,201.0,0.06976744186046512,0.11627906976744186,4.674418604651163
2021,16,IND,ARI,22,0.18426510080334288,-0.7942608576762576,0.4818799678495229,0.5345357329111194,-0.29761486704618,-1.328796590587377,33,126.0,0.09090909090909091,0.2727272727272727,3.8181818181818183,31,225.0,0.12903225806451613,0.06451612903225806,7.258064516129032
2021,16,DET,ATL,16,-0.40567928123547564,-0.14940810060307522,-0.6516092035398615,-1.7287615850115163,0.24592992230438587,1.5793534844084411,33,130.0,0.09090909090909091,0.09090909090909091,3.9393939393939394,35,208.0,0.11428571428571428,0.05714285714285714,5.942857142857143
2021,16,TB,CAR,32,0.9261405945887626,2.3312561573980553,0.4119581860457836,0.6211918942756517,0.514182408542979,1.7100642631224034,31,159.0,0.16129032258064516,0.2903225806451613,5.129032258064516,33,243.0,0.12121212121212122,0.0,7.363636363636363
2021,16,BAL,CIN,21,0.48677939891017585,0.5089752287726313,0.12384004838478942,-0.20087639702236723,0.36293935052538645,0.7098516257949986,16,39.0,0.0,0.25,2.4375,42,299.0,0.19047619047619047,0.07142857142857142,7.119047619047619
2021,16,LAC,HOU,29,0.5334337064210039,0.5821712013074252,-0.3062973176081762,-1.0609899539046015,0.83973102402918,1.6431611552120267,22,89.0,0.09090909090909091,0.18181818181818182,4.045454545454546,42,345.0,0.21428571428571427,0.023809523809523808,8.214285714285714
2021,16,BUF,NE,33,0.03619014520034319,-0.5979352291120913,-0.9945029104114208,0.11515001557347009,1.030693055611764,-0.7130852446855613,28,114.0,0.07142857142857142,0.17857142857142858,4.071428571428571,50,350.0,0.12,0.0,7.0
2021,16,JAX,NYJ,21,0.20700033028719023,-0.0759177238891329,0.40417505877493615,-0.4562716474067365,-0.19717472848774592,0.38035392351760355,32,132.0,0.03125,0.1875,4.125,43,287.0,0.16279069767441862,0.023255813953488372,6.674418604651163
2021,16,NYG,PHI,10,-0.5818791402590109,-0.11909216082807432,0.49569504456962865,-0.22393913391424633,-1.0775741848286395,0.10484697308617201,27,84.0,0.037037037037037035,0.18518518518518517,3.111111111111111,51,131.0,0.0,0.09803921568627451,2.5686274509803924
2021,16,CHI,SEA,25,-0.5378304499323588,0.14248700850470455,0.6994941578464083,-0.42176378230809775,-1.2373246077787672,0.5642507908128023,30,88.0,0.1,0.3333333333333333,2.933333333333333,41,239.0,0.1951219512195122,0.12195121951219512,5.829268292682927
2021,16,PIT,KC,10,-0.729650966940386,1.1827950029193628,-0.7328222770277923,0.48704742994467415,0.0031713100874063427,0.6957475729746887,25,130.0,0.12,0.12,5.2,45,190.0,0.08888888888888889,0.08888888888888889,4.222222222222222
2021,16,DEN,LV,13,-0.3956478272336726,-1.0811910100054603,0.5506149593314511,0.5867077417405199,-0.9462627865651236,-1.6678987517459802,16,18.0,0.0,0.25,1.125,25,145.0,0.12,0.08,5.8
2021,16,WAS,DAL,14,0.5535536242994296,-0.34168307439834883,-0.8112028584668003,1.2672121705709876,1.36475648276623,-1.6088952449693363,20,85.0,0.15,0.2,4.25,37,172.0,0.13513513513513514,0.1891891891891892,4.648648648648648
2021,16,MIA,NO,20,-0.8213898858081535,-0.02407227188957613,1.4685212587064984,-0.03121646553368936,-2.289911144514652,0.007144193644113228,30,86.0,0.03333333333333333,0.16666666666666666,2.8666666666666667,30,174.0,0.13333333333333333,0.13333333333333333,5.8
2021,17,ATL,BUF,15,-0.9957847755301631,-1.2575349368280409,1.0019352737488403,1.0582711541605656,-1.9977200492790033,-2.3158060909886062,22,96.0,0.13636363636363635,0.18181818181818182,4.363636363636363,30,176.0,0.2,0.2,5.866666666666666
2021,17,NYG,CHI,3,-0.5818791402590109,-0.11909216082807432,-0.5944155731831222,-1.0661766991750092,0.01253643292411133,0.947084538346935,40,161.0,0.05,0.1,4.025,16,7.0,0.0,0.3125,0.4375
2021,17,KC,CIN,31,1.0114199211686183,0.21833604225858447,0.12384004838478942,-0.20087639702236723,0.8875798727838289,0.4192124392809517,23,155.0,0.2608695652173913,0.08695652173913043,6.739130434782608,37,284.0,0.13513513513513514,0.0,7.675675675675675
2021,17,LV,IND,23,0.5542560770508532,0.46795221719007135,-0.3661111294093141,-1.761328364053659,0.9203672064601673,2.22928058124373,27,85.0,0.0,0.14814814814814814,3.1481481481481484,34,241.0,0.11764705882352941,0.08823529411764706,7.088235294117647
2021,17,JAX,NE,10,0.20700033028719023,-0.0759177238891329,-0.9945029104114208,0.11515001557347009,1.201503240698611,-0.19106773946260297,17,80.0,0.058823529411764705,0.0,4.705882352941177,31,189.0,0.16129032258064516,0.0967741935483871,6.096774193548387
2021,17,TB,NYJ,28,0.9261405945887626,2.3312561573980553,0.40417505877493615,-0.4562716474067365,0.5219655358138264,2.7875278048047916,22,64.0,0.045454545454545456,0.22727272727272727,2.909090909090909,50,405.0,0.2,0.02,8.1
2021,17,MIA,TEN,3,-0.8213898858081535,-0.02407227188957613,0.6185889913522866,-0.19093320583600729,-1.4399788771604403,0.16686093394643114,16,74.0,0.1875,0.1875,4.625,44,183.0,0.11363636363636363,0.13636363636363635,4.159090909090909
2021,17,PHI,WAS,20,1.4357592981771474,-0.8789794657354829,0.25544803234474484,0.02419534955307795,1.1803112658324026,-0.9031748152885608,34,118.0,0.058823529411764705,0.23529411764705882,3.4705882352941178,29,241.0,0.1724137931034483,0.06896551724137931,8.310344827586206
2021,17,DEN,LAC,13,-0.3956478272336726,-1.0811910100054603,-0.7811653802581282,0.15770917946486177,0.3855175530244556,-1.238900189470322,27,83.0,0.037037037037037035,0.2222222222222222,3.074074074074074,31,244.0,0.22580645161290322,0.0967741935483871,7.870967741935484
2021,17,HOU,SF,7,-1.064529568297736,0.26279449801622023,1.4268833842443696,-0.34925378435223364,-2.4914129525421056,0.6120482823684539,27,86.0,0.0,0.14814814814814814,3.185185185185185,36,140.0,0.08333333333333333,0.1388888888888889,3.888888888888889
2021,17,ARI,DAL,25,-0.2665956766561765,0.35041504679679286,-0.8112028584668003,1.2672121705709876,0.5446071818106237,-0.9167971237741948,32,127.0,0.15625,0.1875,3.96875,42,274.0,0.16666666666666666,0.047619047619047616,6.523809523809524
2021,17,CAR,NO,10,-0.36161383336800107,-0.9924661171749318,1.4685212587064984,-0.03121646553368936,-1.8301350920744994,-0.9612496516412424,26,88.0,0.07692307692307693,0.2692307692307692,3.3846153846153846,34,96.0,0.11764705882352941,0.2647058823529412,2.823529411764706
2021,17,DET,SEA,29,-0.40567928123547564,-0.14940810060307522,0.6994941578464083,-0.42176378230809775,-1.105173439081884,0.27235568170502256,22,95.0,0.13636363636363635,0.36363636363636365,4.318181818181818,39,278.0,0.15384615384615385,0.0,7.128205128205129
2021,17,MIN,GB,10,-0.6512334456963219,-1.051179906554973,-1.3279016699953714,0.04657864979772142,0.6766682242990495,-1.0977585563526944,11,27.0,0.09090909090909091,0.2727272727272727,2.4545454545454546,42,190.0,0.09523809523809523,0.11904761904761904,4.523809523809524
2021,17,CLE,PIT,14,0.04002188680064822,0.23691751696523652,-0.8850530178790665,0.1744445541859453,0.9250749046797148,0.062472962779291236,20,93.0,0.1,0.15,4.65,48,153.0,0.10416666666666667,0.1875,3.1875
2021,18,KC,DEN,28,1.0114199211686183,0.21833604225858447,-1.418273506827643,0.562401645224075,2.4296934279962614,-0.3440656029654905,30,137.0,0.13333333333333333,0.16666666666666666,4.566666666666666,50,312.0,0.08,0.02,6.24
2021,18,DAL,PHI,51,0.3300835263557903,0.7111646610258361,0.49569504456962865,-0.22393913391424633,-0.16561151821383835,0.9351037949400824,32,171.0,0.09375,0.25,5.34375,29,304.0,0.2413793103448276,0.034482758620689655,10.482758620689655
2021,18,PIT,BAL,16,-0.729650966940386,1.1827950029193628,1.3949188171351077,-0.011733471715201005,-2.1245697840754936,1.1945284746345637,30,79.0,0.1,0.36666666666666664,2.6333333333333333,45,235.0,0.06666666666666667,0.06666666666666667,5.222222222222222
2021,18,CIN,CLE,16,-0.5857496599169274,-0.24346740460767444,-0.11165815016615416,0.3326698427099206,-0.47409150975077324,-0.5761372473175951,18,79.0,0.16666666666666666,0.05555555555555555,4.388888888888889,34,103.0,0.08823529411764706,0.14705882352941177,3.0294117647058822
2021,18,GB,DET,30,1.049221756820455,-0.049512594662231756,-0.6368366041244669,-0.42878958877195367,1.6860583609449218,0.37927699410972193,28,124.0,0.03571428571428571,0.14285714285714285,4.428571428571429,41,263.0,0.14634146341463414,0.12195121951219512,6.414634146341464
2021,18,TEN,HOU,28,-0.1693717340145288,-0.005691090789780029,-0.3062973176081762,-1.0609899539046015,0.1369255835936474,1.0552988631148215,32,124.0,0.15625,0.25,3.875,33,281.0,0.24242424242424243,0.06060606060606061,8.515151515151516
2021,18,IND,JAX,11,0.18426510080334288,-0.7942608576762576,0.06077441916417525,0.16925701635008927,0.12349068163916763,-0.9635178740263469,18,94.0,0.16666666666666666,0.16666666666666666,5.222222222222222,39,158.0,0.07692307692307693,0.15384615384615385,4.051282051282051
2021,18,CHI,MIN,17,-0.5378304499323588,0.14248700850470455,-0.9957841770188433,0.40912051511616965,0.4579537270864844,-0.2666335066114651,25,90.0,0.04,0.16,3.6,57,275.0,0.14035087719298245,0.14035087719298245,4.824561403508772
2021,18,WAS,NYG,22,0.5535536242994296,-0.34168307439834883,-0.709704059932513,-1.0289453345991086,1.2632576842319425,0.6872622602007599,37,226.0,0.21621621621621623,0.16216216216216217,6.108108108108108,23,102.0,0.08695652173913043,0.13043478260869565,4.434782608695652
2021,18,SEA,ARI,38,0.2414513803478413,-0.6283901469838843,0.4818799678495229,0.5345357329111194,-0.2404285875016816,-1.1629258798950037,30,202.0,0.13333333333333333,0.2,6.733333333333333,28,233.0,0.25,0.03571428571428571,8.321428571428571
2021,18,NO,ATL,30,-0.5580025958872142,-0.5814303887022684,-0.6516092035398615,-1.7287615850115163,0.09360660765264728,1.1473311963092478,46,195.0,0.10869565217391304,0.2391304347826087,4.239130434782608,27,181.0,0.1111111111111111,0.037037037037037035,6.703703703703703
2021,18,NYJ,BUF,10,0.35139920001386954,-0.7005095373766023,1.0019352737488403,1.0582711541605656,-0.6505360737349708,-1.7587806915371678,17,48.0,0.11764705882352941,0.35294117647058826,2.823529411764706,31,29.0,0.06451612903225806,0.2903225806451613,0.9354838709677419
2021,18,SF,LA,27,-0.3778359083952883,0.55076092281441,0.8293744081645743,-0.42867292153149733,-1.2072103165598627,0.9794338443459074,31,135.0,0.12903225806451613,0.1935483870967742,4.354838709677419,35,314.0,0.22857142857142856,0.11428571428571428,8.971428571428572
2021,18,NE,MIA,24,0.561818801925908,0.8381852664569927,0.1565546912929211,1.4730079847539088,0.40526411063298695,-0.6348227182969162,27,134.0,0.1111111111111111,0.14814814814814814,4.962962962962963,33,247.0,0.21212121212121213,0.09090909090909091,7.484848484848484
2021,18,CAR,TB,17,-0.36161383336800107,-0.9924661171749318,0.9426811368926369,1.3701514588031662,-1.304294970260638,-2.3626175759780983,26,110.0,0.15384615384615385,0.23076923076923078,4.230769230769231,50,226.0,0.12,0.08,4.52
2021,18,LAC,LV,32,0.5334337064210039,0.5821712013074252,0.5506149593314511,0.5867077417405199,-0.017181252910447253,-0.0045365404330947046,21,85.0,0.14285714285714285,0.23809523809523808,4.0476190476190474,69,359.0,0.08695652173913043,0.043478260869565216,5.202898550724638
2022,1,BUF,LA,31,0.6729825196687502,0.41282196511903263,0.08879834300811462,-0.7170420857963925,0.5841841766606356,1.1298640509154252,25,121.0,0.12,0.08,4.84,38,332.0,0.10526315789473684,0.05263157894736842,8.736842105263158
2022,1,NO,ATL,27,0.32366847668337684,0.8602323844244685,-1.2895080392602694,-1.6001061094149172,1.6131765159436462,2.4603384938393855,20,151.0,0.15,0.05,7.55,39,245.0,0.20512820512820512,0.1282051282051282,6.282051282051282
2022,1,CLE,CAR,26,-0.7566905236339021,-0.34615678335361216,0.07000711239268648,-0.13530047205837553,-0.8266976360265885,-0.21085631129523663,39,217.0,0.15384615384615385,0.10256410256410256,5.564102564102564,36,146.0,0.1111111111111111,0.05555555555555555,4.055555555555555
2022,1,SF,CHI,10,-0.1512011601313647,1.1119146552760342,-0.5543285871482293,-0.7525472810493269,0.4031274270168646,1.8644619363253612,37,176.0,0.13513513513513514,0.08108108108108109,4.756756756756757,34,170.0,0.08823529411764706,0.08823529411764706,5.0
2022,1,PIT,CIN,23,0.2298117943376292,0.3066931329030185,0.4120055277675736,0.5865143331979547,-0.1821937334299444,-0.2798212002949362,22,75.0,0.13636363636363635,0.22727272727272727,3.409090909090909,40,202.0,0.1,0.05,5.05
2022,1,PHI,DET,38,0.6714257558032133,0.8072309486906271,-0.6775982522449681,0.8920291942861697,1.3490240080481812,-0.08479824559554261,39,216.0,0.1794871794871795,0.10256410256410256,5.538461538461538,44,316.0,0.13636363636363635,0.06818181818181818,7.181818181818182
2022,1,IND,HOU,20,0.20074102560784546,-0.4637457317111397,-0.42485892689125326,-0.45524221903792794,0.6255999524990987,-0.008503512673211755,38,177.0,0.15789473684210525,0.23684210526315788,4.657894736842105,54,352.0,0.18518518518518517,0.037037037037037035,6.518518518518518
2022,1,NE,MIA,7,-0.03518900643483225,0.7513923970351314,1.0250959540531865,0.14680097547520296,-1.0602849604880187,0.6045914215599284,22,78.0,0.13636363636363635,0.36363636363636365,3.5454545454545454,33,195.0,0.12121212121212122,0.09090909090909091,5.909090909090909
2022,1,BAL,NYJ,24,0.22175278403647453,0.5638346121335577,0.6378792381741757,0.8754832070188227,-0.41612645413770116,-0.311648594885265,21,63.0,0.047619047619047616,0.23809523809523808,3.0,34,220.0,0.17647058823529413,0.058823529411764705,6.470588235294118
2022,1,JAX,WAS,22,0.07765890727174589,0.41543415068143325,0.5000288658201812,0.16883755023494196,-0.42236995854843534,0.2465966004464913,18,123.0,0.2222222222222222,0.1111111111111111,6.833333333333333,46,266.0,0.15217391304347827,0.06521739130434782,5.782608695652174
2022,1,KC,ARI,44,0.7023531774080051,-0.018247185643543842,0.41877686064413033,0.666431125845554,0.28357631676387474,-0.6846783114890979,27,128.0,0.18518518518518517,0.2962962962962963,4.7407407407407405,41,365.0,0.24390243902439024,0.0,8.902439024390244
2022,1,LV,LAC,19,0.2200107499893025,0.033167916018868406,-1.3418540698468266,-0.5101748252163102,1.5618648198361291,0.5433427412351786,13,64.0,0.07692307692307693,0.07692307692307693,4.923076923076923,44,256.0,0.20454545454545456,0.13636363636363635,5.818181818181818
2022,1,GB,MIN,7,0.7214373340251181,0.26790617417107554,-0.03197495357972001,-0.7881190134868042,0.7534122876048381,1.05602518765788,18,111.0,0.2777777777777778,0.1111111111111111,6.166666666666667,42,227.0,0.14285714285714285,0.11904761904761904,5.404761904761905
2022,1,NYG,TEN,21,0.27216121721100434,-0.847810844316566,2.0848049719717907,0.32861241670170555,-1.8126437547607863,-1.1764232610182714,33,238.0,0.18181818181818182,0.09090909090909091,7.212121212121212,31,177.0,0.12903225806451613,0.16129032258064516,5.709677419354839
2022,1,TB,DAL,19,-0.7060020118106272,1.5861222196554996,-0.12632239231397757,0.6760498619259532,-0.5796796194966496,0.9100723577295464,33,152.0,0.21212121212121213,0.18181818181818182,4.606060606060606,29,195.0,0.1724137931034483,0.10344827586206896,6.724137931034483
2022,1,DEN,SEA,16,0.05350790762478089,-1.2229045971924017,-0.7331677120317224,-0.40521743097738255,0.7866756196565032,-0.8176871662150191,20,103.0,0.2,0.25,5.15,45,332.0,0.15555555555555556,0.06666666666666667,7.377777777777778
2022,2,LAC,KC,24,-0.747435672408291,-0.3904456179600085,0.02032318413484205,0.7162443076782016,-0.767758856543133,-1.1066899256382101,24,75.0,0.0,0.20833333333333334,3.125,50,326.0,0.14,0.08,6.52
2022,2,MIA,BAL,42,-0.7242361332588634,-1.3404306625487485,0.17521910832686233,-0.8091091933930938,-0.8994552415857258,-0.5313214691556547,18,86.0,0.1111111111111111,0.1111111111111111,4.777777777777778,51,461.0,0.13725490196078433,0.0392156862745098,9.03921568627451
2022,2,NYJ,CLE,31,-0.9561200798144436,-0.7784015949699472,-0.7809640144820956,-0.6838726483016284,-0.17515606533234795,-0.09452894666831879,20,93.0,0.15,0.3,4.65,48,316.0,0.14583333333333334,0.0625,6.583333333333333
2022,2,WAS,DET,27,0.17510741924719025,-0.7206739023145268,-0.6775982522449681,0.8920291942861697,0.8527056714921584,-1.6127030966006966,21,88.0,0.09523809523809523,0.14285714285714285,4.190476190476191,55,333.0,0.12727272727272726,0.09090909090909091,6.054545454545455
2022,2,IND,JAX,0,0.20074102560784546,-0.4637457317111397,0.45404593853045905,1.2148742894915692,-0.2533049129226136,-1.678620021202709,13,54.0,0.15384615384615385,0.38461538461538464,4.153846153846154,35,164.0,0.11428571428571428,0.14285714285714285,4.685714285714286
2022,2,TB,NO,20,-0.7060020118106272,1.5861222196554996,0.1773846266857621,-1.4420171739446161,-0.8833866384963893,3.0281393936001155,30,72.0,0.03333333333333333,0.36666666666666664,2.4,35,188.0,0.08571428571428572,0.05714285714285714,5.371428571428571
2022,2,CAR,NYG,16,0.7880879246295149,0.8082939813334681,-1.6949784594262278,0.9297685802413257,2.4830663840557428,-0.12147459890785761,23,146.0,0.08695652173913043,0.08695652173913043,6.3478260869565215,36,158.0,0.1111111111111111,0.08333333333333333,4.388888888888889
2022,2,NE,PIT,17,-0.03518900643483225,0.7513923970351314,0.34289889637432225,-1.1382337912715432,-0.3780879028091545,1.8896261883066745,31,124.0,0.03225806451612903,0.12903225806451613,4.0,38,263.0,0.15789473684210525,0.0,6.921052631578948
2022,2,ATL,LA,27,0.7939899366085648,0.9335105475253743,0.08879834300811462,-0.7170420857963925,0.7051915936004501,1.6505526333217668,27,90.0,0.07407407407407407,0.18518518518518517,3.3333333333333335,33,190.0,0.12121212121212122,0.09090909090909091,5.757575757575758
2022,2,SEA,SF,7,-0.9323787448583898,-0.011817645633126816,1.0689635038826355,0.01579167679118913,-2.0013422487410253,-0.027609322424315946,14,36.0,0.0,0.42857142857142855,2.5714285714285716,33,180.0,0.09090909090909091,0.09090909090909091,5.454545454545454
2022,2,CIN,DAL,17,0.49376812214360655,1.1588789904283823,-0.12632239231397757,0.6760498619259532,0.6200905144575841,0.4828291285024291,25,89.0,0.12,0.2,3.56,46,194.0,0.10869565217391304,0.15217391304347827,4.217391304347826
2022,2,HOU,DEN,9,-1.1468573244097897,-0.5447609632143372,0.13299254331703764,-0.5065123869088238,-1.2798498677268273,-0.03824857630551337,18,80.0,0.2222222222222222,0.2777777777777778,4.444444444444445,41,154.0,0.12195121951219512,0.0975609756097561,3.7560975609756095
2022,2,ARI,LV,29,0.08234868385284955,0.464285084822043,-0.24106297978280178,-0.07268080194936521,0.3234116636356513,0.5369658867714082,29,145.0,0.06896551724137931,0.06896551724137931,5.0,53,277.0,0.09433962264150944,0.03773584905660377,5.226415094339623
2022,2,CHI,GB,10,0.6915167414915888,-0.45396056927092915,-1.0385676577709135,0.8463662326240963,1.7300843992625023,-1.3003268018950254,27,180.0,0.25925925925925924,0.14814814814814814,6.666666666666667,16,56.0,0.125,0.25,3.5
2022,2,TEN,BUF,7,0.1168653498166222,-1.4252186093799806,1.1451627631683094,0.2645454543342098,-1.0282974133516873,-1.6897640637141904,27,80.0,0.0,0.2222222222222222,2.962962962962963,28,120.0,0.10714285714285714,0.10714285714285714,4.285714285714286
2022,2,MIN,PHI,7,-1.4415168991685754,-0.7386865102329673,-0.7146579987734276,0.850891411706002,-0.7268589003951478,-1.5895779219389694,11,62.0,0.18181818181818182,0.09090909090909091,5.636363636363637,50,222.0,0.1,0.1,4.44
2022,3,PIT,CLE,17,0.2298117943376292,0.3066931329030185,-0.7809640144820956,-0.6838726483016284,1.0107758088197247,0.9905657812046469,22,104.0,0.18181818181818182,0.045454545454545456,4.7272727272727275,33,204.0,0.15151515151515152,0.12121212121212122,6.181818181818182
2022,3,NO,CAR,14,0.32366847668337684,0.8602323844244685,0.07000711239268648,-0.13530047205837553,0.25366136429069036,0.9955328564828441,22,84.0,0.045454545454545456,0.2727272727272727,3.8181818181818183,42,342.0,0.14285714285714285,0.023809523809523808,8.142857142857142
2022,3,HOU,CHI,20,-1.1468573244097897,-0.5447609632143372,-0.5543285871482293,-0.7525472810493269,-0.5925287372615604,0.2077863178349897,24,92.0,0.041666666666666664,0.16666666666666666,3.8333333333333335,33,237.0,0.21212121212121213,0.06060606060606061,7.181818181818182
2022,3,KC,IND,17,0.7023531774080051,-0.018247185643543842,0.9213736291367455,0.0966366791632454,-0.2190204517287404,-0.11488386480678925,23,58.0,0.043478260869565216,0.2608695652173913,2.5217391304347827,42,285.0,0.14285714285714285,0.023809523809523808,6.785714285714286
2022,3,BUF,MIA,19,0.6729825196687502,0.41282196511903263,1.0250959540531865,0.14680097547520296,-0.3521134343844363,0.2660209896438297,23,115.0,0.13043478260869565,0.21739130434782608,5.0,70,423.0,0.1,0.07142857142857142,6.042857142857143
2022,3,DET,MIN,24,0.328371958713235,0.014661231242537737,-0.03197495357972001,-0.7881190134868042,0.360346912292955,0.802780244729342,35,139.0,0.11428571428571428,0.2,3.9714285714285715,42,285.0,0.19047619047619047,0.023809523809523808,6.785714285714286
2022,3,BAL,NE,37,0.22175278403647453,0.5638346121335577,-0.2603140535564843,0.6759487832640616,0.4820668375929588,-0.11211417113050393,26,188.0,0.23076923076923078,0.19230769230769232,7.230769230769231,34,214.0,0.17647058823529413,0.11764705882352941,6.294117647058823
2022,3,CIN,NYJ,27,0.49376812214360655,1.1588789904283823,0.6378792381741757,0.8754832070188227,-0.14411111603056914,0.2833957834095596,28,69.0,0.0,0.32142857142857145,2.4642857142857144,39,266.0,0.10256410256410256,0.05128205128205128,6.82051282051282
2022,3,LV,TEN,22,0.2200107499893025,0.033167916018868406,2.0848049719717907,0.32861241670170555,-1.8647942219824882,-0.2954445006828371,19,96.0,0.2631578947368421,0.05263157894736842,5.052631578947368,49,317.0,0.12244897959183673,0.08163265306122448,6.469387755102041
2022,3,PHI,WAS,24,0.6714257558032133,0.8072309486906271,0.5000288658201812,0.16883755023494196,0.17139688998303204,0.6383933984556851,30,72.0,0.03333333333333333,0.36666666666666664,2.4,41,341.0,0.1951219512195122,0.0975609756097561,8.317073170731707
2022,3,JAX,LAC,38,0.07765890727174589,0.41543415068143325,-1.3418540698468266,-0.5101748252163102,1.4195129771185726,0.9256089758977435,36,151.0,0.08333333333333333,0.3888888888888889,4.194444444444445,41,270.0,0.12195121951219512,0.024390243902439025,6.585365853658536
2022,3,ATL,SEA,27,0.7939899366085648,0.9335105475253743,-0.7331677120317224,-0.40521743097738255,1.5271576486402871,1.3387279785027568,31,179.0,0.12903225806451613,0.16129032258064516,5.774193548387097,25,215.0,0.28,0.12,8.6
2022,3,GB,TB,14,0.7214373340251181,0.26790617417107554,0.23439702972008314,0.06434935282629729,0.487040304305035,0.20355682134477826,25,67.0,0.04,0.24,2.68,36,248.0,0.16666666666666666,0.08333333333333333,6.888888888888889
2022,3,SF,DEN,10,-0.1512011601313647,1.1119146552760342,0.13299254331703764,-0.5065123869088238,-0.28419370344840233,1.618427042184858,19,88.0,0.10526315789473684,0.3157894736842105,4.631578947368421,33,179.0,0.18181818181818182,0.12121212121212122,5.424242424242424
2022,3,DAL,NYG,23,-0.23994023024135525,-0.17817022463101917,-1.6949784594262278,0.9297685802413257,1.4550382291848725,-1.1079388048723449,30,176.0,0.16666666666666666,0.13333333333333333,5.866666666666666,31,215.0,0.1935483870967742,0.0,6.935483870967742
2022,4,MIA,CIN,15,-0.7242361332588634,-1.3404306625487485,0.4120055277675736,0.5865143331979547,-1.136241661026437,-1.926944995746703,22,85.0,0.09090909090909091,0.22727272727272727,3.8636363636363638,39,304.0,0.20512820512820512,0.02564102564102564,7.794871794871795
2022,4,MIN,NO,28,-1.4415168991685754,-0.7386865102329673,0.1773846266857621,-1.4420171739446161,-1.6189015258543376,0.7033306637116489,25,81.0,0.08,0.2,3.24,42,263.0,0.16666666666666666,0.09523809523809523,6.261904761904762
2022,4,CLE,ATL,20,-0.7566905236339021,-0.34615678335361216,-1.2895080392602694,-1.6001061094149172,0.5328175156263673,1.253949326061305,35,177.0,0.17142857142857143,0.08571428571428572,5.057142857142857,38,232.0,0.13157894736842105,0.05263157894736842,6.105263157894737
2022,4,BUF,BAL,23,0.6729825196687502,0.41282196511903263,0.17521910832686233,-0.8091091933930938,0.4977634113418879,1.2219311585121264,25,125.0,0.12,0.2,5.0,42,249.0,0.11904761904761904,0.023809523809523808,5.928571428571429
2022,4,WAS,DAL,10,0.17510741924719025,-0.7206739023145268,-0.12632239231397757,0.6760498619259532,0.3014298115611678,-1.39672376424048,27,142.0,0.14814814814814814,0.14814814814814814,5.2592592592592595,45,160.0,0.044444444444444446,0.1111111111111111,3.5555555555555554
2022,4,SEA,DET,48,-0.9323787448583898,-0.011817645633126816,-0.6775982522449681,0.8920291942861697,-0.2547804926134217,-0.9038468399192965,33,235.0,0.24242424242424243,0.21212121212121213,7.121212121212121,32,350.0,0.25,0.03125,10.9375
2022,4,LAC,HOU,34,-0.747435672408291,-0.3904456179600085,-0.42485892689125326,-0.45524221903792794,-0.32257674551703774,0.06479660107791946,27,81.0,0.14814814814814814,0.4074074074074074,3.0,40,338.0,0.225,0.05,8.45
2022,4,TEN,IND,24,0.1168653498166222,-1.4252186093799806,0.9213736291367455,0.0966366791632454,-0.8045082793201233,-1.521855288543226,28,127.0,0.14285714285714285,0.21428571428571427,4.535714285714286,26,128.0,0.07692307692307693,0.11538461538461539,4.923076923076923
2022,4,CHI,NYG,12,0.6915167414915888,-0.45396056927092915,-1.6949784594262278,0.9297685802413257,2.3864952009178166,-1.3837291495122548,32,149.0,0.1875,0.15625,4.65625,35,207.0,0.14285714285714285,0.2,5.914285714285715
2022,4,JAX,PHI,21,0.07765890727174589,0.41543415068143325,-0.7146579987734276,0.850891411706002,0.7923169060451735,-0.4354572610245688,19,71.0,0.05263157894736842,0.3157894736842105,3.736842105263158,27,148.0,0.2222222222222222,0.18518518518518517,5.481481481481482
2022,4,NYJ,PIT,24,-0.9561200798144436,-0.7784015949699472,0.34289889637432225,-1.1382337912715432,-1.2990189761887658,0.359832196301596,29,98.0,0.06896551724137931,0.2413793103448276,3.3793103448275863,40,265.0,0.225,0.025,6.625
2022,4,ARI,CAR,26,0.08234868385284955,0.464285084822043,0.07000711239268648,-0.13530047205837553,0.01234157146016307,0.5995855568804185,37,132.0,0.08108108108108109,0.24324324324324326,3.5675675675675675,36,222.0,0.1388888888888889,0.05555555555555555,6.166666666666667
2022,4,NE,GB,24,-0.03518900643483225,0.7513923970351314,-1.0385676577709135,0.8463662326240963,1.0033786513360812,-0.09497383558896488,33,167.0,0.12121212121212122,0.06060606060606061,5.0606060606060606,25,104.0,0.16,0.28,4.16
2022,4,DEN,LV,23,0.05350790762478089,-1.2229045971924017,-0.24106297978280178,-0.07268080194936521,0.29457088740758264,-1.1502237952430365,20,85.0,0.15,0.25,4.25,31,240.0,0.22580645161290322,0.16129032258064516,7.741935483870968
2022,4,KC,TB,41,0.7023531774080051,-0.018247185643543842,0.23439702972008314,0.06434935282629729,0.46795614768792193,-0.08259653846984114,37,189.0,0.05405405405405406,0.10810810810810811,5.108108108108108,43,253.0,0.16279069767441862,0.06976744186046512,5.883720930232558
2022,5,IND,DEN,12,0.20074102560784546,-0.4637457317111397,0.13299254331703764,-0.5065123869088238,0.06774848229080782,0.042766655197684134,26,106.0,0.15384615384615385,0.15384615384615385,4.076923076923077,47,201.0,0.1276595744680851,0.14893617021276595,4.276595744680851
2022,5,NYG,GB,27,0.27216121721100434,-0.847810844316566,-1.0385676577709135,0.8463662326240963,1.310728874981918,-1.694177076940662,31,125.0,0.0967741935483871,0.1935483870967742,4.032258064516129,31,238.0,0.12903225806451613,0.12903225806451613,7.67741935483871
2022,5,PIT,BUF,3,0.2298117943376292,0.3066931329030185,1.1451627631683094,0.2645454543342098,-0.9153509688306802,0.04214767856880869,17,54.0,0.17647058823529413,0.29411764705882354,3.176470588235294,56,320.0,0.05357142857142857,0.05357142857142857,5.714285714285714
2022,5,LAC,CLE,30,-0.747435672408291,-0.3904456179600085,-0.7809640144820956,-0.6838726483016284,0.03352834207380462,0.29342703034161993,34,238.0,0.23529411764705882,0.17647058823529413,7.0,38,242.0,0.13157894736842105,0.05263157894736842,6.368421052631579
2022,5,HOU,JAX,13,-1.1468573244097897,-0.5447609632143372,0.45404593853045905,1.2148742894915692,-1.6009032629402489,-1.7596352527059063,31,116.0,0.0967741935483871,0.1935483870967742,3.7419354838709675,25,132.0,0.12,0.04,5.28
2022,5,CHI,MIN,22,0.6915167414915888,-0.45396056927092915,-0.03197495357972001,-0.7881190134868042,0.7234916950713088,0.3341584442158751,24,78.0,0.041666666666666664,0.2916666666666667,3.25,30,238.0,0.2,0.06666666666666667,7.933333333333334
2022,5,DET,NE,0,0.328371958713235,0.014661231242537737,-0.2603140535564843,0.6759487832640616,0.5886860122697193,-0.6612875520215239,27,101.0,0.1111111111111111,0.14814814814814814,3.740740740740741,39,219.0,0.15384615384615385,0.10256410256410256,5.615384615384615
2022,5,SEA,NO,32,-0.9323787448583898,-0.011817645633126816,0.1773846266857621,-1.4420171739446161,-1.109763371544152,1.4301995283114892,21,151.0,0.14285714285714285,0.09523809523809523,7.190476190476191,31,259.0,0.1935483870967742,0.0967741935483871,8.35483870967742
2022,5,MIA,NYJ,17,-0.7242361332588634,-1.3404306625487485,0.6378792381741757,0.8754832070188227,-1.3621153714330392,-2.2159138695675713,26,137.0,0.19230769230769232,0.15384615384615385,5.269230769230769,36,158.0,0.05555555555555555,0.08333333333333333,4.388888888888889
2022,5,ATL,TB,15,0.7939899366085648,0.9335105475253743,0.23439702972008314,0.06434935282629729,0.5595929068884816,0.869161194699077,31,151.0,0.12903225806451613,0.16129032258064516,4.870967741935484,35,145.0,0.08571428571428572,0.2,4.142857142857143
2022,5,TEN,WAS,21,0.1168653498166222,-1.4252186093799806,0.5000288658201812,0.16883755023494196,-0.383163516003559,-1.5940561596149225,32,105.0,0.0625,0.15625,3.28125,31,137.0,0.06451612903225806,0.1935483870967742,4.419354838709677
2022,5,SF,CAR,37,-0.1512011601313647,1.1119146552760342,0.07000711239268648,-0.13530047205837553,-0.22120827252405117,1.2472151273344096,29,153.0,0.1724137931034483,0.20689655172413793,5.275862068965517,32,244.0,0.25,0.0625,7.625
2022,5,PHI,ARI,20,0.6714257558032133,0.8072309486906271,0.41877686064413033,0.666431125845554,0.25264889515908295,0.14079982284507309,33,139.0,0.15151515151515152,0.15151515151515152,4.212121212121212,40,248.0,0.125,0.15,6.2
2022,5,DAL,LA,22,-0.23994023024135525,-0.17817022463101917,0.08879834300811462,-0.7170420857963925,-0.32873857324946987,0.5388718611653733,35,163.0,0.05714285714285714,0.22857142857142856,4.6571428571428575,19,76.0,0.10526315789473684,0.15789473684210525,4.0
2022,5,CIN,BAL,17,0.49376812214360655,1.1588789904283823,0.17521910832686233,-0.8091091933930938,0.3185490138167442,1.9679881838214761,21,101.0,0.14285714285714285,0.09523809523809523,4.809523809523809,38,190.0,0.10526315789473684,0.15789473684210525,5.0
2022,5,LV,KC,29,0.2200107499893025,0.033167916018868406,0.02032318413484205,0.7162443076782016,0.19968756585446046,-0.6830763916593332,25,155.0,0.16,0.08,6.2,33,226.0,0.09090909090909091,0.09090909090909091,6.848484848484849
2022,6,WAS,CHI,12,0.17510741924719025,-0.7206739023145268,-0.5543285871482293,-0.7525472810493269,0.7294360063954195,0.03187337873480012,28,128.0,0.10714285714285714,0.07142857142857142,4.571428571428571,26,86.0,0.07692307692307693,0.11538461538461539,3.3076923076923075
2022,6,SF,ATL,14,-0.1512011601313647,1.1119146552760342,-1.2895080392602694,-1.6001061094149172,1.1383068791289046,2.7120207646909513,16,50.0,0.0,0.125,3.125,42,302.0,0.09523809523809523,0.0,7.190476190476191
2022,6,NE,CLE,38,-0.03518900643483225,0.7513923970351314,-0.7809640144820956,-0.6838726483016284,0.7457750080472634,1.43526504533676,29,98.0,0.06896551724137931,0.3103448275862069,3.3793103448275863,36,301.0,0.19444444444444445,0.1111111111111111,8.36111111111111
2022,6,NYJ,GB,27,-0.9561200798144436,-0.7784015949699472,-1.0385676577709135,0.8463662326240963,0.08244757795646995,-1.6247678275940434,33,179.0,0.18181818181818182,0.18181818181818182,5.424242424242424,21,103.0,0.09523809523809523,0.09523809523809523,4.904761904761905
2022,6,JAX,IND,27,0.07765890727174589,0.41543415068143325,0.9213736291367455,0.0966366791632454,-0.8437147218649996,0.3187974715181878,33,243.0,0.21212121212121213,0.18181818181818182,7.363636363636363,28,149.0,0.17857142857142858,0.21428571428571427,5.321428571428571
2022,6,MIN,MIA,24,-1.4415168991685754,-0.7386865102329673,1.0250959540531865,0.14680097547520296,-2.466612853221762,-0.8854874857081703,17,78.0,0.058823529411764705,0.35294117647058826,4.588235294117647,34,158.0,0.08823529411764706,0.17647058823529413,4.647058823529412
2022,6,CIN,NO,30,0.49376812214360655,1.1588789904283823,0.1773846266857621,-1.4420171739446161,0.31638349545784444,2.6008961643729984,14,75.0,0.14285714285714285,0.14285714285714285,5.357142857142857,43,297.0,0.09302325581395349,0.09302325581395349,6.906976744186046
2022,6,BAL,NYG,20,0.22175278403647453,0.5638346121335577,-1.6949784594262278,0.9297685802413257,1.9167312434627024,-0.365933968107768,24,211.0,0.375,0.125,8.791666666666666,36,222.0,0.16666666666666666,0.05555555555555555,6.166666666666667
2022,6,TB,PIT,18,-0.7060020118106272,1.5861222196554996,0.34289889637432225,-1.1382337912715432,-1.0489009081849494,2.7243560109270426,26,75.0,0.038461538461538464,0.2692307692307692,2.8846153846153846,42,229.0,0.11904761904761904,0.047619047619047616,5.4523809523809526
2022,6,CAR,LA,10,0.7880879246295149,0.8082939813334681,0.08879834300811462,-0.7170420857963925,0.6992895816214003,1.5253360671298606,21,93.0,0.09523809523809523,0.09523809523809523,4.428571428571429,23,110.0,0.13043478260869565,0.17391304347826086,4.782608695652174
2022,6,ARI,SEA,9,0.08234868385284955,0.464285084822043,-0.7331677120317224,-0.40521743097738255,0.8155163958845719,0.8695025157994256,28,144.0,0.10714285714285714,0.17857142857142858,5.142857142857143,47,216.0,0.10638297872340426,0.14893617021276595,4.595744680851064
2022,6,BUF,KC,24,0.6729825196687502,0.41282196511903263,0.02032318413484205,0.7162443076782016,0.6526593355339082,-0.30342234255916894,31,125.0,0.0967741935483871,0.2903225806451613,4.032258064516129,44,336.0,0.18181818181818182,0.045454545454545456,7.636363636363637
2022,6,DAL,PHI,17,-0.23994023024135525,-0.17817022463101917,-0.7146579987734276,0.850891411706002,0.47471776853207237,-1.0290616363370213,26,134.0,0.15384615384615385,0.0,5.153846153846154,38,181.0,0.07894736842105263,0.02631578947368421,4.7631578947368425
2022,6,DEN,LAC,16,0.05350790762478089,-1.2229045971924017,-1.3418540698468266,-0.5101748252163102,1.3953619774716075,-0.7127297719760916,23,98.0,0.08695652173913043,0.08695652173913043,4.260869565217392,34,170.0,0.11764705882352941,0.20588235294117646,5.0
2022,7,NO,ARI,34,0.32366847668337684,0.8602323844244685,0.41877686064413033,0.666431125845554,-0.0951083839607535,0.1938012585789145,22,85.0,0.18181818181818182,0.3181818181818182,3.8636363636363638,52,431.0,0.15384615384615385,0.0,8.288461538461538
2022,7,CLE,BAL,20,-0.7566905236339021,-0.34615678335361216,0.17521910832686233,-0.8091091933930938,-0.9319096319607645,0.4629524100394817,24,113.0,0.16666666666666666,0.125,4.708333333333333,34,240.0,0.14705882352941177,0.14705882352941177,7.0588235294117645
2022,7,TB,CAR,3,-0.7060020118106272,1.5861222196554996,0.07000711239268648,-0.13530047205837553,-0.7760091242033136,1.721422691713875,16,46.0,0.0625,0.25,2.875,51,277.0,0.13725490196078433,0.0392156862745098,5.431372549019608
2022,7,ATL,CIN,17,0.7939899366085648,0.9335105475253743,0.4120055277675736,0.5865143331979547,0.38198440884099116,0.34699621432741967,29,107.0,0.10344827586206896,0.13793103448275862,3.689655172413793,19,124.0,0.05263157894736842,0.21052631578947367,6.526315789473684
2022,7,DET,DAL,6,0.328371958713235,0.014661231242537737,-0.12632239231397757,0.6760498619259532,0.45469435102721256,-0.6613886306834155,25,117.0,0.12,0.24,4.68,32,199.0,0.1875,0.15625,6.21875
2022,7,NYG,JAX,23,0.27216121721100434,-0.847810844316566,0.45404593853045905,1.2148742894915692,-0.1818847213194547,-2.0626851338081353,39,236.0,0.23076923076923078,0.1282051282051282,6.051282051282051,36,250.0,0.08333333333333333,0.027777777777777776,6.944444444444445
2022,7,IND,TEN,10,0.20074102560784546,-0.4637457317111397,2.0848049719717907,0.32861241670170555,-1.8840639463639453,-0.7923581484128452,17,65.0,0.11764705882352941,0.17647058823529413,3.823529411764706,48,229.0,0.020833333333333332,0.10416666666666667,4.770833333333333
2022,7,GB,WAS,21,0.7214373340251181,0.26790617417107554,0.5000288658201812,0.16883755023494196,0.22140846820493687,0.09906862393613358,12,38.0,0.0,0.25,3.1666666666666665,34,194.0,0.11764705882352941,0.058823529411764705,5.705882352941177
2022,7,NYJ,DEN,16,-0.9561200798144436,-0.7784015949699472,0.13299254331703764,-0.5065123869088238,-1.0891126231314812,-0.2718892080611234,24,155.0,0.125,0.125,6.458333333333333,32,130.0,0.03125,0.125,4.0625
2022,7,HOU,LV,20,-1.1468573244097897,-0.5447609632143372,-0.24106297978280178,-0.07268080194936521,-0.9057943446269879,-0.472080161264972,23,108.0,0.13043478260869565,0.13043478260869565,4.695652173913044,42,296.0,0.16666666666666666,0.047619047619047616,7.0476190476190474
2022,7,SEA,LAC,37,-0.9323787448583898,-0.011817645633126816,-1.3418540698468266,-0.5101748252163102,0.40947532498843686,0.4983571795831834,34,213.0,0.17647058823529413,0.2647058823529412,6.264705882352941,30,200.0,0.16666666666666666,0.1,6.666666666666667
2022,7,KC,SF,44,0.7023531774080051,-0.018247185643543842,1.0689635038826355,0.01579167679118913,-0.36661032647463043,-0.034038862434732975,21,112.0,0.14285714285714285,0.19047619047619047,5.333333333333333,37,417.0,0.32432432432432434,0.02702702702702703,11.27027027027027
2022,7,PIT,MIA,10,0.2298117943376292,0.3066931329030185,1.0250959540531865,0.14680097547520296,-0.7952841597155573,0.1598921574278155,23,95.0,0.13043478260869565,0.13043478260869565,4.130434782608695,48,266.0,0.041666666666666664,0.0625,5.541666666666667
2022,7,CHI,NE,33,0.6915167414915888,-0.45396056927092915,-0.2603140535564843,0.6759487832640616,0.9518307950480731,-1.1299093525349908,45,243.0,0.13333333333333333,0.06666666666666667,5.4,26,167.0,0.23076923076923078,0.15384615384615385,6.423076923076923
2022,8,BAL,TB,27,0.22175278403647453,0.5638346121335577,0.23439702972008314,0.06434935282629729,-0.012644245683608613,0.4994852593072604,33,231.0,0.2727272727272727,0.18181818181818182,7.0,42,232.0,0.11904761904761904,0.11904761904761904,5.523809523809524
2022,8,DEN,JAX,21,0.05350790762478089,-1.2229045971924017,0.45404593853045905,1.2148742894915692,-0.4005380309056782,-2.437778886683971,28,101.0,0.03571428571428571,0.17857142857142858,3.607142857142857,34,244.0,0.14705882352941177,0.08823529411764706,7.176470588235294
2022,8,CAR,ATL,34,0.7880879246295149,0.8082939813334681,-1.2895080392602694,-1.6001061094149172,2.0775959638897845,2.408400090748385,37,171.0,0.10810810810810811,0.10810810810810811,4.621621621621622,38,329.0,0.21052631578947367,0.05263157894736842,8.657894736842104
2022,8,CHI,DAL,29,0.6915167414915888,-0.45396056927092915,-0.12632239231397757,0.6760498619259532,0.8178391338055664,-1.1300104311968824,43,240.0,0.23255813953488372,0.13953488372093023,5.5813953488372094,33,169.0,0.09090909090909091,0.18181818181818182,5.121212121212121
2022,8,MIA,DET,31,-0.7242361332588634,-1.3404306625487485,-0.6775982522449681,0.8920291942861697,-0.04663788101389532,-2.232459856834918,26,107.0,0.15384615384615385,0.2692307692307692,4.115384615384615,40,390.0,0.25,0.075,9.75
2022,8,ARI,MIN,26,0.08234868385284955,0.464285084822043,-0.03197495357972001,-0.7881190134868042,0.11432363743256956,1.2524040983088471,22,78.0,0.0,0.3181818181818182,3.5454545454545454,52,325.0,0.15384615384615385,0.11538461538461539,6.25
2022,8,LV,NO,0,0.2200107499893025,0.033167916018868406,0.1773846266857621,-1.4420171739446161,0.0426261233035404,1.4751850899634846,13,38.0,0.07692307692307693,0.3076923076923077,2.923076923076923,43,145.0,0.023255813953488372,0.16279069767441862,3.372093023255814
2022,8,NE,NYJ,22,-0.03518900643483225,0.7513923970351314,0.6378792381741757,0.8754832070188227,-0.6730682446090079,-0.12409080998369126,34,127.0,0.11764705882352941,0.38235294117647056,3.735294117647059,44,187.0,0.09090909090909091,0.18181818181818182,4.25
2022,8,PIT,PHI,13,0.2298117943376292,0.3066931329030185,-0.7146579987734276,0.850891411706002,0.9444697931110568,-0.5441982788029835,24,144.0,0.2916666666666667,0.125,6.0,51,190.0,0.0784313725490196,0.17647058823529413,3.7254901960784315
2022,8,TEN,HOU,17,0.1168653498166222,-1.4252186093799806,-0.42485892689125326,-0.45524221903792794,0.5417242767078755,-0.9699763903420526,45,314.0,0.2222222222222222,0.15555555555555556,6.977777777777778,15,48.0,0.06666666666666667,0.2,3.2
2022,8,WAS,IND,17,0.17510741924719025,-0.7206739023145268,0.9213736291367455,0.0966366791632454,-0.7462662098895552,-0.8173105814777721,28,96.0,0.03571428571428571,0.17857142857142858,3.4285714285714284,38,294.0,0.21052631578947367,0.10526315789473684,7.7368421052631575
2022,8,SF,LA,31,-0.1512011601313647,1.1119146552760342,0.08879834300811462,-0.7170420857963925,-0.23999950313947932,1.8289567410724268,23,111.0,0.17391304347826086,0.17391304347826086,4.826086956521739,29,257.0,0.10344827586206896,0.13793103448275862,8.862068965517242
2022,8,NYG,SEA,13,0.27216121721100434,-0.847810844316566,-0.7331677120317224,-0.40521743097738255,1.0053289292427268,-0.4425934133391834,28,78.0,0.07142857142857142,0.21428571428571427,2.7857142857142856,39,160.0,0.1282051282051282,0.1794871794871795,4.102564102564102
2022,8,GB,BUF,17,0.7214373340251181,0.26790617417107554,1.1451627631683094,0.2645454543342098,-0.42372542914319133,0.0033607198368657554,31,208.0,0.1935483870967742,0.0967741935483871,6.709677419354839,33,201.0,0.15151515151515152,0.09090909090909091,6.090909090909091
2022,8,CIN,CLE,13,0.49376812214360655,1.1588789904283823,-0.7809640144820956,-0.6838726483016284,1.274732136625702,1.8427516387300107,10,36.0,0.0,0.1,3.6,40,193.0,0.1,0.2,4.825
2022,9,PHI,HOU,29,0.6714257558032133,0.8072309486906271,-0.42485892689125326,-0.45524221903792794,1.0962846826944666,1.262473167728555,32,145.0,0.15625,0.25,4.53125,33,229.0,0.24242424242424243,0.15151515151515152,6.9393939393939394
2022,9,LAC,ATL,20,-0.747435672408291,-0.3904456179600085,-1.2895080392602694,-1.6001061094149172,0.5420723668519783,1.2096604914549087,24,91.0,0.041666666666666664,0.125,3.7916666666666665,44,248.0,0.11363636363636363,0.045454545454545456,5.636363636363637
2022,9,MIA,CHI,35,-0.7242361332588634,-1.3404306625487485,-0.5543285871482293,-0.7525472810493269,-0.16990754611063408,-0.5878833814994217,23,77.0,0.08695652173913043,0.30434782608695654,3.347826086956522,31,306.0,0.3225806451612903,0.0,9.870967741935484
2022,9,CAR,CIN,21,0.7880879246295149,0.8082939813334681,0.4120055277675736,0.5865143331979547,0.37608239686194134,0.22177964813551343,18,64.0,0.0,0.05555555555555555,3.5555555555555554,31,170.0,0.16129032258064516,0.06451612903225806,5.483870967741935
2022,9,GB,DET,9,0.7214373340251181,0.26790617417107554,-0.6775982522449681,0.8920291942861697,1.3990355862700863,-0.6241230201150941,25,106.0,0.08,0.24,4.24,48,324.0,0.1875,0.020833333333333332,6.75
2022,9,LV,JAX,20,0.2200107499893025,0.033167916018868406,0.45404593853045905,1.2148742894915692,-0.23403518854115654,-1.1817063734727007,19,73.0,0.15789473684210525,0.2631578947368421,3.8421052631578947,38,248.0,0.13157894736842105,0.07894736842105263,6.526315789473684
2022,9,IND,NE,3,0.20074102560784546,-0.4637457317111397,-0.2603140535564843,0.6759487832640616,0.46105507916432975,-1.1396945149752014,22,78.0,0.045454545454545456,0.13636363636363635,3.5454545454545454,42,80.0,0.023809523809523808,0.23809523809523808,1.9047619047619047
2022,9,BUF,NYJ,17,0.6729825196687502,0.41282196511903263,0.6378792381741757,0.8754832070188227,0.035103281494574534,-0.46266124189979,22,134.0,0.09090909090909091,0.045454545454545456,6.090909090909091,42,212.0,0.11904761904761904,0.14285714285714285,5.0476190476190474
2022,9,MIN,WAS,20,-1.4415168991685754,-0.7386865102329673,0.5000288658201812,0.16883755023494196,-1.9415457649887566,-0.9075240604679092,22,56.0,0.045454545454545456,0.3181818181818182,2.5454545454545454,43,245.0,0.16279069767441862,0.16279069767441862,5.6976744186046515
2022,9,SEA,ARI,31,-0.9323787448583898,-0.011817645633126816,0.41877686064413033,0.666431125845554,-1.35115560550252,-0.6782487714786808,34,158.0,0.14705882352941177,0.17647058823529413,4.647058823529412,38,286.0,0.13157894736842105,0.10526315789473684,7.526315789473684
2022,9,TEN,KC,17,0.1168653498166222,-1.4252186093799806,0.02032318413484205,0.7162443076782016,0.09654216568178015,-2.141462917058182,29,172.0,0.10344827586206896,0.10344827586206896,5.931034482758621,21,63.0,0.14285714285714285,0.19047619047619047,3.0
2022,9,BAL,NO,27,0.22175278403647453,0.5638346121335577,0.1773846266857621,-1.4420171739446161,0.04436815735071242,2.005851786078174,40,188.0,0.125,0.15,4.7,25,131.0,0.12,0.12,5.24
2022,10,ATL,CAR,15,0.7939899366085648,0.9335105475253743,0.07000711239268648,-0.13530047205837553,0.7239828242158783,1.06881101958375,25,138.0,0.2,0.16,5.52,36,193.0,0.16666666666666666,0.2222222222222222,5.361111111111111
2022,10,SEA,TB,16,-0.9323787448583898,-0.011817645633126816,0.23439702972008314,0.06434935282629729,-1.1667757745784728,-0.07616699845942411,14,39.0,0.0,0.21428571428571427,2.7857142857142856,41,266.0,0.17073170731707318,0.07317073170731707,6.487804878048781
2022,10,MIN,BUF,33,-1.4415168991685754,-0.7386865102329673,1.1451627631683094,0.2645454543342098,-2.586679662336885,-1.003231964567177,25,147.0,0.2,0.4,5.88,56,350.0,0.16071428571428573,0.08928571428571429,6.25
2022,10,DET,CHI,31,0.328371958713235,0.014661231242537737,-0.5543285871482293,-0.7525472810493269,0.8827005458614643,0.7672085122918646,31,95.0,0.0967741935483871,0.2903225806451613,3.064516129032258,30,243.0,0.16666666666666666,0.06666666666666667,8.1
2022,10,JAX,KC,17,0.07765890727174589,0.41543415068143325,0.02032318413484205,0.7162443076782016,0.05733572313690384,-0.30081015699676833,16,75.0,0.125,0.125,4.6875,48,265.0,0.10416666666666667,0.16666666666666666,5.520833333333333
2022,10,CLE,MIA,17,-0.7566905236339021,-0.34615678335361216,1.0250959540531865,0.14680097547520296,-1.7817864776870886,-0.4929577588288151,24,112.0,0.125,0.125,4.666666666666667,42,222.0,0.07142857142857142,0.09523809523809523,5.285714285714286
2022,10,HOU,NYG,16,-1.1468573244097897,-0.5447609632143372,-1.6949784594262278,0.9297685802413257,0.5481211350164381,-1.474529543455663,19,101.0,0.15789473684210525,0.2631578947368421,5.315789473684211,41,286.0,0.21951219512195122,0.0975609756097561,6.975609756097561
2022,10,NO,PIT,10,0.32366847668337684,0.8602323844244685,0.34289889637432225,-1.1382337912715432,-0.01923041969094541,1.9984661756960116,15,29.0,0.06666666666666667,0.4,1.9333333333333333,31,158.0,0.0967741935483871,0.06451612903225806,5.096774193548387
2022,10,DEN,TEN,10,0.05350790762478089,-1.2229045971924017,2.0848049719717907,0.32861241670170555,-2.03129706434701,-1.5515170138941072,25,65.0,0.12,0.44,2.6,49,257.0,0.14285714285714285,0.16326530612244897,5.244897959183674
2022,10,IND,LV,25,0.20074102560784546,-0.4637457317111397,-0.24106297978280178,-0.07268080194936521,0.44180400539064724,-0.3910649297617745,30,207.0,0.1,0.16666666666666666,6.9,32,247.0,0.15625,0.03125,7.71875
2022,10,DAL,GB,28,-0.23994023024135525,-0.17817022463101917,-1.0385676577709135,0.8463662326240963,0.7986274275295583,-1.0245364572551154,31,159.0,0.1935483870967742,0.03225806451612903,5.129032258064516,48,262.0,0.125,0.08333333333333333,5.458333333333333
2022,10,ARI,LA,27,0.08234868385284955,0.464285084822043,0.08879834300811462,-0.7170420857963925,-0.006449659155265075,1.1813271706184354,26,78.0,0.0,0.11538461538461539,3.0,40,222.0,0.05,0.05,5.55
2022,10,LAC,SF,16,-0.747435672408291,-0.3904456179600085,1.0689635038826355,0.01579167679118913,-1.8163991762909264,-0.40623729475119763,16,51.0,0.125,0.1875,3.1875,43,205.0,0.09302325581395349,0.09302325581395349,4.767441860465116
2022,10,WAS,PHI,32,0.17510741924719025,-0.7206739023145268,-0.7146579987734276,0.850891411706002,0.8897654180206178,-1.5715653140205288,49,152.0,0.02040816326530612,0.10204081632653061,3.1020408163265305,31,183.0,0.16129032258064516,0.12903225806451613,5.903225806451613
2022,11,TEN,GB,27,0.1168653498166222,-1.4252186093799806,-1.0385676577709135,0.8463662326240963,1.1554330075875356,-2.271584842004077,32,88.0,0.0,0.15625,2.75,32,320.0,0.21875,0.125,10.0
2022,11,CHI,ATL,24,0.6915167414915888,-0.45396056927092915,-1.2895080392602694,-1.6001061094149172,1.9810247807518582,1.146145540143988,41,160.0,0.04878048780487805,0.12195121951219512,3.902439024390244,31,166.0,0.0967741935483871,0.12903225806451613,5.354838709677419
2022,11,CAR,BAL,3,0.7880879246295149,0.8082939813334681,0.17521910832686233,-0.8091091933930938,0.6128688163026526,1.617403174726562,17,36.0,0.058823529411764705,0.29411764705882354,2.1176470588235294,39,181.0,0.10256410256410256,0.1282051282051282,4.641025641025641
2022,11,CLE,BUF,23,-0.7566905236339021,-0.34615678335361216,1.1451627631683094,0.2645454543342098,-1.9018532868022116,-0.610702237687822,26,80.0,0.11538461538461539,0.4230769230769231,3.076923076923077,45,346.0,0.2,0.044444444444444446,7.688888888888889
2022,11,WAS,HOU,23,0.17510741924719025,-0.7206739023145268,-0.42485892689125326,-0.45524221903792794,0.5999663461384435,-0.26543168327659883,40,153.0,0.125,0.225,3.825,28,195.0,0.25,0.0,6.964285714285714
2022,11,PHI,IND,17,0.6714257558032133,0.8072309486906271,0.9213736291367455,0.0966366791632454,-0.2499478733335322,0.7105942695273817,33,141.0,0.12121212121212122,0.21212121212121213,4.2727272727272725,30,202.0,0.13333333333333333,0.13333333333333333,6.733333333333333
2022,11,NYJ,NE,3,-0.9561200798144436,-0.7784015949699472,-0.2603140535564843,0.6759487832640616,-0.6958060262579593,-1.4543503782340088,23,59.0,0.043478260869565216,0.30434782608695654,2.5652173913043477,29,70.0,0.034482758620689655,0.1724137931034483,2.413793103448276
2022,11,DET,NYG,31,0.328371958713235,0.014661231242537737,-1.6949784594262278,0.9297685802413257,2.023350418139463,-0.915107348998788,37,160.0,0.13513513513513514,0.16216216216216217,4.324324324324325,26,165.0,0.19230769230769232,0.07692307692307693,6.346153846153846
2022,11,LV,DEN,22,0.2200107499893025,0.033167916018868406,0.13299254331703764,-0.5065123869088238,0.08701820667226487,0.5396803029276922,24,109.0,0.125,0.20833333333333334,4.541666666666667,38,298.0,0.23684210526315788,0.10526315789473684,7.842105263157895
2022,11,DAL,MIN,40,-0.23994023024135525,-0.17817022463101917,-0.03197495357972001,-0.7881190134868042,-0.20796527666163522,0.6099487888557851,40,151.0,0.1,0.15,3.775,32,312.0,0.15625,0.125,9.75
2022,11,CIN,PIT,37,0.49376812214360655,1.1588789904283823,0.34289889637432225,-1.1382337912715432,0.1508692257692843,2.2971127816999255,24,62.0,0.0,0.25,2.5833333333333335,42,348.0,0.2619047619047619,0.047619047619047616,8.285714285714286
2022,11,KC,LAC,30,0.7023531774080051,-0.018247185643543842,-1.3418540698468266,-0.5101748252163102,2.044207247254832,0.49192763957276636,27,163.0,0.1111111111111111,0.14814814814814814,6.037037037037037,38,346.0,0.2631578947368421,0.05263157894736842,9.105263157894736
2022,11,SF,ARI,38,-0.1512011601313647,1.1119146552760342,0.41877686064413033,0.666431125845554,-0.569978020775495,0.4454835294304802,28,159.0,0.10714285714285714,0.21428571428571427,5.678571428571429,29,228.0,0.10344827586206896,0.0,7.862068965517241
2022,12,BUF,DET,28,0.6729825196687502,0.41282196511903263,-0.6775982522449681,0.8920291942861697,1.3505807719137182,-0.47920722916713704,29,164.0,0.10344827586206896,0.034482758620689655,5.655172413793103,50,283.0,0.16,0.08,5.66
2022,12,NYG,DAL,20,0.27216121721100434,-0.847810844316566,-0.12632239231397757,0.6760498619259532,0.3984836095249819,-1.5238607062425191,21,90.0,0.14285714285714285,0.14285714285714285,4.285714285714286,36,218.0,0.1388888888888889,0.08333333333333333,6.055555555555555
2022,12,NE,MIN,26,-0.03518900643483225,0.7513923970351314,-0.03197495357972001,-0.7881190134868042,-0.00321405285511224,1.5395114105219356,13,45.0,0.07692307692307693,0.15384615384615385,3.4615384615384617,41,364.0,0.21951219512195122,0.0975609756097561,8.878048780487806
2022,12,DEN,CAR,10,0.05350790762478089,-1.2229045971924017,0.07000711239268648,-0.13530047205837553,-0.01649920476790559,-1.0876041251340263,19,121.0,0.15789473684210525,0.15789473684210525,6.368421052631579,40,133.0,0.075,0.1,3.325
2022,12,TB,CLE,17,-0.7060020118106272,1.5861222196554996,-0.7809640144820956,-0.6838726483016284,0.07496200267146846,2.269994867957128,20,96.0,0.15,0.15,4.8,46,229.0,0.08695652173913043,0.06521739130434782,4.978260869565218
2022,12,BAL,JAX,27,0.22175278403647453,0.5638346121335577,0.45404593853045905,1.2148742894915692,-0.23229315449398452,-0.6510396773580115,35,162.0,0.14285714285714285,0.22857142857142856,4.628571428571429,38,296.0,0.13157894736842105,0.02631578947368421,7.7894736842105265
2022,12,HOU,MIA,15,-1.1468573244097897,-0.5447609632143372,1.0250959540531865,0.14680097547520296,-2.1719532784629765,-0.6915619386895402,15,36.0,0.0,0.13333333333333333,2.4,47,183.0,0.06382978723404255,0.19148936170212766,3.893617021276596
2022,12,CHI,NYJ,10,0.6915167414915888,-0.45396056927092915,0.6378792381741757,0.8754832070188227,0.05363750331741313,-1.3294437762897517,29,127.0,0.13793103448275862,0.1724137931034483,4.379310344827586,28,171.0,0.14285714285714285,0.07142857142857142,6.107142857142857
2022,12,CIN,TEN,20,0.49376812214360655,1.1588789904283823,2.0848049719717907,0.32861241670170555,-1.5910368498281842,0.8302665737266768,28,108.0,0.10714285714285714,0.2857142857142857,3.857142857142857,42,302.0,0.19047619047619047,0.07142857142857142,7.190476190476191
2022,12,ATL,WAS,13,0.7939899366085648,0.9335105475253743,0.5000288658201812,0.16883755023494196,0.2939610707883835,0.7646729972904324,29,167.0,0.2413793103448276,0.20689655172413793,5.758620689655173,26,165.0,0.19230769230769232,0.07692307692307693,6.346153846153846
2022,12,LAC,ARI,25,-0.747435672408291,-0.3904456179600085,0.41877686064413033,0.666431125845554,-1.1662125330524213,-1.0568767438055624,13,65.0,0.15384615384615385,0.3076923076923077,5.0,54,286.0,0.07407407407407407,0.14814814814814814,5.296296296296297
2022,12,LV,SEA,40,0.2200107499893025,0.033167916018868406,-0.7331677120317224,-0.40521743097738255,0.9531784620210249,0.438385346996251,40,283.0,0.15,0.175,7.075,39,303.0,0.15384615384615385,0.02564102564102564,7.769230769230769
2022,12,NO,SF,0,0.32366847668337684,0.8602323844244685,1.0689635038826355,0.01579167679118913,-0.7452950271992587,0.8444407076332794,22,63.0,0.045454545454545456,0.22727272727272727,2.8636363636363638,35,218.0,0.14285714285714285,0.02857142857142857,6.228571428571429
2022,12,GB,PHI,33,0.7214373340251181,0.26790617417107554,-0.7146579987734276,0.850891411706002,1.4360953327985457,-0.5829852375349265,21,106.0,0.19047619047619047,0.14285714285714285,5.0476190476190474,28,236.0,0.25,0.14285714285714285,8.428571428571429
2022,12,PIT,IND,24,0.2298117943376292,0.3066931329030185,0.9213736291367455,0.0966366791632454,-0.6915618347991163,0.21005645373977305,36,172.0,0.08333333333333333,0.16666666666666666,4.777777777777778,35,175.0,0.05714285714285714,0.14285714285714285,5.0
2022,13,BUF,NE,24,0.6729825196687502,0.41282196511903263,-0.2603140535564843,0.6759487832640616,0.9332965732252345,-0.263126818145029,37,132.0,0.05405405405405406,0.21621621621621623,3.5675675675675675,37,237.0,0.13513513513513514,0.08108108108108109,6.405405405405405
2022,13,PIT,ATL,19,0.2298117943376292,0.3066931329030185,-1.2895080392602694,-1.6001061094149172,1.5193198335978986,1.9067992423179356,37,154.0,0.08108108108108109,0.16216216216216217,4.162162162162162,31,216.0,0.0967741935483871,0.0,6.967741935483871
2022,13,DEN,BAL,9,0.05350790762478089,-1.2229045971924017,0.17521910832686233,-0.8091091933930938,-0.12171120070208144,-0.4137954037993079,28,88.0,0.07142857142857142,0.2857142857142857,3.142857142857143,26,205.0,0.19230769230769232,0.07692307692307693,7.884615384615385
2022,13,GB,CHI,28,0.7214373340251181,0.26790617417107554,-0.5543285871482293,-0.7525472810493269,1.2757659211733474,1.0204534552204025,32,175.0,0.125,0.21875,5.46875,33,190.0,0.12121212121212122,0.0,5.757575757575758
2022,13,JAX,DET,14,0.07765890727174589,0.41543415068143325,-0.6775982522449681,0.8920291942861697,0.7552571595167139,-0.4765950436047364,19,95.0,0.15789473684210525,0.05263157894736842,5.0,40,195.0,0.1,0.075,4.875
2022,13,CLE,HOU,27,-0.7566905236339021,-0.34615678335361216,-0.42485892689125326,-0.45524221903792794,-0.33183159674264884,0.10908543568431578,38,174.0,0.13157894736842105,0.23684210526315788,4.578947368421052,24,141.0,0.041666666666666664,0.041666666666666664,5.875
2022,13,NYJ,MIN,22,-0.9561200798144436,-0.7784015949699472,-0.03197495357972001,-0.7881190134868042,-0.9241451262347236,0.009717418516857035,24,120.0,0.08333333333333333,0.20833333333333334,5.0,60,370.0,0.15,0.016666666666666666,6.166666666666667
2022,13,WAS,NYG,20,0.17510741924719025,-0.7206739023145268,-1.6949784594262278,0.9297685802413257,1.870085878673418,-1.6504424825558526,36,165.0,0.1111111111111111,0.1388888888888889,4.583333333333333,47,253.0,0.14893617021276595,0.14893617021276595,5.382978723404255
2022,13,TEN,PHI,10,0.1168653498166222,-1.4252186093799806,-0.7146579987734276,0.850891411706002,0.8315233485900498,-2.276110021085983,21,87.0,0.047619047619047616,0.047619047619047616,4.142857142857143,35,156.0,0.05714285714285714,0.17142857142857143,4.457142857142857
2022,13,SEA,LA,27,-0.9323787448583898,-0.011817645633126816,0.08879834300811462,-0.7170420857963925,-1.0211770878665045,0.7052244401632657,22,90.0,0.045454545454545456,0.3181818181818182,4.090909090909091,44,352.0,0.18181818181818182,0.09090909090909091,8.0
2022,13,MIA,SF,17,-0.7242361332588634,-1.3404306625487485,1.0689635038826355,0.01579167679118913,-1.7931996371414989,-1.3562223393399377,8,33.0,0.0,0.125,4.125,37,275.0,0.21621621621621623,0.08108108108108109,7.4324324324324325
2022,13,KC,CIN,24,0.7023531774080051,-0.018247185643543842,0.4120055277675736,0.5865143331979547,0.29034764964043147,-0.6047615188414985,25,138.0,0.16,0.12,5.52,31,220.0,0.25806451612903225,0.0967741935483871,7.096774193548387
2022,13,LAC,LV,20,-0.747435672408291,-0.3904456179600085,-0.24106297978280178,-0.07268080194936521,-0.5063726926254892,-0.31776481601064327,22,72.0,0.0,0.09090909090909091,3.272727272727273,54,318.0,0.18518518518518517,0.1111111111111111,5.888888888888889
2022,13,IND,DAL,19,0.20074102560784546,-0.4637457317111397,-0.12632239231397757,0.6760498619259532,0.32706341792182303,-1.139795593637093,30,106.0,0.06666666666666667,0.2,3.533333333333333,41,203.0,0.0975609756097561,0.12195121951219512,4.951219512195122
2022,13,NO,TB,16,0.32366847668337684,0.8602323844244685,0.23439702972008314,0.06434935282629729,0.0892714469632937,0.7958830315981712,25,66.0,0.0,0.16,2.64,32,233.0,0.1875,0.09375,7.28125
2022,14,LV,LA,16,0.2200107499893025,0.033167916018868406,0.08879834300811462,-0.7170420857963925,0.13121240698118788,0.7502100018152609,38,165.0,0.10526315789473684,0.10526315789473684,4.342105263157895,23,145.0,0.13043478260869565,0.0,6.304347826086956
2022,14,NYJ,BUF,12,-0.9561200798144436,-0.7784015949699472,1.1451627631683094,0.2645454543342098,-2.1012828429827533,-1.042947049304157,22,76.0,0.18181818181818182,0.36363636363636365,3.4545454545454546,51,233.0,0.09803921568627451,0.09803921568627451,4.568627450980392
2022,14,CLE,CIN,10,-0.7566905236339021,-0.34615678335361216,0.4120055277675736,0.5865143331979547,-1.1686960514014757,-0.9326711165515669,25,71.0,0.04,0.32,2.84,47,292.0,0.1276595744680851,0.0425531914893617,6.212765957446808
2022,14,HOU,DAL,23,-1.1468573244097897,-0.5447609632143372,-0.12632239231397757,0.6760498619259532,-1.0205349320958121,-1.2208108251402905,37,114.0,0.05405405405405406,0.21621621621621623,3.081081081081081,28,225.0,0.17857142857142858,0.03571428571428571,8.035714285714286
2022,14,MIN,DET,23,-1.4415168991685754,-0.7386865102329673,-0.6775982522449681,0.8920291942861697,-0.7639186469236073,-1.630715704519137,17,22.0,0.0,0.4117647058823529,1.2941176470588236,46,394.0,0.21739130434782608,0.08695652173913043,8.565217391304348
2022,14,PHI,NYG,48,0.6714257558032133,0.8072309486906271,-1.6949784594262278,0.9297685802413257,2.366404215229441,-0.12253763155069863,31,253.0,0.3548387096774194,0.16129032258064516,8.161290322580646,36,192.0,0.1111111111111111,0.16666666666666666,5.333333333333333
2022,14,BAL,PIT,16,0.22175278403647453,0.5638346121335577,0.34289889637432225,-1.1382337912715432,-0.12114611233784772,1.702068403405101,42,215.0,0.11904761904761904,0.19047619047619047,5.119047619047619,23,119.0,0.08695652173913043,0.13043478260869565,5.173913043478261
2022,14,JAX,TEN,36,0.07765890727174589,0.41543415068143325,2.0848049719717907,0.32861241670170555,-2.007146064700045,0.0868217339797277,25,60.0,0.04,0.36,2.4,44,375.0,0.20454545454545456,0.0,8.522727272727273
2022,14,KC,DEN,34,0.7023531774080051,-0.018247185643543842,0.13299254331703764,-0.5065123869088238,0.5693606340909674,0.48826520126528,23,89.0,0.08695652173913043,0.2608695652173913,3.869565217391304,44,342.0,0.20454545454545456,0.11363636363636363,7.7727272727272725
2022,14,CAR,SEA,30,0.7880879246295149,0.8082939813334681,-0.7331677120317224,-0.40521743097738255,1.5212556366612373,1.2135114123108506,46,223.0,0.13043478260869565,0.08695652173913043,4.8478260869565215,28,134.0,0.10714285714285714,0.07142857142857142,4.785714285714286
2022,14,TB,SF,7,-0.7060020118106272,1.5861222196554996,1.0689635038826355,0.01579167679118913,-1.7749655156932627,1.5703305428643104,19,69.0,0.0,0.21052631578947367,3.6315789473684212,56,254.0,0.05357142857142857,0.0,4.535714285714286
2022,14,MIA,LAC,17,-0.7242361332588634,-1.3404306625487485,-1.3418540698468266,-0.5101748252163102,0.6176179365879633,-0.8302558373324384,19,92.0,0.15789473684210525,0.21052631578947367,4.842105263157895,33,155.0,0.06060606060606061,0.09090909090909091,4.696969696969697
2022,14,NE,ARI,27,-0.03518900643483225,0.7513923970351314,0.41877686064413033,0.666431125845554,-0.4539658670789626,0.08496127118957741,21,103.0,0.14285714285714285,0.47619047619047616,4.904761904761905,37,227.0,0.13513513513513514,0.05405405405405406,6.135135135135135
2022,15,SF,SEA,21,-0.1512011601313647,1.1119146552760342,-0.7331677120317224,-0.40521743097738255,0.5819665519003576,1.5171320862534168,34,170.0,0.08823529411764706,0.17647058823529413,5.0,28,212.0,0.17857142857142858,0.07142857142857142,7.571428571428571
2022,15,IND,MIN,36,0.20074102560784546,-0.4637457317111397,-0.03197495357972001,-0.7881190134868042,0.23271597918756548,0.32437328177566455,43,171.0,0.11627906976744186,0.11627906976744186,3.9767441860465116,37,171.0,0.08108108108108109,0.16216216216216217,4.621621621621622
2022,15,BAL,CLE,3,0.22175278403647453,0.5638346121335577,-0.7809640144820956,-0.6838726483016284,1.00271679851857,1.247707260435186,28,198.0,0.21428571428571427,0.14285714285714285,7.071428571428571,35,138.0,0.08571428571428572,0.11428571428571428,3.942857142857143
2022,15,MIA,BUF,29,-0.7242361332588634,-1.3404306625487485,1.1451627631683094,0.2645454543342098,-1.8693988964271728,-1.6049761168829584,25,188.0,0.2,0.12,7.52,34,224.0,0.17647058823529413,0.11764705882352941,6.588235294117647
2022,15,PIT,CAR,24,0.2298117943376292,0.3066931329030185,0.07000711239268648,-0.13530047205837553,0.1598046819449427,0.441993604961394,45,156.0,0.044444444444444446,0.15555555555555556,3.466666666666667,23,169.0,0.17391304347826086,0.08695652173913043,7.3478260869565215
2022,15,PHI,CHI,25,0.6714257558032133,0.8072309486906271,-0.5543285871482293,-0.7525472810493269,1.2257543429514426,1.5597782297399538,34,114.0,0.058823529411764705,0.17647058823529413,3.3529411764705883,42,326.0,0.16666666666666666,0.047619047619047616,7.761904761904762
2022,15,KC,HOU,30,0.7023531774080051,-0.018247185643543842,-0.42485892689125326,-0.45524221903792794,1.1272121042992582,0.4369950333943841,33,189.0,0.18181818181818182,0.12121212121212122,5.7272727272727275,47,346.0,0.1276595744680851,0.0851063829787234,7.361702127659575
2022,15,DAL,JAX,34,-0.23994023024135525,-0.17817022463101917,0.45404593853045905,1.2148742894915692,-0.6939861687718143,-1.3930445141225882,41,154.0,0.0975609756097561,0.21951219512195122,3.7560975609756095,34,244.0,0.17647058823529413,0.08823529411764706,7.176470588235294
2022,15,ATL,NO,18,0.7939899366085648,0.9335105475253743,0.1773846266857621,-1.4420171739446161,0.6166053099228026,2.3755277214699904,40,233.0,0.125,0.1,5.825,35,125.0,0.0,0.17142857142857143,3.5714285714285716
2022,15,DET,NYJ,20,0.328371958713235,0.014661231242537737,0.6378792381741757,0.8754832070188227,-0.3095072794609407,-0.8608219757762849,28,107.0,0.07142857142857142,0.17857142857142858,3.8214285714285716,38,252.0,0.10526315789473684,0.02631578947368421,6.631578947368421
2022,15,ARI,DEN,15,0.08234868385284955,0.464285084822043,0.13299254331703764,-0.5065123869088238,-0.05064385946418809,0.9707974717308668,20,73.0,0.05,0.1,3.65,41,168.0,0.0975609756097561,0.07317073170731707,4.097560975609756
2022,15,NE,LV,24,-0.03518900643483225,0.7513923970351314,-0.24106297978280178,-0.07268080194936521,0.20587397334796953,0.8240731989844966,32,206.0,0.1875,0.09375,6.4375,34,125.0,0.058823529411764705,0.058823529411764705,3.676470588235294
2022,15,TEN,LAC,14,0.1168653498166222,-1.4252186093799806,-1.3418540698468266,-0.5101748252163102,1.4587194196634488,-0.9150437841636704,27,127.0,0.14814814814814814,0.14814814814814814,4.703703703703703,32,166.0,0.1875,0.15625,5.1875
2022,15,CIN,TB,34,0.49376812214360655,1.1588789904283823,0.23439702972008314,0.06434935282629729,0.2593710924235234,1.094529637602085,21,53.0,0.047619047619047616,0.2857142857142857,2.5238095238095237,43,196.0,0.046511627906976744,0.06976744186046512,4.558139534883721
2022,15,NYG,WAS,20,0.27216121721100434,-0.847810844316566,0.5000288658201812,0.16883755023494196,-0.2278676486091769,-1.016648394551508,30,128.0,0.13333333333333333,0.13333333333333333,4.266666666666667,34,179.0,0.08823529411764706,0.029411764705882353,5.264705882352941
2022,16,JAX,NYJ,19,0.07765890727174589,0.41543415068143325,0.6378792381741757,0.8754832070188227,-0.5602203309024298,-0.4600490563373894,39,147.0,0.07692307692307693,0.23076923076923078,3.769230769230769,36,261.0,0.1388888888888889,0.05555555555555555,7.25
2022,16,ATL,BAL,9,0.7939899366085648,0.9335105475253743,0.17521910832686233,-0.8091091933930938,0.6187708282817024,1.7426197409184683,33,115.0,0.06060606060606061,0.21212121212121213,3.484848484848485,37,218.0,0.13513513513513514,0.13513513513513514,5.891891891891892
2022,16,DET,CAR,23,0.328371958713235,0.014661231242537737,0.07000711239268648,-0.13530047205837553,0.2583648463205485,0.14996170330091327,18,45.0,0.05555555555555555,0.2777777777777778,2.5,46,351.0,0.15217391304347827,0.06521739130434782,7.630434782608695
2022,16,BUF,CHI,35,0.6729825196687502,0.41282196511903263,-0.5543285871482293,-0.7525472810493269,1.2273111068169795,1.1653692461683596,31,254.0,0.2903225806451613,0.06451612903225806,8.193548387096774,32,214.0,0.125,0.03125,6.6875
2022,16,NO,CLE,17,0.32366847668337684,0.8602323844244685,-0.7809640144820956,-0.6838726483016284,1.1046324911654724,1.544105032726097,39,152.0,0.10256410256410256,0.10256410256410256,3.8974358974358974,15,92.0,0.13333333333333333,0.0,6.133333333333334
2022,16,SEA,KC,10,-0.9323787448583898,-0.011817645633126816,0.02032318413484205,0.7162443076782016,-0.9527019289932318,-0.7280619533113284,31,133.0,0.0967741935483871,0.1935483870967742,4.290322580645161,44,214.0,0.09090909090909091,0.13636363636363635,4.863636363636363
2022,16,NYG,MIN,24,0.27216121721100434,-0.847810844316566,-0.03197495357972001,-0.7881190134868042,0.30413617079072436,-0.059691830829761705,21,126.0,0.14285714285714285,0.09523809523809523,6.0,50,355.0,0.16,0.06,7.1
2022,16,CIN,NE,22,0.49376812214360655,1.1588789904283823,-0.2603140535564843,0.6759487832640616,0.7540821757000908,0.48293020716432067,25,73.0,0.04,0.2,2.92,55,374.0,0.14545454545454545,0.09090909090909091,6.8
2022,16,HOU,TEN,19,-1.1468573244097897,-0.5447609632143372,2.0848049719717907,0.32861241670170555,-3.2316622963815806,-0.8733733799160428,30,70.0,0.0,0.23333333333333334,2.3333333333333335,36,224.0,0.16666666666666666,0.05555555555555555,6.222222222222222
2022,16,WAS,SF,20,0.17510741924719025,-0.7206739023145268,1.0689635038826355,0.01579167679118913,-0.8938560846354453,-0.7364655791057159,33,79.0,0.030303030303030304,0.3333333333333333,2.393939393939394,37,270.0,0.16216216216216217,0.05405405405405406,7.297297297297297
2022,16,PHI,DAL,34,0.6714257558032133,0.8072309486906271,-0.12632239231397757,0.6760498619259532,0.7977481481171909,0.13118108676467388,29,87.0,0.06896551724137931,0.27586206896551724,3.0,41,359.0,0.2682926829268293,0.024390243902439025,8.75609756097561
2022,16,LV,PIT,10,0.2200107499893025,0.033167916018868406,0.34289889637432225,-1.1382337912715432,-0.12288814638501974,1.1714017072904117,19,58.0,0.10526315789473684,0.2631578947368421,3.0526315789473686,35,156.0,0.05714285714285714,0.08571428571428572,4.457142857142857
2022,16,GB,MIA,26,0.7214373340251181,0.26790617417107554,1.0250959540531865,0.14680097547520296,-0.3036586200280684,0.12110519869587258,25,79.0,0.12,0.32,3.16,42,241.0,0.11904761904761904,0.09523809523809523,5.738095238095238
2022,16,DEN,LA,14,0.05350790762478089,-1.2229045971924017,0.08879834300811462,-0.7170420857963925,-0.035290435383333735,-0.5058625113960092,21,106.0,0.14285714285714285,0.14285714285714285,5.0476190476190474,42,234.0,0.16666666666666666,0.14285714285714285,5.571428571428571
2022,16,TB,ARI,19,-0.7060020118106272,1.5861222196554996,0.41877686064413033,0.666431125845554,-1.1247788724547574,0.9196910938099456,30,115.0,0.1,0.26666666666666666,3.8333333333333335,48,281.0,0.0625,0.020833333333333332,5.854166666666667
2022,16,LAC,IND,20,-0.747435672408291,-0.3904456179600085,0.9213736291367455,0.0966366791632454,-1.6688093015450365,-0.4870822971232539,32,101.0,0.0625,0.25,3.15625,36,215.0,0.16666666666666666,0.1111111111111111,5.972222222222222
2022,17,DAL,TEN,27,-0.23994023024135525,-0.17817022463101917,2.0848049719717907,0.32861241670170555,-2.324745202213146,-0.5067826413327248,32,87.0,0.03125,0.3125,2.71875,44,285.0,0.09090909090909091,0.045454545454545456,6.4772727272727275
2022,17,ARI,ATL,19,0.08234868385284955,0.464285084822043,-1.2895080392602694,-1.6001061094149172,1.371856723113119,2.0643911942369604,27,126.0,0.07407407407407407,0.037037037037037035,4.666666666666667,44,220.0,0.09090909090909091,0.06818181818181818,5.0
2022,17,CHI,DET,10,0.6915167414915888,-0.45396056927092915,-0.6775982522449681,0.8920291942861697,1.3691149937365568,-1.3459897635570988,22,200.0,0.18181818181818182,0.09090909090909091,9.090909090909092,32,106.0,0.03125,0.21875,3.3125
2022,17,JAX,HOU,31,0.07765890727174589,0.41543415068143325,-0.42485892689125326,-0.45524221903792794,0.5025178341629991,0.8706763697193611,29,169.0,0.13793103448275862,0.3448275862068966,5.827586206896552,31,168.0,0.12903225806451613,0.16129032258064516,5.419354838709677
2022,17,DEN,KC,24,0.05350790762478089,-1.2229045971924017,0.02032318413484205,0.7162443076782016,0.03318472348993884,-1.9391489048706032,24,117.0,0.16666666666666666,0.08333333333333333,4.875,43,194.0,0.11627906976744186,0.16279069767441862,4.511627906976744
2022,17,MIA,NE,21,-0.7242361332588634,-1.3404306625487485,-0.2603140535564843,0.6759487832640616,-0.4639220797023791,-2.0163794458128104,27,86.0,0.037037037037037035,0.07407407407407407,3.185185185185185,44,257.0,0.18181818181818182,0.06818181818181818,5.840909090909091
2022,17,IND,NYG,10,0.20074102560784546,-0.4637457317111397,-1.6949784594262278,0.9297685802413257,1.8957194850340733,-1.3935143119524653,27,128.0,0.1111111111111111,0.037037037037037035,4.7407407407407405,30,132.0,0.06666666666666667,0.1,4.4
2022,17,NO,PHI,20,0.32366847668337684,0.8602323844244685,-0.7146579987734276,0.850891411706002,1.0383264754568045,0.009340972718466456,35,129.0,0.05714285714285714,0.22857142857142856,3.6857142857142855,31,184.0,0.16129032258064516,0.25806451612903225,5.935483870967742
2022,17,CAR,TB,24,0.7880879246295149,0.8082939813334681,0.23439702972008314,0.06434935282629729,0.5536908949094318,0.7439446285071708,22,74.0,0.045454545454545456,0.2727272727272727,3.3636363636363638,39,346.0,0.23076923076923078,0.10256410256410256,8.871794871794872
2022,17,CLE,WAS,24,-0.7566905236339021,-0.34615678335361216,0.5000288658201812,0.16883755023494196,-1.2567193894540833,-0.5149943335885541,30,146.0,0.1,0.2,4.866666666666666,25,163.0,0.16,0.24,6.52
2022,17,SF,LV,37,-0.1512011601313647,1.1119146552760342,-0.24106297978280178,-0.07268080194936521,0.08986181965143708,1.1845954572253994,27,170.0,0.18518518518518517,0.2222222222222222,6.296296296296297,35,284.0,0.2,0.02857142857142857,8.114285714285714
2022,17,NYJ,SEA,6,-0.9561200798144436,-0.7784015949699472,-0.7331677120317224,-0.40521743097738255,-0.2229523677827212,-0.37318416399256465,17,75.0,0.17647058823529413,0.35294117647058826,4.411764705882353,50,204.0,0.12,0.1,4.08
2022,17,MIN,GB,17,-1.4415168991685754,-0.7386865102329673,-1.0385676577709135,0.8463662326240963,-0.40294924139766186,-1.5850527428570635,20,102.0,0.15,0.3,5.1,39,281.0,0.15384615384615385,0.05128205128205128,7.205128205128205
2022,17,PIT,BAL,16,0.2298117943376292,0.3066931329030185,0.17521910832686233,-0.8091091933930938,0.05459268601076686,1.1158023262961123,41,198.0,0.07317073170731707,0.12195121951219512,4.829268292682927,29,153.0,0.13793103448275862,0.06896551724137931,5.275862068965517
2022,18,KC,LV,31,0.7023531774080051,-0.018247185643543842,-0.24106297978280178,-0.07268080194936521,0.9434161571908068,0.05443361630582137,28,168.0,0.21428571428571427,0.14285714285714285,6.0,31,210.0,0.0967741935483871,0.12903225806451613,6.774193548387097
2022,18,TEN,JAX,16,0.1168653498166222,-1.4252186093799806,0.45404593853045905,1.2148742894915692,-0.3371805887138368,-2.6400928988715497,39,147.0,0.10256410256410256,0.23076923076923078,3.769230769230769,35,181.0,0.05714285714285714,0.11428571428571428,5.171428571428572
2022,18,TB,ATL,17,-0.7060020118106272,1.5861222196554996,-1.2895080392602694,-1.6001061094149172,0.5835060274496422,3.186228329070417,20,86.0,0.1,0.05,4.3,34,136.0,0.029411764705882353,0.058823529411764705,4.0
2022,18,NE,BUF,23,-0.03518900643483225,0.7513923970351314,1.1451627631683094,0.2645454543342098,-1.1803517696031416,0.4868469427009216,23,107.0,0.21739130434782608,0.13043478260869565,4.6521739130434785,43,237.0,0.09302325581395349,0.023255813953488372,5.511627906976744
2022,18,MIN,CHI,29,-1.4415168991685754,-0.7386865102329673,-0.5543285871482293,-0.7525472810493269,-0.8871883120203461,0.013860770816359613,38,141.0,0.15789473684210525,0.15789473684210525,3.710526315789474,34,345.0,0.20588235294117646,0.058823529411764705,10.147058823529411
2022,18,BAL,CIN,16,0.22175278403647453,0.5638346121335577,0.4120055277675736,0.5865143331979547,-0.19025274373109907,-0.022679721064396974,27,110.0,0.1111111111111111,0.18518518518518517,4.074074074074074,46,276.0,0.10869565217391304,0.08695652173913043,6.0
2022,18,HOU,IND,32,-1.1468573244097897,-0.5447609632143372,0.9213736291367455,0.0966366791632454,-2.0682309535465353,-0.6413976423775826,23,59.0,0.043478260869565216,0.17391304347826086,2.5652173913043477,43,309.0,0.18604651162790697,0.06976744186046512,7.186046511627907
2022,18,NYJ,MIA,6,-0.9561200798144436,-0.7784015949699472,1.0250959540531865,0.14680097547520296,-1.9812160338676301,-0.9252025704451502,20,38.0,0.05,0.2,1.9,33,149.0,0.12121212121212122,0.06060606060606061,4.515151515151516
2022,18,CAR,NO,10,0.7880879246295149,0.8082939813334681,0.1773846266857621,-1.4420171739446161,0.6107032979437528,2.250311155278084,41,171.0,0.0975609756097561,0.17073170731707318,4.170731707317073,20,59.0,0.05,0.1,2.95
2022,18,CLE,PIT,14,-0.7566905236339021,-0.34615678335361216,0.34289889637432225,-1.1382337912715432,-1.0995894200082243,0.7920770079179311,22,134.0,0.22727272727272727,0.09090909090909091,6.090909090909091,40,215.0,0.15,0.2,5.375
2022,18,LAC,DEN,28,-0.747435672408291,-0.3904456179600085,0.13299254331703764,-0.5065123869088238,-0.8804282157253287,0.11606676894881535,22,59.0,0.045454545454545456,0.22727272727272727,2.6818181818181817,47,299.0,0.14893617021276595,0.0425531914893617,6.361702127659575
2022,18,NYG,PHI,16,0.27216121721100434,-0.847810844316566,-0.7146579987734276,0.850891411706002,0.986819215984432,-1.698702256022568,21,129.0,0.19047619047619047,0.14285714285714285,6.142857142857143,45,171.0,0.044444444444444446,0.06666666666666667,3.8
2022,18,ARI,SF,13,0.08234868385284955,0.464285084822043,1.0689635038826355,0.01579167679118913,-0.986614820029786,0.44849340803085386,20,61.0,0.0,0.2,3.05,31,203.0,0.16129032258064516,0.16129032258064516,6.548387096774194
2022,18,DAL,WAS,6,-0.23994023024135525,-0.17817022463101917,0.5000288658201812,0.16883755023494196,-0.7399690960615365,-0.3470077748659611,27,64.0,0.0,0.25925925925925924,2.3703703703703702,42,130.0,0.023809523809523808,0.023809523809523808,3.0952380952380953
2022,18,DET,GB,20,0.328371958713235,0.014661231242537737,-1.0385676577709135,0.8463662326240963,1.3669396164841485,-0.8317050013815586,25,104.0,0.16,0.2,4.16,36,225.0,0.08333333333333333,0.027777777777777776,6.25
2023,1,DET,KC,21,0.6641255115599745,-0.05704854052906392,-0.7488773376958111,0.9503626051062884,1.4130028492557856,-1.0074111456353523,34,118.0,0.058823529411764705,0.23529411764705882,3.4705882352941178,35,250.0,0.17142857142857143,0.02857142857142857,7.142857142857143
2023,1,CAR,ATL,10,-0.0642941240823986,-0.23603551423408967,1.1876015880421962,0.3598742582706589,-1.2518957121245948,-0.5959097725047485,32,154.0,0.1875,0.1875,4.8125,42,147.0,0.0,0.047619047619047616,3.5
2023,1,HOU,BAL,9,-0.8844871832830261,-0.2289500950935606,-0.24817345380798783,-0.47590970818683115,-0.6363137294750383,0.24695961309327055,23,72.0,0.043478260869565216,0.13043478260869565,3.130434782608696,52,216.0,0.057692307692307696,0.15384615384615385,4.153846153846154
2023,1,CIN,CLE,3,0.5967033055017595,-0.20304474243312387,0.8949505720872737,0.5770820063821195,-0.29824726658551415,-0.7801267488152434,20,75.0,0.1,0.2,3.75,34,67.0,0.0,0.08823529411764706,1.9705882352941178
2023,1,JAX,IND,31,-0.8986328931944014,0.5065935645301051,0.8015570179948168,-0.682344328756364,-1.7001899111892183,1.188937893286469,35,105.0,0.05714285714285714,0.2857142857142857,3.0,35,248.0,0.14285714285714285,0.08571428571428572,7.085714285714285
2023,1,TB,MIN,20,-0.16880654286706603,0.7470972800109946,-0.2790405967785615,0.02814239731624335,0.11023405391149549,0.7189548826947513,33,73.0,0.0,0.24242424242424243,2.212121212121212,38,177.0,0.05263157894736842,0.02631578947368421,4.657894736842105
2023,1,TEN,NO,15,0.03203023006098382,-1.026598963334874,-0.11773584256495809,-0.6719142782268893,0.1497660726259419,-0.3546846851079847,22,104.0,0.09090909090909091,0.09090909090909091,4.7272727272727275,40,186.0,0.125,0.075,4.65
2023,1,SF,PIT,30,1.1457351949977,0.45361782737273143,0.042702853465564045,0.32857391728463575,1.103032341532136,0.12504391008809568,34,188.0,0.14705882352941177,0.2647058823529412,5.529411764705882,34,224.0,0.20588235294117646,0.08823529411764706,6.588235294117647
2023,1,ARI,WAS,16,0.32594533718484064,0.02389460982564991,-0.7258532967677822,-0.8500751302320168,1.0517986339526229,0.8739697400576667,25,96.0,0.08,0.32,3.84,33,114.0,0.06060606060606061,0.21212121212121213,3.4545454545454546
2023,1,GB,CHI,38,0.5972260274936071,0.05007026383270021,0.7104208669437911,-0.13998727183108842,-0.11319483945018405,0.19005753566378863,32,92.0,0.03125,0.25,2.875,30,248.0,0.2,0.03333333333333333,8.266666666666667
2023,1,LV,DEN,17,-0.1924597408460147,1.391209707444671,-1.3712634483544255,-0.9957419436991287,1.1788037075084108,2.3869516511437996,29,61.0,0.0,0.3103448275862069,2.103448275862069,29,217.0,0.1724137931034483,0.0,7.482758620689655
2023,1,MIA,LAC,36,0.4667667706475805,1.1749442520333224,0.1058547141369668,-0.8098180977696844,0.3609120565106137,1.984762349803007,20,70.0,0.15,0.35,3.5,46,473.0,0.3695652173913043,0.021739130434782608,10.282608695652174
2023,1,PHI,NE,25,0.4099490326553549,-0.21691501645131753,1.2104927286666403,0.1687037733249579,-0.8005436960112854,-0.3856187897762754,25,97.0,0.08,0.12,3.88,38,164.0,0.07894736842105263,0.10526315789473684,4.315789473684211
2023,1,DAL,NYG,40,0.34409904637993427,0.6075071034920049,-1.1953601003884815,0.4385092548003248,1.5394591467684158,0.16899784869168005,30,122.0,0.1,0.13333333333333333,4.066666666666666,25,143.0,0.12,0.04,5.72
2023,1,BUF,NYJ,16,1.213384327271969,0.17370778014402857,0.5679672878591857,1.5863009600724396,0.6454170394127834,-1.412593179928411,22,97.0,0.13636363636363635,0.18181818181818182,4.409090909090909,49,251.0,0.12244897959183673,0.10204081632653061,5.122448979591836
2023,2,MIN,PHI,28,-0.33178600822619253,-1.658296947880582,0.008475903029680099,0.41721206982331854,-0.34026191125587263,-2.0755090177039004,9,28.0,0.0,0.2222222222222222,3.111111111111111,46,346.0,0.1956521739130435,0.10869565217391304,7.521739130434782
2023,2,GB,ATL,24,0.5972260274936071,0.05007026383270021,1.1876015880421962,0.3598742582706589,-0.5903755605485891,-0.3098039944379587,21,84.0,0.047619047619047616,0.19047619047619047,4.0,27,164.0,0.14814814814814814,0.037037037037037035,6.074074074074074
2023,2,LV,BUF,10,-0.1924597408460147,1.391209707444671,-0.02137145018214534,0.4134493620229159,-0.17108829066386935,0.9777603454217552,15,55.0,0.06666666666666667,0.4666666666666667,3.6666666666666665,25,186.0,0.24,0.0,7.44
2023,2,BAL,CIN,27,0.996040536131218,1.2750624386672147,-1.1714665379225777,0.3480367857389785,2.1675070740537956,0.9270256529282361,37,178.0,0.13513513513513514,0.10810810810810811,4.8108108108108105,40,274.0,0.125,0.05,6.85
2023,2,SEA,DET,37,-0.9349082798739412,-0.9836665718060426,0.9001042685297271,1.8649433771470247,-1.8350125484036683,-2.8486099489530674,25,82.0,0.12,0.28,3.28,44,331.0,0.22727272727272727,0.045454545454545456,7.5227272727272725
2023,2,IND,HOU,31,-0.10969495907463964,0.4780820892089394,1.5154998765597503,0.7750843311687893,-1.62519483563439,-0.29700224195984987,23,126.0,0.17391304347826086,0.043478260869565216,5.478260869565218,35,230.0,0.08571428571428572,0.0,6.571428571428571
2023,2,KC,JAX,17,-0.039783787602350504,-1.0862670723931147,-0.11978728871192726,0.5581438276248282,0.08000350110957676,-1.644410900017943,22,101.0,0.22727272727272727,0.3181818181818182,4.590909090909091,45,333.0,0.13333333333333333,0.08888888888888889,7.4
2023,2,CHI,TB,17,0.866342940487402,-0.6798594476942915,0.4270184214846672,-0.38063732000561634,0.43932451900273484,-0.2992221276886752,16,67.0,0.0625,0.25,4.1875,36,170.0,0.1388888888888889,0.16666666666666666,4.722222222222222
2023,2,LAC,TEN,24,-0.1171153506195736,0.34362462559627877,0.28331409625098897,-0.7846392135736472,-0.4004294468705626,1.128263839169926,21,61.0,0.09523809523809523,0.19047619047619047,2.9047619047619047,45,283.0,0.1111111111111111,0.08888888888888889,6.288888888888889
2023,2,NYG,ARI,31,-0.3696971946699603,-0.6113059907199383,-1.353134463783926,-1.4305030541442514,0.9834372691139657,0.8191970634243131,27,127.0,0.18518518518518517,0.1111111111111111,4.703703703703703,45,352.0,0.13333333333333333,0.13333333333333333,7.822222222222222
2023,2,SF,LA,30,1.1457351949977,0.45361782737273143,-0.07202738492728988,-0.665795231789479,1.2177625799249898,1.1194130591622105,28,159.0,0.14285714285714285,0.03571428571428571,5.678571428571429,26,206.0,0.19230769230769232,0.038461538461538464,7.923076923076923
2023,2,NYJ,DAL,10,-1.2902466642912715,-1.0266656639178466,0.12043094739826213,-0.23151944822367576,-1.4106776116895337,-0.7951462156941709,16,64.0,0.125,0.3125,4.0,33,187.0,0.09090909090909091,0.09090909090909091,5.666666666666667
2023,2,WAS,DEN,35,0.5110980521714303,0.010287631896513029,-1.3712634483544255,-0.9957419436991287,1.8823615005258558,1.0060295755956417,24,124.0,0.25,0.125,5.166666666666667,45,279.0,0.15555555555555556,0.1111111111111111,6.2
2023,2,MIA,NE,24,0.4667667706475805,1.1749442520333224,1.2104927286666403,0.1687037733249579,-0.7437259580190598,1.0062404787083645,30,145.0,0.13333333333333333,0.23333333333333334,4.833333333333333,32,248.0,0.21875,0.03125,7.75
2023,2,NO,CAR,20,-0.4171022515656428,1.1804607194935952,0.1365621620393149,-0.9328757491827148,-0.5536644136049577,2.11333646867631,33,134.0,0.09090909090909091,0.21212121212121213,4.0606060606060606,41,207.0,0.0975609756097561,0.12195121951219512,5.048780487804878
2023,2,CLE,PIT,22,-0.906187696307213,-0.25557061331908915,0.042702853465564045,0.32857391728463575,-0.948890549772777,-0.584144530603725,37,202.0,0.08108108108108109,0.21621621621621623,5.45945945945946,49,232.0,0.10204081632653061,0.12244897959183673,4.73469387755102
2023,3,NYG,SF,12,-0.3696971946699603,-0.6113059907199383,0.031839156221815476,-0.15590440756997104,-0.4015363508917758,-0.45540158314996726,11,29.0,0.0,0.09090909090909091,2.6363636363636362,37,123.0,0.05405405405405406,0.08108108108108109,3.324324324324324
2023,3,IND,BAL,22,-0.10969495907463964,0.4780820892089394,-0.24817345380798783,-0.47590970818683115,0.1384784947333482,0.9539917973957706,35,139.0,0.11428571428571428,0.17142857142857143,3.9714285714285715,49,188.0,0.061224489795918366,0.12244897959183673,3.836734693877551
2023,3,TEN,CLE,3,0.03203023006098382,-1.026598963334874,0.8949505720872737,0.5770820063821195,-0.8629203420262899,-1.6036809697169936,15,26.0,0.0,0.26666666666666666,1.7333333333333334,30,68.0,0.1,0.3,2.2666666666666666
2023,3,ATL,DET,6,-0.8133891446201944,0.25292126922901953,0.9001042685297271,1.8649433771470247,-1.7134934131499215,-1.6120221079180053,20,44.0,0.05,0.2,2.2,46,140.0,0.10869565217391304,0.17391304347826086,3.0434782608695654
2023,3,NO,GB,17,-0.4171022515656428,1.1804607194935952,-0.433685397994597,-0.22042679376181193,0.0165831464289542,1.400887513255407,22,77.0,0.09090909090909091,0.22727272727272727,3.5,38,175.0,0.07894736842105263,0.15789473684210525,4.605263157894737
2023,3,HOU,JAX,37,-0.8844871832830261,-0.2289500950935606,-0.11978728871192726,0.5581438276248282,-0.7646998945710989,-0.7870939227183887,26,86.0,0.11538461538461539,0.2692307692307692,3.3076923076923075,31,291.0,0.16129032258064516,0.03225806451612903,9.387096774193548
2023,3,DEN,MIA,20,-0.49911502199557545,-0.8675733882033017,-0.002247331955775606,1.3659394532692979,-0.49686769003979986,-2.2335128414725993,20,69.0,0.05,0.15,3.45,39,294.0,0.1794871794871795,0.05128205128205128,7.538461538461538
2023,3,LAC,MIN,28,-0.1171153506195736,0.34362462559627877,-0.2790405967785615,0.02814239731624335,0.16192524615898793,0.3154822282800354,15,30.0,0.06666666666666667,0.4,2.0,50,457.0,0.18,0.04,9.14
2023,3,NE,NYJ,15,-0.15013036390005663,0.2699331688472029,0.5679672878591857,1.5863009600724396,-0.7180976517592423,-1.3163677912252367,40,157.0,0.1,0.175,3.925,30,209.0,0.2,0.0,6.966666666666667
2023,3,BUF,WAS,37,1.213384327271969,0.17370778014402857,-0.7258532967677822,-0.8500751302320168,1.9392376240397513,1.0237829103760454,33,168.0,0.18181818181818182,0.12121212121212122,5.090909090909091,35,264.0,0.14285714285714285,0.05714285714285714,7.542857142857143
2023,3,CAR,SEA,27,-0.0642941240823986,-0.23603551423408967,-0.5625355197755141,-0.0148659831072561,0.4982413956931155,-0.22116953112683357,14,44.0,0.14285714285714285,0.21428571428571427,3.142857142857143,62,344.0,0.12903225806451613,0.06451612903225806,5.548387096774194
2023,3,DAL,ARI,16,0.34409904637993427,0.6075071034920049,-1.353134463783926,-1.4305030541442514,1.6972335101638603,2.0380101576362564,33,185.0,0.12121212121212122,0.06060606060606061,5.606060606060606,45,255.0,0.1111111111111111,0.08888888888888889,5.666666666666667
2023,3,CHI,KC,10,0.866342940487402,-0.6798594476942915,-0.7488773376958111,0.9503626051062884,1.6152202781832132,-1.63022205280058,26,116.0,0.11538461538461539,0.038461538461538464,4.461538461538462,29,109.0,0.06896551724137931,0.13793103448275862,3.7586206896551726
2023,3,PIT,LV,23,0.01839089447578244,-0.44830589225313017,-0.5222330090988869,-0.7374004192923892,0.5406239035746694,0.28909452703925903,31,105.0,0.0967741935483871,0.25806451612903225,3.3870967741935485,30,238.0,0.13333333333333333,0.06666666666666667,7.933333333333334
2023,3,PHI,TB,25,0.4099490326553549,-0.21691501645131753,0.4270184214846672,-0.38063732000561634,-0.017069388829312304,0.16372230355429881,40,201.0,0.1,0.125,5.025,40,280.0,0.2,0.025,7.0
2023,4,DET,GB,34,0.6641255115599745,-0.05704854052906392,-0.433685397994597,-0.22042679376181193,1.0978109095545714,0.16337825323274802,43,211.0,0.11627906976744186,0.11627906976744186,4.906976744186046,31,201.0,0.16129032258064516,0.12903225806451613,6.483870967741935
2023,4,ATL,JAX,7,-0.8133891446201944,0.25292126922901953,-0.11978728871192726,0.5581438276248282,-0.6936018559082672,-0.30522255839580864,22,127.0,0.13636363636363635,0.18181818181818182,5.7727272727272725,36,166.0,0.08333333333333333,0.1388888888888889,4.611111111111111
2023,4,MIA,BUF,20,0.4667667706475805,1.1749442520333224,-0.02137145018214534,0.4134493620229159,0.4881382208297258,0.7614948900104066,19,142.0,0.2631578947368421,0.15789473684210525,7.473684210526316,42,258.0,0.23809523809523808,0.09523809523809523,6.142857142857143
2023,4,MIN,CAR,21,-0.33178600822619253,-1.658296947880582,0.1365621620393149,-0.9328757491827148,-0.46834817026550746,-0.7254211986978673,23,135.0,0.17391304347826086,0.08695652173913043,5.869565217391305,21,130.0,0.23809523809523808,0.09523809523809523,6.190476190476191
2023,4,DEN,CHI,31,-0.49911502199557545,-0.8675733882033017,0.7104208669437911,-0.13998727183108842,-1.2095358889393666,-0.7275861163722133,19,97.0,0.21052631578947367,0.21052631578947367,5.105263157894737,31,226.0,0.12903225806451613,0.06451612903225806,7.290322580645161
2023,4,BAL,CLE,28,0.996040536131218,1.2750624386672147,0.8949505720872737,0.5770820063821195,0.10108996404394432,0.6979804322850952,33,131.0,0.15151515151515152,0.24242424242424243,3.9696969696969697,26,180.0,0.15384615384615385,0.19230769230769232,6.923076923076923
2023,4,PIT,HOU,6,0.01839089447578244,-0.44830589225313017,1.5154998765597503,0.7750843311687893,-1.4971089820839678,-1.2233902234219194,25,114.0,0.12,0.16,4.56,32,119.0,0.0625,0.125,3.71875
2023,4,TB,NO,26,-0.16880654286706603,0.7470972800109946,-0.11773584256495809,-0.6719142782268893,-0.051070700302107946,1.419011558237884,33,114.0,0.12121212121212122,0.2727272727272727,3.4545454545454546,40,273.0,0.125,0.025,6.825
2023,4,WAS,PHI,31,0.5110980521714303,0.010287631896513029,0.008475903029680099,0.41721206982331854,0.5026221491417502,-0.4069244379268055,28,107.0,0.10714285714285714,0.17857142857142858,3.8214285714285716,51,292.0,0.13725490196078433,0.11764705882352941,5.7254901960784315
2023,4,CIN,TEN,3,0.5967033055017595,-0.20304474243312387,0.28331409625098897,-0.7846392135736472,0.3133892092507706,0.5815944711405233,18,72.0,0.1111111111111111,0.16666666666666666,4.0,35,141.0,0.05714285714285714,0.14285714285714285,4.0285714285714285
2023,4,LV,LAC,17,-0.1924597408460147,1.391209707444671,0.1058547141369668,-0.8098180977696844,-0.2983144549829815,2.2010278052143555,23,76.0,0.043478260869565216,0.2608695652173913,3.3043478260869565,46,188.0,0.08695652173913043,0.17391304347826086,4.086956521739131
2023,4,NE,DAL,3,-0.15013036390005663,0.2699331688472029,0.12043094739826213,-0.23151944822367576,-0.27056131129831873,0.5014526170708786,23,53.0,0.0,0.34782608695652173,2.3043478260869565,34,207.0,0.14705882352941177,0.058823529411764705,6.088235294117647
2023,4,ARI,SF,16,0.32594533718484064,0.02389460982564991,0.031839156221815476,-0.15590440756997104,0.29410618096302515,0.17979901739562096,26,105.0,0.07692307692307693,0.23076923076923078,4.038461538461538,47,290.0,0.0851063829787234,0.06382978723404255,6.170212765957447
2023,4,KC,NYJ,23,-0.039783787602350504,-1.0862670723931147,0.5679672878591857,1.5863009600724396,-0.6077510754615362,-2.6725680324655543,35,204.0,0.2,0.22857142857142856,5.828571428571428,35,248.0,0.14285714285714285,0.02857142857142857,7.085714285714285
2023,4,SEA,NYG,24,-0.9349082798739412,-0.9836665718060426,-1.1953601003884815,0.4385092548003248,0.2604518205145403,-1.4221758266063673,23,121.0,0.17391304347826086,0.17391304347826086,5.260869565217392,29,171.0,0.10344827586206896,0.13793103448275862,5.896551724137931
2023,5,CHI,WAS,40,0.866342940487402,-0.6798594476942915,-0.7258532967677822,-0.8500751302320168,1.5921962372551843,0.17021568253772523,32,178.0,0.125,0.0625,5.5625,33,282.0,0.18181818181818182,0.09090909090909091,8.545454545454545
2023,5,JAX,BUF,25,-0.8986328931944014,0.5065935645301051,-0.02137145018214534,0.4134493620229159,-0.8772614430122561,0.09314420250718919,41,198.0,0.14634146341463414,0.21951219512195122,4.829268292682927,47,309.0,0.1702127659574468,0.10638297872340426,6.574468085106383
2023,5,HOU,ATL,19,-0.8844871832830261,-0.2289500950935606,1.1876015880421962,0.3598742582706589,-2.0720887713252223,-0.5888243533642195,23,64.0,0.08695652173913043,0.21739130434782608,2.782608695652174,35,249.0,0.17142857142857143,0.0,7.114285714285714
2023,5,CAR,DET,24,-0.0642941240823986,-0.23603551423408967,0.9001042685297271,1.8649433771470247,-0.9643983926121258,-2.1009788913811143,23,99.0,0.08695652173913043,0.08695652173913043,4.304347826086956,43,247.0,0.09302325581395349,0.046511627906976744,5.744186046511628
2023,5,TEN,IND,16,0.03203023006098382,-1.026598963334874,0.8015570179948168,-0.682344328756364,-0.769526787933833,-0.34425463457851,22,89.0,0.09090909090909091,0.18181818181818182,4.045454545454546,36,272.0,0.1388888888888889,0.027777777777777776,7.555555555555555
2023,5,NYG,MIA,16,-0.3696971946699603,-0.6113059907199383,-0.002247331955775606,1.3659394532692979,-0.3674498627141847,-1.9772454439892362,29,85.0,0.034482758620689655,0.2413793103448276,2.9310344827586206,43,208.0,0.13953488372093023,0.18604651162790697,4.837209302325581
2023,5,NO,NE,34,-0.4171022515656428,1.1804607194935952,1.2104927286666403,0.1687037733249579,-1.627594980232283,1.0117569461686373,42,136.0,0.047619047619047616,0.14285714285714285,3.238095238095238,30,185.0,0.1,0.06666666666666667,6.166666666666667
2023,5,BAL,PIT,10,0.996040536131218,1.2750624386672147,0.042702853465564045,0.32857391728463575,0.953337682665654,0.9464885213825789,25,125.0,0.12,0.12,5.0,45,225.0,0.1111111111111111,0.15555555555555556,5.0
2023,5,CIN,ARI,34,0.5967033055017595,-0.20304474243312387,-1.353134463783926,-1.4305030541442514,1.9498377692856854,1.2274583117111275,30,93.0,0.06666666666666667,0.23333333333333334,3.1,51,301.0,0.0392156862745098,0.11764705882352941,5.901960784313726
2023,5,PHI,LA,23,0.4099490326553549,-0.21691501645131753,-0.07202738492728988,-0.665795231789479,0.48197641758264476,0.44888021533816147,39,159.0,0.10256410256410256,0.1282051282051282,4.076923076923077,43,332.0,0.11627906976744186,0.046511627906976744,7.72093023255814
2023,5,NYJ,DEN,31,-1.2902466642912715,-1.0266656639178466,-1.3712634483544255,-0.9957419436991287,0.08101678406315393,-0.03092372021871792,32,234.0,0.09375,0.125,7.3125,33,199.0,0.09090909090909091,0.15151515151515152,6.03030303030303
2023,5,KC,MIN,27,-0.039783787602350504,-1.0862670723931147,-0.2790405967785615,0.02814239731624335,0.239256809176211,-1.114409469709358,21,67.0,0.047619047619047616,0.19047619047619047,3.1904761904761907,42,266.0,0.09523809523809523,0.09523809523809523,6.333333333333333
2023,5,DAL,SF,10,0.34409904637993427,0.6075071034920049,0.031839156221815476,-0.15590440756997104,0.3122598901581188,0.7634115110619759,19,57.0,0.05263157894736842,0.2631578947368421,3.0,30,140.0,0.13333333333333333,0.16666666666666666,4.666666666666667
2023,5,GB,LV,13,0.5972260274936071,0.05007026383270021,-0.5222330090988869,-0.7374004192923892,1.119459036592494,0.7874706831250894,25,110.0,0.12,0.16,4.4,34,212.0,0.058823529411764705,0.058823529411764705,6.235294117647059
2023,6,DEN,KC,8,-0.49911502199557545,-0.8675733882033017,-0.7488773376958111,0.9503626051062884,0.24976231570023566,-1.81793599330959,24,117.0,0.125,0.16666666666666666,4.875,29,111.0,0.06896551724137931,0.1724137931034483,3.8275862068965516
2023,6,BAL,TEN,24,0.996040536131218,1.2750624386672147,0.28331409625098897,-0.7846392135736472,0.7127264398802291,2.0597016522408618,39,139.0,0.10256410256410256,0.15384615384615385,3.5641025641025643,37,246.0,0.13513513513513514,0.05405405405405406,6.648648648648648
2023,6,WAS,ATL,24,0.5110980521714303,0.010287631896513029,1.1876015880421962,0.3598742582706589,-0.6765035358707658,-0.34958662637414584,22,72.0,0.045454545454545456,0.22727272727272727,3.272727272727273,29,122.0,0.1724137931034483,0.20689655172413793,4.206896551724138
2023,6,MIN,CHI,19,-0.33178600822619253,-1.658296947880582,0.7104208669437911,-0.13998727183108842,-1.0422068751699838,-1.5183096760494936,22,46.0,0.0,0.3181818181818182,2.090909090909091,33,174.0,0.09090909090909091,0.09090909090909091,5.2727272727272725
2023,6,SEA,CIN,13,-0.9349082798739412,-0.9836665718060426,-1.1714665379225777,0.3480367857389785,0.2365582580486365,-1.331703357545021,25,87.0,0.08,0.16,3.48,48,314.0,0.16666666666666666,0.10416666666666667,6.541666666666667
2023,6,SF,CLE,17,1.1457351949977,0.45361782737273143,0.8949505720872737,0.5770820063821195,0.25078462291042625,-0.12346417900938805,25,108.0,0.12,0.28,4.32,30,112.0,0.1,0.13333333333333333,3.7333333333333334
2023,6,NO,HOU,13,-0.4171022515656428,1.1804607194935952,1.5154998765597503,0.7750843311687893,-1.9326021281253931,0.40537638832480594,25,89.0,0.08,0.28,3.56,53,341.0,0.1320754716981132,0.05660377358490566,6.433962264150943
2023,6,IND,JAX,20,-0.10969495907463964,0.4780820892089394,-0.11978728871192726,0.5581438276248282,0.010092329637287623,-0.08006173841588876,17,44.0,0.0,0.17647058823529413,2.588235294117647,60,314.0,0.1,0.06666666666666667,5.233333333333333
2023,6,CAR,MIA,21,-0.0642941240823986,-0.23603551423408967,-0.002247331955775606,1.3659394532692979,-0.06204679212662299,-1.6019749675033876,25,108.0,0.04,0.04,4.32,43,188.0,0.13953488372093023,0.11627906976744186,4.372093023255814
2023,6,NE,LV,17,-0.15013036390005663,0.2699331688472029,-0.5222330090988869,-0.7374004192923892,0.3721026451988303,1.0073335881395922,19,83.0,0.05263157894736842,0.10526315789473684,4.368421052631579,37,176.0,0.13513513513513514,0.13513513513513514,4.756756756756757
2023,6,ARI,LA,9,0.32594533718484064,0.02389460982564991,-0.07202738492728988,-0.665795231789479,0.39797272211213053,0.6896898416151289,30,130.0,0.13333333333333333,0.26666666666666666,4.333333333333333,46,268.0,0.13043478260869565,0.06521739130434782,5.826086956521739
2023,6,PHI,NYJ,14,0.4099490326553549,-0.21691501645131753,0.5679672878591857,1.5863009600724396,-0.15801825520383084,-1.8032159765237572,22,80.0,0.09090909090909091,0.22727272727272727,3.6363636363636362,50,290.0,0.06,0.04,5.8
2023,6,DET,TB,20,0.6641255115599745,-0.05704854052906392,0.4270184214846672,-0.38063732000561634,0.23710709007530728,0.3235887794765524,22,40.0,0.0,0.2727272727272727,1.8181818181818181,48,344.0,0.16666666666666666,0.10416666666666667,7.166666666666667
2023,6,NYG,BUF,9,-0.3696971946699603,-0.6113059907199383,-0.02137145018214534,0.4134493620229159,-0.34832574448781495,-1.0247553527428541,34,132.0,0.058823529411764705,0.29411764705882354,3.8823529411764706,42,209.0,0.07142857142857142,0.09523809523809523,4.976190476190476
2023,6,DAL,LAC,20,0.34409904637993427,0.6075071034920049,0.1058547141369668,-0.8098180977696844,0.23824433224296748,1.4173252012616893,26,96.0,0.11538461538461539,0.23076923076923078,3.6923076923076925,38,270.0,0.21052631578947367,0.15789473684210525,7.105263157894737
2023,7,JAX,NO,31,-0.8986328931944014,0.5065935645301051,-0.11773584256495809,-0.6719142782268893,-0.7808970506294434,1.1785078427569944,26,113.0,0.15384615384615385,0.4230769230769231,4.346153846153846,35,280.0,0.11428571428571428,0.0,8.0
2023,7,DET,BAL,6,0.6641255115599745,-0.05704854052906392,-0.24817345380798783,-0.47590970818683115,0.9122989653679623,0.4188611676577672,14,84.0,0.14285714285714285,0.07142857142857142,6.0,59,253.0,0.0847457627118644,0.1016949152542373,4.288135593220339
2023,7,LV,CHI,12,-0.1924597408460147,1.391209707444671,0.7104208669437911,-0.13998727183108842,-0.9028806077898058,1.5311969792757594,14,39.0,0.07142857142857142,0.14285714285714285,2.7857142857142856,47,196.0,0.06382978723404255,0.02127659574468085,4.170212765957447
2023,7,CLE,IND,39,-0.906187696307213,-0.25557061331908915,0.8015570179948168,-0.682344328756364,-1.70774471430203,0.4267737154372748,34,150.0,0.11764705882352941,0.38235294117647056,4.411764705882353,39,170.0,0.10256410256410256,0.07692307692307693,4.358974358974359
2023,7,BUF,NE,25,1.213384327271969,0.17370778014402857,1.2104927286666403,0.1687037733249579,0.002891598605328838,0.005004006819070678,24,81.0,0.041666666666666664,0.08333333333333333,3.375,46,272.0,0.10869565217391304,0.043478260869565216,5.913043478260869
2023,7,WAS,NYG,7,0.5110980521714303,0.010287631896513029,-1.1953601003884815,0.4385092548003248,1.7064581525599118,-0.42822162290381177,19,76.0,0.05263157894736842,0.05263157894736842,4.0,49,208.0,0.12244897959183673,0.12244897959183673,4.244897959183674
2023,7,ATL,TB,16,-0.8133891446201944,0.25292126922901953,0.4270184214846672,-0.38063732000561634,-1.2404075661048615,0.6335585892346358,38,156.0,0.13157894736842105,0.18421052631578946,4.105263157894737,28,269.0,0.21428571428571427,0.10714285714285714,9.607142857142858
2023,7,PIT,LA,24,0.01839089447578244,-0.44830589225313017,-0.07202738492728988,-0.665795231789479,0.09041827940307232,0.2174893395363488,29,86.0,0.06896551724137931,0.2413793103448276,2.9655172413793105,28,216.0,0.21428571428571427,0.10714285714285714,7.714285714285714
2023,7,ARI,SEA,10,0.32594533718484064,0.02389460982564991,-0.5625355197755141,-0.0148659831072561,0.8884808569603547,0.03876059293290601,25,127.0,0.16,0.16,5.08,39,127.0,0.07692307692307693,0.15384615384615385,3.2564102564102564
2023,7,GB,DEN,17,0.5972260274936071,0.05007026383270021,-1.3712634483544255,-0.9957419436991287,1.9684894758480325,1.045812207531829,29,137.0,0.13793103448275862,0.13793103448275862,4.724137931034483,34,205.0,0.14705882352941177,0.029411764705882353,6.029411764705882
2023,7,LAC,KC,17,-0.1171153506195736,0.34362462559627877,-0.7488773376958111,0.9503626051062884,0.6317619870762375,-0.6067379795100096,26,139.0,0.07692307692307693,0.07692307692307693,5.346153846153846,36,225.0,0.19444444444444445,0.1388888888888889,6.25
2023,7,MIA,PHI,17,0.4667667706475805,1.1749442520333224,0.008475903029680099,0.41721206982331854,0.4582908676179004,0.7577321822100038,12,45.0,0.16666666666666666,0.3333333333333333,3.75,36,199.0,0.19444444444444445,0.19444444444444445,5.527777777777778
2023,7,SF,MIN,17,1.1457351949977,0.45361782737273143,-0.2790405967785615,0.02814239731624335,1.4247757917762613,0.4254754300564881,22,65.0,0.045454545454545456,0.2727272727272727,2.9545454545454546,32,278.0,0.1875,0.03125,8.6875
2023,8,TB,BUF,18,-0.16880654286706603,0.7470972800109946,-0.02137145018214534,0.4134493620229159,-0.1474350926849207,0.33364791798807875,17,78.0,0.17647058823529413,0.058823529411764705,4.588235294117647,48,243.0,0.10416666666666667,0.08333333333333333,5.0625
2023,8,HOU,CAR,13,-0.8844871832830261,-0.2289500950935606,0.1365621620393149,-0.9328757491827148,-1.021049345322341,0.7039256540891542,30,110.0,0.1,0.13333333333333333,3.6666666666666665,28,131.0,0.10714285714285714,0.10714285714285714,4.678571428571429
2023,8,MIN,GB,24,-0.33178600822619253,-1.658296947880582,-0.433685397994597,-0.22042679376181193,0.10189938976840446,-1.4378701541187702,31,62.0,0.03225806451612903,0.3225806451612903,2.0,39,291.0,0.20512820512820512,0.07692307692307693,7.461538461538462
2023,8,NO,IND,38,-0.4171022515656428,1.1804607194935952,0.8015570179948168,-0.682344328756364,-1.2186592695604597,1.8628050482499592,36,161.0,0.16666666666666666,0.2222222222222222,4.472222222222222,31,362.0,0.2903225806451613,0.03225806451612903,11.67741935483871
2023,8,NE,MIA,17,-0.15013036390005663,0.2699331688472029,-0.002247331955775606,1.3659394532692979,-0.147883031944281,-1.096006284422095,19,77.0,0.10526315789473684,0.15789473684210525,4.052631578947368,32,141.0,0.09375,0.125,4.40625
2023,8,NYJ,NYG,13,-1.2902466642912715,-1.0266656639178466,-1.1953601003884815,0.4385092548003248,-0.09488656390279004,-1.4651749187181715,22,58.0,0.045454545454545456,0.3181818181818182,2.6363636363636362,42,218.0,0.11904761904761904,0.14285714285714285,5.190476190476191
2023,8,JAX,PIT,20,-0.8986328931944014,0.5065935645301051,0.042702853465564045,0.32857391728463575,-0.9413357466599654,0.17801964724546931,31,108.0,0.12903225806451613,0.25806451612903225,3.4838709677419355,36,281.0,0.16666666666666666,0.16666666666666666,7.805555555555555
2023,8,ATL,TEN,23,-0.8133891446201944,0.25292126922901953,0.28331409625098897,-0.7846392135736472,-1.0967032408711834,1.0375604828026668,26,140.0,0.15384615384615385,0.15384615384615385,5.384615384615385,43,220.0,0.06976744186046512,0.13953488372093023,5.116279069767442
2023,8,PHI,WAS,38,0.4099490326553549,-0.21691501645131753,-0.7258532967677822,-0.8500751302320168,1.1358023294231372,0.6331601137806993,22,59.0,0.0,0.3181818181818182,2.6818181818181817,41,322.0,0.2682926829268293,0.04878048780487805,7.853658536585366
2023,8,CLE,SEA,20,-0.906187696307213,-0.25557061331908915,-0.5625355197755141,-0.0148659831072561,-0.3436521765316989,-0.24070463021183305,40,155.0,0.05,0.2,3.875,37,242.0,0.1891891891891892,0.08108108108108109,6.54054054054054
2023,8,BAL,ARI,31,0.996040536131218,1.2750624386672147,-1.353134463783926,-1.4305030541442514,2.349174999915144,2.7055654928114663,29,130.0,0.10344827586206896,0.10344827586206896,4.482758620689655,32,139.0,0.0625,0.1875,4.34375
2023,8,KC,DEN,9,-0.039783787602350504,-1.0862670723931147,-1.3712634483544255,-0.9957419436991287,1.331479660752075,-0.09052512869398599,16,62.0,0.0625,0.1875,3.875,44,232.0,0.11363636363636363,0.13636363636363635,5.2727272727272725
2023,8,CIN,SF,31,0.5967033055017595,-0.20304474243312387,0.031839156221815476,-0.15590440756997104,0.5648641492799441,-0.04714033486315283,27,134.0,0.2222222222222222,0.2222222222222222,4.962962962962963,38,297.0,0.15789473684210525,0.13157894736842105,7.815789473684211
2023,8,CHI,LAC,13,0.866342940487402,-0.6798594476942915,0.1058547141369668,-0.8098180977696844,0.7604882263504352,0.12995865007539287,25,73.0,0.12,0.28,2.92,40,225.0,0.1,0.05,5.625
2023,8,LV,DET,14,-0.1924597408460147,1.391209707444671,0.9001042685297271,1.8649433771470247,-1.0925640093757418,-0.47373366970235375,18,80.0,0.0,0.1111111111111111,4.444444444444445,28,86.0,0.14285714285714285,0.21428571428571427,3.0714285714285716
2023,9,TEN,PIT,16,0.03203023006098382,-1.026598963334874,0.042702853465564045,0.32857391728463575,-0.010672623404580223,-1.3551728806195098,25,105.0,0.08,0.04,4.2,44,242.0,0.18181818181818182,0.13636363636363635,5.5
2023,9,MIA,KC,14,0.4667667706475805,1.1749442520333224,-0.7488773376958111,0.9503626051062884,1.2156441083433915,0.22458164692703397,21,117.0,0.19047619047619047,0.2857142857142857,5.571428571428571,38,182.0,0.10526315789473684,0.13157894736842105,4.7894736842105265
2023,9,MIN,ATL,31,-0.33178600822619253,-1.658296947880582,1.1876015880421962,0.3598742582706589,-1.5193875962683887,-2.0181712061512407,33,146.0,0.15151515151515152,0.3333333333333333,4.424242424242424,48,297.0,0.10416666666666667,0.16666666666666666,6.1875
2023,9,SEA,BAL,3,-0.9349082798739412,-0.9836665718060426,-0.24817345380798783,-0.47590970818683115,-0.6867348260659534,-0.5077568636192114,15,28.0,0.0,0.26666666666666666,1.8666666666666667,33,128.0,0.09090909090909091,0.12121212121212122,3.878787878787879
2023,9,ARI,CLE,0,0.32594533718484064,0.02389460982564991,0.8949505720872737,0.5770820063821195,-0.569005234902433,-0.5531873965564695,21,41.0,0.09523809523809523,0.3333333333333333,1.9523809523809523,32,45.0,0.0,0.25,1.40625
2023,9,TB,HOU,37,-0.16880654286706603,0.7470972800109946,1.5154998765597503,0.7750843311687893,-1.6843064194268162,-0.02798705115779465,31,81.0,0.0967741935483871,0.1935483870967742,2.6129032258064515,34,257.0,0.23529411764705882,0.11764705882352941,7.5588235294117645
2023,9,WAS,NE,20,0.5110980521714303,0.010287631896513029,1.2104927286666403,0.1687037733249579,-0.6993946764952099,-0.15841614142844487,29,124.0,0.06896551724137931,0.10344827586206896,4.275862068965517,51,338.0,0.13725490196078433,0.0784313725490196,6.627450980392157
2023,9,CHI,NO,17,0.866342940487402,-0.6798594476942915,-0.11773584256495809,-0.6719142782268893,0.9840787830523601,-0.007945169467402202,32,156.0,0.15625,0.1875,4.875,37,269.0,0.13513513513513514,0.08108108108108109,7.27027027027027
2023,9,IND,CAR,27,-0.10969495907463964,0.4780820892089394,0.1365621620393149,-0.9328757491827148,-0.24625712111395454,1.4109578383916541,30,78.0,0.03333333333333333,0.36666666666666664,2.6,28,127.0,0.07142857142857142,0.07142857142857142,4.535714285714286
2023,9,NYG,LV,6,-0.3696971946699603,-0.6113059907199383,-0.5222330090988869,-0.7374004192923892,0.1525358144289266,0.1260944285724509,25,123.0,0.08,0.08,4.92,43,180.0,0.046511627906976744,0.18604651162790697,4.186046511627907
2023,9,DAL,PHI,23,0.34409904637993427,0.6075071034920049,0.008475903029680099,0.41721206982331854,0.33562314335025417,0.19029503366868633,22,73.0,0.045454545454545456,0.18181818181818182,3.3181818181818183,53,347.0,0.16981132075471697,0.1320754716981132,6.547169811320755
2023,9,BUF,CIN,18,1.213384327271969,0.17370778014402857,-1.1714665379225777,0.3480367857389785,2.384850865194547,-0.17432900559494993,16,68.0,0.125,0.0625,4.25,45,281.0,0.1111111111111111,0.044444444444444446,6.2444444444444445
2023,9,LAC,NYJ,27,-0.1171153506195736,0.34362462559627877,0.5679672878591857,1.5863009600724396,-0.6850826384787593,-1.2426763344761609,21,84.0,0.14285714285714285,0.09523809523809523,4.0,37,124.0,0.08108108108108109,0.16216216216216217,3.3513513513513513
2023,10,CAR,CHI,13,-0.0642941240823986,-0.23603551423408967,0.7104208669437911,-0.13998727183108842,-0.7747149910261897,-0.09604824240300125,16,43.0,0.0,0.25,2.6875,44,188.0,0.022727272727272728,0.11363636363636363,4.2727272727272725
2023,10,IND,NE,10,-0.10969495907463964,0.4780820892089394,1.2104927286666403,0.1687037733249579,-1.32018768774128,0.3093783158839815,26,70.0,0.038461538461538464,0.19230769230769232,2.6923076923076925,28,194.0,0.10714285714285714,0.03571428571428571,6.928571428571429
2023,10,CLE,BAL,33,-0.906187696307213,-0.25557061331908915,-0.24817345380798783,-0.47590970818683115,-0.6580142424992251,0.220339094867742,37,180.0,0.13513513513513514,0.08108108108108109,4.864864864864865,46,233.0,0.13043478260869565,0.10869565217391304,5.065217391304348
2023,10,HOU,CIN,30,-0.8844871832830261,-0.2289500950935606,-1.1714665379225777,0.3480367857389785,0.2869793546395516,-0.5769868808325391,34,188.0,0.20588235294117646,0.08823529411764706,5.529411764705882,41,364.0,0.2926829268292683,0.024390243902439025,8.878048780487806
2023,10,SF,JAX,34,1.1457351949977,0.45361782737273143,-0.11978728871192726,0.5581438276248282,1.2655224837096273,-0.10452600025209674,30,144.0,0.16666666666666666,0.2,4.8,30,293.0,0.26666666666666666,0.06666666666666667,9.766666666666667
2023,10,NO,MIN,19,-0.4171022515656428,1.1804607194935952,-0.2790405967785615,0.02814239731624335,-0.13806165478708127,1.1523183221773519,17,69.0,0.058823529411764705,0.11764705882352941,4.0588235294117645,47,225.0,0.14893617021276595,0.1276595744680851,4.787234042553192
2023,10,GB,PIT,19,0.5972260274936071,0.05007026383270021,0.042702853465564045,0.32857391728463575,0.5545231740280431,-0.27850365345193556,24,116.0,0.041666666666666664,0.08333333333333333,4.833333333333333,42,294.0,0.16666666666666666,0.11904761904761904,7.0
2023,10,TEN,TB,6,0.03203023006098382,-1.026598963334874,0.4270184214846672,-0.38063732000561634,-0.39498819142368335,-0.6459616433292577,16,42.0,0.0625,0.3125,2.625,43,167.0,0.11627906976744186,0.11627906976744186,3.883720930232558
2023,10,ATL,ARI,23,-0.8133891446201944,0.25292126922901953,-1.353134463783926,-1.4305030541442514,0.5397453191637316,1.6834243233732709,41,184.0,0.14634146341463414,0.14634146341463414,4.487804878048781,28,105.0,0.07142857142857142,0.10714285714285714,3.75
2023,10,DET,LAC,41,0.6641255115599745,-0.05704854052906392,0.1058547141369668,-0.8098180977696844,0.5582707974230077,0.7527695572406204,31,200.0,0.12903225806451613,0.25806451612903225,6.451612903225806,33,333.0,0.24242424242424243,0.06060606060606061,10.090909090909092
2023,10,NYG,DAL,17,-0.3696971946699603,-0.6113059907199383,0.12043094739826213,-0.23151944822367576,-0.4901281420682224,-0.37978654249626254,23,111.0,0.21739130434782608,0.2608695652173913,4.826086956521739,37,102.0,0.02702702702702703,0.1891891891891892,2.7567567567567566
2023,10,WAS,SEA,26,0.5110980521714303,0.010287631896513029,-0.5625355197755141,-0.0148659831072561,1.0736335719469445,0.025153615003769128,14,68.0,0.21428571428571427,0.14285714285714285,4.857142857142857,47,288.0,0.1276595744680851,0.14893617021276595,6.127659574468085
2023,10,NYJ,LV,12,-1.2902466642912715,-1.0266656639178466,-0.5222330090988869,-0.7374004192923892,-0.7680136551923846,-0.28926524462545744,21,108.0,0.19047619047619047,0.19047619047619047,5.142857142857143,46,311.0,0.10869565217391304,0.043478260869565216,6.760869565217392
2023,10,DEN,BUF,24,-0.49911502199557545,-0.8675733882033017,-0.02137145018214534,0.4134493620229159,-0.4777435718134301,-1.2810227502262175,39,122.0,0.07692307692307693,0.2564102564102564,3.128205128205128,37,207.0,0.10810810810810811,0.13513513513513514,5.594594594594595
2023,11,CIN,BAL,20,0.5967033055017595,-0.20304474243312387,-0.24817345380798783,-0.47590970818683115,0.8448767593097474,0.2728649657537073,23,136.0,0.21739130434782608,0.08695652173913043,5.913043478260869,41,183.0,0.04878048780487805,0.12195121951219512,4.463414634146342
2023,11,DAL,CAR,33,0.34409904637993427,0.6075071034920049,0.1365621620393149,-0.9328757491827148,0.20753688434061937,1.5403828526747196,27,107.0,0.14814814814814814,0.2962962962962963,3.962962962962963,42,207.0,0.09523809523809523,0.11904761904761904,4.928571428571429
2023,11,PIT,CLE,10,0.01839089447578244,-0.44830589225313017,0.8949505720872737,0.5770820063821195,-0.8765596776114912,-1.0253878986352496,26,172.0,0.19230769230769232,0.3076923076923077,6.615384615384615,33,86.0,0.0,0.12121212121212122,2.606060606060606
2023,11,CHI,DET,26,0.866342940487402,-0.6798594476942915,0.9001042685297271,1.8649433771470247,-0.03376132804232512,-2.5448028248413164,46,183.0,0.13043478260869565,0.2391304347826087,3.9782608695652173,29,201.0,0.06896551724137931,0.06896551724137931,6.931034482758621
2023,11,LAC,GB,20,-0.1171153506195736,0.34362462559627877,-0.433685397994597,-0.22042679376181193,0.31657004737502337,0.5640514193580907,24,150.0,0.20833333333333334,0.20833333333333334,6.25,44,318.0,0.11363636363636363,0.09090909090909091,7.2272727272727275
2023,11,ARI,HOU,16,0.32594533718484064,0.02389460982564991,1.5154998765597503,0.7750843311687893,-1.1895545393749096,-0.7511897213431393,26,123.0,0.19230769230769232,0.23076923076923078,4.730769230769231,37,239.0,0.08108108108108109,0.10810810810810811,6.45945945945946
2023,11,TEN,JAX,14,0.03203023006098382,-1.026598963334874,-0.11978728871192726,0.5581438276248282,0.15181751877291108,-1.584742790959702,19,92.0,0.10526315789473684,0.21052631578947367,4.842105263157895,20,147.0,0.1,0.1,7.35
2023,11,LV,MIA,13,-0.1924597408460147,1.391209707444671,-0.002247331955775606,1.3659394532692979,-0.19021240889023908,0.025270254175373097,16,36.0,0.0,0.1875,2.25,43,260.0,0.16279069767441862,0.11627906976744186,6.046511627906977
2023,11,NYG,WAS,31,-0.3696971946699603,-0.6113059907199383,-0.7258532967677822,-0.8500751302320168,0.3561561020978219,0.23876913951207845,19,91.0,0.10526315789473684,0.3157894736842105,4.7894736842105265,36,208.0,0.19444444444444445,0.25,5.777777777777778
2023,11,TB,SF,14,-0.16880654286706603,0.7470972800109946,0.031839156221815476,-0.15590440756997104,-0.20064569908888152,0.9030016875809657,18,66.0,0.05555555555555555,0.1111111111111111,3.6666666666666665,50,224.0,0.06,0.16,4.48
2023,11,NYJ,BUF,6,-1.2902466642912715,-1.0266656639178466,-0.02137145018214534,0.4134493620229159,-1.2688752141091262,-1.4401150259407625,18,63.0,0.16666666666666666,0.3333333333333333,3.5,40,107.0,0.075,0.15,2.675
2023,11,SEA,LA,16,-0.9349082798739412,-0.9836665718060426,-0.07202738492728988,-0.665795231789479,-0.8628808949466513,-0.3178713400165636,21,68.0,0.047619047619047616,0.09523809523809523,3.238095238095238,41,223.0,0.07317073170731707,0.14634146341463414,5.439024390243903
2023,11,MIN,DEN,20,-0.33178600822619253,-1.658296947880582,-1.3712634483544255,-0.9957419436991287,1.039477440128233,-0.6625550041814533,36,175.0,0.1111111111111111,0.16666666666666666,4.861111111111111,38,227.0,0.15789473684210525,0.07894736842105263,5.973684210526316
2023,11,PHI,KC,21,0.4099490326553549,-0.21691501645131753,-0.7488773376958111,0.9503626051062884,1.158826370351166,-1.167277621557606,27,114.0,0.14814814814814814,0.2962962962962963,4.222222222222222,28,129.0,0.10714285714285714,0.21428571428571427,4.607142857142857
2023,12,GB,DET,29,0.5972260274936071,0.05007026383270021,0.9001042685297271,1.8649433771470247,-0.30287824103612004,-1.8148731133143245,22,109.0,0.13636363636363635,0.22727272727272727,4.954545454545454,34,270.0,0.14705882352941177,0.029411764705882353,7.9411764705882355
2023,12,WAS,DAL,10,0.5110980521714303,0.010287631896513029,0.12043094739826213,-0.23151944822367576,0.39066710477316824,0.24180708012018878,27,108.0,0.14814814814814814,0.25925925925925924,4.0,49,280.0,0.12244897959183673,0.10204081632653061,5.714285714285714
2023,12,SF,SEA,31,1.1457351949977,0.45361782737273143,-0.5625355197755141,-0.0148659831072561,1.7082707147732141,0.46848381047998755,33,169.0,0.15151515151515152,0.12121212121212122,5.121212121212121,33,211.0,0.15151515151515152,0.09090909090909091,6.393939393939394
2023,12,MIA,NYJ,34,0.4667667706475805,1.1749442520333224,0.5679672878591857,1.5863009600724396,-0.10120051721160522,-0.41135670803911717,37,167.0,0.10810810810810811,0.13513513513513514,4.513513513513513,32,229.0,0.15625,0.0625,7.15625
2023,12,NO,ATL,15,-0.4171022515656428,1.1804607194935952,1.1876015880421962,0.3598742582706589,-1.604703839607839,0.8205864612229363,28,148.0,0.14285714285714285,0.21428571428571427,5.285714285714286,40,304.0,0.175,0.05,7.6
2023,12,PIT,CIN,16,0.01839089447578244,-0.44830589225313017,-1.1714665379225777,0.3480367857389785,1.1898574323983602,-0.7963426779921087,33,153.0,0.09090909090909091,0.18181818181818182,4.636363636363637,37,276.0,0.16216216216216217,0.10810810810810811,7.45945945945946
2023,12,JAX,HOU,24,-0.8986328931944014,0.5065935645301051,1.5154998765597503,0.7750843311687893,-2.4141327697541515,-0.2684907666386842,30,81.0,0.03333333333333333,0.3333333333333333,2.7,39,366.0,0.1794871794871795,0.0,9.384615384615385
2023,12,TB,IND,20,-0.16880654286706603,0.7470972800109946,0.8015570179948168,-0.682344328756364,-0.9703635608618828,1.4294416087673585,19,125.0,0.2631578947368421,0.15789473684210525,6.578947368421052,38,187.0,0.15789473684210525,0.18421052631578946,4.921052631578948
2023,12,NE,NYG,7,-0.15013036390005663,0.2699331688472029,-1.1953601003884815,0.4385092548003248,1.0452297364884249,-0.1685760859531219,31,147.0,0.12903225806451613,0.16129032258064516,4.741935483870968,37,136.0,0.08108108108108109,0.10810810810810811,3.675675675675676
2023,12,CAR,TEN,10,-0.0642941240823986,-0.23603551423408967,0.28331409625098897,-0.7846392135736472,-0.34760822033338756,0.5486036993395575,32,96.0,0.09375,0.25,3.0,38,185.0,0.13157894736842105,0.15789473684210525,4.868421052631579
2023,12,CLE,DEN,12,-0.906187696307213,-0.25557061331908915,-1.3712634483544255,-0.9957419436991287,0.4650757520472125,0.7401713303800396,24,107.0,0.125,0.16666666666666666,4.458333333333333,48,168.0,0.10416666666666667,0.125,3.5
2023,12,KC,LV,31,-0.039783787602350504,-1.0862670723931147,-0.5222330090988869,-0.7374004192923892,0.4824492214965364,-0.3488666531007255,23,69.0,0.0,0.17391304347826086,3.0,38,302.0,0.18421052631578946,0.07894736842105263,7.947368421052632
2023,12,BUF,PHI,34,1.213384327271969,0.17370778014402857,0.008475903029680099,0.41721206982331854,1.204908424242289,-0.24350428967928997,40,173.0,0.175,0.225,4.325,57,397.0,0.12280701754385964,0.017543859649122806,6.964912280701754
2023,12,BAL,LAC,20,0.996040536131218,1.2750624386672147,0.1058547141369668,-0.8098180977696844,0.8901858219942512,2.084880536436899,35,197.0,0.11428571428571428,0.2,5.628571428571429,36,173.0,0.08333333333333333,0.08333333333333333,4.805555555555555
2023,12,CHI,MIN,12,0.866342940487402,-0.6798594476942915,-0.2790405967785615,0.02814239731624335,1.1453835372659635,-0.7080018450105349,28,118.0,0.10714285714285714,0.17857142857142858,4.214285714285714,44,218.0,0.11363636363636363,0.18181818181818182,4.954545454545454
2023,13,SEA,DAL,35,-0.9349082798739412,-0.9836665718060426,0.12043094739826213,-0.23151944822367576,-1.0553392272722033,-0.7521471235823668,22,72.0,0.045454545454545456,0.13636363636363635,3.272727272727273,42,339.0,0.14285714285714285,0.047619047619047616,8.071428571428571
2023,13,DEN,HOU,17,-0.49911502199557545,-0.8675733882033017,1.5154998765597503,0.7750843311687893,-2.0146148985553256,-1.642657719372091,30,118.0,0.06666666666666667,0.1,3.933333333333333,35,190.0,0.11428571428571428,0.11428571428571428,5.428571428571429
2023,13,LAC,NE,6,-0.1171153506195736,0.34362462559627877,1.2104927286666403,0.1687037733249579,-1.327608079286214,0.17492085227132087,24,29.0,0.0,0.2916666666666667,1.2083333333333333,38,213.0,0.13157894736842105,0.02631578947368421,5.605263157894737
2023,13,DET,NO,33,0.6641255115599745,-0.05704854052906392,-0.11773584256495809,-0.6719142782268893,0.7818613541249325,0.6148657376978254,30,142.0,0.1,0.2,4.733333333333333,27,205.0,0.14814814814814814,0.1111111111111111,7.592592592592593
2023,13,ATL,NYJ,13,-0.8133891446201944,0.25292126922901953,0.5679672878591857,1.5863009600724396,-1.3813564324793801,-1.3333796908434201,34,90.0,0.029411764705882353,0.29411764705882354,2.6470588235294117,30,104.0,0.06666666666666667,0.1,3.466666666666667
2023,13,ARI,PIT,24,0.32594533718484064,0.02389460982564991,0.042702853465564045,0.32857391728463575,0.2832424837192766,-0.30467930745898586,38,150.0,0.10526315789473684,0.34210526315789475,3.9473684210526314,27,149.0,0.18518518518518517,0.07407407407407407,5.518518518518518
2023,13,IND,TEN,31,-0.10969495907463964,0.4780820892089394,0.28331409625098897,-0.7846392135736472,-0.3930090553256286,1.2627213027825865,23,55.0,0.0,0.13043478260869565,2.391304347826087,48,306.0,0.08333333333333333,0.08333333333333333,6.375
2023,13,MIA,WAS,45,0.4667667706475805,1.1749442520333224,-0.7258532967677822,-0.8500751302320168,1.1926200674153626,2.0250193822653393,34,123.0,0.058823529411764705,0.11764705882352941,3.6176470588235294,25,283.0,0.28,0.08,11.32
2023,13,CAR,TB,18,-0.0642941240823986,-0.23603551423408967,0.4270184214846672,-0.38063732000561634,-0.4913125455670658,0.14460180577152668,35,135.0,0.02857142857142857,0.17142857142857143,3.857142857142857,35,149.0,0.11428571428571428,0.11428571428571428,4.257142857142857
2023,13,CLE,LA,19,-0.906187696307213,-0.25557061331908915,-0.07202738492728988,-0.665795231789479,-0.8341603113799231,0.4102246184703898,23,87.0,0.08695652173913043,0.17391304347826086,3.782608695652174,46,240.0,0.10869565217391304,0.08695652173913043,5.217391304347826
2023,13,SF,PHI,42,1.1457351949977,0.45361782737273143,0.008475903029680099,0.41721206982331854,1.1372592919680198,0.03640575754941289,28,146.0,0.21428571428571427,0.17857142857142858,5.214285714285714,30,316.0,0.23333333333333334,0.06666666666666667,10.533333333333333
2023,13,KC,GB,19,-0.039783787602350504,-1.0862670723931147,-0.433685397994597,-0.22042679376181193,0.39390161039224647,-0.8658402786313028,26,148.0,0.15384615384615385,0.11538461538461539,5.6923076923076925,39,216.0,0.10256410256410256,0.07692307692307693,5.538461538461538
2023,13,CIN,JAX,34,0.5967033055017595,-0.20304474243312387,-0.11978728871192726,0.5581438276248282,0.7164905942136868,-0.761188570057952,31,156.0,0.12903225806451613,0.12903225806451613,5.032258064516129,42,356.0,0.14285714285714285,0.16666666666666666,8.476190476190476
2023,14,NE,PIT,21,-0.15013036390005663,0.2699331688472029,0.042702853465564045,0.32857391728463575,-0.19283321736562067,-0.05864074843743283,25,81.0,0.08,0.24,3.24,32,235.0,0.1875,0.0625,7.34375
2023,14,TB,ATL,29,-0.16880654286706603,0.7470972800109946,1.1876015880421962,0.3598742582706589,-1.3564081309092622,0.38722302174033574,37,148.0,0.08108108108108109,0.10810810810810811,4.0,31,144.0,0.06451612903225806,0.03225806451612903,4.645161290322581
2023,14,DET,CHI,13,0.6641255115599745,-0.05704854052906392,0.7104208669437911,-0.13998727183108842,-0.04629535538381668,0.0829387313020245,24,140.0,0.20833333333333334,0.16666666666666666,5.833333333333333,39,127.0,0.05128205128205128,0.1282051282051282,3.2564102564102564
2023,14,IND,CIN,14,-0.10969495907463964,0.4780820892089394,-1.1714665379225777,0.3480367857389785,1.061771578847938,0.1300453034699609,18,46.0,0.05555555555555555,0.3888888888888889,2.5555555555555554,44,234.0,0.06818181818181818,0.09090909090909091,5.318181818181818
2023,14,JAX,CLE,27,-0.8986328931944014,0.5065935645301051,0.8949505720872737,0.5770820063821195,-1.7935834652816751,-0.07048844185201442,20,58.0,0.05,0.3,2.9,57,247.0,0.08771929824561403,0.08771929824561403,4.333333333333333
2023,14,CAR,NO,6,-0.0642941240823986,-0.23603551423408967,-0.11773584256495809,-0.6719142782268893,0.05344171848255949,0.4358787639927997,39,204.0,0.1794871794871795,0.1282051282051282,5.230769230769231,43,139.0,0.06976744186046512,0.09302325581395349,3.2325581395348837
2023,14,HOU,NYJ,6,-0.8844871832830261,-0.2289500950935606,0.5679672878591857,1.5863009600724396,-1.4524544711422118,-1.8152510551660002,19,81.0,0.10526315789473684,0.15789473684210525,4.2631578947368425,33,54.0,0.06060606060606061,0.21212121212121213,1.6363636363636365
2023,14,MIN,LV,3,-0.33178600822619253,-1.658296947880582,-0.5222330090988869,-0.7374004192923892,0.1904470008726944,-0.9208965285881928,30,132.0,0.1,0.13333333333333333,4.4,46,120.0,0.06521739130434782,0.15217391304347827,2.608695652173913
2023,14,SEA,SF,16,-0.9349082798739412,-0.9836665718060426,0.031839156221815476,-0.15590440756997104,-0.9667474360957566,-0.8277621642360715,20,70.0,0.15,0.3,3.5,38,258.0,0.21052631578947367,0.10526315789473684,6.7894736842105265
2023,14,BUF,KC,20,1.213384327271969,0.17370778014402857,-0.7488773376958111,0.9503626051062884,1.9622616649677802,-0.7766548249622599,28,118.0,0.10714285714285714,0.10714285714285714,4.214285714285714,48,227.0,0.08333333333333333,0.08333333333333333,4.729166666666667
2023,14,DEN,LAC,24,-0.49911502199557545,-0.8675733882033017,0.1058547141369668,-0.8098180977696844,-0.6049697361325422,-0.05775529043361727,31,106.0,0.06451612903225806,0.22580645161290322,3.4193548387096775,36,223.0,0.08333333333333333,0.08333333333333333,6.194444444444445
2023,14,PHI,DAL,13,0.4099490326553549,-0.21691501645131753,0.12043094739826213,-0.23151944822367576,0.28951808525709277,0.014604431772358234,23,106.0,0.13043478260869565,0.13043478260869565,4.608695652173913,29,218.0,0.20689655172413793,0.06896551724137931,7.517241379310345
2023,14,TEN,MIA,28,0.03203023006098382,-1.026598963334874,-0.002247331955775606,1.3659394532692979,0.034277562016759425,-2.3925384166041717,29,83.0,0.034482758620689655,0.20689655172413793,2.8620689655172415,42,338.0,0.21428571428571427,0.023809523809523808,8.047619047619047
2023,14,GB,NYG,22,0.5972260274936071,0.05007026383270021,-1.1953601003884815,0.4385092548003248,1.7925861278820885,-0.38843899096762463,26,123.0,0.11538461538461539,0.19230769230769232,4.730769230769231,42,205.0,0.11904761904761904,0.09523809523809523,4.880952380952381
2023,15,LAC,LV,21,-0.1171153506195736,0.34362462559627877,-0.5222330090988869,-0.7374004192923892,0.40511765847931336,1.081025044888668,28,92.0,0.03571428571428571,0.21428571428571427,3.2857142857142856,36,243.0,0.08333333333333333,0.1111111111111111,6.75
2023,15,MIN,CIN,24,-0.33178600822619253,-1.658296947880582,-1.1714665379225777,0.3480367857389785,0.8396805296963852,-2.0063337336195604,30,143.0,0.06666666666666667,0.16666666666666666,4.766666666666667,39,288.0,0.1794871794871795,0.07692307692307693,7.384615384615385
2023,15,PIT,IND,13,0.01839089447578244,-0.44830589225313017,0.8015570179948168,-0.682344328756364,-0.7831661235190344,0.2340384365032338,24,74.0,0.08333333333333333,0.2916666666666667,3.0833333333333335,30,142.0,0.2,0.16666666666666666,4.733333333333333
2023,15,DEN,DET,17,-0.49911502199557545,-0.8675733882033017,0.9001042685297271,1.8649433771470247,-1.3992192905253025,-2.7325167653503266,28,83.0,0.07142857142857142,0.21428571428571427,2.9642857142857144,35,205.0,0.17142857142857143,0.11428571428571428,5.857142857142857
2023,15,ATL,CAR,7,-0.8133891446201944,0.25292126922901953,0.1365621620393149,-0.9328757491827148,-0.9499513066595093,1.1857970184117343,31,52.0,0.0,0.45161290322580644,1.6774193548387097,21,153.0,0.09523809523809523,0.0,7.285714285714286
2023,15,CHI,CLE,17,0.866342940487402,-0.6798594476942915,0.8949505720872737,0.5770820063821195,-0.028607631599871675,-1.256941454076411,27,88.0,0.1111111111111111,0.3333333333333333,3.259259259259259,45,159.0,0.08888888888888889,0.1111111111111111,3.533333333333333
2023,15,TB,GB,34,-0.16880654286706603,0.7470972800109946,-0.433685397994597,-0.22042679376181193,0.26487885512753095,0.9675240737728066,27,99.0,0.037037037037037035,0.14814814814814814,3.6666666666666665,33,353.0,0.3939393939393939,0.15151515151515152,10.696969696969697
2023,15,NYJ,MIA,0,-1.2902466642912715,-1.0266656639178466,-0.002247331955775606,1.3659394532692979,-1.287999332335496,-2.3926051171871445,12,23.0,0.0,0.25,1.9166666666666667,43,80.0,0.046511627906976744,0.18604651162790697,1.8604651162790697
2023,15,KC,NE,27,-0.039783787602350504,-1.0862670723931147,1.2104927286666403,0.1687037733249579,-1.2502765162689908,-1.2549708457180726,20,43.0,0.05,0.3,2.15,41,283.0,0.17073170731707318,0.07317073170731707,6.902439024390244
2023,15,NYG,NO,6,-0.3696971946699603,-0.6113059907199383,-0.11773584256495809,-0.6719142782268893,-0.25196135210500226,0.06060828750695102,16,60.0,0.125,0.1875,3.75,46,141.0,0.08695652173913043,0.1956521739130435,3.0652173913043477
2023,15,HOU,TEN,19,-0.8844871832830261,-0.2289500950935606,0.28331409625098897,-0.7846392135736472,-1.1678012795340151,0.5556891184800866,32,148.0,0.125,0.25,4.625,40,192.0,0.175,0.175,4.8
2023,15,SF,ARI,45,1.1457351949977,0.45361782737273143,-1.353134463783926,-1.4305030541442514,2.4988696587816257,1.8841208815169828,26,144.0,0.3076923076923077,0.23076923076923078,5.538461538461538,27,262.0,0.25925925925925924,0.0,9.703703703703704
2023,15,WAS,LA,20,0.5110980521714303,0.010287631896513029,-0.07202738492728988,-0.665795231789479,0.5831254370987202,0.676082863685992,21,79.0,0.09523809523809523,0.2857142857142857,3.761904761904762,41,249.0,0.14634146341463414,0.04878048780487805,6.073170731707317
2023,15,DAL,BUF,10,0.34409904637993427,0.6075071034920049,-0.02137145018214534,0.4134493620229159,0.36547049656207964,0.194057741469089,20,89.0,0.1,0.1,4.45,41,133.0,0.04878048780487805,0.0975609756097561,3.2439024390243905
2023,15,BAL,JAX,23,0.996040536131218,1.2750624386672147,-0.11978728871192726,0.5581438276248282,1.1158278248431452,0.7169186110423865,42,251.0,0.21428571428571427,0.047619047619047616,5.976190476190476,31,175.0,0.1935483870967742,0.12903225806451613,5.645161290322581
2023,15,PHI,SEA,17,0.4099490326553549,-0.21691501645131753,-0.5625355197755141,-0.0148659831072561,0.972484552430869,-0.20204903334406144,38,178.0,0.13157894736842105,0.13157894736842105,4.684210526315789,37,196.0,0.10810810810810811,0.08108108108108109,5.297297297297297
2023,16,NO,LA,22,-0.4171022515656428,1.1804607194935952,-0.07202738492728988,-0.665795231789479,-0.3450748666383529,1.8462559512830743,16,35.0,0.0,0.25,2.1875,44,309.0,0.18181818181818182,0.09090909090909091,7.0227272727272725
2023,16,CIN,PIT,11,0.5967033055017595,-0.20304474243312387,0.042702853465564045,0.32857391728463575,0.5540004520361955,-0.5316186597177597,16,59.0,0.125,0.1875,3.6875,46,311.0,0.13043478260869565,0.13043478260869565,6.760869565217392
2023,16,BUF,LAC,24,1.213384327271969,0.17370778014402857,0.1058547141369668,-0.8098180977696844,1.1075296131350023,0.9835258779137129,30,105.0,0.03333333333333333,0.13333333333333333,3.5,23,234.0,0.30434782608695654,0.08695652173913043,10.173913043478262
2023,16,IND,ATL,10,-0.10969495907463964,0.4780820892089394,1.1876015880421962,0.3598742582706589,-1.2972965471168358,0.11820783093828052,25,92.0,0.12,0.36,3.68,46,202.0,0.10869565217391304,0.15217391304347827,4.391304347826087
2023,16,GB,CAR,33,0.5972260274936071,0.05007026383270021,0.1365621620393149,-0.9328757491827148,0.46066386545429217,0.982946013015415,34,162.0,0.17647058823529413,0.08823529411764706,4.764705882352941,30,218.0,0.2,0.1,7.266666666666667
2023,16,CLE,HOU,36,-0.906187696307213,-0.25557061331908915,1.5154998765597503,0.7750843311687893,-2.421687572866963,-1.0306549444878783,32,56.0,0.03125,0.375,1.75,46,366.0,0.17391304347826086,0.06521739130434782,7.956521739130435
2023,16,DET,MIN,30,0.6641255115599745,-0.05704854052906392,-0.2790405967785615,0.02814239731624335,0.943166108338536,-0.08519093784530726,36,143.0,0.1388888888888889,0.1388888888888889,3.9722222222222223,41,246.0,0.12195121951219512,0.024390243902439025,6.0
2023,16,WAS,NYJ,28,0.5110980521714303,0.010287631896513029,0.5679672878591857,1.5863009600724396,-0.05686923568775537,-1.5760133281759265,22,102.0,0.2727272727272727,0.18181818181818182,4.636363636363637,37,153.0,0.10810810810810811,0.05405405405405406,4.135135135135135
2023,16,SEA,TEN,20,-0.9349082798739412,-0.9836665718060426,0.28331409625098897,-0.7846392135736472,-1.2182223761249302,-0.19902735823239537,20,58.0,0.1,0.25,2.9,40,217.0,0.125,0.1,5.425
2023,16,JAX,TB,12,-0.8986328931944014,0.5065935645301051,0.4270184214846672,-0.38063732000561634,-1.3256513146790687,0.8872308845357214,13,37.0,0.15384615384615385,0.3076923076923077,2.8461538461538463,54,303.0,0.09259259259259259,0.07407407407407407,5.611111111111111
2023,16,ARI,CHI,16,0.32594533718484064,0.02389460982564991,0.7104208669437911,-0.13998727183108842,-0.3844755297589505,0.16388188165673834,20,93.0,0.15,0.25,4.65,42,227.0,0.14285714285714285,0.09523809523809523,5.404761904761905
2023,16,DAL,MIA,20,0.34409904637993427,0.6075071034920049,-0.002247331955775606,1.3659394532692979,0.34634637833570986,-0.758432349777293,25,97.0,0.04,0.12,3.88,38,266.0,0.10526315789473684,0.13157894736842105,7.0
2023,16,NE,DEN,26,-0.15013036390005663,0.2699331688472029,-1.3712634483544255,-0.9957419436991287,1.2211330844543689,1.2656751125463317,21,59.0,0.0,0.19047619047619047,2.8095238095238093,35,232.0,0.17142857142857143,0.11428571428571428,6.628571428571429
2023,16,LV,KC,20,-0.1924597408460147,1.391209707444671,-0.7488773376958111,0.9503626051062884,0.5564175968497964,0.44084710233838253,31,159.0,0.0967741935483871,0.22580645161290322,5.129032258064516,23,48.0,0.043478260869565216,0.13043478260869565,2.0869565217391304
2023,16,NYG,PHI,25,-0.3696971946699603,-0.6113059907199383,0.008475903029680099,0.41721206982331854,-0.3781730976996404,-1.028518060543257,27,108.0,0.1111111111111111,0.1111111111111111,4.0,33,207.0,0.09090909090909091,0.06060606060606061,6.2727272727272725
2023,16,BAL,SF,33,0.996040536131218,1.2750624386672147,0.031839156221815476,-0.15590440756997104,0.9642013799094026,1.4309668462371858,26,102.0,0.07692307692307693,0.23076923076923078,3.923076923076923,39,280.0,0.10256410256410256,0.07692307692307693,7.17948717948718
2023,17,NYJ,CLE,20,-1.2902466642912715,-1.0266656639178466,0.8949505720872737,0.5770820063821195,-2.1851972363785452,-1.603747670299966,21,107.0,0.14285714285714285,0.19047619047619047,5.095238095238095,50,264.0,0.12,0.08,5.28
2023,17,DET,DAL,19,0.6641255115599745,-0.05704854052906392,0.12043094739826213,-0.23151944822367576,0.5436945641617124,0.17447090769461185,31,125.0,0.16129032258064516,0.2903225806451613,4.032258064516129,34,295.0,0.20588235294117646,0.058823529411764705,8.676470588235293
2023,17,MIA,BAL,19,0.4667667706475805,1.1749442520333224,-0.24817345380798783,-0.47590970818683115,0.7149402244555683,1.6508539602201535,25,154.0,0.2,0.28,6.16,44,235.0,0.18181818181818182,0.06818181818181818,5.340909090909091
2023,17,NE,BUF,21,-0.15013036390005663,0.2699331688472029,-0.02137145018214534,0.4134493620229159,-0.1287589137179113,-0.14351619317571296,24,103.0,0.125,0.2916666666666667,4.291666666666667,31,226.0,0.16129032258064516,0.12903225806451613,7.290322580645161
2023,17,ATL,CHI,17,-0.8133891446201944,0.25292126922901953,0.7104208669437911,-0.13998727183108842,-1.5238100115639854,0.392908541060108,24,134.0,0.25,0.16666666666666666,5.583333333333333,39,219.0,0.07692307692307693,0.07692307692307693,5.615384615384615
2023,17,TEN,HOU,3,0.03203023006098382,-1.026598963334874,1.5154998765597503,0.7750843311687893,-1.4834696464987664,-1.8016832945036634,21,53.0,0.047619047619047616,0.38095238095238093,2.5238095238095237,32,134.0,0.125,0.1875,4.1875
2023,17,LV,IND,20,-0.1924597408460147,1.391209707444671,0.8015570179948168,-0.682344328756364,-0.9940167588408315,2.0735540362010347,25,84.0,0.0,0.16,3.36,49,286.0,0.12244897959183673,0.04081632653061224,5.836734693877551
2023,17,CAR,JAX,0,-0.0642941240823986,-0.23603551423408967,-0.11978728871192726,0.5581438276248282,0.05549316462952866,-0.7941793418589178,15,57.0,0.0,0.13333333333333333,3.8,39,69.0,0.02564102564102564,0.23076923076923078,1.7692307692307692
2023,17,ARI,PHI,35,0.32594533718484064,0.02389460982564991,0.008475903029680099,0.41721206982331854,0.31746943415516055,-0.39331745999766865,40,221.0,0.225,0.1,5.525,34,239.0,0.058823529411764705,0.029411764705882353,7.029411764705882
2023,17,NO,TB,23,-0.4171022515656428,1.1804607194935952,0.4270184214846672,-0.38063732000561634,-0.8441206730503099,1.5610980394992116,35,108.0,0.08571428571428572,0.3142857142857143,3.085714285714286,35,202.0,0.05714285714285714,0.08571428571428572,5.771428571428571
2023,17,SF,WAS,27,1.1457351949977,0.45361782737273143,-0.7258532967677822,-0.8500751302320168,1.8715884917654821,1.3036929576047482,39,184.0,0.1794871794871795,0.1794871794871795,4.717948717948718,30,228.0,0.2,0.06666666666666667,7.6
2023,17,PIT,SEA,30,0.01839089447578244,-0.44830589225313017,-0.5625355197755141,-0.0148659831072561,0.5809264142512965,-0.43343990914587405,46,202.0,0.10869565217391304,0.17391304347826086,4.391304347826087,26,268.0,0.23076923076923078,0.038461538461538464,10.307692307692308
2023,17,LAC,DEN,9,-0.1171153506195736,0.34362462559627877,-1.3712634483544255,-0.9957419436991287,1.2541480977348518,1.3393665692954075,24,86.0,0.0,0.125,3.5833333333333335,38,215.0,0.18421052631578946,0.02631578947368421,5.657894736842105
2023,17,CIN,KC,17,0.5967033055017595,-0.20304474243312387,-0.7488773376958111,0.9503626051062884,1.3455806431975708,-1.1534073475394124,32,104.0,0.03125,0.1875,3.25,44,187.0,0.11363636363636363,0.1590909090909091,4.25
2023,17,GB,MIN,33,0.5972260274936071,0.05007026383270021,-0.2790405967785615,0.02814239731624335,0.8762666242721686,0.02192786651645686,39,177.0,0.15384615384615385,0.10256410256410256,4.538461538461538,34,293.0,0.14705882352941177,0.058823529411764705,8.617647058823529
2023,18,PIT,BAL,17,0.01839089447578244,-0.44830589225313017,-0.24817345380798783,-0.47590970818683115,0.2665643482837703,0.02760381593370098,39,155.0,0.10256410256410256,0.23076923076923078,3.9743589743589745,23,134.0,0.043478260869565216,0.17391304347826086,5.826086956521739
2023,18,HOU,IND,23,-0.8844871832830261,-0.2289500950935606,0.8015570179948168,-0.682344328756364,-1.686044201277843,0.4533942336628034,28,60.0,0.03571428571428571,0.14285714285714285,2.142857142857143,31,266.0,0.16129032258064516,0.06451612903225806,8.580645161290322
2023,18,TB,CAR,9,-0.16880654286706603,0.7470972800109946,0.1365621620393149,-0.9328757491827148,-0.3053687049063809,1.6799730291937094,29,113.0,0.06896551724137931,0.1724137931034483,3.896551724137931,37,124.0,0.02702702702702703,0.10810810810810811,3.3513513513513513
2023,18,CLE,CIN,14,-0.906187696307213,-0.25557061331908915,-1.1714665379225777,0.3480367857389785,0.26527884161536475,-0.6036073990580677,24,104.0,0.16666666666666666,0.20833333333333334,4.333333333333333,32,166.0,0.15625,0.09375,5.1875
2023,18,MIN,DET,20,-0.33178600822619253,-1.658296947880582,0.9001042685297271,1.8649433771470247,-1.2318902767559197,-3.523240325027607,22,89.0,0.13636363636363635,0.13636363636363635,4.045454545454546,49,365.0,0.1836734693877551,0.08163265306122448,7.448979591836735
2023,18,NYJ,NE,17,-1.2902466642912715,-1.0266656639178466,1.2104927286666403,0.1687037733249579,-2.500739392957912,-1.1953694372428045,43,187.0,0.09302325581395349,0.20930232558139536,4.348837209302325,21,69.0,0.047619047619047616,0.047619047619047616,3.2857142857142856
2023,18,ATL,NO,17,-0.8133891446201944,0.25292126922901953,-0.11773584256495809,-0.6719142782268893,-0.6956533020552363,0.9248355474559089,25,78.0,0.0,0.16,3.12,36,317.0,0.16666666666666666,0.05555555555555555,8.805555555555555
2023,18,JAX,TEN,20,-0.8986328931944014,0.5065935645301051,0.28331409625098897,-0.7846392135736472,-1.1819469894453905,1.2912327781037523,23,82.0,0.043478260869565216,0.2608695652173913,3.5652173913043477,45,290.0,0.06666666666666667,0.022222222222222223,6.444444444444445
2023,18,SEA,ARI,21,-0.9349082798739412,-0.9836665718060426,-1.353134463783926,-1.4305030541442514,0.4182261839099848,0.44683648233820883,25,138.0,0.24,0.16,5.52,31,217.0,0.16129032258064516,0.0,7.0
2023,18,CHI,GB,9,0.866342940487402,-0.6798594476942915,-0.433685397994597,-0.22042679376181193,1.300028338481999,-0.45943265393247956,25,75.0,0.0,0.24,3.0,24,131.0,0.16666666666666666,0.25,5.458333333333333
2023,18,KC,LAC,13,-0.039783787602350504,-1.0862670723931147,0.1058547141369668,-0.8098180977696844,-0.1456385017393173,-0.2764489746234303,28,123.0,0.10714285714285714,0.17857142857142858,4.392857142857143,35,192.0,0.05714285714285714,0.05714285714285714,5.485714285714286
2023,18,DEN,LV,14,-0.49911502199557545,-0.8675733882033017,-0.5222330090988869,-0.7374004192923892,0.023117987103311477,-0.13017296891091246,20,48.0,0.05,0.3,2.4,40,241.0,0.175,0.15,6.025
2023,18,PHI,NYG,10,0.4099490326553549,-0.21691501645131753,-1.1953601003884815,0.4385092548003248,1.6053091330438365,-0.6554242712516424,24,133.0,0.20833333333333334,0.08333333333333333,5.541666666666667,43,180.0,0.06976744186046512,0.11627906976744186,4.186046511627907
2023,18,DAL,WAS,38,0.34409904637993427,0.6075071034920049,-0.7258532967677822,-0.8500751302320168,1.0699523431477165,1.4575822337240216,29,131.0,0.06896551724137931,0.20689655172413793,4.517241379310345,40,309.0,0.2,0.025,7.725
2023,18,BUF,MIA,21,1.213384327271969,0.17370778014402857,-0.002247331955775606,1.3659394532692979,1.2156316592277447,-1.1922316731252693,36,128.0,0.1388888888888889,0.19444444444444445,3.5555555555555554,45,396.0,0.15555555555555556,0.08888888888888889,8.8
2024,1,BAL,KC,20,1.2985102190356583,0.06745730854567548,0.19756958700542213,0.5920023773739369,1.1009406320302362,-0.5245450688282615,32,185.0,0.15625,0.03125,5.78125,52,342.0,0.1346153846153846,0.038461538461538464,6.576923076923077
2024,1,GB,PHI,29,0.6086604419549785,-0.478908625138442,0.5315434090002562,-0.8945676665055696,0.07711703295472228,0.4156590413671276,22,163.0,0.22727272727272727,0.3181818181818182,7.409090909090909,37,251.0,0.13513513513513514,0.08108108108108109,6.783783783783784
2024,1,PIT,ATL,18,-0.47449148735658897,-0.47625351249242115,-0.14574807635654713,-0.31430299599593314,-0.32874341100004184,-0.161950516496488,41,137.0,0.04878048780487805,0.14634146341463414,3.341463414634146,30,164.0,0.06666666666666667,0.1,5.466666666666667
2024,1,ARI,BUF,28,0.3721082065166064,1.3296261861670147,0.7411934291898009,0.2209260687314684,-0.3690852226731945,1.1087001174355462,26,126.0,0.15384615384615385,0.11538461538461539,4.846153846153846,38,193.0,0.05263157894736842,0.10526315789473684,5.078947368421052
2024,1,TEN,CHI,17,-1.019343936166908,-0.11112342535782349,-0.7673415787174952,0.7723828838177744,-0.2520023574494129,-0.8835063091755979,26,140.0,0.19230769230769232,0.15384615384615385,5.384615384615385,38,125.0,0.07894736842105263,0.13157894736842105,3.289473684210526
2024,1,NE,CIN,16,-0.41378517649876967,-0.39144868332879534,-0.476190619247557,0.48566386577988735,0.06240544274878734,-0.8771125491086826,39,170.0,0.1282051282051282,0.20512820512820512,4.358974358974359,29,154.0,0.10344827586206896,0.06896551724137931,5.310344827586207
2024,1,HOU,IND,29,-0.532636077434733,-1.625521702511423,0.7983023946128257,0.27111220404094655,-1.3309384720475586,-1.8966339065523696,41,213.0,0.14634146341463414,0.17073170731707318,5.195121951219512,38,219.0,0.10526315789473684,0.13157894736842105,5.7631578947368425
2024,1,JAX,MIA,17,-0.3078095207040591,1.32087421737413,-0.1471403398836469,-0.0058122791414333035,-0.1606691808204122,1.3266864965155631,26,128.0,0.15384615384615385,0.19230769230769232,4.923076923076923,25,147.0,0.2,0.12,5.88
2024,1,CAR,NO,10,1.464972995386316,-0.8791543519110756,-1.2598585814332397,0.013816732520338992,2.7248315768195557,-0.8929710844314146,20,58.0,0.0,0.1,2.9,39,147.0,0.07692307692307693,0.10256410256410256,3.769230769230769
2024,1,MIN,NYG,28,-0.32969532061648543,-0.49733095333191396,-0.25125310046004756,-0.08267715504089397,-0.07844222015643787,-0.41465379829102,26,111.0,0.19230769230769232,0.15384615384615385,4.269230769230769,26,204.0,0.15384615384615385,0.038461538461538464,7.846153846153846
2024,1,LV,LAC,10,-0.5175916226484226,-0.1794002056692365,-0.2815222001006618,-0.4170195533800647,-0.2360694225477608,0.23761934771082818,22,71.0,0.045454545454545456,0.22727272727272727,3.227272727272727,40,230.0,0.15,0.125,5.75
2024,1,DEN,SEA,20,-0.612790255895493,0.7664992760085404,-0.97177418616095,0.22229264822859518,0.35898393026545705,0.5442066277799452,25,99.0,0.12,0.16,3.96,49,167.0,0.04081632653061224,0.10204081632653061,3.4081632653061225
2024,1,DAL,CLE,33,0.6113819556476193,-0.6752109545204793,0.9034650944097785,1.2185240053604602,-0.2920831387621592,-1.8937349598809394,25,102.0,0.12,0.12,4.08,35,163.0,0.11428571428571428,0.14285714285714285,4.6571428571428575
2024,1,WAS,TB,20,0.41326741172240766,0.6794321899329977,1.0742575039507527,0.48631056054037264,-0.660990092228345,0.19312162939262506,30,138.0,0.13333333333333333,0.2,4.6,34,238.0,0.08823529411764706,0.08823529411764706,7.0
2024,1,NYJ,SF,19,-0.6266147274098506,0.38114605600095325,-0.45137112386505784,-0.5024346385366765,-0.17524360354479274,0.8835806945376297,20,68.0,0.05,0.25,3.4,32,205.0,0.09375,0.03125,6.40625
2024,2,BUF,MIA,31,0.626194352042176,0.7464544747435861,-0.1471403398836469,-0.0058122791414333035,0.7733346919258228,0.7522667538850194,26,108.0,0.07692307692307693,0.34615384615384615,4.153846153846154,20,142.0,0.15,0.05,7.1
2024,2,LV,BAL,26,-0.5175916226484226,-0.1794002056692365,0.9791643215298784,-0.01922408955117927,-1.4967559441783012,-0.16017611611805724,17,27.0,0.0,0.29411764705882354,1.588235294117647,43,233.0,0.13953488372093023,0.18604651162790697,5.4186046511627906
2024,2,LAC,CAR,26,-0.956448956101138,0.048609968337654484,-1.6523917463275657,-1.6624239996655963,0.6959427902264277,1.7110339680032507,44,219.0,0.11363636363636363,0.20454545454545456,4.9772727272727275,22,138.0,0.13636363636363635,0.09090909090909091,6.2727272727272725
2024,2,NO,DAL,44,-0.11860880038297686,-0.8350582903604074,-2.0778892377475127,1.9520551578421304,1.9592804373645358,-2.787113448202538,39,190.0,0.1282051282051282,0.1282051282051282,4.871794871794871,17,242.0,0.29411764705882354,0.11764705882352941,14.235294117647058
2024,2,TB,DET,20,0.6509308797207736,1.2754717757142509,-0.1427317782435004,1.4064881073086921,0.7936626579642739,-0.13101633159444126,23,70.0,0.13043478260869565,0.2608695652173913,3.0434782608695654,27,170.0,0.25925925925925924,0.18518518518518517,6.296296296296297
2024,2,IND,GB,10,0.3665459151436877,-0.6619858974014049,0.6922656714327491,-0.07865499826441995,-0.3257197562890614,-0.583330899136985,18,140.0,0.3888888888888889,0.2222222222222222,7.777777777777778,36,230.0,0.1388888888888889,0.027777777777777776,6.388888888888889
2024,2,CLE,JAX,18,-0.2546397603874345,-0.7116324936255275,-0.047514175193638646,-1.396839708177751,-0.20712558519379587,0.6852072145522236,29,125.0,0.06896551724137931,0.10344827586206896,4.310344827586207,38,180.0,0.07894736842105263,0.13157894736842105,4.7368421052631575
2024,2,SF,MIN,17,0.19844863770324825,0.48746471713601913,0.3950035452913554,0.7180531715210406,-0.19655490758810715,-0.2305884543850215,25,102.0,0.12,0.28,4.08,44,306.0,0.1590909090909091,0.13636363636363635,6.954545454545454
2024,2,SEA,NE,23,-0.7326745520311555,0.08252741883704486,-0.3737274461210274,-0.6329109249546444,-0.35894710591012813,0.7154383437916892,19,46.0,0.0,0.3157894736842105,2.4210526315789473,47,317.0,0.1276595744680851,0.10638297872340426,6.74468085106383
2024,2,NYJ,TEN,24,-0.6266147274098506,0.38114605600095325,0.7794902384637499,-1.426907069936826,-1.4061049658736005,1.8080531259377792,24,101.0,0.08333333333333333,0.2916666666666667,4.208333333333333,33,166.0,0.12121212121212122,0.09090909090909091,5.03030303030303
2024,2,NYG,WAS,18,0.22337917477839428,-0.8682802279417275,-0.796161707452472,0.14830092174330353,1.0195408822308663,-1.016581149685031,22,129.0,0.18181818181818182,0.13636363636363635,5.863636363636363,32,181.0,0.125,0.0625,5.65625
2024,2,PIT,DEN,13,-0.47449148735658897,-0.47625351249242115,1.1459613430088964,1.118451979271823,-1.6204528303654855,-1.5947054917642443,36,141.0,0.1111111111111111,0.1388888888888889,3.9166666666666665,26,137.0,0.038461538461538464,0.07692307692307693,5.269230769230769
2024,2,CIN,KC,25,0.44993790569846426,0.06966085918622926,0.19756958700542213,0.5920023773739369,0.2523683186930421,-0.5223415181877077,22,74.0,0.045454545454545456,0.13636363636363635,3.3636363636363638,41,253.0,0.07317073170731707,0.0975609756097561,6.170731707317073
2024,2,CHI,HOU,13,-0.6063990018488997,0.19914262227427126,1.4017883297314655,0.31770039092777774,-2.0081873315803653,-0.11855776865350648,22,71.0,0.09090909090909091,0.2727272727272727,3.227272727272727,48,178.0,0.0625,0.20833333333333334,3.7083333333333335
2024,2,ATL,PHI,22,0.12098322353229385,0.3815238094061832,0.5315434090002562,-0.8945676665055696,-0.41056018546796236,1.2760914759117528,28,152.0,0.21428571428571427,0.17857142857142858,5.428571428571429,32,234.0,0.15625,0.0625,7.3125
2024,3,NE,NYJ,3,-0.41378517649876967,-0.39144868332879534,0.6555028099314706,0.22721164086427673,-1.0692879864302403,-0.618660324193072,15,78.0,0.13333333333333333,0.06666666666666667,5.2,35,73.0,0.08571428571428572,0.2571428571428571,2.085714285714286
2024,3,NYG,CLE,21,0.22337917477839428,-0.8682802279417275,0.9034650944097785,1.2185240053604602,-0.6800859196313842,-2.0868042333021877,32,112.0,0.0625,0.25,3.5,39,237.0,0.10256410256410256,0.05128205128205128,6.076923076923077
2024,3,CHI,IND,16,-0.6063990018488997,0.19914262227427126,0.7983023946128257,0.27111220404094655,-1.4047013964617254,-0.07196958176667528,28,63.0,0.0,0.17857142857142858,2.25,56,332.0,0.125,0.07142857142857142,5.928571428571429
2024,3,HOU,MIN,7,-0.532636077434733,-1.625521702511423,0.3950035452913554,0.7180531715210406,-0.9276396227260884,-2.3435748740324636,14,38.0,0.0,0.21428571428571427,2.7142857142857144,51,270.0,0.17647058823529413,0.11764705882352941,5.294117647058823
2024,3,PHI,NO,15,0.6478926733651006,0.15587227178179633,-1.2598585814332397,0.013816732520338992,1.9077512547983404,0.14205553926145734,26,174.0,0.19230769230769232,0.34615384615384615,6.6923076923076925,45,320.0,0.13333333333333333,0.13333333333333333,7.111111111111111
2024,3,LAC,PIT,10,-0.956448956101138,0.048609968337654484,0.4631319287770479,0.22264110152040786,-1.419580884878186,-0.17403113318275337,20,61.0,0.05,0.2,3.05,25,105.0,0.16,0.2,4.2
2024,3,DEN,TB,26,-0.612790255895493,0.7664992760085404,1.0742575039507527,0.48631056054037264,-1.6870477598462457,0.28018871546816776,28,136.0,0.07142857142857142,0.14285714285714285,4.857142857142857,39,246.0,0.10256410256410256,0.0,6.3076923076923075
2024,3,GB,TEN,30,0.6086604419549785,-0.478908625138442,0.7794902384637499,-1.426907069936826,-0.1708297965087714,0.947998444798384,37,188.0,0.13513513513513514,0.21621621621621623,5.081081081081081,25,222.0,0.24,0.12,8.88
2024,3,CAR,LV,36,1.464972995386316,-0.8791543519110756,0.023227177144263977,-0.8358174729838229,1.441745818242052,-0.04333687892725269,31,131.0,0.0967741935483871,0.16129032258064516,4.225806451612903,40,306.0,0.225,0.075,7.65
2024,3,MIA,SEA,3,-1.3645449076827327,1.1131520698877606,-0.97177418616095,0.22229264822859518,-0.3927707215217827,0.8908594216591654,18,65.0,0.1111111111111111,0.2777777777777778,3.611111111111111,39,146.0,0.10256410256410256,0.15384615384615385,3.7435897435897436
2024,3,DET,ARI,20,0.39749689631752466,-0.2526023474139641,-0.09981792740559892,-1.0515135837168363,0.4973148237231236,0.7989112363028723,43,187.0,0.13953488372093023,0.23255813953488372,4.348837209302325,26,194.0,0.19230769230769232,0.07692307692307693,7.461538461538462
2024,3,BAL,DAL,28,1.2985102190356583,0.06745730854567548,-2.0778892377475127,1.9520551578421304,3.376399456783171,-1.8845978492964548,45,274.0,0.2222222222222222,0.1111111111111111,6.088888888888889,17,188.0,0.17647058823529413,0.0,11.058823529411764
2024,3,SF,LA,24,0.19844863770324825,0.48746471713601913,-0.8394329587632194,-1.072827681541601,1.0378815964664676,1.56029239867762,34,137.0,0.08823529411764706,0.17647058823529413,4.029411764705882,38,325.0,0.15789473684210525,0.02631578947368421,8.552631578947368
2024,3,KC,ATL,22,0.4173632146004081,-0.4513076099788549,-0.14574807635654713,-0.31430299599593314,0.5631112909569552,-0.13700461398292174,33,128.0,0.030303030303030304,0.18181818181818182,3.878787878787879,42,247.0,0.07142857142857142,0.023809523809523808,5.880952380952381
2024,3,JAX,BUF,10,-0.3078095207040591,1.32087421737413,0.7411934291898009,0.2209260687314684,-1.04900294989386,1.0999481486426614,17,92.0,0.17647058823529413,0.0,5.411764705882353,52,148.0,0.057692307692307696,0.11538461538461539,2.8461538461538463
2024,3,WAS,CIN,38,0.41326741172240766,0.6794321899329977,-0.476190619247557,0.48566386577988735,0.8894580309699647,0.19376832415311035,32,108.0,0.03125,0.21875,3.375,30,271.0,0.13333333333333333,0.06666666666666667,9.033333333333333
2024,4,DAL,NYG,20,0.6113819556476193,-0.6752109545204793,-0.25125310046004756,-0.08267715504089397,0.8626350561076669,-0.5925337994795853,23,80.0,0.043478260869565216,0.2608695652173913,3.4782608695652173,28,213.0,0.14285714285714285,0.03571428571428571,7.607142857142857
2024,4,NO,ATL,24,-0.11860880038297686,-0.8350582903604074,-0.14574807635654713,-0.31430299599593314,0.02713927597357027,-0.5207552943644742,33,131.0,0.12121212121212122,0.2727272727272727,3.9696969696969697,38,240.0,0.10526315789473684,0.02631578947368421,6.315789473684211
2024,4,CIN,CAR,34,0.44993790569846426,0.06966085918622926,-1.6523917463275657,-1.6624239996655963,2.1023296520260297,1.7320848588518256,31,141.0,0.16129032258064516,0.0967741935483871,4.548387096774194,32,242.0,0.09375,0.0625,7.5625
2024,4,MIN,GB,31,-0.32969532061648543,-0.49733095333191396,0.6922656714327491,-0.07865499826441995,-1.0219609920492345,-0.418675955067494,34,120.0,0.11764705882352941,0.3235294117647059,3.5294117647058822,33,277.0,0.18181818181818182,0.06060606060606061,8.393939393939394
2024,4,JAX,HOU,20,-0.3078095207040591,1.32087421737413,1.4017883297314655,0.31770039092777774,-1.7095978504355247,1.0031738264463521,24,158.0,0.20833333333333334,0.20833333333333334,6.583333333333333,35,161.0,0.11428571428571428,0.05714285714285714,4.6
2024,4,PIT,IND,24,-0.47449148735658897,-0.47625351249242115,0.7983023946128257,0.27111220404094655,-1.2727938819694147,-0.7473657165333677,30,122.0,0.16666666666666666,0.2,4.066666666666666,41,298.0,0.14634146341463414,0.0975609756097561,7.2682926829268295
2024,4,DEN,NYJ,10,-0.612790255895493,0.7664992760085404,0.6555028099314706,0.22721164086427673,-1.2682930658269636,0.5392876351442637,31,126.0,0.12903225806451613,0.25806451612903225,4.064516129032258,26,67.0,0.07692307692307693,0.23076923076923078,2.576923076923077
2024,4,PHI,TB,16,0.6478926733651006,0.15587227178179633,1.0742575039507527,0.48631056054037264,-0.4263648305856521,-0.3304382887585763,20,113.0,0.05,0.2,5.65,37,121.0,0.08108108108108109,0.16216216216216217,3.27027027027027
2024,4,WAS,ARI,42,0.41326741172240766,0.6794321899329977,-0.09981792740559892,-1.0515135837168363,0.5130853391280066,1.7309457736498342,37,216.0,0.13513513513513514,0.05405405405405406,5.837837837837838,37,265.0,0.10810810810810811,0.02702702702702703,7.162162162162162
2024,4,NE,SF,13,-0.41378517649876967,-0.39144868332879534,-0.45137112386505784,-0.5024346385366765,0.037585947366288175,0.11098595520788113,24,73.0,0.041666666666666664,0.25,3.0416666666666665,39,141.0,0.05128205128205128,0.20512820512820512,3.6153846153846154
2024,4,KC,LAC,17,0.4173632146004081,-0.4513076099788549,-0.2815222001006618,-0.4170195533800647,0.6988854147010699,-0.034288056598790195,26,101.0,0.07692307692307693,0.15384615384615385,3.8846153846153846,34,243.0,0.17647058823529413,0.11764705882352941,7.147058823529412
2024,4,CLE,LV,16,-0.2546397603874345,-0.7116324936255275,0.023227177144263977,-0.8358174729838229,-0.2778669375316985,0.12418497935829542,22,92.0,0.045454545454545456,0.22727272727272727,4.181818181818182,42,181.0,0.047619047619047616,0.09523809523809523,4.309523809523809
2024,4,BUF,BAL,10,0.626194352042176,0.7464544747435861,0.9791643215298784,-0.01922408955117927,-0.35296996948770243,0.7656785642947653,23,81.0,0.0,0.13043478260869565,3.5217391304347827,37,170.0,0.10810810810810811,0.13513513513513514,4.594594594594595
2024,4,TEN,MIA,31,-1.019343936166908,-0.11112342535782349,-0.1471403398836469,-0.0058122791414333035,-0.8722035962832613,-0.10531114621639019,40,142.0,0.075,0.275,3.55,22,105.0,0.18181818181818182,0.09090909090909091,4.7727272727272725
2024,4,SEA,DET,29,-0.7326745520311555,0.08252741883704486,-0.1427317782435004,1.4064881073086921,-0.5899427737876551,-1.3239606884716473,19,133.0,0.3684210526315789,0.15789473684210525,7.0,63,407.0,0.12698412698412698,0.047619047619047616,6.4603174603174605
2024,5,TB,ATL,30,0.6509308797207736,1.2754717757142509,-0.14574807635654713,-0.31430299599593314,0.7966789560773206,1.589774771710184,26,160.0,0.15384615384615385,0.2692307692307692,6.153846153846154,30,216.0,0.2,0.13333333333333333,7.2
2024,5,NYJ,MIN,17,-0.6266147274098506,0.38114605600095325,0.3950035452913554,0.7180531715210406,-1.021618272701206,-0.3369071155200874,14,36.0,0.07142857142857142,0.2857142857142857,2.5714285714285716,57,218.0,0.07017543859649122,0.05263157894736842,3.824561403508772
2024,5,CAR,CHI,10,1.464972995386316,-0.8791543519110756,-0.7673415787174952,0.7723828838177744,2.2323145741038113,-1.65153723572885,19,120.0,0.10526315789473684,0.0,6.315789473684211,41,183.0,0.14634146341463414,0.1951219512195122,4.463414634146342
2024,5,BAL,CIN,41,1.2985102190356583,0.06745730854567548,-0.476190619247557,0.48566386577988735,1.7747008382832155,-0.41820655723421185,34,175.0,0.08823529411764706,0.17647058823529413,5.147058823529412,47,371.0,0.2127659574468085,0.02127659574468085,7.8936170212765955
2024,5,BUF,HOU,20,0.626194352042176,0.7464544747435861,1.4017883297314655,0.31770039092777774,-0.7755939776892895,0.4287540838158083,28,150.0,0.25,0.21428571428571427,5.357142857142857,35,180.0,0.11428571428571428,0.08571428571428572,5.142857142857143
2024,5,IND,JAX,34,0.3665459151436877,-0.6619858974014049,-0.047514175193638646,-1.396839708177751,0.4140600903373263,0.7348538107763462,20,99.0,0.15,0.2,4.95,50,369.0,0.18,0.12,7.38
2024,5,MIA,NE,15,-1.3645449076827327,1.1131520698877606,-0.3737274461210274,-0.6329109249546444,-0.9908174615617054,1.7460629948424051,41,193.0,0.14634146341463414,0.12195121951219512,4.7073170731707314,37,186.0,0.16216216216216217,0.10810810810810811,5.027027027027027
2024,5,CLE,WAS,13,-0.2546397603874345,-0.7116324936255275,-0.796161707452472,0.14830092174330353,0.5415219470650374,-0.8599334153688311,23,104.0,0.13043478260869565,0.2608695652173913,4.521739130434782,39,122.0,0.10256410256410256,0.20512820512820512,3.128205128205128
2024,5,LV,DEN,18,-0.5175916226484226,-0.1794002056692365,1.1459613430088964,1.118451979271823,-1.6635529656573191,-1.2978521849410596,26,117.0,0.11538461538461539,0.3076923076923077,4.5,42,237.0,0.09523809523809523,0.11904761904761904,5.642857142857143
2024,5,ARI,SF,24,0.3721082065166064,1.3296261861670147,-0.45137112386505784,-0.5024346385366765,0.8234793303816643,1.8320608247036911,27,171.0,0.2222222222222222,0.2222222222222222,6.333333333333333,33,205.0,0.15151515151515152,0.09090909090909091,6.212121212121212
2024,5,GB,LA,24,0.6086604419549785,-0.478908625138442,-0.8394329587632194,-1.072827681541601,1.4480934007181978,0.5939190564031589,30,126.0,0.13333333333333333,0.13333333333333333,4.2,29,214.0,0.13793103448275862,0.10344827586206896,7.379310344827586
2024,5,NYG,SEA,29,0.22337917477839428,-0.8682802279417275,-0.97177418616095,0.22229264822859518,1.1951533609393443,-1.0905728761703228,35,175.0,0.14285714285714285,0.14285714285714285,5.0,39,251.0,0.15384615384615385,0.07692307692307693,6.435897435897436
2024,5,DAL,PIT,20,0.6113819556476193,-0.6752109545204793,0.4631319287770479,0.22264110152040786,0.14825002687057143,-0.8978520560408871,31,109.0,0.0967741935483871,0.1935483870967742,3.5161290322580645,45,339.0,0.15555555555555556,0.044444444444444446,7.533333333333333
2024,5,NO,KC,13,-0.11860880038297686,-0.8350582903604074,0.19756958700542213,0.5920023773739369,-0.316178387388399,-1.4270606677343443,15,46.0,0.0,0.13333333333333333,3.066666666666667,38,185.0,0.07894736842105263,0.05263157894736842,4.868421052631579
2024,6,SF,SEA,36,0.19844863770324825,0.48746471713601913,-0.97177418616095,0.22229264822859518,1.1702228238641983,0.26517206890742395,34,228.0,0.11764705882352941,0.17647058823529413,6.705882352941177,31,275.0,0.16129032258064516,0.06451612903225806,8.870967741935484
2024,6,JAX,CHI,16,-0.3078095207040591,1.32087421737413,-0.7673415787174952,0.7723828838177744,0.4595320580134361,0.5484913335563555,20,68.0,0.1,0.2,3.4,44,228.0,0.09090909090909091,0.09090909090909091,5.181818181818182
2024,6,WAS,BAL,23,0.41326741172240766,0.6794321899329977,0.9791643215298784,-0.01922408955117927,-0.5658969098074708,0.698656279484177,18,52.0,0.0,0.3888888888888889,2.888888888888889,42,275.0,0.14285714285714285,0.11904761904761904,6.5476190476190474
2024,6,ARI,GB,13,0.3721082065166064,1.3296261861670147,0.6922656714327491,-0.07865499826441995,-0.32015746491614266,1.4082811844314347,23,89.0,0.043478260869565216,0.13043478260869565,3.869565217391304,36,225.0,0.1111111111111111,0.027777777777777776,6.25
2024,6,HOU,NE,41,-0.532636077434733,-1.625521702511423,-0.3737274461210274,-0.6329109249546444,-0.15890863131370558,-0.9926107775567786,28,192.0,0.14285714285714285,0.32142857142857145,6.857142857142857,35,184.0,0.08571428571428572,0.05714285714285714,5.257142857142857
2024,6,TB,NO,51,0.6509308797207736,1.2754717757142509,-1.2598585814332397,0.013816732520338992,1.9107894611540133,1.2616550431939118,35,277.0,0.2857142857142857,0.11428571428571428,7.914285714285715,41,346.0,0.1951219512195122,0.04878048780487805,8.439024390243903
2024,6,CLE,PHI,16,-0.2546397603874345,-0.7116324936255275,0.5315434090002562,-0.8945676665055696,-0.7861831693876907,0.18293517288004213,25,100.0,0.12,0.08,4.0,30,156.0,0.06666666666666667,0.16666666666666666,5.2
2024,6,IND,TEN,20,0.3665459151436877,-0.6619858974014049,0.7794902384637499,-1.426907069936826,-0.4129443233200622,0.7649211725354211,28,80.0,0.07142857142857142,0.39285714285714285,2.857142857142857,39,190.0,0.10256410256410256,0.07692307692307693,4.871794871794871
2024,6,LAC,DEN,23,-0.956448956101138,0.048609968337654484,1.1459613430088964,1.118451979271823,-2.1024102991100344,-1.0698420109341686,38,128.0,0.10526315789473684,0.34210526315789475,3.3684210526315788,38,227.0,0.13157894736842105,0.10526315789473684,5.973684210526316
2024,6,PIT,LV,32,-0.47449148735658897,-0.47625351249242115,0.023227177144263977,-0.8358174729838229,-0.49771866450085295,0.35956396049140177,35,183.0,0.2,0.22857142857142856,5.228571428571429,33,145.0,0.12121212121212122,0.12121212121212122,4.393939393939394
2024,6,ATL,CAR,38,0.12098322353229385,0.3815238094061832,-1.6523917463275657,-1.6624239996655963,1.7733749698598595,2.0439478090717795,39,200.0,0.10256410256410256,0.1794871794871795,5.128205128205129,30,225.0,0.16666666666666666,0.0,7.5
2024,6,DET,DAL,47,0.39749689631752466,-0.2526023474139641,-2.0778892377475127,1.9520551578421304,2.475386134065037,-2.2046575052560944,36,184.0,0.2222222222222222,0.1111111111111111,5.111111111111111,32,314.0,0.3125,0.125,9.8125
2024,6,CIN,NYG,17,0.44993790569846426,0.06966085918622926,-0.25125310046004756,-0.08267715504089397,0.7011910061585118,0.15233801422712323,20,121.0,0.15,0.35,6.05,34,240.0,0.08823529411764706,0.14705882352941177,7.0588235294117645
2024,6,BUF,NYJ,23,0.626194352042176,0.7464544747435861,0.6555028099314706,0.22721164086427673,-0.029308457889294592,0.5192428338793094,33,149.0,0.12121212121212122,0.15151515151515152,4.515151515151516,30,222.0,0.1,0.06666666666666667,7.4
2024,7,DEN,NO,33,-0.612790255895493,0.7664992760085404,-1.2598585814332397,0.013816732520338992,0.6470683255377467,0.7526825434882014,35,225.0,0.22857142857142856,0.14285714285714285,6.428571428571429,33,197.0,0.09090909090909091,0.0,5.96969696969697
2024,7,NE,JAX,16,-0.41378517649876967,-0.39144868332879534,-0.047514175193638646,-1.396839708177751,-0.366271001305131,1.0053910248489557,15,38.0,0.13333333333333333,0.26666666666666666,2.533333333333333,43,275.0,0.11627906976744186,0.06976744186046512,6.395348837209302
2024,7,SEA,ATL,34,-0.7326745520311555,0.08252741883704486,-0.14574807635654713,-0.31430299599593314,-0.5869264756746084,0.396830414832978,26,103.0,0.038461538461538464,0.11538461538461539,3.9615384615384617,33,251.0,0.24242424242424243,0.06060606060606061,7.606060606060606
2024,7,TEN,BUF,10,-1.019343936166908,-0.11112342535782349,0.7411934291898009,0.2209260687314684,-1.7605373653567091,-0.33204949408929185,24,89.0,0.125,0.2916666666666667,3.7083333333333335,43,208.0,0.046511627906976744,0.11627906976744186,4.837209302325581
2024,7,CIN,CLE,21,0.44993790569846426,0.06966085918622926,0.9034650944097785,1.2185240053604602,-0.45352718871131426,-1.148863146174231,25,59.0,0.12,0.4,2.36,28,164.0,0.25,0.10714285714285714,5.857142857142857
2024,7,HOU,GB,22,-0.532636077434733,-1.625521702511423,0.6922656714327491,-0.07865499826441995,-1.224901748867482,-1.546866704247003,34,142.0,0.14705882352941177,0.2647058823529412,4.176470588235294,29,75.0,0.10344827586206896,0.1724137931034483,2.586206896551724
2024,7,MIA,IND,10,-1.3645449076827327,1.1131520698877606,0.7983023946128257,0.27111220404094655,-2.1628473022955585,0.842039865846814,40,188.0,0.15,0.15,4.7,31,165.0,0.12903225806451613,0.0967741935483871,5.32258064516129
2024,7,DET,MIN,31,0.39749689631752466,-0.2526023474139641,0.3950035452913554,0.7180531715210406,0.002493351026169266,-0.9706555189350048,27,144.0,0.07407407407407407,0.18518518518518517,5.333333333333333,29,247.0,0.3103448275862069,0.1724137931034483,8.517241379310345
2024,7,PHI,NYG,28,0.6478926733651006,0.15587227178179633,-0.25125310046004756,-0.08267715504089397,0.8991457738251482,0.2385494268226903,45,269.0,0.15555555555555556,0.2,5.977777777777778,23,91.0,0.08695652173913043,0.2608695652173913,3.9565217391304346
2024,7,LV,LA,15,-0.5175916226484226,-0.1794002056692365,-0.8394329587632194,-1.072827681541601,0.3218413361147968,0.8934274758723644,29,122.0,0.10344827586206896,0.13793103448275862,4.206896551724138,46,195.0,0.06521739130434782,0.06521739130434782,4.239130434782608
2024,7,CAR,WAS,7,1.464972995386316,-0.8791543519110756,-0.796161707452472,0.14830092174330353,2.261134702838788,-1.0274552736543792,23,95.0,0.043478260869565216,0.21739130434782608,4.130434782608695,21,89.0,0.14285714285714285,0.19047619047619047,4.238095238095238
2024,7,KC,SF,28,0.4173632146004081,-0.4513076099788549,-0.45137112386505784,-0.5024346385366765,0.868734338465466,0.051127028557821586,39,184.0,0.10256410256410256,0.15384615384615385,4.717948717948718,32,186.0,0.125,0.09375,5.8125
2024,7,NYJ,PIT,15,-0.6266147274098506,0.38114605600095325,0.4631319287770479,0.22264110152040786,-1.0897466561868985,0.15850495448054538,15,54.0,0.2,0.3333333333333333,3.6,41,271.0,0.1951219512195122,0.07317073170731707,6.609756097560975
2024,7,BAL,TB,41,1.2985102190356583,0.06745730854567548,1.0742575039507527,0.48631056054037264,0.22425271508490563,-0.41885325199469714,30,244.0,0.23333333333333334,0.2,8.133333333333333,27,298.0,0.2222222222222222,0.07407407407407407,11.037037037037036
2024,7,LAC,ARI,15,-0.956448956101138,0.048609968337654484,-0.09981792740559892,-1.0515135837168363,-0.8566310286955391,1.1001235520544907,22,59.0,0.045454545454545456,0.18181818181818182,2.6818181818181817,43,344.0,0.18604651162790697,0.06976744186046512,8.0
2024,8,MIN,LA,20,-0.32969532061648543,-0.49733095333191396,-0.8394329587632194,-1.072827681541601,0.509737638146734,0.575496728209687,22,64.0,0.0,0.18181818181818182,2.909090909090909,29,217.0,0.20689655172413793,0.10344827586206896,7.482758620689655
2024,8,PHI,CIN,37,0.6478926733651006,0.15587227178179633,-0.476190619247557,0.48566386577988735,1.1240832926126576,-0.329791593998091,39,161.0,0.1282051282051282,0.1794871794871795,4.128205128205129,21,243.0,0.3333333333333333,0.047619047619047616,11.571428571428571
2024,8,BAL,CLE,24,1.2985102190356583,0.06745730854567548,0.9034650944097785,1.2185240053604602,0.3950451246258798,-1.1510666968147847,21,124.0,0.19047619047619047,0.23809523809523808,5.904761904761905,41,297.0,0.14634146341463414,0.0975609756097561,7.2439024390243905
2024,8,TEN,DET,14,-1.019343936166908,-0.11112342535782349,-0.1427317782435004,1.4064881073086921,-0.8766121579234077,-1.5176115326665156,32,158.0,0.15625,0.09375,4.9375,42,285.0,0.14285714285714285,0.09523809523809523,6.785714285714286
2024,8,IND,HOU,20,0.3665459151436877,-0.6619858974014049,1.4017883297314655,0.31770039092777774,-1.0352424145877779,-0.9796862883291826,26,163.0,0.3076923076923077,0.2692307692307692,6.269230769230769,38,177.0,0.07894736842105263,0.13157894736842105,4.657894736842105
2024,8,GB,JAX,30,0.6086604419549785,-0.478908625138442,-0.047514175193638646,-1.396839708177751,0.6561746171486171,0.917931083039309,39,170.0,0.07692307692307693,0.23076923076923078,4.358974358974359,30,277.0,0.16666666666666666,0.1,9.233333333333333
2024,8,ARI,MIA,28,0.3721082065166064,1.3296261861670147,-0.1471403398836469,-0.0058122791414333035,0.5192485464002533,1.335438465308448,27,82.0,0.1111111111111111,0.25925925925925924,3.037037037037037,37,311.0,0.24324324324324326,0.02702702702702703,8.405405405405405
2024,8,NYJ,NE,22,-0.6266147274098506,0.38114605600095325,-0.3737274461210274,-0.6329109249546444,-0.2528872812888232,1.0140569809555977,28,112.0,0.07142857142857142,0.14285714285714285,4.0,30,224.0,0.26666666666666666,0.06666666666666667,7.466666666666667
2024,8,ATL,TB,31,0.12098322353229385,0.3815238094061832,1.0742575039507527,0.48631056054037264,-0.9532742804184589,-0.10478675113418945,29,129.0,0.10344827586206896,0.1724137931034483,4.448275862068965,32,278.0,0.15625,0.125,8.6875
2024,8,NO,LAC,8,-0.11860880038297686,-0.8350582903604074,-0.2815222001006618,-0.4170195533800647,0.16291339971768495,-0.41803873698034266,21,117.0,0.14285714285714285,0.09523809523809523,5.571428571428571,49,259.0,0.16326530612244897,0.10204081632653061,5.285714285714286
2024,8,BUF,SEA,31,0.626194352042176,0.7464544747435861,-0.97177418616095,0.22229264822859518,1.597968538203126,0.5241618265149909,34,164.0,0.14705882352941177,0.14705882352941177,4.823529411764706,37,287.0,0.1891891891891892,0.02702702702702703,7.756756756756757
2024,8,CAR,DEN,14,1.464972995386316,-0.8791543519110756,1.1459613430088964,1.118451979271823,0.3190116523774196,-1.9976063311828987,20,69.0,0.05,0.2,3.45,42,223.0,0.09523809523809523,0.09523809523809523,5.309523809523809
2024,8,KC,LV,27,0.4173632146004081,-0.4513076099788549,0.023227177144263977,-0.8358174729838229,0.3941360374561441,0.38450986300496803,29,82.0,0.034482758620689655,0.2413793103448276,2.8275862068965516,41,272.0,0.14634146341463414,0.04878048780487805,6.634146341463414
2024,8,CHI,WAS,15,-0.6063990018488997,0.19914262227427126,-0.796161707452472,0.14830092174330353,0.18976270560357222,0.05084170053096773,33,202.0,0.12121212121212122,0.15151515151515152,6.121212121212121,33,136.0,0.15151515151515152,0.12121212121212122,4.121212121212121
2024,8,DAL,SF,24,0.6113819556476193,-0.6752109545204793,-0.45137112386505784,-0.5024346385366765,1.0627530795126772,-0.17277631598380283,19,56.0,0.10526315789473684,0.3157894736842105,2.9473684210526314,40,236.0,0.175,0.1,5.9
2024,8,NYG,PIT,18,0.22337917477839428,-0.8682802279417275,0.4631319287770479,0.22264110152040786,-0.23975275399865362,-1.0909213294621354,25,157.0,0.16,0.16,6.28,44,238.0,0.13636363636363635,0.11363636363636363,5.409090909090909
2024,9,HOU,NYJ,13,-0.532636077434733,-1.625521702511423,0.6555028099314706,0.22721164086427673,-1.1881388873662035,-1.8527333433756998,36,187.0,0.1388888888888889,0.16666666666666666,5.194444444444445,46,195.0,0.08695652173913043,0.17391304347826086,4.239130434782608
2024,9,DAL,ATL,21,0.6113819556476193,-0.6752109545204793,-0.14574807635654713,-0.31430299599593314,0.7571300320041665,-0.36090795852454616,21,137.0,0.23809523809523808,0.09523809523809523,6.523809523809524,55,270.0,0.07272727272727272,0.10909090909090909,4.909090909090909
2024,9,DEN,BAL,10,-0.612790255895493,0.7664992760085404,0.9791643215298784,-0.01922408955117927,-1.5919545774253714,0.7857233655597197,30,122.0,0.1,0.16666666666666666,4.066666666666666,42,234.0,0.14285714285714285,0.14285714285714285,5.571428571428571
2024,9,MIA,BUF,27,-1.3645449076827327,1.1131520698877606,0.7411934291898009,0.2209260687314684,-2.1057383368725335,0.8922260011562922,31,149.0,0.12903225806451613,0.2903225806451613,4.806451612903226,30,228.0,0.23333333333333334,0.06666666666666667,7.6
2024,9,NO,CAR,22,-0.11860880038297686,-0.8350582903604074,-1.6523917463275657,-1.6624239996655963,1.5337829459445889,0.8273657093051889,41,197.0,0.0975609756097561,0.0975609756097561,4.804878048780488,34,230.0,0.2647058823529412,0.058823529411764705,6.764705882352941
2024,9,LV,CIN,24,-0.5175916226484226,-0.1794002056692365,-0.476190619247557,0.48566386577988735,-0.04140100340086561,-0.6650640714491238,21,60.0,0.0,0.047619047619047616,2.857142857142857,39,159.0,0.15384615384615385,0.1794871794871795,4.076923076923077
2024,9,LAC,CLE,27,-0.956448956101138,0.048609968337654484,0.9034650944097785,1.2185240053604602,-1.8599140505109166,-1.1699140370228058,23,96.0,0.13043478260869565,0.34782608695652173,4.173913043478261,34,250.0,0.23529411764705882,0.20588235294117646,7.352941176470588
2024,9,WAS,NYG,27,0.41326741172240766,0.6794321899329977,-0.25125310046004756,-0.08267715504089397,0.6645205121824552,0.7621093449738917,38,149.0,0.07894736842105263,0.15789473684210525,3.9210526315789473,25,238.0,0.24,0.0,9.52
2024,9,NE,TEN,17,-0.41378517649876967,-0.39144868332879534,0.7794902384637499,-1.426907069936826,-1.1932754149625195,1.0354583866080307,20,110.0,0.25,0.25,5.5,51,280.0,0.0196078431372549,0.1568627450980392,5.490196078431373
2024,9,CHI,ARI,9,-0.6063990018488997,0.19914262227427126,-0.09981792740559892,-1.0515135837168363,-0.5065810744433008,1.2506562059911075,23,69.0,0.08695652173913043,0.21739130434782608,3.0,50,178.0,0.1,0.12,3.56
2024,9,JAX,PHI,23,-0.3078095207040591,1.32087421737413,0.5315434090002562,-0.8945676665055696,-0.8393529297043153,2.2154418838796994,18,60.0,0.1111111111111111,0.2777777777777778,3.3333333333333335,37,167.0,0.13513513513513514,0.05405405405405406,4.513513513513513
2024,9,DET,GB,24,0.39749689631752466,-0.2526023474139641,0.6922656714327491,-0.07865499826441995,-0.2947687751152244,-0.17394734914954413,32,124.0,0.125,0.21875,3.875,23,137.0,0.08695652173913043,0.043478260869565216,5.956521739130435
2024,9,IND,MIN,13,0.3665459151436877,-0.6619858974014049,0.3950035452913554,0.7180531715210406,-0.028457630147667723,-1.3800390689224455,19,68.0,0.10526315789473684,0.15789473684210525,3.5789473684210527,30,159.0,0.16666666666666666,0.13333333333333333,5.3
2024,9,TB,KC,24,0.6509308797207736,1.2754717757142509,0.19756958700542213,0.5920023773739369,0.4533612927153514,0.683469398340314,19,95.0,0.10526315789473684,0.05263157894736842,5.0,36,207.0,0.1111111111111111,0.1111111111111111,5.75
2024,10,CIN,BAL,34,0.44993790569846426,0.06966085918622926,0.9791643215298784,-0.01922408955117927,-0.5292264158314142,0.08888494873740853,16,49.0,0.0,0.125,3.0625,61,427.0,0.14754098360655737,0.08196721311475409,7.0
2024,10,NYG,CAR,17,0.22337917477839428,-0.8682802279417275,-1.6523917463275657,-1.6624239996655963,1.8757709211059599,0.7941437717238687,34,167.0,0.14705882352941177,0.17647058823529413,4.911764705882353,40,186.0,0.075,0.05,4.65
2024,10,NE,CHI,19,-0.41378517649876967,-0.39144868332879534,-0.7673415787174952,0.7723828838177744,0.35355640221872553,-1.1638315671465698,35,144.0,0.08571428571428572,0.14285714285714285,4.114285714285714,29,209.0,0.1724137931034483,0.034482758620689655,7.206896551724138
2024,10,BUF,IND,30,0.626194352042176,0.7464544747435861,0.7983023946128257,0.27111220404094655,-0.1721080425706497,0.4753422707026395,31,135.0,0.12903225806451613,0.22580645161290322,4.354838709677419,41,302.0,0.17073170731707318,0.07317073170731707,7.365853658536586
2024,10,MIN,JAX,12,-0.32969532061648543,-0.49733095333191396,-0.047514175193638646,-1.396839708177751,-0.2821811454228468,0.8995087548458371,43,169.0,0.09302325581395349,0.16279069767441862,3.9302325581395348,42,260.0,0.09523809523809523,0.023809523809523808,6.190476190476191
2024,10,DEN,KC,14,-0.612790255895493,0.7664992760085404,0.19756958700542213,0.5920023773739369,-0.8103598429009151,0.1744968986346035,23,78.0,0.08695652173913043,0.13043478260869565,3.391304347826087,33,185.0,0.09090909090909091,0.09090909090909091,5.606060606060606
2024,10,ATL,NO,17,0.12098322353229385,0.3815238094061832,-1.2598585814332397,0.013816732520338992,1.3808418049655335,0.3677070768858442,32,181.0,0.0625,0.1875,5.65625,41,287.0,0.24390243902439024,0.0975609756097561,7.0
2024,10,SF,TB,23,0.19844863770324825,0.48746471713601913,1.0742575039507527,0.48631056054037264,-0.8758088662475044,0.0011541565956464939,22,75.0,0.13636363636363635,0.2727272727272727,3.409090909090909,41,356.0,0.14634146341463414,0.07317073170731707,8.682926829268293
2024,10,PIT,WAS,28,-0.47449148735658897,-0.47625351249242115,-0.796161707452472,0.14830092174330353,0.321670220095883,-0.6245544342357247,43,140.0,0.06976744186046512,0.23255813953488372,3.255813953488372,33,178.0,0.15151515151515152,0.09090909090909091,5.393939393939394
2024,10,TEN,LAC,17,-1.019343936166908,-0.11112342535782349,-0.2815222001006618,-0.4170195533800647,-0.7378217360662462,0.3058961280222412,21,132.0,0.19047619047619047,0.09523809523809523,6.285714285714286,33,181.0,0.15151515151515152,0.24242424242424243,5.484848484848484
2024,10,NYJ,ARI,6,-0.6266147274098506,0.38114605600095325,-0.09981792740559892,-1.0515135837168363,-0.5267968000042517,1.4326596397177895,17,79.0,0.11764705882352941,0.17647058823529413,4.647058823529412,38,128.0,0.02631578947368421,0.10526315789473684,3.3684210526315788
2024,10,PHI,DAL,34,0.6478926733651006,0.15587227178179633,-2.0778892377475127,1.9520551578421304,2.7257819111126134,-1.796182886060334,38,187.0,0.13157894736842105,0.10526315789473684,4.921052631578948,30,207.0,0.13333333333333333,0.16666666666666666,6.9
2024,10,DET,HOU,26,0.39749689631752466,-0.2526023474139641,1.4017883297314655,0.31770039092777774,-1.0042914334139408,-0.5703027383417418,33,105.0,0.12121212121212122,0.2727272727272727,3.1818181818181817,31,242.0,0.22580645161290322,0.0,7.806451612903226
2024,10,MIA,LA,23,-1.3645449076827327,1.1131520698877606,-0.8394329587632194,-1.072827681541601,-0.5251119489195133,2.1859797514293615,22,67.0,0.09090909090909091,0.36363636363636365,3.0454545454545454,31,171.0,0.16129032258064516,0.16129032258064516,5.516129032258065
2024,11,WAS,PHI,18,0.41326741172240766,0.6794321899329977,0.5315434090002562,-0.8945676665055696,-0.11827599727784854,1.5739998564385673,28,93.0,0.03571428571428571,0.21428571428571427,3.3214285714285716,40,188.0,0.1,0.1,4.7
2024,11,GB,CHI,20,0.6086604419549785,-0.478908625138442,-0.7673415787174952,0.7723828838177744,1.3760020206724737,-1.2512915089562164,26,106.0,0.15384615384615385,0.2692307692307692,4.076923076923077,20,278.0,0.4,0.05,13.9
2024,11,JAX,DET,6,-0.3078095207040591,1.32087421737413,-0.1427317782435004,1.4064881073086921,-0.1650777424605587,-0.0856138899345622,17,41.0,0.0,0.23529411764705882,2.411764705882353,31,134.0,0.0967741935483871,0.06451612903225806,4.32258064516129
2024,11,LV,MIA,19,-0.5175916226484226,-0.1794002056692365,-0.1471403398836469,-0.0058122791414333035,-0.37045128276477574,-0.1735879265278032,17,60.0,0.058823529411764705,0.17647058823529413,3.5294117647058822,48,275.0,0.0625,0.0625,5.729166666666667
2024,11,CLE,NO,14,-0.2546397603874345,-0.7116324936255275,-1.2598585814332397,0.013816732520338992,1.0052188210458053,-0.7254492261458665,20,66.0,0.05,0.2,3.3,52,387.0,0.15384615384615385,0.07692307692307693,7.4423076923076925
2024,11,IND,NYJ,28,0.3665459151436877,-0.6619858974014049,0.6555028099314706,0.22721164086427673,-0.2889568947877829,-0.8891975382656816,36,91.0,0.027777777777777776,0.2222222222222222,2.5277777777777777,33,241.0,0.2727272727272727,0.09090909090909091,7.303030303030303
2024,11,BAL,PIT,16,1.2985102190356583,0.06745730854567548,0.4631319287770479,0.22264110152040786,0.8353782902586104,-0.1551837929747324,19,124.0,0.15789473684210525,0.15789473684210525,6.526315789473684,36,205.0,0.16666666666666666,0.08333333333333333,5.694444444444445
2024,11,MIN,TEN,23,-0.32969532061648543,-0.49733095333191396,0.7794902384637499,-1.426907069936826,-1.1091855590802353,0.9295761166049121,33,82.0,0.030303030303030304,0.24242424242424243,2.484848484848485,37,250.0,0.16216216216216217,0.08108108108108109,6.756756756756757
2024,11,ATL,DEN,6,0.12098322353229385,0.3815238094061832,1.1459613430088964,1.118451979271823,-1.0249781194766026,-0.7369281698656398,21,50.0,0.0,0.3333333333333333,2.380952380952381,34,176.0,0.20588235294117646,0.17647058823529413,5.176470588235294
2024,11,SEA,SF,20,-0.7326745520311555,0.08252741883704486,-0.45137112386505784,-0.5024346385366765,-0.28130342816609766,0.5849620573737213,23,94.0,0.13043478260869565,0.21739130434782608,4.086956521739131,38,224.0,0.13157894736842105,0.15789473684210525,5.894736842105263
2024,11,KC,BUF,21,0.4173632146004081,-0.4513076099788549,0.7411934291898009,0.2209260687314684,-0.3238302145893928,-0.6722336787103232,17,78.0,0.058823529411764705,0.17647058823529413,4.588235294117647,35,181.0,0.05714285714285714,0.11428571428571428,5.171428571428572
2024,11,CIN,LAC,27,0.44993790569846426,0.06966085918622926,-0.2815222001006618,-0.4170195533800647,0.7314601057991261,0.48668041256629396,25,110.0,0.12,0.12,4.4,55,370.0,0.14545454545454545,0.05454545454545454,6.7272727272727275
2024,11,HOU,DAL,34,-0.532636077434733,-1.625521702511423,-2.0778892377475127,1.9520551578421304,1.5452531603127797,-3.5775768603535534,25,141.0,0.12,0.16,5.64,38,276.0,0.10526315789473684,0.02631578947368421,7.2631578947368425
2024,12,PIT,CLE,19,-0.47449148735658897,-0.47625351249242115,0.9034650944097785,1.2185240053604602,-1.3779565817663675,-1.6947775178528814,34,120.0,0.11764705882352941,0.38235294117647056,3.5294117647058822,35,258.0,0.17142857142857143,0.11428571428571428,7.371428571428571
2024,12,KC,CAR,30,0.4173632146004081,-0.4513076099788549,-1.6523917463275657,-1.6624239996655963,2.0697549609279737,1.2111163896867414,26,165.0,0.19230769230769232,0.07692307692307693,6.346153846153846,47,286.0,0.10638297872340426,0.1702127659574468,6.085106382978723
2024,12,MIN,CHI,30,-0.32969532061648543,-0.49733095333191396,-0.7673415787174952,0.7723828838177744,0.43764625810100977,-1.2697138371496883,27,124.0,0.14814814814814814,0.25925925925925924,4.592592592592593,38,328.0,0.15789473684210525,0.10526315789473684,8.631578947368421
2024,12,TEN,HOU,32,-1.019343936166908,-0.11112342535782349,1.4017883297314655,0.31770039092777774,-2.4211322658983736,-0.42882381628560123,33,132.0,0.15151515151515152,0.24242424242424243,4.0,35,246.0,0.14285714285714285,0.2857142857142857,7.0285714285714285
2024,12,DET,IND,24,0.39749689631752466,-0.2526023474139641,0.7983023946128257,0.27111220404094655,-0.40080549829530104,-0.5237145514549106,33,137.0,0.12121212121212122,0.18181818181818182,4.151515151515151,40,254.0,0.175,0.1,6.35
2024,12,NE,MIA,15,-0.41378517649876967,-0.39144868332879534,-0.1471403398836469,-0.0058122791414333035,-0.2666448366151228,-0.38563640418736206,21,86.0,0.09523809523809523,0.14285714285714285,4.095238095238095,47,212.0,0.0851063829787234,0.10638297872340426,4.51063829787234
2024,12,TB,NYG,30,0.6509308797207736,1.2754717757142509,-0.25125310046004756,-0.08267715504089397,0.9021839801808211,1.3581489307551449,32,157.0,0.09375,0.25,4.90625,32,314.0,0.21875,0.0625,9.8125
2024,12,DAL,WAS,34,0.6113819556476193,-0.6752109545204793,-0.796161707452472,0.14830092174330353,1.4075436631000913,-0.8235118762637829,28,91.0,0.0,0.21428571428571427,3.25,34,244.0,0.14705882352941177,0.08823529411764706,7.176470588235294
2024,12,DEN,LV,29,-0.612790255895493,0.7664992760085404,0.023227177144263977,-0.8358174729838229,-0.636017433039757,1.6023167489923633,22,63.0,0.09090909090909091,0.3181818181818182,2.8636363636363638,44,267.0,0.18181818181818182,0.045454545454545456,6.068181818181818
2024,12,SF,GB,10,0.19844863770324825,0.48746471713601913,0.6922656714327491,-0.07865499826441995,-0.4938170337295008,0.566119715400439,16,44.0,0.0625,0.3125,2.75,32,203.0,0.15625,0.0625,6.34375
2024,12,ARI,SEA,6,0.3721082065166064,1.3296261861670147,-0.97177418616095,0.22229264822859518,1.3438823926775565,1.1073335379384195,14,49.0,0.07142857142857142,0.21428571428571427,3.5,43,255.0,0.13953488372093023,0.11627906976744186,5.930232558139535
2024,12,PHI,LA,37,0.6478926733651006,0.15587227178179633,-0.8394329587632194,-1.072827681541601,1.4873256321283201,1.2286999533233973,45,314.0,0.1111111111111111,0.17777777777777778,6.977777777777778,26,189.0,0.19230769230769232,0.07692307692307693,7.269230769230769
2024,12,BAL,LAC,30,1.2985102190356583,0.06745730854567548,-0.2815222001006618,-0.4170195533800647,1.5800324191363202,0.4844768619257402,37,212.0,0.16216216216216217,0.24324324324324326,5.72972972972973,24,177.0,0.20833333333333334,0.08333333333333333,7.375
2024,13,CHI,DET,20,-0.6063990018488997,0.19914262227427126,-0.1427317782435004,1.4064881073086921,-0.46366722360539936,-1.2073454850344207,15,78.0,0.2,0.2,5.2,48,262.0,0.125,0.14583333333333334,5.458333333333333
2024,13,NYG,DAL,20,0.22337917477839428,-0.8682802279417275,-2.0778892377475127,1.9520551578421304,2.301268412525907,-2.820335385783858,21,116.0,0.09523809523809523,0.09523809523809523,5.523809523809524,41,188.0,0.12195121951219512,0.17073170731707318,4.585365853658536
2024,13,MIA,GB,17,-1.3645449076827327,1.1131520698877606,0.6922656714327491,-0.07865499826441995,-2.056810579115482,1.1918070681521806,14,39.0,0.14285714285714285,0.42857142857142855,2.7857142857142856,54,347.0,0.1111111111111111,0.1111111111111111,6.425925925925926
2024,13,LV,KC,17,-0.5175916226484226,-0.1794002056692365,0.19756958700542213,0.5920023773739369,-0.7151612096538448,-0.7714025830431734,25,116.0,0.16,0.2,4.64,37,318.0,0.1891891891891892,0.10810810810810811,8.594594594594595
2024,13,LAC,ATL,17,-0.956448956101138,0.048609968337654484,-0.14574807635654713,-0.31430299599593314,-0.8107008797445909,0.3629129643335876,17,56.0,0.11764705882352941,0.29411764705882354,3.2941176470588234,30,133.0,0.06666666666666667,0.2,4.433333333333334
2024,13,PIT,CIN,44,-0.47449148735658897,-0.47625351249242115,-0.476190619247557,0.48566386577988735,0.001699131890968042,-0.9619173782723085,26,110.0,0.11538461538461539,0.15384615384615385,4.230769230769231,41,415.0,0.2926829268292683,0.04878048780487805,10.121951219512194
2024,13,HOU,JAX,23,-0.532636077434733,-1.625521702511423,-0.047514175193638646,-1.396839708177751,-0.4851219022410943,-0.22868199433367198,25,108.0,0.16,0.32,4.32,38,227.0,0.15789473684210525,0.07894736842105263,5.973684210526316
2024,13,ARI,MIN,22,0.3721082065166064,1.3296261861670147,0.3950035452913554,0.7180531715210406,-0.022895338774748974,0.611573014645974,31,154.0,0.16129032258064516,0.0967741935483871,4.967741935483871,50,289.0,0.08,0.04,5.78
2024,13,IND,NE,25,0.3665459151436877,-0.6619858974014049,-0.3737274461210274,-0.6329109249546444,0.740273361264715,-0.029074972446760494,35,146.0,0.08571428571428572,0.2,4.171428571428572,25,120.0,0.04,0.0,4.8
2024,13,SEA,NYJ,26,-0.7326745520311555,0.08252741883704486,0.6555028099314706,0.22721164086427673,-1.388177361962626,-0.14468422202723186,23,84.0,0.13043478260869565,0.2608695652173913,3.652173913043478,35,178.0,0.14285714285714285,0.14285714285714285,5.085714285714285
2024,13,TEN,WAS,19,-1.019343936166908,-0.11112342535782349,-0.796161707452472,0.14830092174330353,-0.22318222871443616,-0.25942434710112705,11,35.0,0.0,0.18181818181818182,3.1818181818181817,40,210.0,0.175,0.1,5.25
2024,13,TB,CAR,26,0.6509308797207736,1.2754717757142509,-1.6523917463275657,-1.6624239996655963,2.303322626048339,2.937895775379847,39,236.0,0.1794871794871795,0.1282051282051282,6.051282051282051,39,219.0,0.1794871794871795,0.10256410256410256,5.615384615384615
2024,13,PHI,BAL,24,0.6478926733651006,0.15587227178179633,0.9791643215298784,-0.01922408955117927,-0.33127164816477783,0.1750963613329756,33,140.0,0.12121212121212122,0.2727272727272727,4.242424242424242,21,112.0,0.14285714285714285,0.09523809523809523,5.333333333333333
2024,13,SF,BUF,10,0.19844863770324825,0.48746471713601913,0.7411934291898009,0.2209260687314684,-0.5427447914865526,0.26653864840455077,27,153.0,0.25925925925925924,0.25925925925925924,5.666666666666667,21,90.0,0.09523809523809523,0.14285714285714285,4.285714285714286
2024,13,CLE,DEN,32,-0.2546397603874345,-0.7116324936255275,1.1459613430088964,1.118451979271823,-1.400601103396331,-1.8300844728973504,23,77.0,0.08695652173913043,0.30434782608695654,3.347826086956522,63,483.0,0.1746031746031746,0.07936507936507936,7.666666666666667
2024,14,GB,DET,31,0.6086604419549785,-0.478908625138442,-0.1427317782435004,1.4064881073086921,0.7513922201984788,-1.8853967324471341,24,99.0,0.08333333333333333,0.125,4.125,24,223.0,0.20833333333333334,0.041666666666666664,9.291666666666666
2024,14,NYJ,MIA,26,-0.6266147274098506,0.38114605600095325,-0.1471403398836469,-0.0058122791414333035,-0.4794743875262037,0.38695833514238653,21,83.0,0.047619047619047616,0.09523809523809523,3.9523809523809526,42,319.0,0.19047619047619047,0.07142857142857142,7.595238095238095
2024,14,ATL,MIN,21,0.12098322353229385,0.3815238094061832,0.3950035452913554,0.7180531715210406,-0.27402032175906155,-0.33652936211485746,33,160.0,0.12121212121212122,0.12121212121212122,4.848484848484849,38,338.0,0.23684210526315788,0.02631578947368421,8.894736842105264
2024,14,NO,NYG,14,-0.11860880038297686,-0.8350582903604074,-0.25125310046004756,-0.08267715504089397,0.1326443000770707,-0.7523811353195133,33,92.0,0.06060606060606061,0.36363636363636365,2.787878787878788,34,203.0,0.14705882352941177,0.08823529411764706,5.970588235294118
2024,14,CAR,PHI,16,1.464972995386316,-0.8791543519110756,0.5315434090002562,-0.8945676665055696,0.9334295863860598,0.01541331459449402,34,118.0,0.058823529411764705,0.20588235294117646,3.4705882352941178,41,214.0,0.0975609756097561,0.04878048780487805,5.219512195121951
2024,14,CLE,PIT,14,-0.2546397603874345,-0.7116324936255275,0.4631319287770479,0.22264110152040786,-0.7177716891644824,-0.9342735951459353,25,104.0,0.12,0.24,4.16,45,201.0,0.06666666666666667,0.08888888888888889,4.466666666666667
2024,14,LV,TB,13,-0.5175916226484226,-0.1794002056692365,1.0742575039507527,0.48631056054037264,-1.5918491265991754,-0.6657107662096091,25,91.0,0.08,0.24,3.64,41,202.0,0.07317073170731707,0.07317073170731707,4.926829268292683
2024,14,JAX,TEN,10,-0.3078095207040591,1.32087421737413,0.7794902384637499,-1.426907069936826,-1.0872997591678089,2.747781287310956,26,71.0,0.07692307692307693,0.2692307692307692,2.730769230769231,34,225.0,0.14705882352941177,0.058823529411764705,6.617647058823529
2024,14,SEA,ARI,30,-0.7326745520311555,0.08252741883704486,-0.09981792740559892,-1.0515135837168363,-0.6328566246255566,1.1340410025538812,31,176.0,0.16129032258064516,0.3548387096774194,5.67741935483871,30,233.0,0.2,0.03333333333333333,7.766666666666667
2024,14,BUF,LA,42,0.626194352042176,0.7464544747435861,-0.8394329587632194,-1.072827681541601,1.4656273108053954,1.8192821562851869,17,103.0,0.17647058823529413,0.11764705882352941,6.0588235294117645,41,418.0,0.21951219512195122,0.024390243902439025,10.195121951219512
2024,14,CHI,SF,13,-0.6063990018488997,0.19914262227427126,-0.45137112386505784,-0.5024346385366765,-0.15502787798384188,0.7015772608109477,21,68.0,0.047619047619047616,0.19047619047619047,3.238095238095238,34,113.0,0.029411764705882353,0.20588235294117646,3.323529411764706
2024,14,LAC,KC,17,-0.956448956101138,0.048609968337654484,0.19756958700542213,0.5920023773739369,-1.1540185431065602,-0.5433924090362824,24,94.0,0.08333333333333333,0.125,3.9166666666666665,36,215.0,0.19444444444444445,0.16666666666666666,5.972222222222222
2024,14,CIN,DAL,27,0.44993790569846426,0.06966085918622926,-2.0778892377475127,1.9520551578421304,2.527827143445977,-1.882394298655901,19,74.0,0.10526315789473684,0.21052631578947367,3.8947368421052633,46,359.0,0.17391304347826086,0.043478260869565216,7.804347826086956
2024,15,DAL,CAR,30,0.6113819556476193,-0.6752109545204793,-1.6523917463275657,-1.6624239996655963,2.263773701975185,0.987213045145117,40,211.0,0.175,0.075,5.275,29,199.0,0.20689655172413793,0.034482758620689655,6.862068965517241
2024,15,KC,CLE,21,0.4173632146004081,-0.4513076099788549,0.9034650944097785,1.2185240053604602,-0.4861018798093704,-1.6698316153393151,35,132.0,0.14285714285714285,0.2857142857142857,3.7714285714285714,42,191.0,0.07142857142857142,0.0,4.5476190476190474
2024,15,MIA,HOU,12,-1.3645449076827327,1.1131520698877606,1.4017883297314655,0.31770039092777774,-2.766333237414198,0.7954516789599828,19,52.0,0.0,0.10526315789473684,2.736842105263158,43,172.0,0.06976744186046512,0.18604651162790697,4.0
2024,15,NYJ,JAX,32,-0.6266147274098506,0.38114605600095325,-0.047514175193638646,-1.396839708177751,-0.5791005522162119,1.7779857641787042,23,125.0,0.21739130434782608,0.17391304347826086,5.434782608695652,37,322.0,0.1891891891891892,0.05405405405405406,8.702702702702704
2024,15,WAS,NO,20,0.41326741172240766,0.6794321899329977,-1.2598585814332397,0.013816732520338992,1.6731259931556473,0.6656154574126587,35,137.0,0.08571428571428572,0.17142857142857143,3.914285714285714,45,234.0,0.08888888888888889,0.2222222222222222,5.2
2024,15,BAL,NYG,35,1.2985102190356583,0.06745730854567548,-0.25125310046004756,-0.08267715504089397,1.549763319495706,0.15013446358656946,31,170.0,0.1935483870967742,0.16129032258064516,5.483870967741935,29,296.0,0.2413793103448276,0.10344827586206896,10.206896551724139
2024,15,CIN,TEN,37,0.44993790569846426,0.06966085918622926,0.7794902384637499,-1.426907069936826,-0.3295523327652856,1.4965679291230554,26,101.0,0.11538461538461539,0.15384615384615385,3.8846153846153846,37,269.0,0.16216216216216217,0.02702702702702703,7.27027027027027
2024,15,NE,ARI,17,-0.41378517649876967,-0.39144868332879534,-0.09981792740559892,-1.0515135837168363,-0.31396724909317075,0.660064900388041,24,116.0,0.20833333333333334,0.2916666666666667,4.833333333333333,28,209.0,0.21428571428571427,0.10714285714285714,7.464285714285714
2024,15,IND,DEN,13,0.3665459151436877,-0.6619858974014049,1.1459613430088964,1.118451979271823,-0.7794154278652088,-1.7804378766732278,32,149.0,0.15625,0.21875,4.65625,43,175.0,0.13953488372093023,0.09302325581395349,4.069767441860465
2024,15,BUF,DET,48,0.626194352042176,0.7464544747435861,-0.1427317782435004,1.4064881073086921,0.7689261302856764,-0.660033632565106,34,197.0,0.14705882352941177,0.14705882352941177,5.794117647058823,37,389.0,0.2702702702702703,0.0,10.513513513513514
2024,15,TB,LAC,40,0.6509308797207736,1.2754717757142509,-0.2815222001006618,-0.4170195533800647,0.9324530798214354,1.6924913290943155,39,223.0,0.10256410256410256,0.1282051282051282,5.717948717948718,30,308.0,0.23333333333333334,0.1,10.266666666666667
2024,15,PIT,PHI,13,-0.47449148735658897,-0.47625351249242115,0.5315434090002562,-0.8945676665055696,-1.0060348963568453,0.4183141540131485,17,56.0,0.0,0.17647058823529413,3.2941176470588234,26,118.0,0.11538461538461539,0.15384615384615385,4.538461538461538
2024,15,GB,SEA,30,0.6086604419549785,-0.478908625138442,-0.97177418616095,0.22229264822859518,1.5804346281159285,-0.7012012733670372,34,140.0,0.058823529411764705,0.11764705882352941,4.117647058823529,28,233.0,0.14285714285714285,0.0,8.321428571428571
2024,15,CHI,MIN,12,-0.6063990018488997,0.19914262227427126,0.3950035452913554,0.7180531715210406,-1.001402547140255,-0.5189105492467694,29,113.0,0.06896551724137931,0.13793103448275862,3.896551724137931,37,174.0,0.10810810810810811,0.05405405405405406,4.702702702702703
2024,15,ATL,LV,15,0.12098322353229385,0.3815238094061832,0.023227177144263977,-0.8358174729838229,0.09775604638802987,1.217341282390006,37,168.0,0.10810810810810811,0.13513513513513514,4.54054054054054,21,95.0,0.09523809523809523,0.14285714285714285,4.523809523809524
2024,16,DEN,LAC,27,-0.612790255895493,0.7664992760085404,-0.2815222001006618,-0.4170195533800647,-0.33126805579483115,1.1835188293886052,21,110.0,0.14285714285714285,0.14285714285714285,5.238095238095238,44,270.0,0.09090909090909091,0.06818181818181818,6.136363636363637
2024,16,HOU,KC,19,-0.532636077434733,-1.625521702511423,0.19756958700542213,0.5920023773739369,-0.7302056644401551,-2.2175240798853597,17,84.0,0.23529411764705882,0.17647058823529413,4.9411764705882355,43,250.0,0.16279069767441862,0.13953488372093023,5.813953488372093
2024,16,PIT,BAL,17,-0.47449148735658897,-0.47625351249242115,0.9791643215298784,-0.01922408955117927,-1.4536558088864675,-0.4570294229412419,24,117.0,0.125,0.16666666666666666,4.875,37,223.0,0.10810810810810811,0.10810810810810811,6.027027027027027
2024,16,NYG,ATL,7,0.22337917477839428,-0.8682802279417275,-0.14574807635654713,-0.31430299599593314,0.3691272511349414,-0.5539772319457944,13,45.0,0.0,0.07692307692307693,3.4615384615384617,42,189.0,0.11904761904761904,0.07142857142857142,4.5
2024,16,ARI,CAR,30,0.3721082065166064,1.3296261861670147,-1.6523917463275657,-1.6624239996655963,2.024499952844172,2.992050185832611,29,206.0,0.1724137931034483,0.10344827586206896,7.103448275862069,41,219.0,0.0975609756097561,0.0975609756097561,5.341463414634147
2024,16,DET,CHI,34,0.39749689631752466,-0.2526023474139641,-0.7673415787174952,0.7723828838177744,1.1648384750350198,-1.0249852312317385,32,146.0,0.125,0.1875,4.5625,33,329.0,0.24242424242424243,0.06060606060606061,9.969696969696969
2024,16,CLE,CIN,6,-0.2546397603874345,-0.7116324936255275,-0.476190619247557,0.48566386577988735,0.2215508588601225,-1.197296359405415,24,148.0,0.16666666666666666,0.20833333333333334,6.166666666666667,42,148.0,0.07142857142857142,0.11904761904761904,3.5238095238095237
2024,16,TEN,IND,30,-1.019343936166908,-0.11112342535782349,0.7983023946128257,0.27111220404094655,-1.8176463307797337,-0.38223562939877004,23,67.0,0.08695652173913043,0.2608695652173913,2.9130434782608696,37,247.0,0.16216216216216217,0.05405405405405406,6.675675675675675
2024,16,PHI,WAS,33,0.6478926733651006,0.15587227178179633,-0.796161707452472,0.14830092174330353,1.4440543808175725,0.007571350038492797,39,211.0,0.15384615384615385,0.1794871794871795,5.410256410256411,37,168.0,0.05405405405405406,0.10810810810810811,4.54054054054054
2024,16,MIN,SEA,27,-0.32969532061648543,-0.49733095333191396,-0.97177418616095,0.22229264822859518,0.6420788655444646,-0.7196236015605091,24,81.0,0.041666666666666664,0.16666666666666666,3.375,40,231.0,0.125,0.075,5.775
2024,16,NE,BUF,21,-0.41378517649876967,-0.39144868332879534,0.7411934291898009,0.2209260687314684,-1.1549786056885707,-0.6123747520602637,30,126.0,0.13333333333333333,0.2,4.2,40,267.0,0.1,0.05,6.675
2024,16,JAX,LV,14,-0.3078095207040591,1.32087421737413,0.023227177144263977,-0.8358174729838229,-0.33103669784832307,2.156691690357953,21,72.0,0.14285714285714285,0.19047619047619047,3.4285714285714284,40,236.0,0.1,0.025,5.9
2024,16,SF,MIA,17,0.19844863770324825,0.48746471713601913,-0.1471403398836469,-0.0058122791414333035,0.3455889775868951,0.4932769962774524,18,81.0,0.1111111111111111,0.1111111111111111,4.5,44,317.0,0.20454545454545456,0.06818181818181818,7.204545454545454
2024,16,TB,DAL,24,0.6509308797207736,1.2754717757142509,-2.0778892377475127,1.9520551578421304,2.7288201174682865,-0.6765833821278795,23,134.0,0.21739130434782608,0.08695652173913043,5.826086956521739,50,318.0,0.14,0.08,6.36
2024,16,NO,GB,0,-0.11860880038297686,-0.8350582903604074,0.6922656714327491,-0.07865499826441995,-0.8108744718157259,-0.7564032920959874,20,67.0,0.05,0.3,3.35,38,157.0,0.10526315789473684,0.10526315789473684,4.131578947368421
2024,17,KC,PIT,29,0.4173632146004081,-0.4513076099788549,0.4631319287770479,0.22264110152040786,-0.0457687141766398,-0.6739487114992627,20,69.0,0.05,0.25,3.45,40,332.0,0.15,0.0,8.3
2024,17,BAL,HOU,31,1.2985102190356583,0.06745730854567548,1.4017883297314655,0.31770039092777774,-0.10327811069580717,-0.25024308238210224,43,251.0,0.11627906976744186,0.13953488372093023,5.837209302325581,20,212.0,0.2,0.05,10.6
2024,17,SEA,CHI,6,-0.7326745520311555,0.08252741883704486,-0.7673415787174952,0.7723828838177744,0.0346670266863397,-0.6898554649807296,25,122.0,0.12,0.12,4.88,28,163.0,0.14285714285714285,0.10714285714285714,5.821428571428571
2024,17,LAC,NE,40,-0.956448956101138,0.048609968337654484,-0.3737274461210274,-0.6329109249546444,-0.5827215099801106,0.6815208932922989,37,147.0,0.02702702702702703,0.13513513513513514,3.972972972972973,43,300.0,0.13953488372093023,0.0,6.976744186046512
2024,17,DEN,CIN,24,-0.612790255895493,0.7664992760085404,-0.476190619247557,0.48566386577988735,-0.13659963664793595,0.28083541022865305,27,123.0,0.14814814814814814,0.07407407407407407,4.555555555555555,39,235.0,0.10256410256410256,0.1282051282051282,6.0256410256410255
2024,17,ARI,LA,9,0.3721082065166064,1.3296261861670147,-0.8394329587632194,-1.072827681541601,1.2115411652798258,2.4024538677086156,22,113.0,0.13636363636363635,0.13636363636363635,5.136363636363637,54,298.0,0.12962962962962962,0.07407407407407407,5.518518518518518
2024,17,NYJ,BUF,14,-0.6266147274098506,0.38114605600095325,0.7411934291898009,0.2209260687314684,-1.3678081565996516,0.16021998726948486,21,112.0,0.2857142857142857,0.19047619047619047,5.333333333333333,39,177.0,0.07692307692307693,0.15384615384615385,4.538461538461538
2024,17,TEN,JAX,13,-1.019343936166908,-0.11112342535782349,-0.047514175193638646,-1.396839708177751,-0.9718297609732695,1.2857162828199276,30,159.0,0.16666666666666666,0.2,5.3,38,200.0,0.13157894736842105,0.07894736842105263,5.2631578947368425
2024,17,LV,NO,25,-0.5175916226484226,-0.1794002056692365,-1.2598585814332397,0.013816732520338992,0.7422669587848171,-0.1932169381895755,38,156.0,0.10526315789473684,0.15789473684210525,4.105263157894737,36,232.0,0.16666666666666666,0.027777777777777776,6.444444444444445
2024,17,IND,NYG,33,0.3665459151436877,-0.6619858974014049,-0.25125310046004756,-0.08267715504089397,0.6177990156037352,-0.5793087423605109,33,126.0,0.06060606060606061,0.21212121212121213,3.8181818181818183,41,320.0,0.14634146341463414,0.04878048780487805,7.804878048780488
2024,17,DAL,PHI,7,0.6113819556476193,-0.6752109545204793,0.5315434090002562,-0.8945676665055696,0.07983854664736312,0.21935671198509032,30,127.0,0.1,0.1,4.233333333333333,31,142.0,0.12903225806451613,0.03225806451612903,4.580645161290323
2024,17,CAR,TB,14,1.464972995386316,-0.8791543519110756,1.0742575039507527,0.48631056054037264,0.3907154914355633,-1.3654649124514482,13,39.0,0.0,0.3076923076923077,3.0,35,173.0,0.2,0.14285714285714285,4.942857142857143
2024,17,MIA,CLE,20,-1.3645449076827327,1.1131520698877606,0.9034650944097785,1.2185240053604602,-2.2680100020925114,-0.10537193547269963,27,74.0,0.1111111111111111,0.4444444444444444,2.740740740740741,34,259.0,0.08823529411764706,0.11764705882352941,7.617647058823529
2024,17,GB,MIN,25,0.6086604419549785,-0.478908625138442,0.3950035452913554,0.7180531715210406,0.21365689666362309,-1.1969617966594828,24,104.0,0.08333333333333333,0.08333333333333333,4.333333333333333,35,175.0,0.11428571428571428,0.08571428571428572,5.0
2024,17,ATL,WAS,24,0.12098322353229385,0.3815238094061832,-0.796161707452472,0.14830092174330353,0.9171449309847658,0.23322288766287966,23,126.0,0.17391304347826086,0.08695652173913043,5.478260869565218,38,214.0,0.10526315789473684,0.05263157894736842,5.631578947368421
2024,17,DET,SF,40,0.39749689631752466,-0.2526023474139641,-0.45137112386505784,-0.5024346385366765,0.8488680201825825,0.24983229112271238,33,152.0,0.09090909090909091,0.2727272727272727,4.606060606060606,37,289.0,0.16216216216216217,0.05405405405405406,7.8108108108108105
2024,18,CLE,BAL,10,-0.2546397603874345,-0.7116324936255275,0.9791643215298784,-0.01922408955117927,-1.233804081917313,-0.6924084040743482,19,56.0,0.05263157894736842,0.2631578947368421,2.9473684210526314,37,177.0,0.13513513513513514,0.05405405405405406,4.783783783783784
2024,18,CIN,PIT,19,0.44993790569846426,0.06966085918622926,0.4631319287770479,0.22264110152040786,-0.013194023078583639,-0.15298024233417862,21,68.0,0.0,0.14285714285714285,3.238095238095238,50,246.0,0.1,0.16,4.92
2024,18,CAR,ATL,44,1.464972995386316,-0.8791543519110756,-0.14574807635654713,-0.31430299599593314,1.610721071742863,-0.5648513559151425,30,155.0,0.16666666666666666,0.13333333333333333,5.166666666666667,39,295.0,0.15384615384615385,0.07692307692307693,7.564102564102564
2024,18,WAS,DAL,23,0.41326741172240766,0.6794321899329977,-2.0778892377475127,1.9520551578421304,2.49115664946992,-1.2726229679091325,18,113.0,0.16666666666666666,0.16666666666666666,6.277777777777778,40,180.0,0.05,0.175,4.5
2024,18,CHI,GB,24,-0.6063990018488997,0.19914262227427126,0.6922656714327491,-0.07865499826441995,-1.2986646732816487,0.2777976205386912,26,83.0,0.038461538461538464,0.15384615384615385,3.1923076923076925,32,148.0,0.125,0.15625,4.625
2024,18,JAX,IND,23,-0.3078095207040591,1.32087421737413,0.7983023946128257,0.27111220404094655,-1.1061119153168848,1.0497620133331833,34,113.0,0.11764705882352941,0.2647058823529412,3.323529411764706,36,223.0,0.1111111111111111,0.08333333333333333,6.194444444444445
2024,18,BUF,NE,16,0.626194352042176,0.7464544747435861,-0.3737274461210274,-0.6329109249546444,0.9999217981632034,1.3793653996982305,33,130.0,0.06060606060606061,0.21212121212121213,3.9393939393939394,33,137.0,0.030303030303030304,0.06060606060606061,4.151515151515151
2024,18,NYG,PHI,13,0.22337917477839428,-0.8682802279417275,0.5315434090002562,-0.8945676665055696,-0.3081642342218619,0.02628743856384208,25,100.0,0.08,0.08,4.0,29,138.0,0.06896551724137931,0.06896551724137931,4.758620689655173
2024,18,NO,TB,19,-0.11860880038297686,-0.8350582903604074,1.0742575039507527,0.48631056054037264,-1.1928663043337295,-1.32136885090078,19,64.0,0.10526315789473684,0.21052631578947367,3.3684210526315788,45,239.0,0.08888888888888889,0.06666666666666667,5.311111111111111
2024,18,HOU,TEN,23,-0.532636077434733,-1.625521702511423,0.7794902384637499,-1.426907069936826,-1.3121263158984828,-0.198614632574597,29,207.0,0.1724137931034483,0.1724137931034483,7.137931034482759,30,176.0,0.13333333333333333,0.03333333333333333,5.866666666666666
2024,18,SF,ARI,24,0.19844863770324825,0.48746471713601913,-0.09981792740559892,-1.0515135837168363,0.2982665651088472,1.5389783008528555,28,138.0,0.10714285714285714,0.14285714285714285,4.928571428571429,46,306.0,0.13043478260869565,0.08695652173913043,6.6521739130434785
2024,18,KC,DEN,0,0.4173632146004081,-0.4513076099788549,1.1459613430088964,1.118451979271823,-0.7285981284084884,-1.569759589250678,11,27.0,0.0,0.18181818181818182,2.4545454545454546,23,76.0,0.13043478260869565,0.21739130434782608,3.3043478260869565
2024,18,SEA,LA,30,-0.7326745520311555,0.08252741883704486,-0.8394329587632194,-1.072827681541601,0.10675840673206394,1.1553551003786457,24,126.0,0.16666666666666666,0.125,5.25,30,210.0,0.2,0.1,7.0
2024,18,LAC,LV,34,-0.956448956101138,0.048609968337654484,0.023227177144263977,-0.8358174729838229,-0.979676133245402,0.8844274413214774,35,137.0,0.11428571428571428,0.2857142857142857,3.914285714285714,38,379.0,0.21052631578947367,0.05263157894736842,9.973684210526315
2024,18,MIA,NYJ,20,-1.3645449076827327,1.1131520698877606,0.6555028099314706,0.22721164086427673,-2.0200477176142035,0.8859404290234839,23,135.0,0.17391304347826086,0.30434782608695654,5.869565217391305,48,215.0,0.10416666666666667,0.14583333333333334,4.479166666666667
2024,18,MIN,DET,9,-0.32969532061648543,-0.49733095333191396,-0.1427317782435004,1.4064881073086921,-0.18696354237298504,-1.903819060640606,19,120.0,0.05263157894736842,0.10526315789473684,6.315789473684211,45,153.0,0.08888888888888889,0.06666666666666667,3.4
2018,1,PHI,ATL,18,-1.0025932201408467,0.1836682530508237,-1.47411803934433,-1.072402882416989,0.4715248192034833,1.2560711354678127,28,115.0,0.10714285714285714,0.14285714285714285,4.107142857142857,37,119.0,0.05405405405405406,0.08108108108108109,3.2162162162162162
2018,1,BAL,BUF,47,0.7208670793319942,-0.000511313669322259,0.8838254346665387,1.036712659207512,-0.1629583553345445,-1.0372239728768342,34,117.0,0.08823529411764706,0.2647058823529412,3.4411764705882355,42,254.0,0.11904761904761904,0.07142857142857142,6.0476190476190474
2018,1,CLE,PIT,21,-1.0789015100153372,-0.3597442471970162,0.414971865185459,0.6378359698884829,-1.4938733752007962,-0.997580217085499,38,177.0,0.15789473684210525,0.2631578947368421,4.657894736842105,53,220.0,0.07547169811320754,0.1320754716981132,4.150943396226415
2018,1,IND,CIN,23,0.5171308337705541,1.0103793499447067,-1.3462046491794502,-0.051814898058721554,1.8633354829500042,1.0621942480034283,22,75.0,0.045454545454545456,0.18181818181818182,3.409090909090909,56,312.0,0.05357142857142857,0.07142857142857142,5.571428571428571
2018,1,MIA,TEN,27,0.809783730362227,-0.8461321372286751,-0.45785583787664763,-0.2028999459673815,1.2676395682388746,-0.6432321912612936,29,120.0,0.13793103448275862,0.27586206896551724,4.137931034482759,29,222.0,0.06896551724137931,0.034482758620689655,7.655172413793103
2018,1,MIN,SF,24,-0.4517890135604787,-0.42751284126968897,0.3336112797667934,1.634821462900318,-0.7854002933272721,-2.062334304170007,32,116.0,0.0625,0.125,3.625,43,253.0,0.16279069767441862,0.09302325581395349,5.883720930232558
2018,1,NE,HOU,27,0.49210669679977104,1.1957451668173433,1.0265523703009678,-0.10275591391202783,-0.5344456735011968,1.298501080729371,31,122.0,0.12903225806451613,0.0967741935483871,3.935483870967742,41,267.0,0.0975609756097561,0.04878048780487805,6.512195121951219
2018,1,NO,TB,40,0.38590018705461243,1.1582926700202152,-0.2486030460568014,-1.3284418754146927,0.6345032331114138,2.486734545434908,14,45.0,0.07142857142857142,0.21428571428571427,3.2142857142857144,47,434.0,0.2127659574468085,0.0425531914893617,9.23404255319149
2018,1,NYG,JAX,15,-0.736377677232688,0.07690389028621163,0.7222952520104337,0.687940741429301,-1.4586729292431215,-0.6110368511430894,24,114.0,0.08333333333333333,0.3333333333333333,4.75,40,212.0,0.15,0.1,5.3
2018,1,LAC,KC,28,-0.7883971916998751,-0.11826839122287731,-0.9503725381338005,0.20513669374233656,0.16197534643392542,-0.32340508496521386,23,125.0,0.17391304347826086,0.17391304347826086,5.434782608695652,54,420.0,0.24074074074074073,0.05555555555555555,7.777777777777778
2018,1,ARI,WAS,6,0.3184835264648675,-0.19135902652215644,-1.2695813449170874,-0.5446295570359863,1.588064871381955,0.35327053051382984,15,68.0,0.13333333333333333,0.13333333333333333,4.533333333333333,38,153.0,0.07894736842105263,0.05263157894736842,4.026315789473684
2018,1,CAR,DAL,16,0.6947142286145896,0.72901054876549,1.156448354577802,0.1691833500625588,-0.4617341259632123,0.5598271987029312,33,147.0,0.15151515151515152,0.30303030303030304,4.454545454545454,29,147.0,0.10344827586206896,0.1724137931034483,5.068965517241379
2018,1,DEN,SEA,27,1.0504806764319852,-0.47327201004023073,-0.7411345174327324,1.0880398626169463,1.7916151938647176,-1.561311872657177,32,146.0,0.125,0.1875,4.5625,40,324.0,0.2,0.025,8.1
2018,1,GB,CHI,24,1.249739678365091,-0.1660110481244378,1.445179183546554,0.6760462894821879,-0.19543950518146302,-0.8420573376066257,18,69.0,0.1111111111111111,0.1111111111111111,3.8333333333333335,42,316.0,0.11904761904761904,0.09523809523809523,7.523809523809524
2018,1,DET,NYJ,17,-0.15888605557430163,0.7632693216355376,-0.19941850054177276,0.08646496226245477,0.04053244496747113,0.6768043593730828,15,39.0,0.0,0.3333333333333333,2.6,53,306.0,0.1320754716981132,0.0,5.773584905660377
2018,2,CIN,BAL,34,0.18544972265505902,0.3718120839478955,0.4964896084726813,1.395137777029344,-0.3110398858176223,-1.0233256930814485,28,108.0,0.14285714285714285,0.21428571428571427,3.857142857142857,42,265.0,0.16666666666666666,0.047619047619047616,6.309523809523809
2018,2,ATL,CAR,31,-0.4066203214229128,0.5440622346344438,0.5649956386546164,-0.5456415366860099,-0.9716159600775293,1.0897037713204538,32,170.0,0.15625,0.28125,5.3125,31,289.0,0.16129032258064516,0.03225806451612903,9.32258064516129
2018,2,BUF,LAC,20,-0.7465488042205085,-1.0090288042147446,0.18570310308670265,-1.0867700173905188,-0.9322519073072112,0.0777412131757742,22,84.0,0.09090909090909091,0.2727272727272727,3.8181818181818183,40,202.0,0.125,0.125,5.05
2018,2,GB,MIN,29,1.249739678365091,-0.1660110481244378,-0.22442040333738666,-0.6557828103874047,1.4741600817024776,0.4897717622629669,24,98.0,0.08333333333333333,0.25,4.083333333333333,47,264.0,0.10638297872340426,0.0851063829787234,5.617021276595745
2018,2,NO,CLE,21,0.38590018705461243,1.1582926700202152,0.47637517803692064,0.12473024576541368,-0.09047499098230821,1.0335624242548016,24,64.0,0.041666666666666664,0.2916666666666667,2.6666666666666665,38,213.0,0.10526315789473684,0.13157894736842105,5.605263157894737
2018,2,NYJ,MIA,12,-1.6750666039092619,0.1949122177770846,-0.19563112070464886,0.12312302638748374,-1.479435483204613,0.07178919138960085,19,42.0,0.10526315789473684,0.3157894736842105,2.210526315789474,45,321.0,0.24444444444444444,0.1111111111111111,7.133333333333334
2018,2,PIT,KC,37,0.26099399933235895,1.227742649180995,-0.9503725381338005,0.20513669374233656,1.2113665374661595,1.0226059554386584,13,33.0,0.0,0.23076923076923078,2.5384615384615383,64,453.0,0.171875,0.0625,7.078125
2018,2,TB,PHI,27,-0.44242878493786314,0.18630085109068073,0.8391649997900512,0.22921196576823186,-1.2815937847279144,-0.042911114677551127,23,43.0,0.0,0.4782608695652174,1.8695652173913044,35,393.0,0.22857142857142856,0.05714285714285714,11.228571428571428
2018,2,TEN,HOU,20,-0.10946646418074892,0.3063528015990013,1.0265523703009678,-0.10275591391202783,-1.1360188344817168,0.4091087155110291,34,100.0,0.029411764705882353,0.14705882352941177,2.9411764705882355,23,183.0,0.13043478260869565,0.043478260869565216,7.956521739130435
2018,2,WAS,IND,9,-0.4355872224338694,-0.5859028672451984,0.9385557352108507,-1.2199941277242214,-1.37414295764472,0.6340912604790231,22,65.0,0.09090909090909091,0.4090909090909091,2.9545454545454546,49,280.0,0.08163265306122448,0.10204081632653061,5.714285714285714
2018,2,SF,DET,30,-0.06713159536058952,-0.8544685585025724,-0.683670368213416,-0.8826281756898139,0.6165387728528264,0.02815961718724147,28,190.0,0.10714285714285714,0.21428571428571427,6.785714285714286,33,161.0,0.18181818181818182,0.18181818181818182,4.878787878787879
2018,2,JAX,NE,31,-0.05725148690891843,0.25576613750521354,-0.899856035807509,0.3990274100367861,0.8426045488985905,-0.14326127253157256,24,104.0,0.16666666666666666,0.16666666666666666,4.333333333333333,50,412.0,0.18,0.02,8.24
2018,2,DAL,NYG,20,0.19401103725873525,-0.5191914104752104,-0.12306226011987124,0.2584616153676896,0.3170732973786065,-0.7776530258429,25,138.0,0.2,0.16,5.52,25,160.0,0.08,0.08,6.4
2018,2,CHI,SEA,24,0.03376583754735496,0.8694049649799075,-0.7411345174327324,1.0880398626169463,0.7749003549800874,-0.2186348976370388,27,86.0,0.037037037037037035,0.18518518518518517,3.185185185185185,39,213.0,0.05128205128205128,0.05128205128205128,5.461538461538462
2018,3,CLE,NYJ,21,-1.0789015100153372,-0.3597442471970162,-0.19941850054177276,0.08646496226245477,-0.8794830094735644,-0.44620920945947096,33,133.0,0.15151515151515152,0.30303030303030304,4.03030303030303,43,214.0,0.16279069767441862,0.13953488372093023,4.976744186046512
2018,3,ATL,NO,37,-0.4066203214229128,0.5440622346344438,1.0853793155127653,0.6223994417596485,-1.4919996369356783,-0.07833720712520464,22,48.0,0.045454545454545456,0.36363636363636365,2.1818181818181817,43,376.0,0.13953488372093023,0.06976744186046512,8.744186046511627
2018,3,BAL,DEN,27,0.7208670793319942,-0.000511313669322259,-0.47853881446367186,-0.8856181977909369,1.199405893795666,0.8851068841216146,28,77.0,0.03571428571428571,0.2857142857142857,2.75,41,265.0,0.17073170731707318,0.07317073170731707,6.463414634146342
2018,3,CAR,CIN,31,0.6947142286145896,0.72901054876549,-1.3462046491794502,-0.051814898058721554,2.0409188777940397,0.7808254468242115,41,230.0,0.1951219512195122,0.12195121951219512,5.609756097560975,27,161.0,0.18518518518518517,0.1111111111111111,5.962962962962963
2018,3,HOU,NYG,22,-0.016577689285252453,-1.0715381597486373,-0.12306226011987124,0.2584616153676896,0.10648457083461879,-1.3299997751163268,19,59.0,0.10526315789473684,0.3157894736842105,3.1052631578947367,47,404.0,0.23404255319148937,0.06382978723404255,8.595744680851064
2018,3,JAX,TEN,6,-0.05725148690891843,0.25576613750521354,-0.45785583787664763,-0.2028999459673815,0.4006043509677292,0.4586660834725951,19,87.0,0.10526315789473684,0.15789473684210525,4.578947368421052,40,161.0,0.05,0.15,4.025
2018,3,KC,SF,38,0.4487441655673585,-2.1756957408610607,0.3336112797667934,1.634821462900318,0.11513288580056513,-3.8105172037613784,28,77.0,0.07142857142857142,0.25,2.75,41,314.0,0.1951219512195122,0.07317073170731707,7.658536585365853
2018,3,MIN,BUF,6,-0.4517890135604787,-0.42751284126968897,0.8838254346665387,1.036712659207512,-1.3356144482270174,-1.464225500477201,6,14.0,0.16666666666666666,0.5,2.3333333333333335,61,280.0,0.04918032786885246,0.09836065573770492,4.590163934426229
2018,3,PHI,IND,20,-1.0025932201408467,0.1836682530508237,0.9385557352108507,-1.2199941277242214,-1.9411489553516974,1.4036623807750452,35,152.0,0.14285714285714285,0.2571428571428571,4.3428571428571425,44,237.0,0.09090909090909091,0.13636363636363635,5.386363636363637
2018,3,WAS,GB,31,-0.4355872224338694,-0.5859028672451984,-0.402112993258983,-0.4730203547447307,-0.033474229174886405,-0.11288251250046766,35,166.0,0.11428571428571428,0.08571428571428572,4.742857142857143,24,240.0,0.25,0.041666666666666664,10.0
2018,3,ARI,CHI,14,0.3184835264648675,-0.19135902652215644,1.445179183546554,0.6760462894821879,-1.1266956570816864,-0.8674053160043443,18,53.0,0.05555555555555555,0.1111111111111111,2.9444444444444446,31,180.0,0.12903225806451613,0.22580645161290322,5.806451612903226
2018,3,SEA,DAL,24,0.8114522413268429,-0.9524312125639888,1.156448354577802,0.1691833500625588,-0.344996113250959,-1.1216145626265477,39,113.0,0.05128205128205128,0.28205128205128205,2.8974358974358974,28,182.0,0.14285714285714285,0.07142857142857142,6.5
2018,3,DET,NE,26,-0.15888605557430163,0.7632693216355376,-0.899856035807509,0.3990274100367861,0.7409699802332073,0.3642419115987515,33,159.0,0.18181818181818182,0.15151515151515152,4.818181818181818,37,265.0,0.1891891891891892,0.08108108108108109,7.162162162162162
2018,3,TB,PIT,27,-0.44242878493786314,0.18630085109068073,0.414971865185459,0.6378359698884829,-0.8574006501233221,-0.45153511879780217,16,63.0,0.125,0.25,3.9375,57,420.0,0.19298245614035087,0.05263157894736842,7.368421052631579
2018,4,ATL,CIN,36,-0.4066203214229128,0.5440622346344438,-1.3462046491794502,-0.051814898058721554,0.9395843277565373,0.5958771326931653,24,92.0,0.041666666666666664,0.08333333333333333,3.8333333333333335,43,403.0,0.27906976744186046,0.06976744186046512,9.372093023255815
2018,4,CHI,TB,48,0.03376583754735496,0.8694049649799075,-0.2486030460568014,-1.3284418754146927,0.28236888360415635,2.1978468403946003,31,139.0,0.16129032258064516,0.3548387096774194,4.483870967741935,28,370.0,0.2857142857142857,0.03571428571428571,13.214285714285714
2018,4,DAL,DET,26,0.19401103725873525,-0.5191914104752104,-0.683670368213416,-0.8826281756898139,0.8776814054721512,0.36343676521460344,35,183.0,0.08571428571428572,0.17142857142857143,5.228571428571429,31,233.0,0.16129032258064516,0.12903225806451613,7.516129032258065
2018,4,GB,BUF,22,1.249739678365091,-0.1660110481244378,0.8838254346665387,1.036712659207512,0.3659142436985522,-1.2027237073319497,32,141.0,0.15625,0.34375,4.40625,46,316.0,0.13043478260869565,0.043478260869565216,6.869565217391305
2018,4,IND,HOU,34,0.5171308337705541,1.0103793499447067,1.0265523703009678,-0.10275591391202783,-0.5094215365304137,1.1131352638567344,17,41.0,0.0,0.4117647058823529,2.411764705882353,70,450.0,0.15714285714285714,0.07142857142857142,6.428571428571429
2018,4,JAX,NYJ,31,-0.05725148690891843,0.25576613750521354,-0.19941850054177276,0.08646496226245477,0.14216701363285433,0.16930117524275878,34,126.0,0.08823529411764706,0.14705882352941177,3.7058823529411766,43,405.0,0.20930232558139536,0.046511627906976744,9.418604651162791
2018,4,NE,MIA,38,0.49210669679977104,1.1957451668173433,-0.19563112070464886,0.12312302638748374,0.6877378175044199,1.0726221404298597,40,175.0,0.175,0.25,4.375,35,274.0,0.14285714285714285,0.05714285714285714,7.828571428571428
2018,4,TEN,PHI,26,-0.10946646418074892,0.3063528015990013,0.8391649997900512,0.22921196576823186,-0.9486314639708001,0.07714083583076944,22,70.0,0.09090909090909091,0.36363636363636365,3.1818181818181817,49,353.0,0.20408163265306123,0.12244897959183673,7.204081632653061
2018,4,ARI,SEA,17,0.3184835264648675,-0.19135902652215644,-0.7411345174327324,1.0880398626169463,1.0596180438976,-1.2793988891391028,28,92.0,0.07142857142857142,0.32142857142857145,3.2857142857142856,30,184.0,0.16666666666666666,0.03333333333333333,6.133333333333334
2018,4,LAC,SF,29,-0.7883971916998751,-0.11826839122287731,0.3336112797667934,1.634821462900318,-1.1220084714666685,-1.7530898541231952,27,126.0,0.18518518518518517,0.2222222222222222,4.666666666666667,41,244.0,0.1951219512195122,0.04878048780487805,5.951219512195122
2018,4,NYG,NO,18,-0.736377677232688,0.07690389028621163,1.0853793155127653,0.6223994417596485,-1.8217569927454533,-0.5454955514734369,15,65.0,0.13333333333333333,0.2,4.333333333333333,46,242.0,0.08695652173913043,0.13043478260869565,5.260869565217392
2018,4,PIT,BAL,14,0.26099399933235895,1.227742649180995,0.4964896084726813,1.395137777029344,-0.23549560914032236,-0.16739512784834898,11,19.0,0.0,0.18181818181818182,1.7272727272727273,49,267.0,0.12244897959183673,0.061224489795918366,5.448979591836735
2018,4,DEN,KC,23,1.0504806764319852,-0.47327201004023073,-0.9503725381338005,0.20513669374233656,2.000853214565786,-0.6784087037825672,22,159.0,0.36363636363636365,0.13636363636363635,7.2272727272727275,37,226.0,0.13513513513513514,0.1891891891891892,6.108108108108108
2018,5,NE,IND,38,0.49210669679977104,1.1957451668173433,0.9385557352108507,-1.2199941277242214,-0.44644903841107964,2.4157392945415648,23,97.0,0.13043478260869565,0.2608695652173913,4.217391304347826,44,341.0,0.20454545454545456,0.0,7.75
2018,5,BUF,TEN,13,-0.7465488042205085,-1.0090288042147446,-0.45785583787664763,-0.2028999459673815,-0.2886929663438609,-0.8061288582473631,43,144.0,0.06976744186046512,0.18604651162790697,3.3488372093023258,23,100.0,0.0,0.043478260869565216,4.3478260869565215
2018,5,CAR,NYG,33,0.6947142286145896,0.72901054876549,-0.12306226011987124,0.2584616153676896,0.8177764887344608,0.4705489333978004,31,118.0,0.0967741935483871,0.3225806451612903,3.806451612903226,37,242.0,0.1891891891891892,0.08108108108108109,6.54054054054054
2018,5,CIN,MIA,27,0.18544972265505902,0.3718120839478955,-0.19563112070464886,0.12312302638748374,0.3810808433597079,0.24868905756041176,26,103.0,0.11538461538461539,0.23076923076923078,3.9615384615384617,34,238.0,0.2647058823529412,0.11764705882352941,7.0
2018,5,CLE,BAL,12,-1.0789015100153372,-0.3597442471970162,0.4964896084726813,1.395137777029344,-1.5753911184880185,-1.7548820242263603,28,112.0,0.21428571428571427,0.2857142857142857,4.0,49,327.0,0.20408163265306123,0.14285714285714285,6.673469387755102
2018,5,DET,GB,31,-0.15888605557430163,0.7632693216355376,-0.402112993258983,-0.4730203547447307,0.24322693768468134,1.2362896763802684,28,94.0,0.07142857142857142,0.21428571428571427,3.357142857142857,29,170.0,0.10344827586206896,0.13793103448275862,5.862068965517241
2018,5,KC,JAX,30,0.4487441655673585,-2.1756957408610607,0.7222952520104337,0.687940741429301,-0.27355108644307513,-2.8636364822903615,30,126.0,0.13333333333333333,0.3,4.2,41,313.0,0.14634146341463414,0.024390243902439025,7.634146341463414
2018,5,NYJ,DEN,34,-1.6750666039092619,0.1949122177770846,-0.47853881446367186,-0.8856181977909369,-1.19652778944559,1.0805304155680215,38,323.0,0.18421052631578946,0.13157894736842105,8.5,23,189.0,0.13043478260869565,0.043478260869565216,8.217391304347826
2018,5,PIT,ATL,41,0.26099399933235895,1.227742649180995,-1.47411803934433,-1.072402882416989,1.735112038676689,2.300145531597984,29,131.0,0.06896551724137931,0.20689655172413793,4.517241379310345,31,266.0,0.1935483870967742,0.0,8.580645161290322
2018,5,PHI,MIN,21,-1.0025932201408467,0.1836682530508237,-0.22442040333738666,-0.6557828103874047,-0.7781728168034601,0.8394510634382284,18,83.0,0.1111111111111111,0.1111111111111111,4.611111111111111,41,306.0,0.1951219512195122,0.07317073170731707,7.463414634146342
2018,5,SEA,LA,31,0.8114522413268429,-0.9524312125639888,-0.47103232916163756,1.043368871861677,1.2824845704884804,-1.9958000844256656,32,190.0,0.15625,0.125,5.9375,23,183.0,0.21739130434782608,0.13043478260869565,7.956521739130435
2018,5,SF,ARI,18,-0.06713159536058952,-0.8544685585025724,-0.40393452026939913,0.06645103983748668,0.3368029249088096,-0.9209195983400591,35,147.0,0.2,0.3142857142857143,4.2,61,306.0,0.13114754098360656,0.08196721311475409,5.016393442622951
2018,5,HOU,DAL,19,-0.016577689285252453,-1.0715381597486373,1.156448354577802,0.1691833500625588,-1.1730260438630544,-1.240721509811196,31,88.0,0.06451612903225806,0.25806451612903225,2.838709677419355,51,415.0,0.09803921568627451,0.0392156862745098,8.137254901960784
2018,5,NO,WAS,43,0.38590018705461243,1.1582926700202152,-1.2695813449170874,-0.5446295570359863,1.6554815319716998,1.7029222270562014,33,98.0,0.0,0.21212121212121213,2.9696969696969697,32,351.0,0.21875,0.09375,10.96875
2018,6,NYG,PHI,13,-0.736377677232688,0.07690389028621163,0.8391649997900512,0.22921196576823186,-1.5755426770227392,-0.15230807548202024,17,147.0,0.11764705882352941,0.11764705882352941,8.647058823529411,47,254.0,0.10638297872340426,0.1276595744680851,5.404255319148936
2018,6,ATL,TB,34,-0.4066203214229128,0.5440622346344438,-0.2486030460568014,-1.3284418754146927,-0.15801727536611143,1.8725041100491366,22,70.0,0.18181818181818182,0.3181818181818182,3.1818181818181817,43,360.0,0.18604651162790697,0.09302325581395349,8.372093023255815
2018,6,CIN,PIT,21,0.18544972265505902,0.3718120839478955,0.414971865185459,0.6378359698884829,-0.22952214253039996,-0.2660238859405874,13,62.0,0.23076923076923078,0.3076923076923077,4.769230769230769,45,213.0,0.06666666666666667,0.08888888888888889,4.733333333333333
2018,6,CLE,LAC,14,-1.0789015100153372,-0.3597442471970162,0.18570310308670265,-1.0867700173905188,-1.2646046131020399,0.7270257701935026,21,103.0,0.14285714285714285,0.23809523809523808,4.904761904761905,53,222.0,0.09433962264150944,0.11320754716981132,4.188679245283019
2018,6,HOU,BUF,20,-0.016577689285252453,-1.0715381597486373,0.8838254346665387,1.036712659207512,-0.9004031239517912,-2.108250818956149,24,74.0,0.08333333333333333,0.2916666666666667,3.0833333333333335,34,145.0,0.14705882352941177,0.2647058823529412,4.264705882352941
2018,6,MIA,CHI,31,0.809783730362227,-0.8461321372286751,1.445179183546554,0.6760462894821879,-0.635395453184327,-1.522178426710863,31,161.0,0.0967741935483871,0.0967741935483871,5.193548387096774,45,388.0,0.17777777777777778,0.044444444444444446,8.622222222222222
2018,6,MIN,ARI,27,-0.4517890135604787,-0.42751284126968897,-0.40393452026939913,0.06645103983748668,-0.04785449329107955,-0.49396388110717565,32,195.0,0.15625,0.15625,6.09375,38,221.0,0.13157894736842105,0.13157894736842105,5.815789473684211
2018,6,NYJ,IND,42,-1.6750666039092619,0.1949122177770846,0.9385557352108507,-1.2199941277242214,-2.6136223391201128,1.414906345501306,36,107.0,0.05555555555555555,0.3333333333333333,2.9722222222222223,33,278.0,0.24242424242424243,0.09090909090909091,8.424242424242424
2018,6,WAS,CAR,23,-0.4355872224338694,-0.5859028672451984,0.5649956386546164,-0.5456415366860099,-1.000582861088486,-0.04026133055918846,28,132.0,0.10714285714285714,0.07142857142857142,4.714285714285714,42,166.0,0.07142857142857142,0.11904761904761904,3.9523809523809526
2018,6,DEN,LA,20,1.0504806764319852,-0.47327201004023073,-0.47103232916163756,1.043368871861677,1.5215130055936228,-1.5166408819019077,17,60.0,0.0,0.058823529411764705,3.5294117647058822,44,303.0,0.11363636363636363,0.045454545454545456,6.886363636363637
2018,6,DAL,JAX,40,0.19401103725873525,-0.5191914104752104,0.7222952520104337,0.687940741429301,-0.5282842147516984,-1.2071321519045113,42,206.0,0.16666666666666666,0.11904761904761904,4.904761904761905,37,233.0,0.13513513513513514,0.10810810810810811,6.297297297297297
2018,6,TEN,BAL,0,-0.10946646418074892,0.3063528015990013,0.4964896084726813,1.395137777029344,-0.6059560726534302,-1.0887849754303427,14,55.0,0.07142857142857142,0.14285714285714285,3.9285714285714284,28,76.0,0.14285714285714285,0.42857142857142855,2.7142857142857144
2018,6,NE,KC,43,0.49210669679977104,1.1957451668173433,-0.9503725381338005,0.20513669374233656,1.4424792349335716,0.9906084730750068,38,173.0,0.18421052631578946,0.15789473684210525,4.552631578947368,38,331.0,0.23684210526315788,0.07894736842105263,8.710526315789474
2018,6,GB,SF,33,1.249739678365091,-0.1660110481244378,0.3336112797667934,1.634821462900318,0.9161283985982975,-1.8008325110247556,21,116.0,0.19047619047619047,0.14285714285714285,5.523809523809524,51,439.0,0.21568627450980393,0.0784313725490196,8.607843137254902
2018,7,ARI,DEN,10,0.3184835264648675,-0.19135902652215644,-0.47853881446367186,-0.8856181977909369,0.7970223409285393,0.6942591712687805,21,69.0,0.09523809523809523,0.23809523809523808,3.2857142857142856,46,168.0,0.10869565217391304,0.13043478260869565,3.652173913043478
2018,7,CHI,NE,31,0.03376583754735496,0.8694049649799075,-0.899856035807509,0.3990274100367861,0.9336218733548639,0.4703775549431214,25,134.0,0.12,0.12,5.36,57,400.0,0.15789473684210525,0.05263157894736842,7.017543859649122
2018,7,IND,BUF,37,0.5171308337705541,1.0103793499447067,0.8838254346665387,1.036712659207512,-0.3666946008959846,-0.026333309262805304,38,222.0,0.23684210526315788,0.2631578947368421,5.842105263157895,24,161.0,0.125,0.08333333333333333,6.708333333333333
2018,7,JAX,HOU,7,-0.05725148690891843,0.25576613750521354,1.0265523703009678,-0.10275591391202783,-1.0838038572098863,0.35852205141724136,22,70.0,0.045454545454545456,0.09090909090909091,3.1818181818181817,53,225.0,0.05660377358490566,0.07547169811320754,4.245283018867925
2018,7,MIA,DET,21,0.809783730362227,-0.8461321372286751,-0.683670368213416,-0.8826281756898139,1.493454098575643,0.0364960384611388,19,107.0,0.05263157894736842,0.15789473684210525,5.631578947368421,36,217.0,0.16666666666666666,0.1388888888888889,6.027777777777778
2018,7,NYJ,MIN,17,-1.6750666039092619,0.1949122177770846,-0.22442040333738666,-0.6557828103874047,-1.4506462005718752,0.8506950281644893,24,71.0,0.125,0.20833333333333334,2.9583333333333335,47,208.0,0.1276595744680851,0.0851063829787234,4.425531914893617
2018,7,PHI,CAR,17,-1.0025932201408467,0.1836682530508237,0.5649956386546164,-0.5456415366860099,-1.5675888587954632,0.7293097897368336,24,58.0,0.041666666666666664,0.25,2.4166666666666665,41,284.0,0.1951219512195122,0.17073170731707318,6.926829268292683
2018,7,TB,CLE,26,-0.44242878493786314,0.18630085109068073,0.47637517803692064,0.12473024576541368,-0.9188039629747837,0.06157060532526705,32,114.0,0.15625,0.3125,3.5625,63,399.0,0.12698412698412698,0.06349206349206349,6.333333333333333
2018,7,BAL,NO,23,0.7208670793319942,-0.000511313669322259,1.0853793155127653,0.6223994417596485,-0.3645122361807711,-0.6229107554289707,23,77.0,0.043478260869565216,0.30434782608695654,3.347826086956522,41,274.0,0.14634146341463414,0.024390243902439025,6.682926829268292
2018,7,SF,LA,10,-0.06713159536058952,-0.8544685585025724,-0.47103232916163756,1.043368871861677,0.4039007338010481,-1.8978374303642493,24,107.0,0.16666666666666666,0.16666666666666666,4.458333333333333,35,134.0,0.14285714285714285,0.2857142857142857,3.8285714285714287
2018,7,WAS,DAL,20,-0.4355872224338694,-0.5859028672451984,1.156448354577802,0.1691833500625588,-1.5920355770116714,-0.7550862173077572,32,130.0,0.125,0.3125,4.0625,29,191.0,0.20689655172413793,0.06896551724137931,6.586206896551724
2018,7,KC,CIN,45,0.4487441655673585,-2.1756957408610607,-1.3462046491794502,-0.051814898058721554,1.7949488147468087,-2.1238808428023392,29,198.0,0.2413793103448276,0.06896551724137931,6.827586206896552,43,386.0,0.18604651162790697,0.09302325581395349,8.976744186046512
2018,7,LAC,TEN,20,-0.7883971916998751,-0.11826839122287731,-0.45785583787664763,-0.2028999459673815,-0.33054135382322747,0.08463155474450419,16,47.0,0.0625,0.1875,2.9375,28,297.0,0.17857142857142858,0.10714285714285714,10.607142857142858
2018,7,ATL,NYG,23,-0.4066203214229128,0.5440622346344438,-0.12306226011987124,0.2584616153676896,-0.28355806130304156,0.28560061926675423,20,67.0,0.1,0.35,3.35,42,356.0,0.21428571428571427,0.11904761904761904,8.476190476190476
2018,8,HOU,MIA,42,-0.016577689285252453,-1.0715381597486373,-0.19563112070464886,0.12312302638748374,0.1790534314193964,-1.1946611861361212,35,188.0,0.14285714285714285,0.2,5.371428571428571,21,253.0,0.19047619047619047,0.0,12.047619047619047
2018,8,CAR,BAL,36,0.6947142286145896,0.72901054876549,0.4964896084726813,1.395137777029344,0.19822462014190834,-0.6661272282638541,33,154.0,0.21212121212121213,0.21212121212121213,4.666666666666667,36,260.0,0.19444444444444445,0.1111111111111111,7.222222222222222
2018,8,CHI,NYJ,24,0.03376583754735496,0.8694049649799075,-0.19941850054177276,0.08646496226245477,0.23318433808912772,0.7829400027174527,34,179.0,0.17647058823529413,0.14705882352941177,5.264705882352941,34,247.0,0.11764705882352941,0.11764705882352941,7.264705882352941
2018,8,CIN,TB,37,0.18544972265505902,0.3718120839478955,-0.2486030460568014,-1.3284418754146927,0.4340527687118604,1.7002539593625883,27,138.0,0.14814814814814814,0.2962962962962963,5.111111111111111,37,275.0,0.21621621621621623,0.05405405405405406,7.4324324324324325
2018,8,DET,SEA,14,-0.15888605557430163,0.7632693216355376,-0.7411345174327324,1.0880398626169463,0.5822484618584307,-0.3247705409814087,13,34.0,0.0,0.23076923076923078,2.6153846153846154,44,303.0,0.13636363636363635,0.06818181818181818,6.886363636363637
2018,8,KC,DEN,30,0.4487441655673585,-2.1756957408610607,-0.47853881446367186,-0.8856181977909369,0.9272829800310304,-1.2900775430701237,18,49.0,0.05555555555555555,0.16666666666666666,2.7222222222222223,37,292.0,0.21621621621621623,0.05405405405405406,7.891891891891892
2018,8,NYG,WAS,13,-0.736377677232688,0.07690389028621163,-1.2695813449170874,-0.5446295570359863,0.5332036676843994,0.6215334473221978,14,37.0,0.0,0.2857142857142857,2.642857142857143,53,266.0,0.1509433962264151,0.1509433962264151,5.018867924528302
2018,8,PIT,CLE,33,0.26099399933235895,1.227742649180995,0.47637517803692064,0.12473024576541368,-0.2153811787045617,1.1030124034155815,31,168.0,0.1935483870967742,0.16129032258064516,5.419354838709677,37,253.0,0.16216216216216217,0.05405405405405406,6.837837837837838
2018,8,ARI,SF,18,0.3184835264648675,-0.19135902652215644,0.3336112797667934,1.634821462900318,-0.015127753301925895,-1.8261804894224745,21,88.0,0.047619047619047616,0.14285714285714285,4.190476190476191,46,247.0,0.10869565217391304,0.13043478260869565,5.369565217391305
2018,8,MIN,NO,20,-0.4517890135604787,-0.42751284126968897,1.0853793155127653,0.6223994417596485,-1.537168329073244,-1.0499122830293375,22,85.0,0.13636363636363635,0.22727272727272727,3.8636363636363638,44,338.0,0.20454545454545456,0.09090909090909091,7.681818181818182
2018,8,JAX,PHI,18,-0.05725148690891843,0.25576613750521354,0.8391649997900512,0.22921196576823186,-0.8964164866989697,0.026554171736981685,17,70.0,0.058823529411764705,0.17647058823529413,4.117647058823529,52,299.0,0.1346153846153846,0.07692307692307693,5.75
2018,8,BUF,NE,6,-0.7465488042205085,-1.0090288042147446,-0.899856035807509,0.3990274100367861,0.15330723158700044,-1.4080562142515307,19,46.0,0.10526315789473684,0.3684210526315789,2.4210526315789473,44,287.0,0.18181818181818182,0.09090909090909091,6.5227272727272725
2018,9,BAL,PIT,16,0.7208670793319942,-0.000511313669322259,0.414971865185459,0.6378359698884829,0.30589521414653525,-0.6383472835578051,16,61.0,0.0625,0.25,3.8125,40,205.0,0.125,0.1,5.125
2018,9,BUF,CHI,9,-0.7465488042205085,-1.0090288042147446,1.445179183546554,0.6760462894821879,-2.1917279877670626,-1.6850750936969325,28,98.0,0.10714285714285714,0.32142857142857145,3.5,60,211.0,0.05,0.15,3.5166666666666666
2018,9,CAR,TB,42,0.6947142286145896,0.72901054876549,-0.2486030460568014,-1.3284418754146927,0.943317274671391,2.0574524241801826,32,179.0,0.125,0.25,5.59375,28,230.0,0.32142857142857145,0.07142857142857142,8.214285714285714
2018,9,CLE,KC,21,-1.0789015100153372,-0.3597442471970162,-0.9503725381338005,0.20513669374233656,-0.12852897188153667,-0.5648809409393527,25,102.0,0.12,0.2,4.08,48,286.0,0.16666666666666666,0.0625,5.958333333333333
2018,9,MIA,NYJ,13,0.809783730362227,-0.8461321372286751,-0.19941850054177276,0.08646496226245477,1.0092022309039996,-0.9325970994911299,27,64.0,0.0,0.25925925925925924,2.3703703703703702,29,110.0,0.10344827586206896,0.13793103448275862,3.793103448275862
2018,9,MIN,DET,24,-0.4517890135604787,-0.42751284126968897,-0.683670368213416,-0.8826281756898139,0.2318813546529373,0.4551153344201249,23,128.0,0.043478260869565216,0.21739130434782608,5.565217391304348,23,155.0,0.17391304347826086,0.043478260869565216,6.739130434782608
2018,9,WAS,ATL,14,-0.4355872224338694,-0.5859028672451984,-1.47411803934433,-1.072402882416989,1.0385308169104608,0.48650001517179053,15,79.0,0.26666666666666666,0.3333333333333333,5.266666666666667,50,309.0,0.16,0.08,6.18
2018,9,DEN,HOU,17,1.0504806764319852,-0.47327201004023073,1.0265523703009678,-0.10275591391202783,0.023928306131017374,-0.3705160961282029,20,75.0,0.15,0.25,3.75,44,273.0,0.11363636363636363,0.045454545454545456,6.204545454545454
2018,9,SEA,LAC,17,0.8114522413268429,-0.9524312125639888,0.18570310308670265,-1.0867700173905188,0.6257491382401402,0.13433880482653004,32,154.0,0.15625,0.1875,4.8125,45,242.0,0.022222222222222223,0.1111111111111111,5.377777777777778
2018,9,NO,LA,45,0.38590018705461243,1.1582926700202152,-0.47103232916163756,1.043368871861677,0.85693251621625,0.11492379815853826,34,141.0,0.17647058823529413,0.17647058823529413,4.147058823529412,39,373.0,0.20512820512820512,0.0,9.564102564102564
2018,9,NE,GB,31,0.49210669679977104,1.1957451668173433,-0.402112993258983,-0.4730203547447307,0.894219690058754,1.668765521562074,31,123.0,0.16129032258064516,0.3225806451612903,3.967741935483871,38,310.0,0.23684210526315788,0.07894736842105263,8.157894736842104
2018,9,DAL,TEN,14,0.19401103725873525,-0.5191914104752104,-0.45785583787664763,-0.2028999459673815,0.6518668751353829,-0.31629146450782897,19,72.0,0.10526315789473684,0.2631578947368421,3.789473684210526,39,236.0,0.1794871794871795,0.15384615384615385,6.051282051282051
2018,10,PIT,CAR,52,0.26099399933235895,1.227742649180995,0.5649956386546164,-0.5456415366860099,-0.3040016393222575,1.773384185867005,30,138.0,0.2,0.2,4.6,30,347.0,0.16666666666666666,0.1,11.566666666666666
2018,10,CHI,DET,34,0.03376583754735496,0.8694049649799075,-0.683670368213416,-0.8826281756898139,0.7174362057607709,1.7520331406697214,22,54.0,0.0,0.18181818181818182,2.4545454545454546,34,364.0,0.29411764705882354,0.058823529411764705,10.705882352941176
2018,10,CIN,NO,14,0.18544972265505902,0.3718120839478955,1.0853793155127653,0.6223994417596485,-0.8999295928577064,-0.25058735781175295,16,110.0,0.1875,0.0625,6.875,27,182.0,0.18518518518518517,0.14814814814814814,6.7407407407407405
2018,10,CLE,ATL,28,-1.0789015100153372,-0.3597442471970162,-1.47411803934433,-1.072402882416989,0.39521652932899287,0.7126586352199726,29,211.0,0.1724137931034483,0.20689655172413793,7.275862068965517,23,232.0,0.21739130434782608,0.0,10.08695652173913
2018,10,IND,JAX,29,0.5171308337705541,1.0103793499447067,0.7222952520104337,0.687940741429301,-0.20516441823987952,0.32243860851540573,24,83.0,0.041666666666666664,0.4583333333333333,3.4583333333333335,29,285.0,0.20689655172413793,0.0,9.827586206896552
2018,10,KC,ARI,26,0.4487441655673585,-2.1756957408610607,-0.40393452026939913,0.06645103983748668,0.8526786858367577,-2.2421467806985476,23,118.0,0.2608695652173913,0.30434782608695654,5.130434782608695,35,226.0,0.17142857142857143,0.14285714285714285,6.457142857142857
2018,10,NYJ,BUF,10,-1.6750666039092619,0.1949122177770846,0.8838254346665387,1.036712659207512,-2.5588920385758005,-0.8418004414304274,18,83.0,0.16666666666666666,0.3888888888888889,4.611111111111111,38,120.0,0.05263157894736842,0.10526315789473684,3.1578947368421053
2018,10,TB,WAS,3,-0.44242878493786314,0.18630085109068073,-1.2695813449170874,-0.5446295570359863,0.8271525599792242,0.730930408126667,24,103.0,0.125,0.25,4.291666666666667,49,431.0,0.2653061224489796,0.061224489795918366,8.795918367346939
2018,10,TEN,NE,34,-0.10946646418074892,0.3063528015990013,-0.899856035807509,0.3990274100367861,0.79038957162676,-0.0926746084377848,36,150.0,0.19444444444444445,0.19444444444444445,4.166666666666667,28,236.0,0.2857142857142857,0.10714285714285714,8.428571428571429
2018,10,GB,MIA,31,1.249739678365091,-0.1660110481244378,-0.19563112070464886,0.12312302638748374,1.4453707990697398,-0.2891340745119215,25,195.0,0.28,0.24,7.8,33,206.0,0.15151515151515152,0.12121212121212122,6.242424242424242
2018,10,PHI,DAL,20,-1.0025932201408467,0.1836682530508237,1.156448354577802,0.1691833500625588,-2.159041574718649,0.014484902988264908,16,71.0,0.125,0.3125,4.4375,46,355.0,0.15217391304347827,0.06521739130434782,7.717391304347826
2018,10,SF,NYG,23,-0.06713159536058952,-0.8544685585025724,-0.12306226011987124,0.2584616153676896,0.055930664759281726,-1.112930173870262,29,124.0,0.06896551724137931,0.13793103448275862,4.275862068965517,37,250.0,0.16216216216216217,0.08108108108108109,6.756756756756757
2018,11,SEA,GB,27,0.8114522413268429,-0.9524312125639888,-0.402112993258983,-0.4730203547447307,1.2135652345858259,-0.4794108578192581,35,173.0,0.2,0.17142857142857143,4.942857142857143,35,217.0,0.22857142857142856,0.17142857142857143,6.2
2018,11,ATL,DAL,19,-0.4066203214229128,0.5440622346344438,1.156448354577802,0.1691833500625588,-1.5630686760007149,0.374878884571885,18,80.0,0.2222222222222222,0.2777777777777778,4.444444444444445,37,274.0,0.1891891891891892,0.08108108108108109,7.405405405405405
2018,11,BAL,CIN,24,0.7208670793319942,-0.000511313669322259,-1.3462046491794502,-0.051814898058721554,2.0670717285114444,0.0513035843893993,54,269.0,0.14814814814814814,0.14814814814814814,4.981481481481482,25,145.0,0.2,0.16,5.8
2018,11,DET,CAR,20,-0.15888605557430163,0.7632693216355376,0.5649956386546164,-0.5456415366860099,-0.7238816942289181,1.3089108583215476,26,94.0,0.15384615384615385,0.4230769230769231,3.6153846153846154,39,224.0,0.1282051282051282,0.10256410256410256,5.743589743589744
2018,11,IND,TEN,38,0.5171308337705541,1.0103793499447067,-0.45785583787664763,-0.2028999459673815,0.9749866716472018,1.2132792959120882,28,102.0,0.03571428571428571,0.25,3.642857142857143,32,295.0,0.15625,0.03125,9.21875
2018,11,JAX,PIT,16,-0.05725148690891843,0.25576613750521354,0.414971865185459,0.6378359698884829,-0.4722233520943774,-0.38206983238326936,43,179.0,0.11627906976744186,0.11627906976744186,4.162790697674419,26,81.0,0.07692307692307693,0.23076923076923078,3.1153846153846154
2018,11,NYG,TB,38,-0.736377677232688,0.07690389028621163,-0.2486030460568014,-1.3284418754146927,-0.4877746311758866,1.4053457657009043,31,163.0,0.16129032258064516,0.12903225806451613,5.258064516129032,22,196.0,0.22727272727272727,0.22727272727272727,8.909090909090908
2018,11,WAS,HOU,21,-0.4355872224338694,-0.5859028672451984,1.0265523703009678,-0.10275591391202783,-1.4621395927348373,-0.48314695333317054,29,124.0,0.06896551724137931,0.10344827586206896,4.275862068965517,48,207.0,0.0625,0.125,4.3125
2018,11,LAC,DEN,22,-0.7883971916998751,-0.11826839122287731,-0.47853881446367186,-0.8856181977909369,-0.30985837723620324,0.7673498065680595,26,95.0,0.07692307692307693,0.19230769230769232,3.6538461538461537,46,384.0,0.2608695652173913,0.06521739130434782,8.347826086956522
2018,11,NO,PHI,48,0.38590018705461243,1.1582926700202152,0.8391649997900512,0.22921196576823186,-0.4532648127354388,0.9290807042519833,37,173.0,0.10810810810810811,0.2702702702702703,4.675675675675675,32,373.0,0.375,0.0,11.65625
2018,11,CHI,MIN,25,0.03376583754735496,0.8694049649799075,-0.22442040333738666,-0.6557828103874047,0.2581862408847416,1.5251877753673122,39,148.0,0.10256410256410256,0.28205128205128205,3.7948717948717947,39,196.0,0.05128205128205128,0.05128205128205128,5.0256410256410255
2018,12,DET,CHI,16,-0.15888605557430163,0.7632693216355376,1.445179183546554,0.6760462894821879,-1.6040652391208556,0.0872230321533497,24,111.0,0.041666666666666664,0.041666666666666664,4.625,41,222.0,0.14634146341463414,0.0975609756097561,5.414634146341464
2018,12,DAL,WAS,31,0.19401103725873525,-0.5191914104752104,-1.2695813449170874,-0.5446295570359863,1.4635923821758228,0.02543814656077581,34,146.0,0.11764705882352941,0.14705882352941177,4.294117647058823,37,266.0,0.08108108108108109,0.16216216216216217,7.1891891891891895
2018,12,NO,ATL,31,0.38590018705461243,1.1582926700202152,-1.47411803934433,-1.072402882416989,1.8600182263989424,2.2306955524372043,31,150.0,0.0967741935483871,0.1935483870967742,4.838709677419355,25,167.0,0.12,0.08,6.68
2018,12,BUF,JAX,24,-0.7465488042205085,-1.0090288042147446,0.7222952520104337,0.687940741429301,-1.4688440562309422,-1.6969695456440457,35,167.0,0.05714285714285714,0.22857142857142856,4.771428571428571,26,237.0,0.11538461538461539,0.0,9.115384615384615
2018,12,CAR,SEA,27,0.6947142286145896,0.72901054876549,-0.7411345174327324,1.0880398626169463,1.4358487460473222,-0.3590293138514563,27,220.0,0.25925925925925924,0.14814814814814814,8.148148148148149,31,282.0,0.16129032258064516,0.06451612903225806,9.096774193548388
2018,12,CIN,CLE,20,0.18544972265505902,0.3718120839478955,0.47637517803692064,0.12473024576541368,-0.29092545538186165,0.2470818381824818,20,129.0,0.25,0.25,6.45,50,271.0,0.08,0.04,5.42
2018,12,NYJ,NE,13,-1.6750666039092619,0.1949122177770846,-0.899856035807509,0.3990274100367861,-0.7752105681017529,-0.2041151922597015,15,74.0,0.2,0.13333333333333333,4.933333333333334,49,289.0,0.20408163265306123,0.08163265306122448,5.8979591836734695
2018,12,PHI,NYG,25,-1.0025932201408467,0.1836682530508237,-0.12306226011987124,0.2584616153676896,-0.8795309600209755,-0.07479336231686587,31,131.0,0.12903225806451613,0.25806451612903225,4.225806451612903,31,214.0,0.1935483870967742,0.0967741935483871,6.903225806451613
2018,12,TB,SF,27,-0.44242878493786314,0.18630085109068073,0.3336112797667934,1.634821462900318,-0.7760400647046566,-1.4485206118096372,31,108.0,0.12903225806451613,0.25806451612903225,3.4838709677419355,43,326.0,0.09302325581395349,0.046511627906976744,7.5813953488372094
2018,12,LAC,ARI,45,-0.7883971916998751,-0.11826839122287731,-0.40393452026939913,0.06645103983748668,-0.38446267143047597,-0.18471943106036398,30,178.0,0.16666666666666666,0.13333333333333333,5.933333333333334,38,248.0,0.18421052631578946,0.15789473684210525,6.526315789473684
2018,12,DEN,PIT,24,1.0504806764319852,-0.47327201004023073,0.414971865185459,0.6378359698884829,0.6355088112465261,-1.1111079799287136,23,124.0,0.17391304347826086,0.17391304347826086,5.391304347826087,30,184.0,0.13333333333333333,0.06666666666666667,6.133333333333334
2018,12,IND,MIA,27,0.5171308337705541,1.0103793499447067,-0.19563112070464886,0.12312302638748374,0.712761954475203,0.887256323557223,26,118.0,0.11538461538461539,0.19230769230769232,4.538461538461538,40,341.0,0.2,0.025,8.525
2018,12,MIN,GB,24,-0.4517890135604787,-0.42751284126968897,-0.402112993258983,-0.4730203547447307,-0.049676020301495705,0.04550751347504173,29,91.0,0.06896551724137931,0.2413793103448276,3.1379310344827585,42,341.0,0.19047619047619047,0.07142857142857142,8.119047619047619
2018,12,HOU,TEN,34,-0.016577689285252453,-1.0715381597486373,-0.45785583787664763,-0.2028999459673815,0.4412781485913952,-0.8686382137812558,34,281.0,0.17647058823529413,0.08823529411764706,8.264705882352942,33,235.0,0.09090909090909091,0.12121212121212122,7.121212121212121
2018,13,DAL,NO,13,0.19401103725873525,-0.5191914104752104,1.0853793155127653,0.6223994417596485,-0.8913682782540301,-1.141590852234859,31,99.0,0.0967741935483871,0.25806451612903225,3.193548387096774,37,235.0,0.10810810810810811,0.1891891891891892,6.351351351351352
2018,13,ATL,BAL,16,-0.4066203214229128,0.5440622346344438,0.4964896084726813,1.395137777029344,-0.9031099298955941,-0.8510755423949002,15,34.0,0.06666666666666667,0.3333333333333333,2.2666666666666666,32,102.0,0.09375,0.125,3.1875
2018,13,CIN,DEN,10,0.18544972265505902,0.3718120839478955,-0.47853881446367186,-0.8856181977909369,0.6639885371187308,1.2574302817388323,23,111.0,0.17391304347826086,0.13043478260869565,4.826086956521739,41,202.0,0.17073170731707318,0.14634146341463414,4.926829268292683
2018,13,DET,LA,16,-0.15888605557430163,0.7632693216355376,-0.47103232916163756,1.043368871861677,0.31214627358733593,-0.2800995502261393,26,102.0,0.07692307692307693,0.2692307692307692,3.923076923076923,38,208.0,0.15789473684210525,0.13157894736842105,5.473684210526316
2018,13,GB,ARI,17,1.249739678365091,-0.1660110481244378,-0.40393452026939913,0.06645103983748668,1.65367419863449,-0.23246208796192447,23,98.0,0.13043478260869565,0.2608695652173913,4.260869565217392,54,247.0,0.037037037037037035,0.07407407407407407,4.574074074074074
2018,13,HOU,CLE,29,-0.016577689285252453,-1.0715381597486373,0.47637517803692064,0.12473024576541368,-0.4929528673221731,-1.196268405514051,39,187.0,0.1282051282051282,0.10256410256410256,4.794871794871795,40,226.0,0.125,0.125,5.65
2018,13,JAX,IND,6,-0.05725148690891843,0.25576613750521354,0.9385557352108507,-1.2199941277242214,-0.9958072221197691,1.475760265229435,27,79.0,0.037037037037037035,0.2222222222222222,2.925925925925926,32,160.0,0.125,0.125,5.0
2018,13,MIA,BUF,21,0.809783730362227,-0.8461321372286751,0.8838254346665387,1.036712659207512,-0.07404170430431178,-1.8828447964361872,23,60.0,0.08695652173913043,0.43478260869565216,2.608695652173913,27,115.0,0.037037037037037035,0.1111111111111111,4.2592592592592595
2018,13,NYG,CHI,30,-0.736377677232688,0.07690389028621163,1.445179183546554,0.6760462894821879,-2.181556860779242,-0.5991423991959763,29,141.0,0.13793103448275862,0.20689655172413793,4.862068965517241,39,197.0,0.1282051282051282,0.10256410256410256,5.051282051282051
2018,13,TB,CAR,24,-0.44242878493786314,0.18630085109068073,0.5649956386546164,-0.5456415366860099,-1.0074244235924796,0.7319423877766906,25,95.0,0.16,0.28,3.8,39,268.0,0.1282051282051282,0.10256410256410256,6.871794871794871
2018,13,TEN,NYJ,26,-0.10946646418074892,0.3063528015990013,-0.19941850054177276,0.08646496226245477,0.08995203636102385,0.21988783933654654,22,130.0,0.2727272727272727,0.18181818181818182,5.909090909090909,41,317.0,0.17073170731707318,0.0975609756097561,7.7317073170731705
2018,13,NE,MIN,24,0.49210669679977104,1.1957451668173433,-0.22442040333738666,-0.6557828103874047,0.7165271001371577,1.8515279772047482,39,160.0,0.10256410256410256,0.1282051282051282,4.102564102564102,33,316.0,0.2727272727272727,0.0,9.575757575757576
2018,13,SEA,SF,43,0.8114522413268429,-0.9524312125639888,0.3336112797667934,1.634821462900318,0.4778409615600495,-2.5872526754643066,29,168.0,0.20689655172413793,0.1724137931034483,5.793103448275862,23,178.0,0.21739130434782608,0.13043478260869565,7.739130434782608
2018,13,PIT,LAC,30,0.26099399933235895,1.227742649180995,0.18570310308670265,-1.0867700173905188,0.0752908962456563,2.314512666571514,17,65.0,0.058823529411764705,0.058823529411764705,3.823529411764706,46,271.0,0.08695652173913043,0.043478260869565216,5.891304347826087
2018,13,PHI,WAS,28,-1.0025932201408467,0.1836682530508237,-1.2695813449170874,-0.5446295570359863,0.2669881247762407,0.7282978100868099,33,130.0,0.15151515151515152,0.2727272727272727,3.9393939393939394,40,308.0,0.175,0.025,7.7
2018,14,TEN,JAX,30,-0.10946646418074892,0.3063528015990013,0.7222952520104337,0.687940741429301,-0.8317617161911826,-0.38158793983029965,32,264.0,0.25,0.25,8.25,26,174.0,0.07692307692307693,0.038461538461538464,6.6923076923076925
2018,14,BUF,NYJ,23,-0.7465488042205085,-1.0090288042147446,-0.19941850054177276,0.08646496226245477,-0.5471303036787357,-1.0954937664771993,31,176.0,0.1935483870967742,0.12903225806451613,5.67741935483871,46,269.0,0.10869565217391304,0.06521739130434782,5.8478260869565215
2018,14,CLE,CAR,26,-1.0789015100153372,-0.3597442471970162,0.5649956386546164,-0.5456415366860099,-1.6438971486699536,0.1858972894889937,21,116.0,0.14285714285714285,0.38095238095238093,5.523809523809524,25,233.0,0.2,0.2,9.32
2018,14,GB,ATL,34,1.249739678365091,-0.1660110481244378,-1.47411803934433,-1.072402882416989,2.723857717709421,0.9063918342925511,25,138.0,0.16,0.2,5.52,39,206.0,0.1282051282051282,0.1282051282051282,5.282051282051282
2018,14,HOU,IND,21,-0.016577689285252453,-1.0715381597486373,0.9385557352108507,-1.2199941277242214,-0.9551334244961032,0.14845596797558414,25,89.0,0.16,0.28,3.56,46,247.0,0.08695652173913043,0.15217391304347827,5.369565217391305
2018,14,KC,BAL,27,0.4487441655673585,-2.1756957408610607,0.4964896084726813,1.395137777029344,-0.04774544290532279,-3.5708335178904047,27,94.0,0.07407407407407407,0.18518518518518517,3.4814814814814814,57,350.0,0.19298245614035087,0.07017543859649122,6.140350877192983
2018,14,MIA,NE,34,0.809783730362227,-0.8461321372286751,-0.899856035807509,0.3990274100367861,1.7096397661697358,-1.245159547265461,21,189.0,0.23809523809523808,0.14285714285714285,9.0,24,223.0,0.2916666666666667,0.25,9.291666666666666
2018,14,TB,NO,14,-0.44242878493786314,0.18630085109068073,1.0853793155127653,0.6223994417596485,-1.5278081004506285,-0.4360985906689677,23,105.0,0.13043478260869565,0.13043478260869565,4.565217391304348,47,221.0,0.10638297872340426,0.0851063829787234,4.702127659574468
2018,14,WAS,NYG,16,-0.4355872224338694,-0.5859028672451984,-0.12306226011987124,0.2584616153676896,-0.3125249623139981,-0.844364482612888,22,84.0,0.18181818181818182,0.2727272727272727,3.8181818181818183,42,240.0,0.07142857142857142,0.11904761904761904,5.714285714285714
2018,14,LAC,CIN,26,-0.7883971916998751,-0.11826839122287731,-1.3462046491794502,-0.051814898058721554,0.557807457479575,-0.06645349316415576,25,85.0,0.08,0.2,3.4,32,208.0,0.1875,0.125,6.5
2018,14,SF,DEN,20,-0.06713159536058952,-0.8544685585025724,-0.47853881446367186,-0.8856181977909369,0.4114072191030823,0.03114963928836445,30,84.0,0.03333333333333333,0.26666666666666666,2.8,36,305.0,0.19444444444444445,0.1111111111111111,8.472222222222221
2018,14,ARI,DET,3,0.3184835264648675,-0.19135902652215644,-0.683670368213416,-0.8826281756898139,1.0021538946782835,0.6912691491676575,21,61.0,0.09523809523809523,0.14285714285714285,2.9047619047619047,46,221.0,0.10869565217391304,0.15217391304347827,4.804347826086956
2018,14,DAL,PHI,29,0.19401103725873525,-0.5191914104752104,0.8391649997900512,0.22921196576823186,-0.645153962531316,-0.7484033762434423,36,142.0,0.1388888888888889,0.25,3.9444444444444446,57,434.0,0.17543859649122806,0.07017543859649122,7.614035087719298
2018,14,CHI,LA,15,0.03376583754735496,0.8694049649799075,-0.47103232916163756,1.043368871861677,0.5047981667089925,-0.17396390688176944,35,194.0,0.17142857142857143,0.14285714285714285,5.542857142857143,34,124.0,0.029411764705882353,0.08823529411764706,3.6470588235294117
2018,14,SEA,MIN,21,0.8114522413268429,-0.9524312125639888,-0.22442040333738666,-0.6557828103874047,1.0358726446642295,-0.29664840217658406,42,214.0,0.14285714285714285,0.19047619047619047,5.095238095238095,25,112.0,0.0,0.12,4.48
2018,15,KC,LAC,28,0.4487441655673585,-2.1756957408610607,0.18570310308670265,-1.0867700173905188,0.26304106248065584,-1.0889257234705418,17,60.0,0.058823529411764705,0.23529411764705882,3.5294117647058822,37,236.0,0.21621621621621623,0.08108108108108109,6.378378378378378
2018,15,NYJ,HOU,22,-1.6750666039092619,0.1949122177770846,1.0265523703009678,-0.10275591391202783,-2.7016189742102297,0.29766813168911244,31,90.0,0.0967741935483871,0.3225806451612903,2.903225806451613,45,260.0,0.13333333333333333,0.08888888888888889,5.777777777777778
2018,15,DEN,CLE,16,1.0504806764319852,-0.47327201004023073,0.47637517803692064,0.12473024576541368,0.5741054983950645,-0.5980022558056444,20,32.0,0.05,0.45,1.6,50,239.0,0.08,0.1,4.78
2018,15,ATL,ARI,40,-0.4066203214229128,0.5440622346344438,-0.40393452026939913,0.06645103983748668,-0.0026858011535136894,0.47761119479695713,27,215.0,0.2222222222222222,0.2222222222222222,7.962962962962963,40,235.0,0.15,0.075,5.875
2018,15,BAL,TB,20,0.7208670793319942,-0.000511313669322259,-0.2486030460568014,-1.3284418754146927,0.9694701253887956,1.3279305617453705,49,242.0,0.16326530612244897,0.14285714285714285,4.938775510204081,29,176.0,0.06896551724137931,0.10344827586206896,6.068965517241379
2018,15,BUF,DET,14,-0.7465488042205085,-1.0090288042147446,-0.683670368213416,-0.8826281756898139,-0.06287843600709253,-0.12640062852493072,37,117.0,0.02702702702702703,0.13513513513513514,3.1621621621621623,29,198.0,0.1724137931034483,0.034482758620689655,6.827586206896552
2018,15,CHI,GB,24,0.03376583754735496,0.8694049649799075,-0.402112993258983,-0.4730203547447307,0.43587883080633794,1.3424253197246383,29,100.0,0.06896551724137931,0.3103448275862069,3.4482758620689653,31,249.0,0.1935483870967742,0.06451612903225806,8.03225806451613
2018,15,IND,DAL,23,0.5171308337705541,1.0103793499447067,1.156448354577802,0.1691833500625588,-0.6393175208072478,0.8411959998821479,39,178.0,0.15384615384615385,0.28205128205128205,4.564102564102564,29,215.0,0.13793103448275862,0.0,7.413793103448276
2018,15,JAX,WAS,13,-0.05725148690891843,0.25576613750521354,-1.2695813449170874,-0.5446295570359863,1.212329858008169,0.8003956945411999,26,172.0,0.3076923076923077,0.11538461538461539,6.615384615384615,29,88.0,0.0,0.20689655172413793,3.0344827586206895
2018,15,MIN,MIA,41,-0.4517890135604787,-0.42751284126968897,-0.19563112070464886,0.12312302638748374,-0.2561578928558298,-0.5506358676571728,40,220.0,0.2,0.175,5.5,24,201.0,0.20833333333333334,0.08333333333333333,8.375
2018,15,NYG,TEN,0,-0.736377677232688,0.07690389028621163,-0.45785583787664763,-0.2028999459673815,-0.27852183935604036,0.2798038362535931,16,47.0,0.125,0.25,2.9375,47,213.0,0.1276595744680851,0.0851063829787234,4.531914893617022
2018,15,SF,SEA,26,-0.06713159536058952,-0.8544685585025724,-0.7411345174327324,1.0880398626169463,0.6740029220721429,-1.9425084211195187,26,94.0,0.07692307692307693,0.19230769230769232,3.6153846153846154,32,257.0,0.25,0.09375,8.03125
2018,15,PIT,NE,17,0.26099399933235895,1.227742649180995,-0.899856035807509,0.3990274100367861,1.1608500351398678,0.828715239144209,25,158.0,0.28,0.12,6.32,36,218.0,0.16666666666666666,0.05555555555555555,6.055555555555555
2018,15,CAR,NO,9,0.6947142286145896,0.72901054876549,1.0853793155127653,0.6223994417596485,-0.3906650868981757,0.10661110700584153,23,98.0,0.043478260869565216,0.043478260869565216,4.260869565217392,34,154.0,0.08823529411764706,0.14705882352941177,4.529411764705882
2018,16,TEN,WAS,25,-0.10946646418074892,0.3063528015990013,-1.2695813449170874,-0.5446295570359863,1.1601148807363384,0.8509823586349876,27,99.0,0.07407407407407407,0.18518518518518517,3.6666666666666665,29,199.0,0.20689655172413793,0.13793103448275862,6.862068965517241
2018,16,LAC,BAL,10,-0.7883971916998751,-0.11826839122287731,0.4964896084726813,1.395137777029344,-1.2848868001725564,-1.5134061682522213,16,51.0,0.0625,0.0625,3.1875,42,148.0,0.047619047619047616,0.11904761904761904,3.5238095238095237
2018,16,CAR,ATL,10,0.6947142286145896,0.72901054876549,-1.47411803934433,-1.072402882416989,2.1688322679589196,1.8014134311824788,25,141.0,0.16,0.04,5.64,60,325.0,0.06666666666666667,0.06666666666666667,5.416666666666667
2018,16,CLE,CIN,26,-1.0789015100153372,-0.3597442471970162,-1.3462046491794502,-0.051814898058721554,0.26730313916411297,-0.3079293491382946,28,146.0,0.14285714285714285,0.17857142857142858,5.214285714285714,41,366.0,0.1951219512195122,0.0,8.926829268292684
2018,16,DAL,TB,27,0.19401103725873525,-0.5191914104752104,-0.2486030460568014,-1.3284418754146927,0.44261408331553664,0.8092504649394823,24,80.0,0.16666666666666666,0.3333333333333333,3.3333333333333335,26,152.0,0.07692307692307693,0.11538461538461539,5.846153846153846
2018,16,DET,MIN,9,-0.15888605557430163,0.7632693216355376,-0.22442040333738666,-0.6557828103874047,0.06553434776308503,1.4190521320229423,23,86.0,0.13043478260869565,0.30434782608695654,3.739130434782609,47,151.0,0.06382978723404255,0.14893617021276595,3.2127659574468086
2018,16,IND,NYG,28,0.5171308337705541,1.0103793499447067,-0.12306226011987124,0.2584616153676896,0.6401930938904253,0.7519177345770172,16,49.0,0.125,0.1875,3.0625,48,367.0,0.14583333333333334,0.041666666666666664,7.645833333333333
2018,16,MIA,JAX,7,0.809783730362227,-0.8461321372286751,0.7222952520104337,0.687940741429301,0.0874884783517933,-1.534072878657976,18,62.0,0.1111111111111111,0.2777777777777778,3.4444444444444446,27,143.0,0.07407407407407407,0.1111111111111111,5.296296296296297
2018,16,NE,BUF,24,0.49210669679977104,1.1957451668173433,0.8838254346665387,1.036712659207512,-0.3917187378667677,0.15903250760983134,47,273.0,0.23404255319148937,0.14893617021276595,5.808510638297872,26,117.0,0.07692307692307693,0.038461538461538464,4.5
2018,16,NYJ,GB,38,-1.6750666039092619,0.1949122177770846,-0.402112993258983,-0.4730203547447307,-1.272953610650279,0.6679325725218153,20,47.0,0.05,0.25,2.35,38,324.0,0.21052631578947367,0.05263157894736842,8.526315789473685
2018,16,PHI,HOU,32,-1.0025932201408467,0.1836682530508237,1.0265523703009678,-0.10275591391202783,-2.0291455904418143,0.28642416696285156,22,57.0,0.09090909090909091,0.36363636363636365,2.590909090909091,51,462.0,0.17647058823529413,0.0392156862745098,9.058823529411764
2018,16,ARI,LA,9,0.3184835264648675,-0.19135902652215644,-0.47103232916163756,1.043368871861677,0.7895158556265051,-1.2347278983838335,18,104.0,0.2777777777777778,0.16666666666666666,5.777777777777778,39,208.0,0.1282051282051282,0.10256410256410256,5.333333333333333
2018,16,SF,CHI,9,-0.06713159536058952,-0.8544685585025724,1.445179183546554,0.6760462894821879,-1.5123107789071435,-1.5305148479847603,15,47.0,0.06666666666666667,0.13333333333333333,3.1333333333333333,39,232.0,0.15384615384615385,0.02564102564102564,5.948717948717949
2018,16,NO,PIT,31,0.38590018705461243,1.1582926700202152,0.414971865185459,0.6378359698884829,-0.029071678130846546,0.5204567001317323,19,57.0,0.0,0.15789473684210525,3.0,42,313.0,0.16666666666666666,0.07142857142857142,7.4523809523809526
2018,16,SEA,KC,38,0.8114522413268429,-0.9524312125639888,-0.9503725381338005,0.20513669374233656,1.7618247794606434,-1.1575679063063253,43,210.0,0.16279069767441862,0.23255813953488372,4.883720930232558,36,315.0,0.25,0.1111111111111111,8.75
2018,17,BUF,MIA,42,-0.7465488042205085,-1.0090288042147446,-0.19563112070464886,0.12312302638748374,-0.5509176835158597,-1.1321518306022282,33,166.0,0.12121212121212122,0.24242424242424243,5.03030303030303,32,308.0,0.15625,0.03125,9.625
2018,17,GB,DET,0,1.249739678365091,-0.1660110481244378,-0.683670368213416,-0.8826281756898139,1.933410046578507,0.7166171275653761,13,46.0,0.23076923076923078,0.3076923076923077,3.5384615384615383,46,169.0,0.06521739130434782,0.08695652173913043,3.6739130434782608
2018,17,HOU,JAX,20,-0.016577689285252453,-1.0715381597486373,0.7222952520104337,0.687940741429301,-0.7388729412956861,-1.7594789011779381,33,134.0,0.12121212121212122,0.15151515151515152,4.0606060606060606,42,211.0,0.07142857142857142,0.16666666666666666,5.023809523809524
2018,17,NE,NYJ,38,0.49210669679977104,1.1957451668173433,-0.19941850054177276,0.08646496226245477,0.6915251973415438,1.1092802045548886,30,131.0,0.2,0.36666666666666664,4.366666666666666,34,244.0,0.20588235294117646,0.029411764705882353,7.176470588235294
2018,17,NO,CAR,14,0.38590018705461243,1.1582926700202152,0.5649956386546164,-0.5456415366860099,-0.179095451600004,1.703934206706225,27,184.0,0.18518518518518517,0.07407407407407407,6.814814814814815,27,121.0,0.07407407407407407,0.1111111111111111,4.481481481481482
2018,17,NYG,DAL,35,-0.736377677232688,0.07690389028621163,1.156448354577802,0.1691833500625588,-1.89282603181049,-0.09227945977634718,25,143.0,0.08,0.2,5.72,43,300.0,0.16279069767441862,0.046511627906976744,6.976744186046512
2018,17,TB,ATL,32,-0.44242878493786314,0.18630085109068073,-1.47411803934433,-1.072402882416989,1.0316892544064669,1.2587037335076696,20,92.0,0.05,0.15,4.6,39,356.0,0.358974358974359,0.02564102564102564,9.128205128205128
2018,17,BAL,CLE,26,0.7208670793319942,-0.000511313669322259,0.47637517803692064,0.12473024576541368,0.2444919012950736,-0.12524155943473594,47,296.0,0.2127659574468085,0.14893617021276595,6.297872340425532,28,193.0,0.10714285714285714,0.07142857142857142,6.892857142857143
2018,17,DEN,LAC,9,1.0504806764319852,-0.47327201004023073,0.18570310308670265,-1.0867700173905188,0.8647775733452825,0.613498007350288,25,82.0,0.0,0.2,3.28,51,296.0,0.0784313725490196,0.09803921568627451,5.803921568627451
2018,17,MIN,CHI,10,-0.4517890135604787,-0.42751284126968897,1.445179183546554,0.6760462894821879,-1.8969681971070327,-1.1035591307518768,15,63.0,0.13333333333333333,0.26666666666666666,4.2,38,108.0,0.05263157894736842,0.15789473684210525,2.8421052631578947
2018,17,PIT,CIN,16,0.26099399933235895,1.227742649180995,-1.3462046491794502,-0.051814898058721554,1.607198648511809,1.2795575472397167,20,65.0,0.05,0.25,3.25,47,283.0,0.10638297872340426,0.02127659574468085,6.0212765957446805
2018,17,SEA,ARI,27,0.8114522413268429,-0.9524312125639888,-0.40393452026939913,0.06645103983748668,1.2153867615962421,-1.0188822524014753,34,182.0,0.11764705882352941,0.20588235294117646,5.352941176470588,27,109.0,0.1111111111111111,0.2222222222222222,4.037037037037037
2018,17,WAS,PHI,0,-0.4355872224338694,-0.5859028672451984,0.8391649997900512,0.22921196576823186,-1.2747522222239205,-0.8151148330134302,12,21.0,0.0,0.3333333333333333,1.75,34,77.0,0.029411764705882353,0.14705882352941177,2.264705882352941
2018,17,TEN,IND,17,-0.10946646418074892,0.3063528015990013,0.9385557352108507,-1.2199941277242214,-1.0480221993915997,1.5263469293232228,16,93.0,0.1875,0.1875,5.8125,29,165.0,0.13793103448275862,0.0,5.689655172413793
2019,1,CHI,GB,3,0.22554346820893645,0.14692622626815025,-1.2334247138384682,-0.18755158206913794,1.4589681820474047,0.3344778083372882,15,46.0,0.0,0.13333333333333333,3.066666666666667,52,218.0,0.09615384615384616,0.11538461538461539,4.1923076923076925
2019,1,CAR,LA,27,0.9019128541500705,0.04902201847910104,-0.19434866964848624,0.7361648570971863,1.0962615237985567,-0.6871428386180852,23,127.0,0.21739130434782608,0.17391304347826086,5.521739130434782,41,219.0,0.07317073170731707,0.07317073170731707,5.341463414634147
2019,1,CLE,TEN,13,-0.34943789121456514,0.28181963082618544,0.19312539737073758,-0.6188648389068955,-0.5425632885853027,0.9006844697330809,20,102.0,0.2,0.05,5.1,43,244.0,0.13953488372093023,0.16279069767441862,5.674418604651163
2019,1,JAX,KC,26,-0.30035367384385636,0.6292696142337372,-0.8895738849502348,-0.2804252893296075,0.5892202111063785,0.9096949035633446,16,81.0,0.1875,0.0625,5.0625,36,353.0,0.2222222222222222,0.08333333333333333,9.805555555555555
2019,1,MIA,BAL,10,-1.3283825884798368,-1.1198462790304011,-0.5440237439714952,0.3243935763668378,-0.7843588445083416,-1.4442398553972389,12,21.0,0.0,0.4166666666666667,1.75,36,187.0,0.08333333333333333,0.1111111111111111,5.194444444444445
2019,1,MIN,ATL,28,0.2942952134804333,-0.19373042876342395,0.16082431657645369,-1.1396488558071398,0.13347089690397962,0.9459184270437159,38,172.0,0.13157894736842105,0.2894736842105263,4.526315789473684,11,97.0,0.18181818181818182,0.09090909090909091,8.818181818181818
2019,1,NYJ,BUF,16,-0.5566219173080557,-1.5662037050582482,0.4696384544209541,0.005025299197560129,-1.0262603717290097,-1.5712290042558084,21,68.0,0.09523809523809523,0.2857142857142857,3.238095238095238,46,157.0,0.043478260869565216,0.13043478260869565,3.4130434782608696
2019,1,PHI,WAS,32,-0.2872492394571361,-0.22833744087277727,-0.4495734464301968,1.3023695769764003,0.16232420697306071,-1.5307070178491775,32,125.0,0.09375,0.25,3.90625,40,313.0,0.15,0.05,7.825
2019,1,LAC,IND,30,-0.34656482160928026,0.5826294211395143,0.282479166029072,-0.4623269306796208,-0.6290439876383522,1.0449563518191352,21,125.0,0.19047619047619047,0.19047619047619047,5.9523809523809526,39,316.0,0.23076923076923078,0.10256410256410256,8.102564102564102
2019,1,SEA,CIN,21,0.25185725741769605,-1.3558078241178286,-0.43390972128874095,-0.2088525937173256,0.685766978706437,-1.146955230400503,25,72.0,0.08,0.32,2.88,24,160.0,0.16666666666666666,0.20833333333333334,6.666666666666667
2019,1,ARI,DET,27,0.2739037898520899,0.8353505858610419,-0.14669703290401487,-0.9232635329538308,0.4206008227561048,1.7586141188148727,23,112.0,0.13043478260869565,0.08695652173913043,4.869565217391305,60,277.0,0.1,0.1,4.616666666666666
2019,1,DAL,NYG,35,1.2150918859018027,0.6440057146928972,0.6787776161939647,0.4050361236747651,0.536314269707838,0.23896959101813214,30,89.0,0.03333333333333333,0.16666666666666666,2.966666666666667,32,405.0,0.25,0.0,12.65625
2019,1,TB,SF,17,-0.12950189908365067,-0.08071280572586566,-0.3187895075896515,0.5564727637518233,0.18928760850600085,-0.637185569477689,26,121.0,0.15384615384615385,0.23076923076923078,4.653846153846154,42,188.0,0.11904761904761904,0.07142857142857142,4.476190476190476
2019,1,NE,PIT,33,-0.030865235672509372,0.7902522064973732,0.998162554589246,1.6361608411277466,-1.0290277902617553,-0.8459086346303735,29,99.0,0.06896551724137931,0.20689655172413793,3.413793103448276,38,366.0,0.2631578947368421,0.02631578947368421,9.631578947368421
2019,1,NO,HOU,30,0.44570731275578496,1.2333465099021381,-0.1764669664955621,-0.6211899906480237,0.622174279251347,1.8545365005501617,21,148.0,0.19047619047619047,0.09523809523809523,7.0476190476190474,42,362.0,0.19047619047619047,0.07142857142857142,8.619047619047619
2019,2,CAR,TB,14,0.9019128541500705,0.04902201847910104,2.1728200434885556,0.46068703826395935,-1.2709071893384851,-0.4116650197848583,19,39.0,0.05263157894736842,0.42105263157894735,2.0526315789473686,54,313.0,0.1111111111111111,0.05555555555555555,5.796296296296297
2019,2,BAL,ARI,23,1.1253695812070896,1.600888153617819,0.3967916894206712,-0.9208477085778153,0.7285778917864184,2.5217358621956345,33,182.0,0.2727272727272727,0.21212121212121213,5.515151515151516,44,304.0,0.13636363636363635,0.09090909090909091,6.909090909090909
2019,2,CIN,SF,17,-0.6050063322772407,0.9252205090168845,-0.3187895075896515,0.5564727637518233,-0.28621682468758913,0.36874774526506116,19,25.0,0.0,0.42105263157894735,1.3157894736842106,47,293.0,0.10638297872340426,0.1276595744680851,6.23404255319149
2019,2,DET,LAC,13,-0.14636738487750434,-0.029413951246211045,0.33304971840945136,-0.27803003863116904,-0.4794171032869557,0.248616087384958,28,94.0,0.03571428571428571,0.17857142857142858,3.357142857142857,32,254.0,0.125,0.03125,7.9375
2019,2,GB,MIN,21,0.6633962807394729,0.27627901747931977,-0.3409827719410031,-0.6713371266441263,1.0043790526804761,0.9476161441234461,33,144.0,0.12121212121212122,0.18181818181818182,4.363636363636363,36,191.0,0.1388888888888889,0.1388888888888889,5.305555555555555
2019,2,HOU,JAX,13,0.7023936591242784,-0.018399193243946437,-0.811618572882995,1.009638265693053,1.5140122320072735,-1.0280374589369994,30,126.0,0.06666666666666667,0.13333333333333333,4.2,34,141.0,0.08823529411764706,0.14705882352941177,4.147058823529412
2019,2,MIA,NE,0,-1.3283825884798368,-1.1198462790304011,-0.376654593024898,0.03102909559992929,-0.9517279954549388,-1.1508753746303304,15,42.0,0.0,0.2,2.8,47,148.0,0.10638297872340426,0.14893617021276595,3.148936170212766
2019,2,NYG,BUF,14,-0.052524667227497546,-1.0208676271169006,0.4696384544209541,0.005025299197560129,-0.5221631216484517,-1.0258929263144607,20,129.0,0.25,0.05,6.45,46,241.0,0.06521739130434782,0.06521739130434782,5.239130434782608
2019,2,PIT,SEA,26,-0.39659157971345343,-0.9310714145263582,-0.0286831705270075,-0.7915927843030474,-0.36790840918644596,-0.13947863022331086,16,81.0,0.125,0.1875,5.0625,37,187.0,0.08108108108108109,0.08108108108108109,5.054054054054054
2019,2,TEN,IND,17,0.7267936074668897,-0.10820897948805497,0.282479166029072,-0.4623269306796208,0.4443144414378177,0.3541179511915658,24,124.0,0.20833333333333334,0.125,5.166666666666667,33,144.0,0.09090909090909091,0.18181818181818182,4.363636363636363
2019,2,WAS,DAL,21,-0.12868098918159165,-1.566095161582045,0.0026870546144314167,0.16995975268022642,-0.13136804379602307,-1.7360549142622714,17,47.0,0.058823529411764705,0.23529411764705882,2.764705882352941,38,208.0,0.10526315789473684,0.07894736842105263,5.473684210526316
2019,2,DEN,CHI,14,-0.3623845376159207,-0.32470716247897863,0.06488065171352467,1.17358041117026,-0.42726518932944535,-1.4982875736492385,24,90.0,0.08333333333333333,0.125,3.75,53,284.0,0.09433962264150944,0.07547169811320754,5.3584905660377355
2019,2,ATL,PHI,24,-0.8860151293680759,0.058513410328116376,0.942389852902801,0.5803965681729061,-1.828404982270877,-0.5218831578447897,17,57.0,0.058823529411764705,0.23529411764705882,3.3529411764705883,45,314.0,0.15555555555555556,0.06666666666666667,6.977777777777778
2019,2,NYJ,CLE,3,-0.5566219173080557,-1.5662037050582482,-1.0088113675767456,-0.27182184615824806,0.45218945026868995,-1.2943818589000002,24,93.0,0.08333333333333333,0.2916666666666667,3.875,35,169.0,0.17142857142857143,0.14285714285714285,4.828571428571428
2019,3,JAX,TEN,20,-0.30035367384385636,0.6292696142337372,0.19312539737073758,-0.6188648389068955,-0.49347907121459395,1.2481344531406326,20,88.0,0.1,0.5,4.4,33,223.0,0.15151515151515152,0.030303030303030304,6.757575757575758
2019,3,BUF,CIN,21,-0.10660303297474708,0.2073358268604851,-0.43390972128874095,-0.2088525937173256,0.3273066883139939,0.4161884205778107,36,175.0,0.1388888888888889,0.2222222222222222,4.861111111111111,41,272.0,0.0975609756097561,0.04878048780487805,6.634146341463414
2019,3,DAL,MIA,31,1.2150918859018027,0.6440057146928972,-0.7599935163688532,-1.3546967086410258,1.9750854022706559,1.998702423333923,34,235.0,0.29411764705882354,0.058823529411764705,6.911764705882353,34,249.0,0.17647058823529413,0.029411764705882353,7.323529411764706
2019,3,GB,DEN,27,0.6633962807394729,0.27627901747931977,-0.15084544629225483,-0.04211956468736874,0.8142417270317277,0.3183985821666885,23,77.0,0.08695652173913043,0.21739130434782608,3.347826086956522,29,235.0,0.20689655172413793,0.034482758620689655,8.10344827586207
2019,3,IND,ATL,27,-0.546553990025948,-1.1619427947018106,0.16082431657645369,-1.1396488558071398,-0.7073783066024016,-0.022293938894670795,24,79.0,0.08333333333333333,0.375,3.2916666666666665,39,306.0,0.15384615384615385,0.05128205128205128,7.846153846153846
2019,3,KC,BAL,33,-0.47021331139238665,-0.15523812564851538,-0.5440237439714952,0.3243935763668378,0.07381043257910858,-0.4796317020153532,25,140.0,0.16,0.28,5.6,39,374.0,0.20512820512820512,0.07692307692307693,9.58974358974359
2019,3,NE,NYJ,30,-0.030865235672509372,0.7902522064973732,1.924087462440496,-0.11712275460240755,-1.9549526981130054,0.9073749610997807,27,68.0,0.0,0.2222222222222222,2.5185185185185186,46,313.0,0.17391304347826086,0.06521739130434782,6.804347826086956
2019,3,PHI,DET,24,-0.2872492394571361,-0.22833744087277727,-0.14669703290401487,-0.9232635329538308,-0.14055220655312123,0.6949260920810535,30,127.0,0.1,0.1,4.233333333333333,42,274.0,0.16666666666666666,0.07142857142857142,6.523809523809524
2019,3,ARI,CAR,20,0.2739037898520899,0.8353505858610419,-1.0792471089805034,0.5746383271664172,1.3531508988325933,0.2607122586946248,22,121.0,0.18181818181818182,0.09090909090909091,5.5,54,155.0,0.037037037037037035,0.2037037037037037,2.8703703703703702
2019,3,TB,NYG,31,-0.12950189908365067,-0.08071280572586566,0.6787776161939647,0.4050361236747651,-0.8082795152776154,-0.48574892940063075,32,144.0,0.09375,0.15625,4.5,42,358.0,0.2619047619047619,0.09523809523809523,8.523809523809524
2019,3,LAC,HOU,20,-0.34656482160928026,0.5826294211395143,-0.1764669664955621,-0.6211899906480237,-0.17009785511371817,1.203819411787538,18,73.0,0.1111111111111111,0.16666666666666666,4.055555555555555,53,302.0,0.11320754716981132,0.16981132075471697,5.69811320754717
2019,3,SEA,NO,27,0.25185725741769605,-1.3558078241178286,0.3239302565407294,0.5599975585305698,-0.07207299912303333,-1.9158053826483985,26,108.0,0.15384615384615385,0.19230769230769232,4.153846153846154,53,450.0,0.1509433962264151,0.03773584905660377,8.49056603773585
2019,3,SF,PIT,24,0.203653311018696,0.6529046925371609,0.998162554589246,1.6361608411277466,-0.79450924357055,-0.9832561485905857,40,168.0,0.125,0.2,4.2,33,268.0,0.24242424242424243,0.06060606060606061,8.121212121212121
2019,3,CLE,LA,13,-0.34943789121456514,0.28181963082618544,-0.19434866964848624,0.7361648570971863,-0.1550892215660789,-0.4543452262710008,24,95.0,0.125,0.125,3.9583333333333335,39,175.0,0.1282051282051282,0.1282051282051282,4.487179487179487
2019,3,WAS,CHI,15,-0.12868098918159165,-1.566095161582045,0.06488065171352467,1.17358041117026,-0.19356164089511632,-2.739675572752305,21,69.0,0.047619047619047616,0.19047619047619047,3.2857142857142856,49,292.0,0.16326530612244897,0.10204081632653061,5.959183673469388
2019,4,GB,PHI,27,0.6633962807394729,0.27627901747931977,0.942389852902801,0.5803965681729061,-0.2789935721633281,-0.3041175506935863,20,77.0,0.15,0.3,3.85,58,460.0,0.1206896551724138,0.034482758620689655,7.931034482758621
2019,4,ATL,TEN,10,-0.8860151293680759,0.058513410328116376,0.19312539737073758,-0.6188648389068955,-1.0791405267388134,0.6773782492350119,17,58.0,0.11764705882352941,0.17647058823529413,3.411764705882353,60,382.0,0.16666666666666666,0.1,6.366666666666666
2019,4,BAL,CLE,25,1.1253695812070896,1.600888153617819,-1.0088113675767456,-0.27182184615824806,2.1341809487838352,1.872709999776067,30,175.0,0.13333333333333333,0.16666666666666666,5.833333333333333,39,239.0,0.10256410256410256,0.1282051282051282,6.128205128205129
2019,4,BUF,NE,10,-0.10660303297474708,0.2073358268604851,-0.376654593024898,0.03102909559992929,0.27005156005015096,0.17630673126055582,22,135.0,0.13636363636363635,0.09090909090909091,6.136363636363637,51,260.0,0.19607843137254902,0.09803921568627451,5.098039215686274
2019,4,DET,KC,30,-0.14636738487750434,-0.029413951246211045,-0.8895738849502348,-0.2804252893296075,0.7432065000727305,0.25101133808339643,35,186.0,0.17142857142857143,0.14285714285714285,5.314285714285714,40,279.0,0.15,0.1,6.975
2019,4,HOU,CAR,10,0.7023936591242784,-0.018399193243946437,-1.0792471089805034,0.5746383271664172,1.781640768104782,-0.5930375204103636,22,136.0,0.22727272727272727,0.13636363636363635,6.181818181818182,41,139.0,0.0,0.1951219512195122,3.3902439024390243
2019,4,MIA,LAC,10,-1.3283825884798368,-1.1198462790304011,0.33304971840945136,-0.27803003863116904,-1.6614323068892882,-0.8418162403992321,18,72.0,0.1111111111111111,0.16666666666666666,4.0,29,161.0,0.10344827586206896,0.1724137931034483,5.551724137931035
2019,4,NYG,WAS,24,-0.052524667227497546,-1.0208676271169006,-0.4495734464301968,1.3023695769764003,0.39704877920269926,-2.323237204093301,37,164.0,0.10810810810810811,0.1891891891891892,4.4324324324324325,34,260.0,0.17647058823529413,0.058823529411764705,7.647058823529412
2019,4,ARI,SEA,10,0.2739037898520899,0.8353505858610419,-0.0286831705270075,-0.7915927843030474,0.3025869603790974,1.6269433701640894,23,115.0,0.13043478260869565,0.13043478260869565,5.0,38,225.0,0.15789473684210525,0.10526315789473684,5.921052631578948
2019,4,CHI,MIN,16,0.22554346820893645,0.14692622626815025,-0.3409827719410031,-0.6713371266441263,0.5665262401499396,0.8182633529122765,33,72.0,0.0,0.18181818181818182,2.1818181818181817,35,199.0,0.05714285714285714,0.05714285714285714,5.685714285714286
2019,4,DEN,JAX,24,-0.3623845376159207,-0.32470716247897863,-0.811618572882995,1.009638265693053,0.4492340352670743,-1.3343454281720315,16,68.0,0.0625,0.125,4.25,38,303.0,0.21052631578947367,0.0,7.973684210526316
2019,4,NO,DAL,12,0.44570731275578496,1.2333465099021381,0.0026870546144314167,0.16995975268022642,0.44302025814135354,1.0633867572219118,27,117.0,0.14814814814814814,0.14814814814814814,4.333333333333333,37,155.0,0.08108108108108109,0.13513513513513514,4.1891891891891895
2019,4,PIT,CIN,27,-0.39659157971345343,-0.9310714145263582,-0.43390972128874095,-0.2088525937173256,0.03731814157528751,-0.7222188208090327,25,66.0,0.12,0.44,2.64,31,260.0,0.12903225806451613,0.03225806451612903,8.387096774193548
2019,5,SEA,LA,30,0.25185725741769605,-1.3558078241178286,-0.19434866964848624,0.7361648570971863,0.4462059270661823,-2.091972681215015,43,167.0,0.06976744186046512,0.16279069767441862,3.883720930232558,30,290.0,0.23333333333333334,0.03333333333333333,9.666666666666666
2019,5,CAR,JAX,34,0.9019128541500705,0.04902201847910104,-0.811618572882995,1.009638265693053,1.7135314270330655,-0.9606162472139519,27,285.0,0.2962962962962963,0.18518518518518517,10.555555555555555,35,164.0,0.08571428571428572,0.11428571428571428,4.685714285714286
2019,5,CIN,ARI,23,-0.6050063322772407,0.9252205090168845,0.3967916894206712,-0.9208477085778153,-1.0017980216979119,1.8460682175946999,23,108.0,0.13043478260869565,0.2608695652173913,4.695652173913044,39,262.0,0.10256410256410256,0.05128205128205128,6.717948717948718
2019,5,HOU,ATL,53,0.7023936591242784,-0.018399193243946437,0.16082431657645369,-1.1396488558071398,0.5415693425478247,1.1212496625631934,34,166.0,0.11764705882352941,0.11764705882352941,4.882352941176471,34,456.0,0.29411764705882354,0.0,13.411764705882353
2019,5,NO,TB,31,0.44570731275578496,1.2333465099021381,2.1728200434885556,0.46068703826395935,-1.7271127307327707,0.7726594716381787,31,112.0,0.0967741935483871,0.12903225806451613,3.6129032258064515,41,364.0,0.21951219512195122,0.04878048780487805,8.878048780487806
2019,5,NYG,MIN,10,-0.052524667227497546,-1.0208676271169006,-0.3409827719410031,-0.6713371266441263,0.2884581047135056,-0.34953050047277434,20,64.0,0.05,0.2,3.2,43,155.0,0.06976744186046512,0.11627906976744186,3.604651162790698
2019,5,PHI,NYJ,31,-0.2872492394571361,-0.22833744087277727,1.924087462440496,-0.11712275460240755,-2.211336701897632,-0.11121468627036972,29,84.0,0.10344827586206896,0.3793103448275862,2.896551724137931,31,186.0,0.0967741935483871,0.03225806451612903,6.0
2019,5,PIT,BAL,23,-0.39659157971345343,-0.9310714145263582,-0.5440237439714952,0.3243935763668378,0.1474321642580418,-1.255464990893196,19,77.0,0.10526315789473684,0.15789473684210525,4.052631578947368,33,213.0,0.12121212121212122,0.09090909090909091,6.454545454545454
2019,5,TEN,BUF,7,0.7267936074668897,-0.10820897948805497,0.4696384544209541,0.005025299197560129,0.2571551530459356,-0.1132342786856151,27,102.0,0.1111111111111111,0.18518518518518517,3.7777777777777777,30,157.0,0.06666666666666667,0.16666666666666666,5.233333333333333
2019,5,WAS,NE,7,-0.12868098918159165,-1.566095161582045,-0.376654593024898,0.03102909559992929,0.24797360384330636,-1.5971242571819744,20,145.0,0.15,0.15,7.25,35,92.0,0.05714285714285714,0.22857142857142856,2.6285714285714286
2019,5,LAC,DEN,13,-0.34656482160928026,0.5826294211395143,-0.15084544629225483,-0.04211956468736874,-0.19571937531702543,0.6247489858268831,16,35.0,0.0,0.3125,2.1875,47,211.0,0.06382978723404255,0.1276595744680851,4.48936170212766
2019,5,DAL,GB,24,1.2150918859018027,0.6440057146928972,-1.2334247138384682,-0.18755158206913794,2.448516599740271,0.8315572967620352,21,122.0,0.23809523809523808,0.09523809523809523,5.809523809523809,51,468.0,0.19607843137254902,0.058823529411764705,9.176470588235293
2019,5,KC,IND,13,-0.47021331139238665,-0.15523812564851538,0.282479166029072,-0.4623269306796208,-0.7526924774214587,0.30708880503110536,14,36.0,0.07142857142857142,0.2857142857142857,2.5714285714285716,45,306.0,0.2222222222222222,0.08888888888888889,6.8
2019,5,SF,CLE,31,0.203653311018696,0.6529046925371609,-1.0088113675767456,-0.27182184615824806,1.2124646785954416,0.9247265386954089,40,275.0,0.225,0.25,6.875,31,171.0,0.0967741935483871,0.12903225806451613,5.516129032258065
2019,6,NE,NYG,35,-0.030865235672509372,0.7902522064973732,0.6787776161939647,0.4050361236747651,-0.7096428518664741,0.38521608282260805,34,114.0,0.08823529411764706,0.3235294117647059,3.3529411764705883,44,313.0,0.20454545454545456,0.11363636363636363,7.113636363636363
2019,6,TB,CAR,26,-0.12950189908365067,-0.08071280572586566,-1.0792471089805034,0.5746383271664172,0.9497452098968526,-0.6553511328922829,15,44.0,0.0,0.0,2.933333333333333,63,368.0,0.1746031746031746,0.12698412698412698,5.841269841269841
2019,6,BAL,CIN,23,1.1253695812070896,1.600888153617819,-0.43390972128874095,-0.2088525937173256,1.5592793024958307,1.8097407473351446,43,269.0,0.18604651162790697,0.23255813953488372,6.255813953488372,36,281.0,0.1388888888888889,0.027777777777777776,7.805555555555555
2019,6,CLE,SEA,28,-0.34943789121456514,0.28181963082618544,-0.0286831705270075,-0.7915927843030474,-0.3207547206875576,1.0734124151292328,24,157.0,0.16666666666666666,0.20833333333333334,6.541666666666667,40,282.0,0.125,0.025,7.05
2019,6,JAX,NO,6,-0.30035367384385636,0.6292696142337372,0.3239302565407294,0.5599975585305698,-0.6242839303845857,0.06927205570316741,24,75.0,0.041666666666666664,0.125,3.125,32,153.0,0.125,0.0625,4.78125
2019,6,KC,HOU,24,-0.47021331139238665,-0.15523812564851538,-0.1764669664955621,-0.6211899906480237,-0.29374634489682455,0.46595186499950836,11,53.0,0.18181818181818182,0.18181818181818182,4.818181818181818,36,256.0,0.16666666666666666,0.05555555555555555,7.111111111111111
2019,6,MIA,WAS,16,-1.3283825884798368,-1.1198462790304011,-0.4495734464301968,1.3023695769764003,-0.87880914204964,-2.4222158560068014,21,84.0,0.09523809523809523,0.19047619047619047,4.0,49,192.0,0.10204081632653061,0.14285714285714285,3.9183673469387754
2019,6,MIN,PHI,38,0.2942952134804333,-0.19373042876342395,0.942389852902801,0.5803965681729061,-0.6480946394223677,-0.77412699693633,35,122.0,0.11428571428571428,0.3142857142857143,3.4857142857142858,31,326.0,0.25806451612903225,0.06451612903225806,10.516129032258064
2019,6,ARI,ATL,34,0.2739037898520899,0.8353505858610419,0.16082431657645369,-1.1396488558071398,0.11307947327563622,1.9749994416681818,29,102.0,0.10344827586206896,0.3103448275862069,3.5172413793103448,40,365.0,0.175,0.0,9.125
2019,6,DEN,TEN,16,-0.3623845376159207,-0.32470716247897863,0.19312539737073758,-0.6188648389068955,-0.5555099349866583,0.29415767642791685,30,103.0,0.03333333333333333,0.16666666666666666,3.433333333333333,30,168.0,0.1,0.06666666666666667,5.6
2019,6,NYJ,DAL,24,-0.5566219173080557,-1.5662037050582482,0.0026870546144314167,0.16995975268022642,-0.5593089719224871,-1.7361634577384746,20,56.0,0.05,0.2,2.8,35,329.0,0.2,0.05714285714285714,9.4
2019,6,LAC,PIT,17,-0.34656482160928026,0.5826294211395143,0.998162554589246,1.6361608411277466,-1.3447273761985263,-1.0535314199882322,14,32.0,0.07142857142857142,0.2857142857142857,2.2857142857142856,45,316.0,0.17777777777777778,0.06666666666666667,7.022222222222222
2019,6,GB,DET,23,0.6633962807394729,0.27627901747931977,-0.14669703290401487,-0.9232635329538308,0.8100933136434878,1.1995425504331505,29,170.0,0.10344827586206896,0.06896551724137931,5.862068965517241,41,289.0,0.1951219512195122,0.07317073170731707,7.048780487804878
2019,7,DEN,KC,6,-0.3623845376159207,-0.32470716247897863,-0.8895738849502348,-0.2804252893296075,0.5271893473343141,-0.044281873149371154,22,71.0,0.045454545454545456,0.13636363636363635,3.227272727272727,43,134.0,0.11627906976744186,0.2558139534883721,3.116279069767442
2019,7,ATL,LA,10,-0.8860151293680759,0.058513410328116376,-0.19434866964848624,0.7361648570971863,-0.6916664597195896,-0.6776514467690699,15,38.0,0.0,0.26666666666666666,2.533333333333333,39,188.0,0.1282051282051282,0.15384615384615385,4.82051282051282
2019,7,BUF,MIA,31,-0.10660303297474708,0.2073358268604851,-0.7599935163688532,-1.3546967086410258,0.6533904833941061,1.5620325355015108,24,119.0,0.16666666666666666,0.08333333333333333,4.958333333333333,30,210.0,0.2,0.06666666666666667,7.0
2019,7,CIN,JAX,17,-0.6050063322772407,0.9252205090168845,-0.811618572882995,1.009638265693053,0.20661224060575434,-0.08441775667616847,20,33.0,0.1,0.45,1.65,47,286.0,0.1276595744680851,0.06382978723404255,6.085106382978723
2019,7,DET,MIN,30,-0.14636738487750434,-0.029413951246211045,-0.3409827719410031,-0.6713371266441263,0.1946153870634988,0.6419231753979152,20,81.0,0.05,0.05,4.05,48,352.0,0.14583333333333334,0.041666666666666664,7.333333333333333
2019,7,IND,HOU,30,-0.546553990025948,-1.1619427947018106,-0.1764669664955621,-0.6211899906480237,-0.37008702353038586,-0.5407528040537869,26,62.0,0.0,0.38461538461538464,2.3846153846153846,43,329.0,0.23255813953488372,0.046511627906976744,7.651162790697675
2019,7,NYG,ARI,21,-0.052524667227497546,-1.0208676271169006,0.3967916894206712,-0.9208477085778153,-0.44931635664816877,-0.10001991853908532,22,107.0,0.13636363636363635,0.13636363636363635,4.863636363636363,47,191.0,0.0851063829787234,0.19148936170212766,4.0638297872340425
2019,7,WAS,SF,0,-0.12868098918159165,-1.566095161582045,-0.3187895075896515,0.5564727637518233,0.19010851840805987,-2.1225679253338683,26,104.0,0.15384615384615385,0.19230769230769232,4.0,15,50.0,0.13333333333333333,0.3333333333333333,3.3333333333333335
2019,7,TEN,LAC,23,0.7267936074668897,-0.10820897948805497,0.33304971840945136,-0.27803003863116904,0.39374388905743835,0.16982105914311407,29,97.0,0.06896551724137931,0.20689655172413793,3.3448275862068964,33,312.0,0.24242424242424243,0.06060606060606061,9.454545454545455
2019,7,CHI,NO,25,0.22554346820893645,0.14692622626815025,0.3239302565407294,0.5599975585305698,-0.09838678833179293,-0.41307133226241954,7,17.0,0.0,0.2857142857142857,2.4285714285714284,57,237.0,0.05263157894736842,0.07017543859649122,4.157894736842105
2019,7,SEA,BAL,16,0.25185725741769605,-1.3558078241178286,-0.5440237439714952,0.3243935763668378,0.7958810013891913,-1.6802014004846664,26,106.0,0.07692307692307693,0.23076923076923078,4.076923076923077,44,261.0,0.09090909090909091,0.06818181818181818,5.931818181818182
2019,7,DAL,PHI,37,1.2150918859018027,0.6440057146928972,0.942389852902801,0.5803965681729061,0.27270203299900175,0.06360914651999117,36,189.0,0.16666666666666666,0.1111111111111111,5.25,31,221.0,0.0967741935483871,0.0967741935483871,7.129032258064516
2019,7,NYJ,NE,0,-0.5566219173080557,-1.5662037050582482,-0.376654593024898,0.03102909559992929,-0.17996732428315765,-1.5972328006581775,20,81.0,0.1,0.25,4.05,33,73.0,0.06060606060606061,0.030303030303030304,2.212121212121212
2019,8,MIN,WAS,19,0.2942952134804333,-0.19373042876342395,-0.4495734464301968,1.3023695769764003,0.7438686599106301,-1.4961000057398244,38,161.0,0.07894736842105263,0.05263157894736842,4.2368421052631575,30,275.0,0.26666666666666666,0.13333333333333333,9.166666666666666
2019,8,ATL,SEA,20,-0.8860151293680759,0.058513410328116376,-0.0286831705270075,-0.7915927843030474,-0.8573319588410684,0.8501061946311638,17,69.0,0.11764705882352941,0.23529411764705882,4.0588235294117645,54,443.0,0.2222222222222222,0.037037037037037035,8.203703703703704
2019,8,BUF,PHI,13,-0.10660303297474708,0.2073358268604851,0.942389852902801,0.5803965681729061,-1.0489928858775481,-0.37306074131242095,20,98.0,0.15,0.2,4.9,43,186.0,0.09302325581395349,0.11627906976744186,4.325581395348837
2019,8,CHI,LAC,16,0.22554346820893645,0.14692622626815025,0.33304971840945136,-0.27803003863116904,-0.10750625020051491,0.42495626489931926,38,162.0,0.10526315789473684,0.23684210526315788,4.2631578947368425,40,238.0,0.175,0.2,5.95
2019,8,DET,NYG,31,-0.14636738487750434,-0.029413951246211045,0.6787776161939647,0.4050361236747651,-0.825145001071469,-0.43445007492097615,25,59.0,0.08,0.28,2.36,36,316.0,0.2777777777777778,0.1388888888888889,8.777777777777779
2019,8,IND,DEN,15,-0.546553990025948,-1.1619427947018106,-0.15084544629225483,-0.04211956468736874,-0.39570854373369313,-1.119823230014442,31,127.0,0.12903225806451613,0.22580645161290322,4.096774193548387,33,223.0,0.18181818181818182,0.12121212121212122,6.757575757575758
2019,8,JAX,NYJ,29,-0.30035367384385636,0.6292696142337372,1.924087462440496,-0.11712275460240755,-2.2244411362843524,0.7463923688361447,34,111.0,0.08823529411764706,0.5,3.264705882352941,40,310.0,0.125,0.075,7.75
2019,8,NO,ARI,31,0.44570731275578496,1.2333465099021381,0.3967916894206712,-0.9208477085778153,0.048915623335113734,2.1541942184799536,29,137.0,0.1724137931034483,0.2413793103448276,4.724137931034483,43,373.0,0.18604651162790697,0.023255813953488372,8.674418604651162
2019,8,TEN,TB,27,0.7267936074668897,-0.10820897948805497,2.1728200434885556,0.46068703826395935,-1.446026436021666,-0.5688960177520144,21,72.0,0.14285714285714285,0.5714285714285714,3.4285714285714284,36,174.0,0.1111111111111111,0.08333333333333333,4.833333333333333
2019,8,SF,CAR,51,0.203653311018696,0.6529046925371609,-1.0792471089805034,0.5746383271664172,1.2829004199991993,0.07826636537074372,38,232.0,0.18421052631578946,0.2631578947368421,6.105263157894737,26,156.0,0.11538461538461539,0.11538461538461539,6.0
2019,8,NE,CLE,27,-0.030865235672509372,0.7902522064973732,-1.0088113675767456,-0.27182184615824806,0.9779461319042362,1.0620740526556212,27,79.0,0.07407407407407407,0.25925925925925924,2.925925925925926,39,239.0,0.1282051282051282,0.07692307692307693,6.128205128205129
2019,8,KC,GB,24,-0.47021331139238665,-0.15523812564851538,-1.2334247138384682,-0.18755158206913794,0.7632114024460815,0.032313456420622555,20,88.0,0.0,0.05,4.4,39,252.0,0.1794871794871795,0.10256410256410256,6.461538461538462
2019,8,PIT,MIA,27,-0.39659157971345343,-0.9310714145263582,-0.7599935163688532,-1.3546967086410258,0.3634019366553997,0.42362529411466754,29,158.0,0.1724137931034483,0.1724137931034483,5.448275862068965,38,236.0,0.18421052631578946,0.10526315789473684,6.2105263157894735
2019,9,ARI,SF,25,0.2739037898520899,0.8353505858610419,-0.3187895075896515,0.5564727637518233,0.5926932974417414,0.27887782210921863,23,153.0,0.17391304347826086,0.13043478260869565,6.6521739130434785,29,210.0,0.13793103448275862,0.13793103448275862,7.241379310344827
2019,9,JAX,HOU,3,-0.30035367384385636,0.6292696142337372,-0.1764669664955621,-0.6211899906480237,-0.12388670734829427,1.2504596048817609,15,74.0,0.13333333333333333,0.06666666666666667,4.933333333333334,55,316.0,0.16363636363636364,0.10909090909090909,5.745454545454545
2019,9,BUF,WAS,24,-0.10660303297474708,0.2073358268604851,-0.4495734464301968,1.3023695769764003,0.34297041345544976,-1.0950337501159153,39,122.0,0.05128205128205128,0.2564102564102564,3.128205128205128,23,152.0,0.17391304347826086,0.17391304347826086,6.608695652173913
2019,9,CAR,TEN,30,0.9019128541500705,0.04902201847910104,0.19312539737073758,-0.6188648389068955,0.7087874567793329,0.6678868573859965,33,156.0,0.09090909090909091,0.15151515151515152,4.7272727272727275,35,214.0,0.14285714285714285,0.08571428571428572,6.114285714285714
2019,9,KC,MIN,26,-0.47021331139238665,-0.15523812564851538,-0.3409827719410031,-0.6713371266441263,-0.12923053945138352,0.5160990009956109,18,147.0,0.05555555555555555,0.16666666666666666,8.166666666666666,39,230.0,0.15384615384615385,0.20512820512820512,5.897435897435898
2019,9,MIA,NYJ,26,-1.3283825884798368,-1.1198462790304011,1.924087462440496,-0.11712275460240755,-3.2524700509203326,-1.0027235244279935,24,50.0,0.041666666666666664,0.4166666666666667,2.0833333333333335,42,276.0,0.19047619047619047,0.09523809523809523,6.571428571428571
2019,9,PHI,CHI,22,-0.2872492394571361,-0.22833744087277727,0.06488065171352467,1.17358041117026,-0.35212989117066074,-1.401917852043037,35,146.0,0.11428571428571428,0.14285714285714285,4.171428571428572,45,241.0,0.13333333333333333,0.1111111111111111,5.355555555555555
2019,9,PIT,IND,26,-0.39659157971345343,-0.9310714145263582,0.282479166029072,-0.4623269306796208,-0.6790707457425255,-0.46874448384673745,25,90.0,0.04,0.4,3.6,37,190.0,0.08108108108108109,0.10810810810810811,5.135135135135135
2019,9,SEA,TB,40,0.25185725741769605,-1.3558078241178286,2.1728200434885556,0.46068703826395935,-1.9209627860708596,-1.816494862381788,22,145.0,0.13636363636363635,0.18181818181818182,6.590909090909091,48,370.0,0.20833333333333334,0.0625,7.708333333333333
2019,9,DEN,CLE,24,-0.3623845376159207,-0.32470716247897863,-1.0088113675767456,-0.27182184615824806,0.6464268299608249,-0.05288531632073057,20,127.0,0.2,0.3,6.35,25,191.0,0.2,0.2,7.64
2019,9,LAC,GB,26,-0.34656482160928026,0.5826294211395143,-1.2334247138384682,-0.18755158206913794,0.8868598922291879,0.7701810032086522,38,159.0,0.07894736842105263,0.15789473684210525,4.184210526315789,31,284.0,0.1935483870967742,0.06451612903225806,9.161290322580646
2019,9,BAL,NE,37,1.1253695812070896,1.600888153617819,-0.376654593024898,0.03102909559992929,1.5020241742319875,1.5698590580178897,41,210.0,0.14634146341463414,0.1951219512195122,5.121951219512195,26,175.0,0.15384615384615385,0.038461538461538464,6.730769230769231
2019,9,NYG,DAL,18,-0.052524667227497546,-1.0208676271169006,0.0026870546144314167,0.16995975268022642,-0.05521172184192896,-1.190827379797127,22,100.0,0.13636363636363635,0.13636363636363635,4.545454545454546,50,195.0,0.06,0.16,3.9
2019,10,CHI,DET,20,0.22554346820893645,0.14692622626815025,-0.14669703290401487,-0.9232635329538308,0.3722405011129513,1.0701897592219811,24,81.0,0.0,0.16666666666666666,3.375,29,148.0,0.10344827586206896,0.1724137931034483,5.103448275862069
2019,10,CIN,BAL,13,-0.6050063322772407,0.9252205090168845,-0.5440237439714952,0.3243935763668378,-0.06098258830574543,0.6008269326500466,40,157.0,0.075,0.2,3.925,35,171.0,0.08571428571428572,0.08571428571428572,4.885714285714286
2019,10,CLE,BUF,19,-0.34943789121456514,0.28181963082618544,0.4696384544209541,0.005025299197560129,-0.8190763456355192,0.2767943316286253,26,147.0,0.19230769230769232,0.34615384615384615,5.653846153846154,41,223.0,0.14634146341463414,0.07317073170731707,5.439024390243903
2019,10,NO,ATL,9,0.44570731275578496,1.2333465099021381,0.16082431657645369,-1.1396488558071398,0.28488299617933127,2.372995365709278,11,52.0,0.09090909090909091,0.09090909090909091,4.7272727272727275,50,258.0,0.14,0.14,5.16
2019,10,NYJ,NYG,34,-0.5566219173080557,-1.5662037050582482,0.6787776161939647,0.4050361236747651,-1.2353995335020205,-1.9712398287330133,29,76.0,0.06896551724137931,0.20689655172413793,2.6206896551724137,33,242.0,0.18181818181818182,0.09090909090909091,7.333333333333333
2019,10,TB,ARI,30,-0.12950189908365067,-0.08071280572586566,0.3967916894206712,-0.9208477085778153,-0.5262935885043218,0.8401349028519496,26,118.0,0.15384615384615385,0.2692307692307692,4.538461538461538,55,379.0,0.16363636363636364,0.07272727272727272,6.890909090909091
2019,10,TEN,KC,35,0.7267936074668897,-0.10820897948805497,-0.8895738849502348,-0.2804252893296075,1.6163674924171245,0.1722163098415525,27,227.0,0.25925925925925924,0.037037037037037035,8.407407407407407,25,176.0,0.2,0.2,7.04
2019,10,IND,MIA,12,-0.546553990025948,-1.1619427947018106,-0.7599935163688532,-1.3546967086410258,0.2134395263429052,0.19275391393921515,29,109.0,0.13793103448275862,0.2413793103448276,3.7586206896551726,41,192.0,0.12195121951219512,0.024390243902439025,4.682926829268292
2019,10,GB,CAR,24,0.6633962807394729,0.27627901747931977,-1.0792471089805034,0.5746383271664172,1.7426433897199762,-0.2983593096870974,27,163.0,0.2222222222222222,0.18518518518518517,6.037037037037037,32,232.0,0.15625,0.09375,7.25
2019,10,PIT,LA,17,-0.39659157971345343,-0.9310714145263582,-0.19434866964848624,0.7361648570971863,-0.2022429100649672,-1.6672362716235445,27,42.0,0.0,0.4074074074074074,1.5555555555555556,41,231.0,0.12195121951219512,0.0975609756097561,5.634146341463414
2019,10,DAL,MIN,24,1.2150918859018027,0.6440057146928972,-0.3409827719410031,-0.6713371266441263,1.5560746578428057,1.3153428413370234,22,50.0,0.0,0.22727272727272727,2.272727272727273,48,393.0,0.25,0.020833333333333332,8.1875
2019,10,SF,SEA,24,0.203653311018696,0.6529046925371609,-0.0286831705270075,-0.7915927843030474,0.2323364815457035,1.4444974768402083,27,87.0,0.037037037037037035,0.25925925925925924,3.2222222222222223,51,217.0,0.11764705882352941,0.09803921568627451,4.254901960784314
2019,11,CLE,PIT,21,-0.34943789121456514,0.28181963082618544,0.998162554589246,1.6361608411277466,-1.347600445803811,-1.3543412103015613,35,104.0,0.08571428571428572,0.2857142857142857,2.9714285714285715,33,189.0,0.12121212121212122,0.12121212121212122,5.7272727272727275
2019,11,BAL,HOU,41,1.1253695812070896,1.600888153617819,-0.1764669664955621,-0.6211899906480237,1.3018365477026517,2.2220781442658426,37,256.0,0.1891891891891892,0.13513513513513514,6.918918918918919,31,268.0,0.16129032258064516,0.06451612903225806,8.64516129032258
2019,11,CAR,ATL,3,0.9019128541500705,0.04902201847910104,0.16082431657645369,-1.1396488558071398,0.7410885375736168,1.1886708742862409,15,77.0,0.06666666666666667,0.06666666666666667,5.133333333333334,56,277.0,0.125,0.10714285714285714,4.946428571428571
2019,11,DET,DAL,27,-0.14636738487750434,-0.029413951246211045,0.0026870546144314167,0.16995975268022642,-0.14905443949193575,-0.19937370392643747,28,121.0,0.10714285714285714,0.21428571428571427,4.321428571428571,34,233.0,0.14705882352941177,0.11764705882352941,6.852941176470588
2019,11,IND,JAX,33,-0.546553990025948,-1.1619427947018106,-0.811618572882995,1.009638265693053,0.26506458285704704,-2.1715810603948635,36,264.0,0.25,0.1388888888888889,7.333333333333333,29,137.0,0.10344827586206896,0.13793103448275862,4.724137931034483
2019,11,MIA,BUF,20,-1.3283825884798368,-1.1198462790304011,0.4696384544209541,0.005025299197560129,-1.7980210429007908,-1.1248715782279612,13,23.0,0.0,0.46153846153846156,1.7692307692307692,53,280.0,0.07547169811320754,0.20754716981132076,5.283018867924528
2019,11,MIN,DEN,27,0.2942952134804333,-0.19373042876342395,-0.15084544629225483,-0.04211956468736874,0.44514065977268813,-0.1516108640760552,18,37.0,0.0,0.3333333333333333,2.0555555555555554,41,284.0,0.12195121951219512,0.14634146341463414,6.926829268292683
2019,11,TB,NO,17,-0.12950189908365067,-0.08071280572586566,0.3239302565407294,0.5599975585305698,-0.45343215562438005,-0.6407103642564355,8,36.0,0.125,0.5,4.5,54,321.0,0.09259259259259259,0.05555555555555555,5.944444444444445
2019,11,WAS,NYJ,17,-0.12868098918159165,-1.566095161582045,1.924087462440496,-0.11712275460240755,-2.0527684516220877,-1.4489724069796375,20,54.0,0.0,0.3,2.7,44,177.0,0.11363636363636363,0.20454545454545456,4.0227272727272725
2019,11,SF,ARI,36,0.203653311018696,0.6529046925371609,0.3967916894206712,-0.9208477085778153,-0.19313837840197523,1.5737524011149762,19,34.0,0.0,0.3157894736842105,1.7894736842105263,49,415.0,0.1836734693877551,0.04081632653061224,8.46938775510204
2019,11,PHI,NE,10,-0.2872492394571361,-0.22833744087277727,-0.376654593024898,0.03102909559992929,0.08940535356776191,-0.2593665364727066,21,81.0,0.047619047619047616,0.19047619047619047,3.857142857142857,47,191.0,0.10638297872340426,0.10638297872340426,4.0638297872340425
2019,11,LAC,KC,17,-0.34656482160928026,0.5826294211395143,-0.8895738849502348,-0.2804252893296075,0.5430090633409546,0.8630547104691217,19,93.0,0.15789473684210525,0.10526315789473684,4.894736842105263,53,347.0,0.1509433962264151,0.05660377358490566,6.547169811320755
2019,12,HOU,IND,20,0.7023936591242784,-0.018399193243946437,0.282479166029072,-0.4623269306796208,0.4199144930952064,0.4439277374356743,24,99.0,0.08333333333333333,0.375,4.125,31,297.0,0.1935483870967742,0.06451612903225806,9.580645161290322
2019,12,ATL,TB,22,-0.8860151293680759,0.058513410328116376,2.1728200434885556,0.46068703826395935,-3.0588351728566314,-0.402173627935843,19,57.0,0.05263157894736842,0.3157894736842105,3.0,63,288.0,0.1111111111111111,0.09523809523809523,4.571428571428571
2019,12,BUF,DEN,20,-0.10660303297474708,0.2073358268604851,-0.15084544629225483,-0.04211956468736874,0.04424241331750775,0.24945539154785384,47,244.0,0.19148936170212766,0.2127659574468085,5.191489361702128,28,226.0,0.14285714285714285,0.03571428571428571,8.071428571428571
2019,12,CHI,NYG,19,0.22554346820893645,0.14692622626815025,0.6787776161939647,0.4050361236747651,-0.45323414798502826,-0.25810989740661483,26,65.0,0.11538461538461539,0.38461538461538464,2.5,46,289.0,0.15217391304347827,0.10869565217391304,6.282608695652174
2019,12,CIN,PIT,10,-0.6050063322772407,0.9252205090168845,0.998162554589246,1.6361608411277466,-1.6031688868664866,-0.7109403321108622,21,86.0,0.09523809523809523,0.14285714285714285,4.095238095238095,31,165.0,0.12903225806451613,0.12903225806451613,5.32258064516129
2019,12,CLE,MIA,41,-0.34943789121456514,0.28181963082618544,-0.7599935163688532,-1.3546967086410258,0.410555625154288,1.636516339467211,32,147.0,0.03125,0.09375,4.59375,35,320.0,0.2857142857142857,0.02857142857142857,9.142857142857142
2019,12,NO,CAR,34,0.44570731275578496,1.2333465099021381,-1.0792471089805034,0.5746383271664172,1.5249544217362883,0.658708182735721,18,118.0,0.16666666666666666,0.2222222222222222,6.555555555555555,40,300.0,0.225,0.125,7.5
2019,12,PHI,SEA,9,-0.2872492394571361,-0.22833744087277727,-0.0286831705270075,-0.7915927843030474,-0.25856606893012857,0.5632553434302701,24,106.0,0.16666666666666666,0.25,4.416666666666667,51,262.0,0.0196078431372549,0.09803921568627451,5.137254901960785
2019,12,WAS,DET,19,-0.12868098918159165,-1.566095161582045,-0.14669703290401487,-0.9232635329538308,0.018016043722423214,-0.6428316286282143,24,86.0,0.125,0.20833333333333334,3.5833333333333335,35,173.0,0.14285714285714285,0.08571428571428572,4.942857142857143
2019,12,TEN,JAX,42,0.7267936074668897,-0.10820897948805497,-0.811618572882995,1.009638265693053,1.5384121803498847,-1.117847245181108,33,219.0,0.18181818181818182,0.24242424242424243,6.636363636363637,20,273.0,0.4,0.05,13.65
2019,12,NE,DAL,13,-0.030865235672509372,0.7902522064973732,0.0026870546144314167,0.16995975268022642,-0.03355229028694079,0.6202924538171467,27,101.0,0.18518518518518517,0.2962962962962963,3.740740740740741,39,181.0,0.1282051282051282,0.07692307692307693,4.641025641025641
2019,12,SF,GB,37,0.203653311018696,0.6529046925371609,-1.2334247138384682,-0.18755158206913794,1.4370780248571642,0.8404562746062988,22,112.0,0.18181818181818182,0.13636363636363635,5.090909090909091,23,228.0,0.30434782608695654,0.13043478260869565,9.91304347826087
2019,13,DET,CHI,20,-0.14636738487750434,-0.029413951246211045,0.06488065171352467,1.17358041117026,-0.211248036591029,-1.202994362416471,27,105.0,0.037037037037037035,0.14814814814814814,3.888888888888889,41,260.0,0.12195121951219512,0.07317073170731707,6.341463414634147
2019,13,DAL,BUF,15,1.2150918859018027,0.6440057146928972,0.4696384544209541,0.005025299197560129,0.7454534314808486,0.6389804154953371,19,103.0,0.21052631578947367,0.15789473684210525,5.421052631578948,57,348.0,0.14035087719298245,0.08771929824561403,6.105263157894737
2019,13,ATL,NO,18,-0.8860151293680759,0.058513410328116376,0.3239302565407294,0.5599975585305698,-1.2099453859088052,-0.5014841482024534,26,89.0,0.0,0.15384615384615385,3.423076923076923,62,280.0,0.06451612903225806,0.1935483870967742,4.516129032258065
2019,13,BAL,SF,20,1.1253695812070896,1.600888153617819,-0.3187895075896515,0.5564727637518233,1.444159088796741,1.0444153898659958,38,178.0,0.18421052631578946,0.10526315789473684,4.684210526315789,24,105.0,0.08333333333333333,0.041666666666666664,4.375
2019,13,CAR,WAS,21,0.9019128541500705,0.04902201847910104,-0.4495734464301968,1.3023695769764003,1.3514863005802673,-1.2533475584972993,20,65.0,0.1,0.25,3.25,56,235.0,0.08928571428571429,0.16071428571428573,4.196428571428571
2019,13,CIN,NYJ,22,-0.6050063322772407,0.9252205090168845,1.924087462440496,-0.11712275460240755,-2.5290937947177365,1.042343263619292,25,44.0,0.0,0.4,1.76,39,235.0,0.1794871794871795,0.02564102564102564,6.0256410256410255
2019,13,IND,TEN,17,-0.546553990025948,-1.1619427947018106,0.19312539737073758,-0.6188648389068955,-0.7396793873966856,-0.5430779557949151,24,82.0,0.16666666666666666,0.2916666666666667,3.4166666666666665,43,309.0,0.20930232558139536,0.06976744186046512,7.186046511627907
2019,13,JAX,TB,11,-0.30035367384385636,0.6292696142337372,2.1728200434885556,0.46068703826395935,-2.473173717332412,0.16858257596977783,17,49.0,0.058823529411764705,0.23529411764705882,2.8823529411764706,49,203.0,0.12244897959183673,0.16326530612244897,4.142857142857143
2019,13,MIA,PHI,37,-1.3283825884798368,-1.1198462790304011,0.942389852902801,0.5803965681729061,-2.270772441382638,-1.7002428472033073,20,58.0,0.1,0.4,2.9,46,356.0,0.15217391304347827,0.08695652173913043,7.739130434782608
2019,13,NYG,GB,13,-0.052524667227497546,-1.0208676271169006,-1.2334247138384682,-0.18755158206913794,1.1809000466109707,-0.8333160450477627,27,95.0,0.1111111111111111,0.2222222222222222,3.5185185185185186,38,246.0,0.10526315789473684,0.05263157894736842,6.473684210526316
2019,13,PIT,CLE,20,-0.39659157971345343,-0.9310714145263582,-1.0088113675767456,-0.27182184615824806,0.6122197878632922,-0.6592495683681101,32,124.0,0.09375,0.15625,3.875,23,208.0,0.21739130434782608,0.043478260869565216,9.043478260869565
2019,13,ARI,LA,7,0.2739037898520899,0.8353505858610419,-0.19434866964848624,0.7361648570971863,0.46825245950057615,0.09918572876385567,21,74.0,0.047619047619047616,0.09523809523809523,3.5238095238095237,42,132.0,0.07142857142857142,0.14285714285714285,3.142857142857143
2019,13,DEN,LAC,23,-0.3623845376159207,-0.32470716247897863,0.33304971840945136,-0.27803003863116904,-0.6954342560253721,-0.04667712384780959,25,84.0,0.08,0.28,3.36,31,149.0,0.06451612903225806,0.06451612903225806,4.806451612903226
2019,13,HOU,NE,28,0.7023936591242784,-0.018399193243946437,-0.376654593024898,0.03102909559992929,1.0790482521491764,-0.04942828884387573,23,52.0,0.043478260869565216,0.30434782608695654,2.260869565217391,30,226.0,0.2,0.13333333333333333,7.533333333333333
2019,13,SEA,MIN,37,0.25185725741769605,-1.3558078241178286,-0.3409827719410031,-0.6713371266441263,0.5928400293586992,-0.6844706974737024,43,218.0,0.13953488372093023,0.13953488372093023,5.069767441860465,36,240.0,0.1388888888888889,0.05555555555555555,6.666666666666667
2019,14,CHI,DAL,31,0.22554346820893645,0.14692622626815025,0.0026870546144314167,0.16995975268022642,0.22285641359450503,-0.023033526412076177,34,151.0,0.11764705882352941,0.23529411764705882,4.4411764705882355,37,263.0,0.13513513513513514,0.05405405405405406,7.108108108108108
2019,14,ATL,CAR,40,-0.8860151293680759,0.058513410328116376,-1.0792471089805034,0.5746383271664172,0.19323197961242744,-0.5161249168383008,32,159.0,0.125,0.125,4.96875,36,310.0,0.25,0.05555555555555555,8.61111111111111
2019,14,BUF,BAL,17,-0.10660303297474708,0.2073358268604851,-0.5440237439714952,0.3243935763668378,0.4374207109967482,-0.1170577495063527,23,104.0,0.08695652173913043,0.2608695652173913,4.521739130434782,47,114.0,0.06382978723404255,0.19148936170212766,2.425531914893617
2019,14,CLE,CIN,27,-0.34943789121456514,0.28181963082618544,-0.43390972128874095,-0.2088525937173256,0.0844718300741758,0.490672224543511,27,146.0,0.1111111111111111,0.18518518518518517,5.407407407407407,27,200.0,0.25925925925925924,0.037037037037037035,7.407407407407407
2019,14,GB,WAS,20,0.6633962807394729,0.27627901747931977,-0.4495734464301968,1.3023695769764003,1.1129697271696697,-1.0260905594970806,28,174.0,0.21428571428571427,0.25,6.214285714285714,34,186.0,0.17647058823529413,0.11764705882352941,5.470588235294118
2019,14,HOU,DEN,24,0.7023936591242784,-0.018399193243946437,-0.15084544629225483,-0.04211956468736874,0.8532391054165333,0.0237203714434223,22,134.0,0.18181818181818182,0.045454545454545456,6.090909090909091,58,324.0,0.1206896551724138,0.08620689655172414,5.586206896551724
2019,14,MIN,DET,20,0.2942952134804333,-0.19373042876342395,-0.14669703290401487,-0.9232635329538308,0.44099224638444817,0.7295331041904068,39,120.0,0.0,0.20512820512820512,3.076923076923077,31,234.0,0.0967741935483871,0.0967741935483871,7.548387096774194
2019,14,NO,SF,46,0.44570731275578496,1.2333465099021381,-0.3187895075896515,0.5564727637518233,0.7644968203454365,0.6768737461503148,28,116.0,0.10714285714285714,0.21428571428571427,4.142857142857143,43,355.0,0.16279069767441862,0.046511627906976744,8.255813953488373
2019,14,NYJ,MIA,22,-0.5566219173080557,-1.5662037050582482,-0.7599935163688532,-1.3546967086410258,0.2033715990607975,-0.21150699641722248,32,112.0,0.03125,0.21875,3.5,36,262.0,0.16666666666666666,0.027777777777777776,7.277777777777778
2019,14,TB,IND,38,-0.12950189908365067,-0.08071280572586566,0.282479166029072,-0.4623269306796208,-0.4119810651127227,0.38161412495375513,28,75.0,0.07142857142857142,0.21428571428571427,2.6785714285714284,52,475.0,0.21153846153846154,0.038461538461538464,9.134615384615385
2019,14,JAX,LAC,10,-0.30035367384385636,0.6292696142337372,0.33304971840945136,-0.27803003863116904,-0.6334033922533078,0.9072996528649062,23,88.0,0.08695652173913043,0.13043478260869565,3.8260869565217392,46,195.0,0.021739130434782608,0.06521739130434782,4.239130434782608
2019,14,ARI,PIT,17,0.2739037898520899,0.8353505858610419,0.998162554589246,1.6361608411277466,-0.7242587647371561,-0.8008102552667047,22,71.0,0.045454545454545456,0.2727272727272727,3.227272727272727,38,177.0,0.07894736842105263,0.15789473684210525,4.657894736842105
2019,14,NE,KC,16,-0.030865235672509372,0.7902522064973732,-0.8895738849502348,-0.2804252893296075,0.8587086492777254,1.0706774958269807,23,94.0,0.13043478260869565,0.21739130434782608,4.086956521739131,41,201.0,0.0975609756097561,0.14634146341463414,4.902439024390244
2019,14,PHI,NYG,23,-0.2872492394571361,-0.22833744087277727,0.6787776161939647,0.4050361236747651,-0.9660268556511008,-0.6333735645475423,32,118.0,0.09375,0.28125,3.6875,54,304.0,0.1111111111111111,0.07407407407407407,5.62962962962963
2019,15,BAL,NYJ,42,1.1253695812070896,1.600888153617819,1.924087462440496,-0.11712275460240755,-0.7987178812334064,1.7180109082202266,35,220.0,0.17142857142857143,0.17142857142857143,6.285714285714286,27,240.0,0.2222222222222222,0.037037037037037035,8.88888888888889
2019,15,CAR,SEA,24,0.9019128541500705,0.04902201847910104,-0.0286831705270075,-0.7915927843030474,0.930596024677078,0.8406148027821484,29,145.0,0.20689655172413793,0.1724137931034483,5.0,46,294.0,0.15217391304347827,0.021739130434782608,6.391304347826087
2019,15,CIN,NE,13,-0.6050063322772407,0.9252205090168845,-0.376654593024898,0.03102909559992929,-0.22835173925234264,0.8941914134169552,32,164.0,0.15625,0.125,5.125,31,151.0,0.12903225806451613,0.0,4.870967741935484
2019,15,DET,TB,17,-0.14636738487750434,-0.029413951246211045,2.1728200434885556,0.46068703826395935,-2.31918742836606,-0.4901009895101704,18,45.0,0.05555555555555555,0.2777777777777778,2.5,48,270.0,0.0625,0.08333333333333333,5.625
2019,15,GB,CHI,21,0.6633962807394729,0.27627901747931977,0.06488065171352467,1.17358041117026,0.5985156290259482,-0.8973013936909402,24,100.0,0.08333333333333333,0.041666666666666664,4.166666666666667,36,216.0,0.1111111111111111,0.05555555555555555,6.0
2019,15,KC,DEN,23,-0.47021331139238665,-0.15523812564851538,-0.15084544629225483,-0.04211956468736874,-0.3193678651001318,-0.11311856096114664,25,92.0,0.12,0.16,3.68,41,341.0,0.17073170731707318,0.07317073170731707,8.317073170731707
2019,15,NYG,MIA,36,-0.052524667227497546,-1.0208676271169006,-0.7599935163688532,-1.3546967086410258,0.7074688491413557,0.33382908152412516,33,138.0,0.12121212121212122,0.15151515151515152,4.181818181818182,30,274.0,0.26666666666666666,0.03333333333333333,9.133333333333333
2019,15,TEN,HOU,21,0.7267936074668897,-0.10820897948805497,-0.1764669664955621,-0.6211899906480237,0.9032605739624517,0.5129810111599687,28,163.0,0.14285714285714285,0.10714285714285714,5.821428571428571,39,279.0,0.1794871794871795,0.10256410256410256,7.153846153846154
2019,15,WAS,PHI,27,-0.12868098918159165,-1.566095161582045,0.942389852902801,0.5803965681729061,-1.0710708420843926,-2.1464917297549513,22,101.0,0.22727272727272727,0.18181818181818182,4.590909090909091,31,254.0,0.16129032258064516,0.03225806451612903,8.193548387096774
2019,15,ARI,CLE,38,0.2739037898520899,0.8353505858610419,-1.0088113675767456,-0.27182184615824806,1.2827151574288356,1.10717243201929,35,226.0,0.22857142857142856,0.17142857142857143,6.457142857142857,27,225.0,0.25925925925925924,0.0,8.333333333333334
2019,15,LAC,MIN,10,-0.34656482160928026,0.5826294211395143,-0.3409827719410031,-0.6713371266441263,-0.005582049668277134,1.2539665477836406,19,62.0,0.10526315789473684,0.2631578947368421,3.263157894736842,42,283.0,0.16666666666666666,0.11904761904761904,6.738095238095238
2019,15,DAL,LA,44,1.2150918859018027,0.6440057146928972,-0.19434866964848624,0.7361648570971863,1.409440555550289,-0.09215914240428902,45,263.0,0.13333333333333333,0.1111111111111111,5.844444444444444,25,215.0,0.24,0.04,8.6
2019,15,SF,ATL,22,0.203653311018696,0.6529046925371609,0.16082431657645369,-1.1396488558071398,0.04282899444224231,1.7925535483443007,27,120.0,0.037037037037037035,0.18518518518518517,4.444444444444445,36,196.0,0.1388888888888889,0.027777777777777776,5.444444444444445
2019,15,PIT,BUF,10,-0.39659157971345343,-0.9310714145263582,0.4696384544209541,0.005025299197560129,-0.8662300341344076,-0.9360967137239183,14,51.0,0.14285714285714285,0.35714285714285715,3.642857142857143,42,178.0,0.07142857142857142,0.19047619047619047,4.238095238095238
2019,15,NO,IND,34,0.44570731275578496,1.2333465099021381,0.282479166029072,-0.4623269306796208,0.16322814672671293,1.6956734405817588,33,117.0,0.09090909090909091,0.21212121212121213,3.5454545454545454,30,307.0,0.26666666666666666,0.03333333333333333,10.233333333333333
2019,16,TB,HOU,20,-0.12950189908365067,-0.08071280572586566,-0.1764669664955621,-0.6211899906480237,0.04696506741191142,0.540477184922158,21,106.0,0.09523809523809523,0.14285714285714285,5.0476190476190474,53,345.0,0.16981132075471697,0.05660377358490566,6.509433962264151
2019,16,NE,BUF,24,-0.030865235672509372,0.7902522064973732,0.4696384544209541,0.005025299197560129,-0.5005036900934634,0.785226907299813,35,143.0,0.08571428571428572,0.2,4.085714285714285,35,276.0,0.17142857142857143,0.02857142857142857,7.885714285714286
2019,16,SF,LA,34,0.203653311018696,0.6529046925371609,-0.19434866964848624,0.7361648570971863,0.39800198066718223,-0.08326016456002538,23,119.0,0.17391304347826086,0.2608695652173913,5.173913043478261,34,222.0,0.20588235294117646,0.17647058823529413,6.529411764705882
2019,16,ATL,JAX,24,-0.8860151293680759,0.058513410328116376,-0.811618572882995,1.009638265693053,-0.07439655648508092,-0.9511248553649365,27,135.0,0.2222222222222222,0.25925925925925924,5.0,47,392.0,0.2127659574468085,0.06382978723404255,8.340425531914894
2019,16,CLE,BAL,15,-0.34943789121456514,0.28181963082618544,-0.5440237439714952,0.3243935763668378,0.19458585275693008,-0.04257394554065236,19,57.0,0.10526315789473684,0.2631578947368421,3.0,36,189.0,0.1111111111111111,0.05555555555555555,5.25
2019,16,IND,CAR,38,-0.546553990025948,-1.1619427947018106,-1.0792471089805034,0.5746383271664172,0.5326931189545554,-1.7365811218682277,32,218.0,0.21875,0.15625,6.8125,32,142.0,0.09375,0.09375,4.4375
2019,16,MIA,CIN,38,-1.3283825884798368,-1.1198462790304011,-0.43390972128874095,-0.2088525937173256,-0.8944728671910959,-0.9109936853130756,34,96.0,0.058823529411764705,0.4411764705882353,2.823529411764706,55,421.0,0.2,0.05454545454545454,7.654545454545454
2019,16,NYJ,PIT,16,-0.5566219173080557,-1.5662037050582482,0.998162554589246,1.6361608411277466,-1.5547844718973016,-3.202364546185995,32,85.0,0.03125,0.28125,2.65625,29,178.0,0.1724137931034483,0.10344827586206896,6.137931034482759
2019,16,TEN,NO,28,0.7267936074668897,-0.10820897948805497,0.3239302565407294,0.5599975585305698,0.4028633509261603,-0.6682065380186247,26,149.0,0.15384615384615385,0.2692307692307692,5.730769230769231,33,256.0,0.21212121212121213,0.15151515151515152,7.757575757575758
2019,16,WAS,NYG,35,-0.12868098918159165,-1.566095161582045,0.6787776161939647,0.4050361236747651,-0.8074586053755564,-1.9711312852568101,26,80.0,0.11538461538461539,0.19230769230769232,3.076923076923077,42,282.0,0.16666666666666666,0.14285714285714285,6.714285714285714
2019,16,DEN,DET,27,-0.3623845376159207,-0.32470716247897863,-0.14669703290401487,-0.9232635329538308,-0.21568750471190584,0.5985563704748522,33,150.0,0.15151515151515152,0.12121212121212122,4.545454545454546,36,211.0,0.1111111111111111,0.0,5.861111111111111
2019,16,PHI,DAL,17,-0.2872492394571361,-0.22833744087277727,0.0026870546144314167,0.16995975268022642,-0.2899362940715675,-0.3982971935530037,30,118.0,0.03333333333333333,0.23333333333333334,3.933333333333333,44,322.0,0.11363636363636363,0.11363636363636363,7.318181818181818
2019,16,SEA,ARI,13,0.25185725741769605,-1.3558078241178286,0.3967916894206712,-0.9208477085778153,-0.14493443200297518,-0.43496011554001335,20,91.0,0.2,0.4,4.55,37,139.0,0.16216216216216217,0.1891891891891892,3.7567567567567566
2019,16,CHI,KC,3,0.22554346820893645,0.14692622626815025,-0.8895738849502348,-0.2804252893296075,1.1151173531591714,0.42735151559775775,22,101.0,0.13636363636363635,0.13636363636363635,4.590909090909091,37,141.0,0.05405405405405406,0.08108108108108109,3.810810810810811
2019,16,MIN,GB,10,0.2942952134804333,-0.19373042876342395,-1.2334247138384682,-0.18755158206913794,1.5277199273189015,-0.006178846694286005,16,57.0,0.0625,0.1875,3.5625,37,82.0,0.05405405405405406,0.1891891891891892,2.2162162162162162
2019,17,BUF,NYJ,6,-0.10660303297474708,0.2073358268604851,1.924087462440496,-0.11712275460240755,-2.030690495415243,0.32445858146289264,20,73.0,0.25,0.4,3.65,40,236.0,0.15,0.1,5.9
2019,17,CAR,NO,10,0.9019128541500705,0.04902201847910104,0.3239302565407294,0.5599975585305698,0.5779825976093411,-0.5109755400514687,18,41.0,0.05555555555555555,0.2222222222222222,2.2777777777777777,55,298.0,0.10909090909090909,0.03636363636363636,5.418181818181818
2019,17,CIN,CLE,33,-0.6050063322772407,0.9252205090168845,-1.0088113675767456,-0.27182184615824806,0.40380503529950496,1.1970423551751326,39,179.0,0.10256410256410256,0.28205128205128205,4.589743589743589,31,194.0,0.16129032258064516,0.06451612903225806,6.258064516129032
2019,17,DET,GB,20,-0.14636738487750434,-0.029413951246211045,-1.2334247138384682,-0.18755158206913794,1.087057328960964,0.1581376308229269,25,171.0,0.28,0.16,6.84,33,145.0,0.12121212121212122,0.09090909090909091,4.393939393939394
2019,17,KC,LAC,31,-0.47021331139238665,-0.15523812564851538,0.33304971840945136,-0.27803003863116904,-0.803263029801838,0.12279191298265366,23,162.0,0.08695652173913043,0.13043478260869565,7.043478260869565,27,190.0,0.1111111111111111,0.037037037037037035,7.037037037037037
2019,17,MIN,CHI,19,0.2942952134804333,-0.19373042876342395,0.06488065171352467,1.17358041117026,0.22941456176690864,-1.3673108399336837,26,174.0,0.15384615384615385,0.15384615384615385,6.6923076923076925,21,126.0,0.047619047619047616,0.0,6.0
2019,17,NE,MIA,24,-0.030865235672509372,0.7902522064973732,-0.7599935163688532,-1.3546967086410258,0.7291282806963437,2.144948915138399,27,135.0,0.1111111111111111,0.18518518518518517,5.0,30,217.0,0.13333333333333333,0.06666666666666667,7.233333333333333
2019,17,TB,ATL,22,-0.12950189908365067,-0.08071280572586566,0.16082431657645369,-1.1396488558071398,-0.29032621566010436,1.0589360500812741,22,138.0,0.18181818181818182,0.22727272727272727,6.2727272727272725,27,198.0,0.2222222222222222,0.07407407407407407,7.333333333333333
2019,17,BAL,PIT,28,1.1253695812070896,1.600888153617819,0.998162554589246,1.6361608411277466,0.12720702661784367,-0.035272687509927625,44,223.0,0.1590909090909091,0.18181818181818182,5.068181818181818,25,97.0,0.08,0.12,3.88
2019,17,DAL,WAS,47,1.2150918859018027,0.6440057146928972,-0.4495734464301968,1.3023695769764003,1.6646653323319995,-0.6583638622835031,36,223.0,0.2222222222222222,0.1388888888888889,6.194444444444445,37,307.0,0.21621621621621623,0.13513513513513514,8.297297297297296
2019,17,HOU,TEN,14,0.7023936591242784,-0.018399193243946437,0.19312539737073758,-0.6188648389068955,0.5092682617535409,0.600465645662949,25,109.0,0.12,0.12,4.36,45,231.0,0.1111111111111111,0.08888888888888889,5.133333333333334
2019,17,JAX,IND,38,-0.30035367384385636,0.6292696142337372,0.282479166029072,-0.4623269306796208,-0.5828328398729283,1.091596544913358,24,67.0,0.0,0.25,2.7916666666666665,45,298.0,0.13333333333333333,0.08888888888888889,6.622222222222222
2019,17,NYG,PHI,17,-0.052524667227497546,-1.0208676271169006,0.942389852902801,0.5803965681729061,-0.9949145201302985,-1.6012641952898066,21,122.0,0.14285714285714285,0.47619047619047616,5.809523809523809,52,292.0,0.1346153846153846,0.09615384615384616,5.615384615384615
2019,17,SEA,SF,21,0.25185725741769605,-1.3558078241178286,-0.3187895075896515,0.5564727637518233,0.5706467650073476,-1.912280587869652,30,125.0,0.13333333333333333,0.13333333333333333,4.166666666666667,47,248.0,0.06382978723404255,0.0425531914893617,5.276595744680851
2020,1,KC,HOU,34,-0.24698640894134888,-0.08365826664216608,-1.2358330378245104,-0.37593935881182344,0.9888466288831614,0.29228109216965736,34,166.0,0.11764705882352941,0.20588235294117646,4.882352941176471,33,203.0,0.12121212121212122,0.030303030303030304,6.151515151515151
2020,1,ATL,SEA,25,-0.8825167859174221,-0.3557122882032351,0.4896640411160305,-0.08161019796624135,-1.3721808270334526,-0.2741020902369937,21,72.0,0.14285714285714285,0.23809523809523808,3.4285714285714284,57,434.0,0.22807017543859648,0.07017543859649122,7.614035087719298
2020,1,BAL,CLE,38,1.2393814759867576,-0.03926100786687877,-0.5549915387253154,-0.9048216809465561,1.7943730147120731,0.8655606730796773,30,111.0,0.13333333333333333,0.3,3.7,30,292.0,0.26666666666666666,0.1,9.733333333333333
2020,1,BUF,NYJ,27,-0.34141217524720696,0.025776956438111526,0.9011537771928007,0.2267832162837129,-1.2425659524400077,-0.20100625984560136,32,98.0,0.09375,0.375,3.0625,52,334.0,0.11538461538461539,0.09615384615384616,6.423076923076923
2020,1,CAR,LV,30,-0.19845513376767704,0.6823255880001889,-0.07742285269457647,0.46255450861076913,-0.12103228107310057,0.2197710793894198,30,129.0,0.1,0.13333333333333333,4.3,40,287.0,0.15,0.05,7.175
2020,1,DET,CHI,23,-0.19859074538036312,0.3321552415448006,0.39864875013762313,-0.3506189883255985,-0.5972394955179863,0.6827742298703992,29,138.0,0.20689655172413793,0.13793103448275862,4.758620689655173,46,310.0,0.1956521739130435,0.021739130434782608,6.739130434782608
2020,1,JAX,IND,27,0.04998639057706558,0.49526990335292925,0.6727228115678436,-0.2066049979087208,-0.6227364209907781,0.7018749012616501,23,91.0,0.13043478260869565,0.21739130434782608,3.9565217391304346,28,172.0,0.14285714285714285,0.17857142857142858,6.142857142857143
2020,1,MIN,GB,34,0.5449455871258067,-1.6016474551693942,-0.3494295841127625,-1.0382465225632516,0.8943751712385691,-0.5634009326061427,24,138.0,0.16666666666666666,0.08333333333333333,5.75,31,282.0,0.22580645161290322,0.0967741935483871,9.096774193548388
2020,1,NE,MIA,21,1.1575635165043932,-0.5274620213195141,-0.5644119500915642,0.05164284631154209,1.7219754665959575,-0.5791048676310562,42,217.0,0.16666666666666666,0.11904761904761904,5.166666666666667,22,152.0,0.13636363636363635,0.09090909090909091,6.909090909090909
2020,1,WAS,PHI,27,-0.2150042478801784,-0.43279728832701325,1.186847074200765,0.7776888405623854,-1.4018513220809434,-1.2104861288893987,36,80.0,0.05555555555555555,0.3611111111111111,2.2222222222222223,36,179.0,0.1388888888888889,0.08333333333333333,4.972222222222222
2020,1,CIN,LAC,13,-0.23828709378082186,0.02813539690100893,-0.00035452401148668156,0.08140045819212084,-0.2379325697693352,-0.053265061291111915,28,122.0,0.07142857142857142,0.17857142857142858,4.357142857142857,42,188.0,0.07142857142857142,0.07142857142857142,4.476190476190476
2020,1,NO,TB,34,0.877761015483248,0.9687296080892386,1.355343561847906,0.9056914107668962,-0.4775825463646579,0.06303819732234239,34,82.0,0.029411764705882353,0.2647058823529412,2.411764705882353,34,203.0,0.11764705882352941,0.08823529411764706,5.970588235294118
2020,1,SF,ARI,20,-0.5305428570503816,-0.8695420960789857,0.14900724319498734,0.13726839227043255,-0.679550100245369,-1.0068104883494182,25,123.0,0.12,0.16,4.92,37,252.0,0.10810810810810811,0.08108108108108109,6.8108108108108105
2020,1,NYG,PIT,16,0.5026965354050527,-1.1549183492753894,0.9221761493844631,2.635014650478298,-0.41947961397941047,-3.7899329997536872,20,29.0,0.05,0.45,1.45,48,285.0,0.08333333333333333,0.0625,5.9375
2020,1,DEN,TEN,14,-0.9963629380275711,-1.1624717909809397,0.009098555208913929,-1.2933739644930278,-1.0054614932364851,0.1309021735120881,26,107.0,0.11538461538461539,0.2692307692307692,4.115384615384615,34,219.0,0.20588235294117646,0.11764705882352941,6.4411764705882355
2020,2,CLE,CIN,35,-0.6557326726081159,0.7967276874552285,-0.9496827727624984,-0.8479421671110843,0.2939501001543825,1.6446698545663128,35,215.0,0.2571428571428571,0.14285714285714285,6.142857142857143,24,227.0,0.20833333333333334,0.041666666666666664,9.458333333333334
2020,2,CHI,NYG,17,-0.6542118801679481,0.5163021421585374,0.6851858857161031,0.49381593801296303,-1.3393977658840512,0.022486204145574396,32,135.0,0.15625,0.15625,4.21875,33,181.0,0.18181818181818182,0.15151515151515152,5.484848484848484
2020,2,DAL,ATL,40,0.07098721356239565,0.2999016066956926,0.3296615529476759,0.3276001426742597,-0.2586743393852803,-0.027698535978567085,32,125.0,0.125,0.15625,3.90625,50,456.0,0.18,0.04,9.12
2020,2,GB,DET,42,0.9088240792641769,1.614831247457121,-0.7013103988104854,-1.2065630666015688,1.6101344780746623,2.82139431405869,36,261.0,0.2222222222222222,0.1388888888888889,7.25,33,241.0,0.18181818181818182,0.06060606060606061,7.303030303030303
2020,2,IND,MIN,28,-0.014382939193470744,1.15724083387715,-1.0413805612339193,-1.296156428542798,1.0269976220404486,2.453397262419948,40,151.0,0.025,0.175,3.775,27,203.0,0.2222222222222222,0.1111111111111111,7.518518518518518
2020,2,MIA,BUF,28,0.31495603656200943,0.9386307951517807,0.34252926197835754,-0.6218502614972233,-0.0275732254163481,1.560481056649004,22,99.0,0.09090909090909091,0.13636363636363635,4.5,52,325.0,0.1346153846153846,0.09615384615384616,6.25
2020,2,NYJ,SF,13,0.22644529954637954,-0.9461980823211529,0.7632303635657995,-0.4749341038734767,-0.53678506401942,-0.4712639784476762,29,104.0,0.10344827586206896,0.2413793103448276,3.586206896551724,34,181.0,0.08823529411764706,0.058823529411764705,5.323529411764706
2020,2,PHI,LA,19,-0.49681181860520024,-0.6652946140666655,0.49458671173613356,-0.45712247641652576,-0.9913985303413337,-0.2081721376501397,27,121.0,0.037037037037037035,0.037037037037037035,4.481481481481482,44,248.0,0.06818181818181818,0.0,5.636363636363637
2020,2,PIT,DEN,26,-1.0948454729276769,0.4943540329803707,-0.5478456322295095,0.6453533470692739,-0.5469998406981673,-0.15099931408890327,22,109.0,0.09090909090909091,0.3181818181818182,4.954545454545454,42,301.0,0.14285714285714285,0.09523809523809523,7.166666666666667
2020,2,TB,CAR,31,0.9576070193016581,0.9076916911212077,-0.1562470111584155,-0.2729393580103549,1.1138540304600737,1.1806310491315626,22,122.0,0.09090909090909091,0.18181818181818182,5.545454545454546,35,217.0,0.08571428571428572,0.05714285714285714,6.2
2020,2,TEN,JAX,33,0.44227880618129445,-0.22236704904076254,-0.6741346345923958,-0.32159342882207637,1.11641344077369,0.09922637978131382,34,123.0,0.08823529411764706,0.20588235294117646,3.6176470588235294,27,245.0,0.18518518518518517,0.037037037037037035,9.074074074074074
2020,2,ARI,WAS,30,-0.3989737603209733,1.0293901987456677,0.7267413354016995,0.10748351997228023,-1.125715095722673,0.9219066787733875,32,160.0,0.15625,0.09375,5.0,43,286.0,0.09302325581395349,0.11627906976744186,6.651162790697675
2020,2,HOU,BAL,16,0.39702600191362497,-0.6416605395225664,0.5632094277802331,1.1534145953574706,-0.16618342586660811,-1.7950751348800371,17,51.0,0.0,0.11764705882352941,3.0,44,270.0,0.11363636363636363,0.09090909090909091,6.136363636363637
2020,2,LAC,KC,20,-0.7574484354567812,-1.4979299252717873,-0.9464767715605775,0.032109180571619635,0.18902833610379632,-1.5300391058434069,44,183.0,0.045454545454545456,0.11363636363636363,4.159090909090909,37,303.0,0.21621621621621623,0.05405405405405406,8.18918918918919
2020,2,SEA,NE,35,0.13447102138981473,-0.7998581295056258,-2.016695521645072,0.7357377028108969,2.1511665430348867,-1.5355958323165226,30,154.0,0.1,0.06666666666666667,5.133333333333334,34,313.0,0.17647058823529413,0.058823529411764705,9.205882352941176
2020,2,LV,NO,34,0.09563536646946806,0.4022499388821046,1.0781705469768383,0.5537342534823455,-0.9825351805073703,-0.15148431460024092,35,116.0,0.11428571428571428,0.34285714285714286,3.3142857142857145,42,264.0,0.19047619047619047,0.07142857142857142,6.285714285714286
2020,3,JAX,MIA,13,0.04998639057706558,0.49526990335292925,-0.5644119500915642,0.05164284631154209,0.6143983406686297,0.44362705704138716,17,72.0,0.17647058823529413,0.058823529411764705,4.235294117647059,49,268.0,0.12244897959183673,0.08163265306122448,5.469387755102041
2020,3,ATL,CHI,26,-0.8825167859174221,-0.3557122882032351,0.39864875013762313,-0.3506189883255985,-1.2811655360550454,-0.00509329987763657,25,144.0,0.2,0.08,5.76,40,227.0,0.1,0.05,5.675
2020,3,BUF,LA,35,-0.34141217524720696,0.025776956438111526,0.49458671173613356,-0.45712247641652576,-0.8359988869833406,0.48289943285463727,21,101.0,0.14285714285714285,0.14285714285714285,4.809523809523809,37,274.0,0.24324324324324326,0.13513513513513514,7.405405405405405
2020,3,CLE,WAS,34,-0.6557326726081159,0.7967276874552285,0.7267413354016995,0.10748351997228023,-1.3824740080098152,0.6892441674829483,37,158.0,0.13513513513513514,0.21621621621621623,4.27027027027027,26,143.0,0.11538461538461539,0.07692307692307693,5.5
2020,3,MIN,TEN,30,0.5449455871258067,-1.6016474551693942,0.009098555208913929,-1.2933739644930278,0.5358470319168928,-0.30827349067636645,33,226.0,0.2727272727272727,0.12121212121212122,6.848484848484849,31,252.0,0.16129032258064516,0.06451612903225806,8.129032258064516
2020,3,NE,LV,36,1.1575635165043932,-0.5274620213195141,-0.07742285269457647,0.46255450861076913,1.2349863691989695,-0.9900165299302832,38,250.0,0.18421052631578946,0.21052631578947367,6.578947368421052,31,177.0,0.12903225806451613,0.12903225806451613,5.709677419354839
2020,3,NYG,SF,9,0.5026965354050527,-1.1549183492753894,0.7632303635657995,-0.4749341038734767,-0.2605338281607469,-0.6799842454019127,15,66.0,0.13333333333333333,0.3333333333333333,4.4,35,172.0,0.11428571428571428,0.08571428571428572,4.914285714285715
2020,3,PHI,CIN,23,-0.49681181860520024,-0.6652946140666655,-0.9496827727624984,-0.8479421671110843,0.4528709541572981,0.18264755304441882,36,172.0,0.1388888888888889,0.1111111111111111,4.777777777777778,56,263.0,0.05357142857142857,0.125,4.696428571428571
2020,3,PIT,HOU,28,-1.0948454729276769,0.4943540329803707,-1.2358330378245104,-0.37593935881182344,0.1409875648968335,0.8702933917921941,38,169.0,0.15789473684210525,0.18421052631578946,4.447368421052632,40,222.0,0.125,0.075,5.55
2020,3,IND,NYJ,36,-0.014382939193470744,1.15724083387715,0.9011537771928007,0.2267832162837129,-0.9155367163862714,0.9304576175934371,31,119.0,0.16129032258064516,0.1935483870967742,3.838709677419355,25,234.0,0.16,0.0,9.36
2020,3,LAC,CAR,16,-0.7574484354567812,-1.4979299252717873,-0.1562470111584155,-0.2729393580103549,-0.6012014242983656,-1.2249905672614323,23,117.0,0.17391304347826086,0.17391304347826086,5.086956521739131,53,334.0,0.1320754716981132,0.07547169811320754,6.30188679245283
2020,3,ARI,DET,23,-0.3989737603209733,1.0293901987456677,-0.7013103988104854,-1.2065630666015688,0.3023366384895121,2.2359532653472365,27,109.0,0.14814814814814814,0.14814814814814814,4.037037037037037,37,275.0,0.1891891891891892,0.08108108108108109,7.4324324324324325
2020,3,DEN,TB,10,-0.9963629380275711,-1.1624717909809397,1.355343561847906,0.9056914107668962,-2.351706499875477,-2.068163201747836,14,42.0,0.0,0.21428571428571427,3.0,47,196.0,0.1276595744680851,0.14893617021276595,4.170212765957447
2020,3,SEA,DAL,38,0.13447102138981473,-0.7998581295056258,-1.2517602585010899,0.4230239984630637,1.3862312798909047,-1.2228821279686897,26,117.0,0.15384615384615385,0.19230769230769232,4.5,49,321.0,0.14285714285714285,0.10204081632653061,6.551020408163265
2020,3,NO,GB,30,0.877761015483248,0.9687296080892386,-0.3494295841127625,-1.0382465225632516,1.2271905995960104,2.00697613065249,20,122.0,0.1,0.1,6.1,38,283.0,0.13157894736842105,0.10526315789473684,7.447368421052632
2020,3,BAL,KC,20,1.2393814759867576,-0.03926100786687877,-0.9464767715605775,0.032109180571619635,2.185858247547335,-0.0713701884384984,21,158.0,0.23809523809523808,0.047619047619047616,7.523809523809524,35,99.0,0.02857142857142857,0.17142857142857143,2.8285714285714287
2020,4,NYJ,DEN,28,0.22644529954637954,-0.9461980823211529,-0.5478456322295095,0.6453533470692739,0.774290931775889,-1.5915514293904267,24,129.0,0.08333333333333333,0.125,5.375,56,273.0,0.07142857142857142,0.10714285714285714,4.875
2020,4,CAR,ARI,31,-0.19845513376767704,0.6823255880001889,0.14900724319498734,0.13726839227043255,-0.34746237696266435,0.5450571957297564,35,168.0,0.17142857142857143,0.17142857142857143,4.8,40,311.0,0.25,0.075,7.775
2020,4,CIN,JAX,33,-0.23828709378082186,0.02813539690100893,-0.6741346345923958,-0.32159342882207637,0.4358475408115739,0.3497288257230853,34,205.0,0.20588235294117646,0.20588235294117646,6.029411764705882,39,313.0,0.2564102564102564,0.10256410256410256,8.025641025641026
2020,4,DAL,CLE,38,0.07098721356239565,0.2999016066956926,-0.5549915387253154,-0.9048216809465561,0.625978752287711,1.2047232876422487,20,89.0,0.1,0.15,4.45,63,484.0,0.1746031746031746,0.06349206349206349,7.682539682539683
2020,4,DET,NO,29,-0.19859074538036312,0.3321552415448006,1.0781705469768383,0.5537342534823455,-1.2767612923572014,-0.22157901193754492,22,90.0,0.09090909090909091,0.13636363636363635,4.090909090909091,37,213.0,0.13513513513513514,0.10810810810810811,5.756756756756757
2020,4,HOU,MIN,23,0.39702600191362497,-0.6416605395225664,-1.0413805612339193,-1.296156428542798,1.4384065631475442,0.6544958890202316,26,96.0,0.038461538461538464,0.11538461538461539,3.6923076923076925,40,299.0,0.225,0.1,7.475
2020,4,MIA,SEA,23,0.31495603656200943,0.9386307951517807,0.4896640411160305,-0.08161019796624135,-0.17470800455402108,1.020240993118022,22,103.0,0.18181818181818182,0.13636363636363635,4.681818181818182,51,349.0,0.19607843137254902,0.0392156862745098,6.8431372549019605
2020,4,TB,LAC,38,0.9576070193016581,0.9076916911212077,-0.00035452401148668156,0.08140045819212084,0.9579615433131449,0.8262912329290869,27,115.0,0.1111111111111111,0.2222222222222222,4.2592592592592595,46,369.0,0.1956521739130435,0.021739130434782608,8.021739130434783
2020,4,WAS,BAL,17,-0.2150042478801784,-0.43279728832701325,0.5632094277802331,1.1534145953574706,-0.7782136756604114,-1.5862118836844838,22,69.0,0.045454545454545456,0.18181818181818182,3.1363636363636362,48,274.0,0.125,0.125,5.708333333333333
2020,4,CHI,IND,11,-0.6542118801679481,0.5163021421585374,0.6727228115678436,-0.2066049979087208,-1.3269346917357918,0.7229071400672582,17,30.0,0.0,0.23529411764705882,1.7647058823529411,43,241.0,0.13953488372093023,0.06976744186046512,5.604651162790698
2020,4,LV,BUF,23,0.09563536646946806,0.4022499388821046,0.34252926197835754,-0.6218502614972233,-0.24689389550888946,1.024100200379328,23,86.0,0.17391304347826086,0.21739130434782608,3.739130434782609,49,317.0,0.10204081632653061,0.08163265306122448,6.469387755102041
2020,4,SF,PHI,20,-0.5305428570503816,-0.8695420960789857,1.186847074200765,0.7776888405623854,-1.7173899312511467,-1.647230936641371,20,116.0,0.2,0.2,5.8,50,301.0,0.1,0.12,6.02
2020,4,KC,NE,26,-0.24698640894134888,-0.08365826664216608,-2.016695521645072,0.7357377028108969,1.769709112703723,-0.819395969453063,25,94.0,0.12,0.2,3.76,35,263.0,0.17142857142857143,0.02857142857142857,7.514285714285714
2020,4,GB,ATL,30,0.9088240792641769,1.614831247457121,0.3296615529476759,0.3276001426742597,0.579162526316501,1.2872311047828613,26,88.0,0.11538461538461539,0.34615384615384615,3.3846153846153846,35,320.0,0.2857142857142857,0.05714285714285714,9.142857142857142
2020,5,CHI,TB,20,-0.6542118801679481,0.5163021421585374,1.355343561847906,0.9056914107668962,-2.009555442015854,-0.38938926860835876,14,35.0,0.0,0.07142857142857142,2.5,45,208.0,0.06666666666666667,0.13333333333333333,4.622222222222222
2020,5,ATL,CAR,16,-0.8825167859174221,-0.3557122882032351,-0.1562470111584155,-0.2729393580103549,-0.7262697747590066,-0.08277293019288018,24,166.0,0.20833333333333334,0.08333333333333333,6.916666666666667,38,207.0,0.13157894736842105,0.07894736842105263,5.447368421052632
2020,5,BAL,CIN,27,1.2393814759867576,-0.03926100786687877,-0.9496827727624984,-0.8479421671110843,2.189064248749256,0.8086811592442055,24,161.0,0.16666666666666666,0.16666666666666666,6.708333333333333,38,171.0,0.05263157894736842,0.02631578947368421,4.5
2020,5,HOU,JAX,30,0.39702600191362497,-0.6416605395225664,-0.6741346345923958,-0.32159342882207637,1.0711606365060207,-0.32006711070049004,22,129.0,0.22727272727272727,0.18181818181818182,5.863636363636363,38,382.0,0.23684210526315788,0.05263157894736842,10.052631578947368
2020,5,KC,LV,32,-0.24698640894134888,-0.08365826664216608,-0.07742285269457647,0.46255450861076913,-0.1695635562467724,-0.5462127752529352,20,80.0,0.05,0.15,4.0,51,352.0,0.21568627450980393,0.0784313725490196,6.901960784313726
2020,5,NYJ,ARI,10,0.22644529954637954,-0.9461980823211529,0.14900724319498734,0.13726839227043255,0.0774380563513922,-1.0834664745915854,28,123.0,0.10714285714285714,0.17857142857142858,4.392857142857143,40,182.0,0.05,0.075,4.55
2020,5,PIT,PHI,38,-1.0948454729276769,0.4943540329803707,1.186847074200765,0.7776888405623854,-2.2816925471284417,-0.28333480758201474,32,136.0,0.0625,0.3125,4.25,35,231.0,0.11428571428571428,0.08571428571428572,6.6
2020,5,WAS,LA,10,-0.2150042478801784,-0.43279728832701325,0.49458671173613356,-0.45712247641652576,-0.7095909596163119,0.024325188089512506,14,38.0,0.0,0.21428571428571427,2.7142857142857144,40,78.0,0.025,0.25,1.95
2020,5,SF,MIA,17,-0.5305428570503816,-0.8695420960789857,-0.5644119500915642,0.05164284631154209,0.033869093041182574,-0.9211849423905278,19,131.0,0.10526315789473684,0.15789473684210525,6.894736842105263,40,128.0,0.125,0.15,3.2
2020,5,CLE,IND,32,-0.6557326726081159,0.7967276874552285,0.6727228115678436,-0.2066049979087208,-1.3284554841759595,1.0033326853639493,33,124.0,0.09090909090909091,0.15151515151515152,3.757575757575758,40,277.0,0.175,0.025,6.925
2020,5,DAL,NYG,37,0.07098721356239565,0.2999016066956926,0.6851858857161031,0.49381593801296303,-0.6141986721537074,-0.19391433131727043,29,126.0,0.06896551724137931,0.20689655172413793,4.344827586206897,35,276.0,0.2,0.08571428571428572,7.885714285714286
2020,5,SEA,MIN,27,0.13447102138981473,-0.7998581295056258,-1.0413805612339193,-1.296156428542798,1.1758515826237341,0.49629829903717215,16,124.0,0.25,0.0625,7.75,42,248.0,0.14285714285714285,0.11904761904761904,5.904761904761905
2020,5,NO,LAC,30,0.877761015483248,0.9687296080892386,-0.00035452401148668156,0.08140045819212084,0.8781155394947348,0.8873291498971178,25,95.0,0.08,0.12,3.8,50,313.0,0.1,0.06,6.26
2020,5,TEN,BUF,42,0.44227880618129445,-0.22236704904076254,0.34252926197835754,-0.6218502614972233,0.09974954420293691,0.3994832124564608,34,139.0,0.08823529411764706,0.17647058823529413,4.088235294117647,31,234.0,0.12903225806451613,0.0,7.548387096774194
2020,6,CAR,CHI,16,-0.19845513376767704,0.6823255880001889,0.39864875013762313,-0.3506189883255985,-0.5971038839053002,1.0329445763257874,29,112.0,0.20689655172413793,0.20689655172413793,3.8620689655172415,40,238.0,0.15,0.125,5.95
2020,6,IND,CIN,31,-0.014382939193470744,1.15724083387715,-0.9496827727624984,-0.8479421671110843,0.9352998335690276,2.005183000988234,15,59.0,0.13333333333333333,0.26666666666666666,3.933333333333333,45,371.0,0.2222222222222222,0.044444444444444446,8.244444444444444
2020,6,JAX,DET,16,0.04998639057706558,0.49526990335292925,-0.7013103988104854,-1.2065630666015688,0.751296789387551,1.701832969954498,16,44.0,0.0,0.3125,2.75,48,246.0,0.08333333333333333,0.0625,5.125
2020,6,MIN,ATL,23,0.5449455871258067,-1.6016474551693942,0.3296615529476759,0.3276001426742597,0.21528403417813075,-1.9292475978436538,13,32.0,0.07692307692307693,0.3076923076923077,2.4615384615384617,39,337.0,0.23076923076923078,0.05128205128205128,8.64102564102564
2020,6,NE,DEN,12,1.1575635165043932,-0.5274620213195141,-0.5478456322295095,0.6453533470692739,1.7054091487339027,-1.172815368388788,26,117.0,0.11538461538461539,0.23076923076923078,4.5,34,223.0,0.14705882352941177,0.17647058823529413,6.5588235294117645
2020,6,NYG,WAS,20,0.5026965354050527,-1.1549183492753894,0.7267413354016995,0.10748351997228023,-0.22404479999664684,-1.2624018692476695,26,132.0,0.07692307692307693,0.3076923076923077,5.076923076923077,21,116.0,0.14285714285714285,0.09523809523809523,5.523809523809524
2020,6,PHI,BAL,28,-0.49681181860520024,-0.6652946140666655,0.5632094277802331,1.1534145953574706,-1.0600212463854333,-1.818709209424136,20,194.0,0.2,0.25,9.7,49,214.0,0.08163265306122448,0.14285714285714285,4.36734693877551
2020,6,PIT,CLE,38,-1.0948454729276769,0.4943540329803707,-0.5549915387253154,-0.9048216809465561,-0.5398539342023615,1.3991757139269267,37,129.0,0.08108108108108109,0.1891891891891892,3.4864864864864864,25,148.0,0.16,0.08,5.92
2020,6,TEN,HOU,42,0.44227880618129445,-0.22236704904076254,-1.2358330378245104,-0.37593935881182344,1.6781118440058047,0.1535723097710609,27,263.0,0.25925925925925924,0.14814814814814814,9.74074074074074,44,346.0,0.1590909090909091,0.06818181818181818,7.863636363636363
2020,6,MIA,NYJ,24,0.31495603656200943,0.9386307951517807,0.9011537771928007,0.2267832162837129,-0.5861977406307912,0.7118475788680678,25,110.0,0.12,0.12,4.4,32,196.0,0.15625,0.09375,6.125
2020,6,TB,GB,38,0.9576070193016581,0.9076916911212077,-0.3494295841127625,-1.0382465225632516,1.3070366034144207,1.9459382136844594,35,158.0,0.14285714285714285,0.08571428571428572,4.514285714285714,29,168.0,0.10344827586206896,0.034482758620689655,5.793103448275862
2020,6,SF,LA,24,-0.5305428570503816,-0.8695420960789857,0.49458671173613356,-0.45712247641652576,-1.0251295687865152,-0.41241961966245994,37,122.0,0.05405405405405406,0.16216216216216217,3.2972972972972974,34,274.0,0.17647058823529413,0.029411764705882353,8.058823529411764
2020,6,BUF,KC,17,-0.34141217524720696,0.025776956438111526,-0.9464767715605775,0.032109180571619635,0.6050645963133705,-0.006332224133508108,23,84.0,0.08695652173913043,0.17391304347826086,3.652173913043478,31,146.0,0.06451612903225806,0.0,4.709677419354839
2020,6,DAL,ARI,10,0.07098721356239565,0.2999016066956926,0.14900724319498734,0.13726839227043255,-0.07802002963259169,0.16263321442526005,27,97.0,0.1111111111111111,0.18518518518518517,3.5925925925925926,59,251.0,0.05084745762711865,0.11864406779661017,4.254237288135593
2020,7,PHI,NYG,22,-0.49681181860520024,-0.6652946140666655,0.6851858857161031,0.49381593801296303,-1.1819977043213032,-1.1591105520796285,27,96.0,0.1111111111111111,0.18518518518518517,3.5555555555555554,49,351.0,0.1836734693877551,0.061224489795918366,7.163265306122449
2020,7,ATL,DET,22,-0.8825167859174221,-0.3557122882032351,-0.7013103988104854,-1.2065630666015688,-0.1812063871069367,0.8508507783983337,26,66.0,0.07692307692307693,0.19230769230769232,2.5384615384615383,45,324.0,0.17777777777777778,0.06666666666666667,7.2
2020,7,CIN,CLE,34,-0.23828709378082186,0.02813539690100893,-0.5549915387253154,-0.9048216809465561,0.3167044449444935,0.9329570778475651,21,81.0,0.09523809523809523,0.14285714285714285,3.857142857142857,53,399.0,0.20754716981132076,0.09433962264150944,7.528301886792453
2020,7,HOU,GB,20,0.39702600191362497,-0.6416605395225664,-0.3494295841127625,-1.0382465225632516,0.7464555860263875,0.39658598304068515,22,79.0,0.09090909090909091,0.18181818181818182,3.590909090909091,48,325.0,0.14583333333333334,0.08333333333333333,6.770833333333333
2020,7,NO,CAR,27,0.877761015483248,0.9687296080892386,-0.1562470111584155,-0.2729393580103549,1.0340080266416636,1.2416689660995934,29,138.0,0.10344827586206896,0.20689655172413793,4.758620689655173,37,277.0,0.21621621621621623,0.08108108108108109,7.486486486486487
2020,7,NYJ,BUF,10,0.22644529954637954,-0.9461980823211529,0.34252926197835754,-0.6218502614972233,-0.116083962431978,-0.32434782082392954,22,100.0,0.13636363636363635,0.22727272727272727,4.545454545454546,29,91.0,0.10344827586206896,0.2413793103448276,3.1379310344827585
2020,7,TEN,PIT,24,0.44227880618129445,-0.22236704904076254,0.9221761493844631,2.635014650478298,-0.4798973432031687,-2.8573816995190606,23,82.0,0.08695652173913043,0.21739130434782608,3.5652173913043477,34,214.0,0.14705882352941177,0.11764705882352941,6.294117647058823
2020,7,WAS,DAL,25,-0.2150042478801784,-0.43279728832701325,-1.2517602585010899,0.4230239984630637,1.0367560106209115,-0.855821286790077,39,208.0,0.15384615384615385,0.1282051282051282,5.333333333333333,29,202.0,0.13793103448275862,0.06896551724137931,6.9655172413793105
2020,7,LV,TB,20,0.09563536646946806,0.4022499388821046,1.355343561847906,0.9056914107668962,-1.259708195378438,-0.5034414718847916,24,76.0,0.08333333333333333,0.20833333333333334,3.1666666666666665,41,290.0,0.14634146341463414,0.07317073170731707,7.073170731707317
2020,7,DEN,KC,16,-0.9963629380275711,-1.1624717909809397,-0.9464767715605775,0.032109180571619635,-0.04988616646699362,-1.1945809715525593,33,177.0,0.18181818181818182,0.12121212121212122,5.363636363636363,44,238.0,0.11363636363636363,0.06818181818181818,5.409090909090909
2020,7,LAC,JAX,39,-0.7574484354567812,-1.4979299252717873,-0.6741346345923958,-0.32159342882207637,-0.08331380086438545,-1.176336496449711,33,135.0,0.12121212121212122,0.3333333333333333,4.090909090909091,48,380.0,0.10416666666666667,0.041666666666666664,7.916666666666667
2020,7,NE,SF,6,1.1575635165043932,-0.5274620213195141,0.7632303635657995,-0.4749341038734767,0.3943331529385936,-0.052527917446037464,22,94.0,0.09090909090909091,0.045454545454545456,4.2727272727272725,30,161.0,0.16666666666666666,0.06666666666666667,5.366666666666666
2020,7,ARI,SEA,37,-0.3989737603209733,1.0293901987456677,0.4896640411160305,-0.08161019796624135,-0.8886378014370038,1.111000396711909,33,159.0,0.12121212121212122,0.2727272727272727,4.818181818181818,48,395.0,0.1875,0.0625,8.229166666666666
2020,8,CAR,ATL,17,-0.19845513376767704,0.6823255880001889,0.3296615529476759,0.3276001426742597,-0.528116686715353,0.35472544532592926,22,147.0,0.22727272727272727,0.13636363636363635,6.681818181818182,34,187.0,0.11764705882352941,0.11764705882352941,5.5
2020,8,BAL,PIT,24,1.2393814759867576,-0.03926100786687877,0.9221761493844631,2.635014650478298,0.3172053266022945,-2.6742756583451768,47,265.0,0.1276595744680851,0.06382978723404255,5.638297872340425,36,210.0,0.1388888888888889,0.1111111111111111,5.833333333333333
2020,8,BUF,NE,24,-0.34141217524720696,0.025776956438111526,-2.016695521645072,0.7357377028108969,1.675283346397865,-0.7099607463727854,38,190.0,0.15789473684210525,0.21052631578947367,5.0,22,173.0,0.13636363636363635,0.045454545454545456,7.863636363636363
2020,8,CIN,TEN,31,-0.23828709378082186,0.02813539690100893,0.009098555208913929,-1.2933739644930278,-0.24738564898973578,1.3215093613940367,32,118.0,0.09375,0.125,3.6875,38,256.0,0.10526315789473684,0.02631578947368421,6.7368421052631575
2020,8,CLE,LV,6,-0.6557326726081159,0.7967276874552285,-0.07742285269457647,0.46255450861076913,-0.5783098199135394,0.33417317884445935,22,101.0,0.18181818181818182,0.18181818181818182,4.590909090909091,29,147.0,0.10344827586206896,0.0,5.068965517241379
2020,8,DET,IND,21,-0.19859074538036312,0.3321552415448006,0.6727228115678436,-0.2066049979087208,-0.8713135569482068,0.5387602394535214,13,29.0,0.15384615384615385,0.38461538461538464,2.230769230769231,47,307.0,0.19148936170212766,0.1276595744680851,6.531914893617022
2020,8,GB,MIN,22,0.9088240792641769,1.614831247457121,-1.0413805612339193,-1.296156428542798,1.9502046404980962,2.9109876759999187,25,111.0,0.04,0.0,4.44,43,300.0,0.16279069767441862,0.023255813953488372,6.976744186046512
2020,8,KC,NYJ,35,-0.24698640894134888,-0.08365826664216608,0.9011537771928007,0.2267832162837129,-1.1481401861341496,-0.310441482925879,20,50.0,0.05,0.25,2.5,47,446.0,0.2765957446808511,0.06382978723404255,9.48936170212766
2020,8,MIA,LA,28,0.31495603656200943,0.9386307951517807,0.49458671173613356,-0.45712247641652576,-0.17963067517412412,1.3957532715683065,25,55.0,0.0,0.24,2.2,24,92.0,0.041666666666666664,0.08333333333333333,3.8333333333333335
2020,8,DEN,LAC,31,-0.9963629380275711,-1.1624717909809397,-0.00035452401148668156,0.08140045819212084,-0.9960084140160844,-1.2438722491730605,16,108.0,0.1875,0.3125,6.75,43,244.0,0.09302325581395349,0.046511627906976744,5.674418604651163
2020,8,CHI,NO,23,-0.6542118801679481,0.5163021421585374,1.0781705469768383,0.5537342534823455,-1.7323824271447865,-0.03743211132380808,23,96.0,0.043478260869565216,0.21739130434782608,4.173913043478261,46,233.0,0.13043478260869565,0.15217391304347827,5.065217391304348
2020,8,SEA,SF,37,0.13447102138981473,-0.7998581295056258,0.7632303635657995,-0.4749341038734767,-0.6287593421759848,-0.32492402563214917,28,101.0,0.10714285714285714,0.32142857142857145,3.607142857142857,40,270.0,0.1,0.075,6.75
2020,8,PHI,DAL,23,-0.49681181860520024,-0.6652946140666655,-1.2517602585010899,0.4230239984630637,0.7549484398958897,-1.0883186125297293,27,119.0,0.1111111111111111,0.25925925925925924,4.407407407407407,35,116.0,0.08571428571428572,0.11428571428571428,3.3142857142857145
2020,8,NYG,TB,23,0.5026965354050527,-1.1549183492753894,1.355343561847906,0.9056914107668962,-0.8526470264428533,-2.0606097600422855,24,101.0,0.125,0.125,4.208333333333333,47,271.0,0.10638297872340426,0.0851063829787234,5.76595744680851
2020,9,SF,GB,17,-0.5305428570503816,-0.8695420960789857,-0.3494295841127625,-1.0382465225632516,-0.18111327293761914,0.16870442648426587,17,55.0,0.058823529411764705,0.23529411764705882,3.235294117647059,36,282.0,0.1388888888888889,0.027777777777777776,7.833333333333333
2020,9,ATL,DEN,34,-0.8825167859174221,-0.3557122882032351,-0.5478456322295095,0.6453533470692739,-0.33467115368791256,-1.001065635272509,32,92.0,0.0625,0.25,2.875,38,283.0,0.13157894736842105,0.10526315789473684,7.447368421052632
2020,9,BUF,SEA,44,-0.34141217524720696,0.025776956438111526,0.4896640411160305,-0.08161019796624135,-0.8310762163632375,0.10738715440435287,19,34.0,0.0,0.3157894736842105,1.7894736842105263,48,400.0,0.25,0.16666666666666666,8.333333333333334
2020,9,IND,BAL,10,-0.014382939193470744,1.15724083387715,0.5632094277802331,1.1534145953574706,-0.5775923669737039,0.003826238519679448,21,112.0,0.23809523809523808,0.047619047619047616,5.333333333333333,42,227.0,0.14285714285714285,0.023809523809523808,5.404761904761905
2020,9,JAX,HOU,25,0.04998639057706558,0.49526990335292925,-1.2358330378245104,-0.37593935881182344,1.285819428401576,0.8712092621647527,27,115.0,0.18518518518518517,0.18518518518518517,4.2592592592592595,42,301.0,0.14285714285714285,0.11904761904761904,7.166666666666667
2020,9,KC,CAR,33,-0.24698640894134888,-0.08365826664216608,-0.1562470111584155,-0.2729393580103549,-0.09073939778293338,0.18928109136818883,11,36.0,0.0,0.2727272727272727,3.272727272727273,47,367.0,0.14893617021276595,0.06382978723404255,7.808510638297872
2020,9,MIN,DET,34,0.5449455871258067,-1.6016474551693942,-0.7013103988104854,-1.2065630666015688,1.246255985936292,-0.39508438856782546,34,275.0,0.2647058823529412,0.08823529411764706,8.088235294117647,21,212.0,0.3333333333333333,0.047619047619047616,10.095238095238095
2020,9,TEN,CHI,24,0.44227880618129445,-0.22236704904076254,0.39864875013762313,-0.3506189883255985,0.04363005604367132,0.12825193928483597,31,92.0,0.03225806451612903,0.25806451612903225,2.967741935483871,25,141.0,0.16,0.16,5.64
2020,9,WAS,NYG,20,-0.2150042478801784,-0.43279728832701325,0.6851858857161031,0.49381593801296303,-0.9001901335962814,-0.9266132263399762,9,37.0,0.2222222222222222,0.1111111111111111,4.111111111111111,41,365.0,0.14634146341463414,0.07317073170731707,8.902439024390244
2020,9,LAC,LV,26,-0.7574484354567812,-1.4979299252717873,-0.07742285269457647,0.46255450861076913,-0.6800255827622047,-1.9604844338825564,32,128.0,0.0625,0.125,4.0,46,322.0,0.17391304347826086,0.043478260869565216,7.0
2020,9,ARI,MIA,31,-0.3989737603209733,1.0293901987456677,-0.5644119500915642,0.05164284631154209,0.16543818977059088,0.9777473524341256,37,178.0,0.13513513513513514,0.10810810810810811,4.8108108108108105,32,297.0,0.21875,0.03125,9.28125
2020,9,DAL,PIT,19,0.07098721356239565,0.2999016066956926,0.9221761493844631,2.635014650478298,-0.8511889358220674,-2.3351130437826053,31,144.0,0.1935483870967742,0.2903225806451613,4.645161290322581,41,246.0,0.14634146341463414,0.07317073170731707,6.0
2020,9,TB,NO,3,0.9576070193016581,0.9076916911212077,1.0781705469768383,0.5537342534823455,-0.1205635276751802,0.3539574376388622,5,8.0,0.0,0.6,1.6,41,186.0,0.12195121951219512,0.0975609756097561,4.536585365853658
2020,9,NYJ,NE,27,0.22644529954637954,-0.9461980823211529,-2.016695521645072,0.7357377028108969,2.2431408211914516,-1.6819357851320498,18,65.0,0.05555555555555555,0.05555555555555555,3.611111111111111,26,257.0,0.3076923076923077,0.038461538461538464,9.884615384615385
2020,10,TEN,IND,17,0.44227880618129445,-0.22236704904076254,0.6727228115678436,-0.2066049979087208,-0.2304440053865492,-0.015762051132041738,32,157.0,0.125,0.21875,4.90625,30,146.0,0.13333333333333333,0.03333333333333333,4.866666666666666
2020,10,CAR,TB,23,-0.19845513376767704,0.6823255880001889,1.355343561847906,0.9056914107668962,-1.553798695615583,-0.22336582276670724,16,65.0,0.0625,0.125,4.0625,35,138.0,0.11428571428571428,0.17142857142857143,3.942857142857143
2020,10,CLE,HOU,10,-0.6557326726081159,0.7967276874552285,-1.2358330378245104,-0.37593935881182344,0.5801003652163945,1.1726670462670519,41,231.0,0.17073170731707318,0.1951219512195122,5.634146341463414,22,128.0,0.13636363636363635,0.045454545454545456,5.818181818181818
2020,10,DET,WAS,30,-0.19859074538036312,0.3321552415448006,0.7267413354016995,0.10748351997228023,-0.9253320807820626,0.22467172157252036,21,105.0,0.19047619047619047,0.19047619047619047,5.0,34,267.0,0.17647058823529413,0.058823529411764705,7.852941176470588
2020,10,GB,JAX,24,0.9088240792641769,1.614831247457121,-0.6741346345923958,-0.32159342882207637,1.5829587138565726,1.9364246762791972,25,80.0,0.04,0.24,3.2,36,320.0,0.19444444444444445,0.05555555555555555,8.88888888888889
2020,10,NYG,PHI,27,0.5026965354050527,-1.1549183492753894,1.186847074200765,0.7776888405623854,-0.6841505387957124,-1.9326071898377748,36,151.0,0.1111111111111111,0.2222222222222222,4.194444444444445,33,250.0,0.18181818181818182,0.15151515151515152,7.575757575757576
2020,10,ARI,BUF,32,-0.3989737603209733,1.0293901987456677,0.34252926197835754,-0.6218502614972233,-0.7415030222993308,1.651240460242891,36,217.0,0.2222222222222222,0.1388888888888889,6.027777777777778,39,257.0,0.07692307692307693,0.07692307692307693,6.589743589743589
2020,10,LV,DEN,37,0.09563536646946806,0.4022499388821046,-0.5478456322295095,0.6453533470692739,0.6434809986989776,-0.24310340818716936,41,203.0,0.12195121951219512,0.0975609756097561,4.951219512195122,27,166.0,0.14814814814814814,0.037037037037037035,6.148148148148148
2020,10,MIA,LAC,29,0.31495603656200943,0.9386307951517807,-0.00035452401148668156,0.08140045819212084,0.3153105605734961,0.8572303369596599,32,111.0,0.125,0.34375,3.46875,27,170.0,0.18518518518518517,0.0,6.296296296296297
2020,10,NO,SF,27,0.877761015483248,0.9687296080892386,0.7632303635657995,-0.4749341038734767,0.11453065191744849,1.4436637119627154,30,114.0,0.1,0.2,3.8,27,126.0,0.14814814814814814,0.1111111111111111,4.666666666666667
2020,10,PIT,CIN,36,-1.0948454729276769,0.4943540329803707,-0.9496827727624984,-0.8479421671110843,-0.14516270016517852,1.342296200091455,20,44.0,0.1,0.35,2.2,47,333.0,0.14893617021276595,0.0,7.085106382978723
2020,10,NE,BAL,23,1.1575635165043932,-0.5274620213195141,0.5632094277802331,1.1534145953574706,0.5943540887241601,-1.6808766166769846,39,173.0,0.1282051282051282,0.23076923076923078,4.435897435897436,19,135.0,0.21052631578947367,0.05263157894736842,7.105263157894737
2020,10,CHI,MIN,13,-0.6542118801679481,0.5163021421585374,-1.0413805612339193,-1.296156428542798,0.38716868106597124,1.8124585707013354,17,41.0,0.0,0.29411764705882354,2.411764705882353,33,110.0,0.09090909090909091,0.15151515151515152,3.3333333333333335
2020,11,SEA,ARI,28,0.13447102138981473,-0.7998581295056258,0.14900724319498734,0.13726839227043255,-0.014536221805172611,-0.9371265217760584,31,165.0,0.1935483870967742,0.16129032258064516,5.32258064516129,38,225.0,0.05263157894736842,0.10526315789473684,5.921052631578948
2020,11,BAL,TEN,24,1.2393814759867576,-0.03926100786687877,0.009098555208913929,-1.2933739644930278,1.2302829207778436,1.254112956626149,33,129.0,0.09090909090909091,0.09090909090909091,3.909090909090909,34,196.0,0.11764705882352941,0.029411764705882353,5.764705882352941
2020,11,CAR,DET,20,-0.19845513376767704,0.6823255880001889,-0.7013103988104854,-1.2065630666015688,0.5028552650428084,1.8888886546017578,34,116.0,0.029411764705882353,0.17647058823529413,3.411764705882353,36,258.0,0.1388888888888889,0.08333333333333333,7.166666666666667
2020,11,CLE,PHI,22,-0.6557326726081159,0.7967276874552285,1.186847074200765,0.7776888405623854,-1.842579746808881,0.019038846892843075,40,137.0,0.075,0.375,3.425,24,187.0,0.16666666666666666,0.125,7.791666666666667
2020,11,HOU,NE,27,0.39702600191362497,-0.6416605395225664,-2.016695521645072,0.7357377028108969,2.413721523558697,-1.3773982423334634,19,55.0,0.05263157894736842,0.10526315789473684,2.8947368421052633,43,380.0,0.20930232558139536,0.0,8.837209302325581
2020,11,JAX,PIT,3,0.04998639057706558,0.49526990335292925,0.9221761493844631,2.635014650478298,-0.8721897588073976,-2.1397447471253686,17,73.0,0.17647058823529413,0.11764705882352941,4.294117647058823,39,133.0,0.15384615384615385,0.10256410256410256,3.41025641025641
2020,11,NO,ATL,24,0.877761015483248,0.9687296080892386,0.3296615529476759,0.3276001426742597,0.5480994625355722,0.6411294654149788,36,166.0,0.1388888888888889,0.1388888888888889,4.611111111111111,30,229.0,0.23333333333333334,0.13333333333333333,7.633333333333334
2020,11,WAS,CIN,20,-0.2150042478801784,-0.43279728832701325,-0.9496827727624984,-0.8479421671110843,0.73467852488232,0.415144878784071,34,164.0,0.20588235294117646,0.14705882352941177,4.823529411764706,27,161.0,0.07407407407407407,0.1111111111111111,5.962962962962963
2020,11,DEN,MIA,20,-0.9963629380275711,-1.1624717909809397,-0.5644119500915642,0.05164284631154209,-0.43195098793600695,-1.2141146372924818,33,189.0,0.18181818181818182,0.24242424242424243,5.7272727272727275,31,284.0,0.25806451612903225,0.03225806451612903,9.161290322580646
2020,11,LAC,NYJ,34,-0.7574484354567812,-1.4979299252717873,0.9011537771928007,0.2267832162837129,-1.6586022126495819,-1.7247131415555002,26,29.0,0.038461538461538464,0.3076923076923077,1.1153846153846154,54,358.0,0.12962962962962962,0.09259259259259259,6.62962962962963
2020,11,IND,GB,34,-0.014382939193470744,1.15724083387715,-0.3494295841127625,-1.0382465225632516,0.33504664491929176,2.1954873564404016,38,142.0,0.07894736842105263,0.2631578947368421,3.736842105263158,37,280.0,0.1891891891891892,0.08108108108108109,7.5675675675675675
2020,11,MIN,DAL,28,0.5449455871258067,-1.6016474551693942,-1.2517602585010899,0.4230239984630637,1.7967058456268965,-2.024671453632458,29,125.0,0.10344827586206896,0.10344827586206896,4.310344827586207,33,309.0,0.18181818181818182,0.06060606060606061,9.363636363636363
2020,11,LV,KC,31,0.09563536646946806,0.4022499388821046,-0.9464767715605775,0.032109180571619635,1.0421121380300455,0.37014075831048493,26,89.0,0.11538461538461539,0.19230769230769232,3.423076923076923,33,282.0,0.2727272727272727,0.0,8.545454545454545
2020,11,TB,LA,24,0.9576070193016581,0.9076916911212077,0.49458671173613356,-0.45712247641652576,0.4630203075655246,1.3648141675377334,18,42.0,0.0,0.1111111111111111,2.3333333333333335,49,209.0,0.04081632653061224,0.02040816326530612,4.26530612244898
2020,12,DET,HOU,25,-0.19859074538036312,0.3321552415448006,-1.2358330378245104,-0.37593935881182344,1.0372422924441473,0.708094600356624,29,109.0,0.06896551724137931,0.13793103448275862,3.7586206896551726,49,284.0,0.10204081632653061,0.08163265306122448,5.795918367346939
2020,12,DAL,WAS,16,0.07098721356239565,0.2999016066956926,0.7267413354016995,0.10748351997228023,-0.6557541218393038,0.19241808672341237,18,60.0,0.05555555555555555,0.16666666666666666,3.3333333333333335,41,202.0,0.07317073170731707,0.12195121951219512,4.926829268292683
2020,12,ATL,LV,43,-0.8825167859174221,-0.3557122882032351,-0.07742285269457647,0.46255450861076913,-0.8050939332228456,-0.8182667968140043,32,125.0,0.09375,0.25,3.90625,41,184.0,0.04878048780487805,0.07317073170731707,4.487804878048781
2020,12,BUF,LAC,27,-0.34141217524720696,0.025776956438111526,-0.00035452401148668156,0.08140045819212084,-0.3410576512357203,-0.05562350175400932,30,172.0,0.16666666666666666,0.26666666666666666,5.733333333333333,29,168.0,0.10344827586206896,0.10344827586206896,5.793103448275862
2020,12,CIN,NYG,17,-0.23828709378082186,0.02813539690100893,0.6851858857161031,0.49381593801296303,-0.923472979496925,-0.4656805411119541,15,40.0,0.06666666666666667,0.26666666666666666,2.6666666666666665,33,121.0,0.09090909090909091,0.06060606060606061,3.6666666666666665
2020,12,IND,TEN,26,-0.014382939193470744,1.15724083387715,0.009098555208913929,-1.2933739644930278,-0.023481494402384673,2.450614798370178,22,56.0,0.09090909090909091,0.18181818181818182,2.5454545454545454,48,282.0,0.10416666666666667,0.041666666666666664,5.875
2020,12,JAX,CLE,25,0.04998639057706558,0.49526990335292925,-0.5549915387253154,-0.9048216809465561,0.6049779293023809,1.4000915842994854,25,140.0,0.16,0.0,5.6,37,239.0,0.13513513513513514,0.02702702702702703,6.45945945945946
2020,12,MIN,CAR,28,0.5449455871258067,-1.6016474551693942,-0.1562470111584155,-0.2729393580103549,0.7011925982842222,-1.3287080971590393,24,96.0,0.125,0.20833333333333334,4.0,49,313.0,0.14285714285714285,0.08163265306122448,6.387755102040816
2020,12,NE,ARI,20,1.1575635165043932,-0.5274620213195141,0.14900724319498734,0.13726839227043255,1.0085562733094058,-0.6647304135899467,30,110.0,0.1,0.3,3.6666666666666665,20,69.0,0.1,0.2,3.45
2020,12,NYJ,MIA,3,0.22644529954637954,-0.9461980823211529,-0.5644119500915642,0.05164284631154209,0.7908572496379438,-0.997840928632695,23,87.0,0.13043478260869565,0.08695652173913043,3.782608695652174,32,182.0,0.1875,0.125,5.6875
2020,12,DEN,NO,3,-0.9963629380275711,-1.1624717909809397,1.0781705469768383,0.5537342534823455,-2.0745334850044097,-1.7162060444632852,33,100.0,0.12121212121212122,0.3333333333333333,3.0303030303030303,11,17.0,0.0,0.09090909090909091,1.5454545454545454
2020,12,TB,KC,24,0.9576070193016581,0.9076916911212077,-0.9464767715605775,0.032109180571619635,1.9040837908622357,0.8755825105495881,13,75.0,0.15384615384615385,0.07692307692307693,5.769230769230769,42,342.0,0.11904761904761904,0.047619047619047616,8.142857142857142
2020,12,GB,CHI,41,0.9088240792641769,1.614831247457121,0.39864875013762313,-0.3506189883255985,0.5101753291265537,1.9654502357827195,39,182.0,0.1794871794871795,0.1282051282051282,4.666666666666667,31,223.0,0.12903225806451613,0.03225806451612903,7.193548387096774
2020,12,PHI,SEA,17,-0.49681181860520024,-0.6652946140666655,0.4896640411160305,-0.08161019796624135,-0.9864758597212308,-0.5836844161004241,15,72.0,0.13333333333333333,0.2,4.8,54,208.0,0.09259259259259259,0.14814814814814814,3.8518518518518516
2020,12,PIT,BAL,19,-1.0948454729276769,0.4943540329803707,0.5632094277802331,1.1534145953574706,-1.65805490070791,-0.6590605623771,20,68.0,0.1,0.1,3.4,51,266.0,0.0784313725490196,0.0196078431372549,5.215686274509804
2020,13,ATL,NO,16,-0.8825167859174221,-0.3557122882032351,1.0781705469768383,0.5537342534823455,-1.9606873328942604,-0.9094465416855806,21,70.0,0.09523809523809523,0.23809523809523808,3.3333333333333335,42,262.0,0.19047619047619047,0.09523809523809523,6.238095238095238
2020,13,CHI,DET,30,-0.6542118801679481,0.5163021421585374,-0.7013103988104854,-1.2065630666015688,0.047098518642537335,1.7228652087601062,31,140.0,0.16129032258064516,0.16129032258064516,4.516129032258065,37,252.0,0.1891891891891892,0.08108108108108109,6.8108108108108105
2020,13,HOU,IND,20,0.39702600191362497,-0.6416605395225664,0.6727228115678436,-0.2066049979087208,-0.27569680965421867,-0.43505554161384563,19,90.0,0.15789473684210525,0.10526315789473684,4.7368421052631575,48,335.0,0.1875,0.125,6.979166666666667
2020,13,MIA,CIN,19,0.31495603656200943,0.9386307951517807,-0.9496827727624984,-0.8479421671110843,1.2646388093245078,1.786572962262865,28,110.0,0.10714285714285714,0.17857142857142858,3.9285714285714284,39,300.0,0.20512820512820512,0.0,7.6923076923076925
2020,13,MIN,JAX,27,0.5449455871258067,-1.6016474551693942,-0.6741346345923958,-0.32159342882207637,1.2190802217182024,-1.280054026347318,38,145.0,0.13157894736842105,0.15789473684210525,3.8157894736842106,48,285.0,0.08333333333333333,0.08333333333333333,5.9375
2020,13,NYJ,LV,28,0.22644529954637954,-0.9461980823211529,-0.07742285269457647,0.46255450861076913,0.303868152240956,-1.408752590931922,34,206.0,0.20588235294117646,0.11764705882352941,6.0588235294117645,29,194.0,0.20689655172413793,0.10344827586206896,6.689655172413793
2020,13,TEN,CLE,35,0.44227880618129445,-0.22236704904076254,-0.5549915387253154,-0.9048216809465561,0.9972703449066098,0.6824546319057936,20,64.0,0.05,0.3,3.2,48,369.0,0.20833333333333334,0.0625,7.6875
2020,13,ARI,LA,28,-0.3989737603209733,1.0293901987456677,0.49458671173613356,-0.45712247641652576,-0.8935604720571069,1.4865126751621935,21,92.0,0.14285714285714285,0.2857142857142857,4.380952380952381,41,144.0,0.024390243902439025,0.04878048780487805,3.5121951219512195
2020,13,SEA,NYG,12,0.13447102138981473,-0.7998581295056258,0.6851858857161031,0.49381593801296303,-0.5507148643262884,-1.293674067518589,22,111.0,0.22727272727272727,0.13636363636363635,5.045454545454546,54,261.0,0.1111111111111111,0.1111111111111111,4.833333333333333
2020,13,GB,PHI,30,0.9088240792641769,1.614831247457121,1.186847074200765,0.7776888405623854,-0.2780229949365882,0.8371424068947355,25,149.0,0.08,0.2,5.96,36,288.0,0.1388888888888889,0.08333333333333333,8.0
2020,13,LAC,NE,0,-0.7574484354567812,-1.4979299252717873,-2.016695521645072,0.7357377028108969,1.2592470861882907,-2.233667628082684,15,70.0,0.0,0.06666666666666667,4.666666666666667,55,188.0,0.07272727272727272,0.09090909090909091,3.418181818181818
2020,13,KC,DEN,22,-0.24698640894134888,-0.08365826664216608,-0.5478456322295095,0.6453533470692739,0.30085922328816067,-0.72901161371144,22,134.0,0.22727272727272727,0.13636363636363635,6.090909090909091,44,340.0,0.25,0.045454545454545456,7.7272727272727275
2020,13,PIT,WAS,17,-1.0948454729276769,0.4943540329803707,0.7267413354016995,0.10748351997228023,-1.8215868083293763,0.38687051300809044,14,21.0,0.0,0.5714285714285714,1.5,53,305.0,0.1320754716981132,0.05660377358490566,5.754716981132075
2020,13,SF,BUF,24,-0.5305428570503816,-0.8695420960789857,0.34252926197835754,-0.6218502614972233,-0.8730721190287392,-0.24769183458176236,21,86.0,0.19047619047619047,0.2857142857142857,4.095238095238095,39,316.0,0.20512820512820512,0.0,8.102564102564102
2020,13,BAL,DAL,34,1.2393814759867576,-0.03926100786687877,-1.2517602585010899,0.4230239984630637,2.4911417344878473,-0.46228500632994246,37,294.0,0.21621621621621623,0.16216216216216217,7.945945945945946,22,143.0,0.09090909090909091,0.0,6.5
2020,14,CAR,DEN,27,-0.19845513376767704,0.6823255880001889,-0.5478456322295095,0.6453533470692739,0.3493904984618325,0.036972240930915,21,125.0,0.2857142857142857,0.047619047619047616,5.9523809523809526,46,269.0,0.17391304347826086,0.17391304347826086,5.8478260869565215
2020,14,CHI,HOU,36,-0.6542118801679481,0.5163021421585374,-1.2358330378245104,-0.37593935881182344,0.5816211576565623,0.8922415009703608,23,169.0,0.17391304347826086,0.21739130434782608,7.3478260869565215,39,259.0,0.1282051282051282,0.07692307692307693,6.641025641025641
2020,14,CIN,DAL,7,-0.23828709378082186,0.02813539690100893,-1.2517602585010899,0.4230239984630637,1.013473164720268,-0.3948886015620548,30,101.0,0.03333333333333333,0.23333333333333334,3.3666666666666667,42,215.0,0.09523809523809523,0.07142857142857142,5.119047619047619
2020,14,JAX,TEN,10,0.04998639057706558,0.49526990335292925,0.009098555208913929,-1.2933739644930278,0.04088783536815165,1.788643867845957,15,91.0,0.13333333333333333,0.13333333333333333,6.066666666666666,56,285.0,0.07142857142857142,0.03571428571428571,5.089285714285714
2020,14,MIA,KC,27,0.31495603656200943,0.9386307951517807,-0.9464767715605775,0.032109180571619635,1.261432808122587,0.9065216145801611,24,80.0,0.0,0.08333333333333333,3.3333333333333335,58,312.0,0.1206896551724138,0.08620689655172414,5.379310344827586
2020,14,NYG,ARI,7,0.5026965354050527,-1.1549183492753894,0.14900724319498734,0.13726839227043255,0.3536892922100653,-1.292186741545822,17,78.0,0.11764705882352941,0.17647058823529413,4.588235294117647,32,81.0,0.0625,0.25,2.53125
2020,14,TB,MIN,26,0.9576070193016581,0.9076916911212077,-1.0413805612339193,-1.296156428542798,1.9989875805355775,2.2038481196640056,26,107.0,0.15384615384615385,0.15384615384615385,4.115384615384615,22,196.0,0.22727272727272727,0.0,8.909090909090908
2020,14,LV,IND,27,0.09563536646946806,0.4022499388821046,0.6727228115678436,-0.2066049979087208,-0.5770874450983756,0.6088549367908254,22,79.0,0.09090909090909091,0.22727272727272727,3.590909090909091,48,355.0,0.125,0.041666666666666664,7.395833333333333
2020,14,SEA,NYJ,40,0.13447102138981473,-0.7998581295056258,0.9011537771928007,0.2267832162837129,-0.766682755802986,-1.0266413457893386,36,174.0,0.16666666666666666,0.2777777777777778,4.833333333333333,33,236.0,0.15151515151515152,0.030303030303030304,7.151515151515151
2020,14,DET,GB,24,-0.19859074538036312,0.3321552415448006,-0.3494295841127625,-1.0382465225632516,0.15083883873239937,1.3704017641080521,15,51.0,0.06666666666666667,0.06666666666666667,3.4,44,248.0,0.20454545454545456,0.11363636363636363,5.636363636363637
2020,14,LAC,ATL,20,-0.7574484354567812,-1.4979299252717873,0.3296615529476759,0.3276001426742597,-1.087109988404457,-1.8255300679460469,26,105.0,0.15384615384615385,0.23076923076923078,4.038461538461538,45,240.0,0.06666666666666667,0.1111111111111111,5.333333333333333
2020,14,PHI,NO,24,-0.49681181860520024,-0.6652946140666655,1.0781705469768383,0.5537342534823455,-1.5749823655820385,-1.219028867549011,36,246.0,0.1388888888888889,0.16666666666666666,6.833333333333333,33,217.0,0.09090909090909091,0.030303030303030304,6.575757575757576
2020,14,SF,WAS,15,-0.5305428570503816,-0.8695420960789857,0.7267413354016995,0.10748351997228023,-1.2572841924520812,-0.9770256160512659,27,108.0,0.07407407407407407,0.18518518518518517,4.0,50,238.0,0.12,0.1,4.76
2020,14,BUF,PIT,26,-0.34141217524720696,0.025776956438111526,0.9221761493844631,2.635014650478298,-1.2635883246316701,-2.6092376940401865,27,104.0,0.14814814814814814,0.18518518518518517,3.8518518518518516,46,247.0,0.10869565217391304,0.043478260869565216,5.369565217391305
2020,14,CLE,BAL,42,-0.6557326726081159,0.7967276874552285,0.5632094277802331,1.1534145953574706,-1.218942100388349,-0.3566869079022421,28,138.0,0.14285714285714285,0.03571428571428571,4.928571428571429,54,380.0,0.14814814814814814,0.0,7.037037037037037
2020,15,LV,LAC,27,0.09563536646946806,0.4022499388821046,-0.00035452401148668156,0.08140045819212084,0.09598989048095474,0.32084948068998376,41,173.0,0.14634146341463414,0.24390243902439024,4.219512195121951,37,294.0,0.21621621621621623,0.02702702702702703,7.945945945945946
2020,15,DEN,BUF,19,-0.9963629380275711,-1.1624717909809397,0.34252926197835754,-0.6218502614972233,-1.3388922000059287,-0.5406215294837163,28,140.0,0.17857142857142858,0.10714285714285714,5.0,39,138.0,0.05128205128205128,0.15384615384615385,3.5384615384615383
2020,15,GB,CAR,24,0.9088240792641769,1.614831247457121,-0.1562470111584155,-0.2729393580103549,1.0650710904225924,1.8877706054674759,27,195.0,0.18518518518518517,0.07407407407407407,7.222222222222222,37,117.0,0.02702702702702703,0.16216216216216217,3.1621621621621623
2020,15,ATL,TB,27,-0.8825167859174221,-0.3557122882032351,1.355343561847906,0.9056914107668962,-2.237860347765328,-1.2614036989701312,13,37.0,0.07692307692307693,0.3076923076923077,2.8461538461538463,53,348.0,0.1320754716981132,0.11320754716981132,6.566037735849057
2020,15,BAL,JAX,40,1.2393814759867576,-0.03926100786687877,-0.6741346345923958,-0.32159342882207637,1.9135161105791534,0.2823324209551976,37,159.0,0.08108108108108109,0.16216216216216217,4.297297297297297,28,253.0,0.21428571428571427,0.10714285714285714,9.035714285714286
2020,15,DAL,SF,41,0.07098721356239565,0.2999016066956926,0.7632303635657995,-0.4749341038734767,-0.6922431500034039,0.7748357105691692,22,87.0,0.045454545454545456,0.13636363636363635,3.9545454545454546,38,212.0,0.07894736842105263,0.05263157894736842,5.578947368421052
2020,15,IND,HOU,27,-0.014382939193470744,1.15724083387715,-1.2358330378245104,-0.37593935881182344,1.2214500986310397,1.5331801926889734,23,127.0,0.2608695652173913,0.17391304347826086,5.521739130434782,30,223.0,0.13333333333333333,0.1,7.433333333333334
2020,15,MIA,NE,22,0.31495603656200943,0.9386307951517807,-2.016695521645072,0.7357377028108969,2.3316515582070814,0.20289309234088382,42,250.0,0.14285714285714285,0.047619047619047616,5.9523809523809526,31,147.0,0.06451612903225806,0.06451612903225806,4.741935483870968
2020,15,MIN,CHI,27,0.5449455871258067,-1.6016474551693942,0.39864875013762313,-0.3506189883255985,0.14629683698818352,-1.2510284668437957,28,158.0,0.25,0.17857142857142858,5.642857142857143,40,274.0,0.15,0.075,6.85
2020,15,TEN,DET,46,0.44227880618129445,-0.22236704904076254,-0.7013103988104854,-1.2065630666015688,1.14358920499178,0.9841960175608062,39,197.0,0.1282051282051282,0.1794871794871795,5.051282051282051,29,269.0,0.1724137931034483,0.06896551724137931,9.275862068965518
2020,15,WAS,SEA,15,-0.2150042478801784,-0.43279728832701325,0.4896640411160305,-0.08161019796624135,-0.7046682889962089,-0.3511870903607719,21,84.0,0.09523809523809523,0.14285714285714285,4.0,62,297.0,0.08064516129032258,0.14516129032258066,4.790322580645161
2020,15,ARI,PHI,33,-0.3989737603209733,1.0293901987456677,1.186847074200765,0.7776888405623854,-1.5858208345217384,0.2517013581832823,30,103.0,0.06666666666666667,0.23333333333333334,3.433333333333333,40,434.0,0.325,0.025,10.85
2020,15,NO,KC,29,0.877761015483248,0.9687296080892386,-0.9464767715605775,0.032109180571619635,1.8242377870438256,0.936620427517619,17,60.0,0.058823529411764705,0.058823529411764705,3.5294117647058822,36,225.0,0.16666666666666666,0.027777777777777776,6.25
2020,15,NYG,CLE,6,0.5026965354050527,-1.1549183492753894,-0.5549915387253154,-0.9048216809465561,1.057688074130368,-0.25009666832883326,21,74.0,0.09523809523809523,0.19047619047619047,3.5238095238095237,34,218.0,0.11764705882352941,0.08823529411764706,6.411764705882353
2020,15,CIN,PIT,27,-0.23828709378082186,0.02813539690100893,0.9221761493844631,2.635014650478298,-1.160463243165285,-2.606879253577289,41,152.0,0.04878048780487805,0.1951219512195122,3.707317073170732,16,82.0,0.0625,0.125,5.125
2020,16,NO,MIN,52,0.877761015483248,0.9687296080892386,-1.0413805612339193,-1.296156428542798,1.9191415767171673,2.2648860366320367,45,264.0,0.15555555555555556,0.06666666666666667,5.866666666666666,28,319.0,0.32142857142857145,0.0,11.392857142857142
2020,16,DET,TB,7,-0.19859074538036312,0.3321552415448006,1.355343561847906,0.9056914107668962,-1.553934307228269,-0.5735361692220956,15,73.0,0.2,0.26666666666666666,4.866666666666666,36,131.0,0.1111111111111111,0.1388888888888889,3.638888888888889
2020,16,ARI,SF,12,-0.3989737603209733,1.0293901987456677,0.7632303635657995,-0.4749341038734767,-1.1622041238867729,1.5043243026191444,27,120.0,0.14814814814814814,0.25925925925925924,4.444444444444445,58,269.0,0.05172413793103448,0.10344827586206896,4.637931034482759
2020,16,LV,MIA,25,0.09563536646946806,0.4022499388821046,-0.5644119500915642,0.05164284631154209,0.6600473165610322,0.3506070925705625,24,104.0,0.16666666666666666,0.16666666666666666,4.333333333333333,36,314.0,0.2222222222222222,0.1111111111111111,8.722222222222221
2020,16,BAL,NYG,27,1.2393814759867576,-0.03926100786687877,0.6851858857161031,0.49381593801296303,0.5541955902706546,-0.5330769458798418,40,249.0,0.125,0.15,6.225,28,210.0,0.10714285714285714,0.03571428571428571,7.5
2020,16,HOU,CIN,31,0.39702600191362497,-0.6416605395225664,-0.9496827727624984,-0.8479421671110843,1.3467087746761233,0.20628162758851787,17,166.0,0.35294117647058826,0.058823529411764705,9.764705882352942,37,355.0,0.21621621621621623,0.08108108108108109,9.594594594594595
2020,16,JAX,CHI,17,0.04998639057706558,0.49526990335292925,0.39864875013762313,-0.3506189883255985,-0.3486623595605576,0.8458888916785278,16,76.0,0.1875,0.1875,4.75,38,203.0,0.10526315789473684,0.05263157894736842,5.342105263157895
2020,16,KC,ATL,17,-0.24698640894134888,-0.08365826664216608,0.3296615529476759,0.3276001426742597,-0.5766479618890248,-0.41125840931642577,21,117.0,0.2857142857142857,0.14285714285714285,5.571428571428571,47,300.0,0.1276595744680851,0.02127659574468085,6.382978723404255
2020,16,NYJ,CLE,23,0.22644529954637954,-0.9461980823211529,-0.5549915387253154,-0.9048216809465561,0.781436838271695,-0.04137640137459675,34,131.0,0.058823529411764705,0.17647058823529413,3.8529411764705883,38,220.0,0.10526315789473684,0.07894736842105263,5.7894736842105265
2020,16,PIT,IND,28,-1.0948454729276769,0.4943540329803707,0.6727228115678436,-0.2066049979087208,-1.7675682844955205,0.7009590308890915,14,22.0,0.07142857142857142,0.35714285714285715,1.5714285714285714,50,332.0,0.1,0.04,6.64
2020,16,LAC,DEN,19,-0.7574484354567812,-1.4979299252717873,-0.5478456322295095,0.6453533470692739,-0.20960280322727165,-2.143283272341061,20,89.0,0.15,0.2,4.45,38,248.0,0.15789473684210525,0.07894736842105263,6.526315789473684
2020,16,WAS,CAR,13,-0.2150042478801784,-0.43279728832701325,-0.1562470111584155,-0.2729393580103549,-0.05875723672176292,-0.15985793031665835,19,108.0,0.21052631578947367,0.15789473684210525,5.684210526315789,53,300.0,0.11320754716981132,0.09433962264150944,5.660377358490566
2020,16,DAL,PHI,37,0.07098721356239565,0.2999016066956926,1.186847074200765,0.7776888405623854,-1.1158598606383694,-0.4777872338666928,34,151.0,0.08823529411764706,0.20588235294117646,4.4411764705882355,33,367.0,0.21212121212121213,0.06060606060606061,11.121212121212121
2020,16,SEA,LA,20,0.13447102138981473,-0.7998581295056258,0.49458671173613356,-0.45712247641652576,-0.36011569034631885,-0.3427356530891001,24,95.0,0.125,0.125,3.9583333333333335,38,207.0,0.13157894736842105,0.13157894736842105,5.447368421052632
2020,16,GB,TEN,40,0.9088240792641769,1.614831247457121,0.009098555208913929,-1.2933739644930278,0.899725524055263,2.9082052119501487,38,234.0,0.15789473684210525,0.2894736842105263,6.157894736842105,28,233.0,0.17857142857142858,0.07142857142857142,8.321428571428571
2020,16,NE,BUF,9,1.1575635165043932,-0.5274620213195141,0.34252926197835754,-0.6218502614972233,0.8150342545260356,0.09438824017770919,24,145.0,0.125,0.125,6.041666666666667,26,72.0,0.038461538461538464,0.11538461538461539,2.769230769230769
2020,17,BUF,MIA,56,-0.34141217524720696,0.025776956438111526,-0.5644119500915642,0.05164284631154209,0.22299977484435723,-0.025865889873430564,25,78.0,0.08,0.32,3.12,40,381.0,0.275,0.025,9.525
2020,17,CIN,BAL,3,-0.23828709378082186,0.02813539690100893,0.5632094277802331,1.1534145953574706,-0.801496521561055,-1.1252791984564616,19,147.0,0.2631578947368421,0.10526315789473684,7.7368421052631575,21,48.0,0.047619047619047616,0.0,2.2857142857142856
2020,17,CLE,PIT,24,-0.6557326726081159,0.7967276874552285,0.9221761493844631,2.635014650478298,-1.577908821992579,-1.8382869630230694,31,192.0,0.16129032258064516,0.12903225806451613,6.193548387096774,35,208.0,0.05714285714285714,0.14285714285714285,5.942857142857143
2020,17,DET,MIN,35,-0.19859074538036312,0.3321552415448006,-1.0413805612339193,-1.296156428542798,0.8427898158535562,1.6283116700875986,22,129.0,0.09090909090909091,0.045454545454545456,5.863636363636363,36,297.0,0.2777777777777778,0.08333333333333333,8.25
2020,17,NE,NYJ,28,1.1575635165043932,-0.5274620213195141,0.9011537771928007,0.2267832162837129,0.2564097393115925,-0.754245237603227,29,166.0,0.13793103448275862,0.1724137931034483,5.724137931034483,34,238.0,0.14705882352941177,0.08823529411764706,7.0
2020,17,NYG,DAL,23,0.5026965354050527,-1.1549183492753894,-1.2517602585010899,0.4230239984630637,1.7544567939061424,-1.577942347738453,28,125.0,0.17857142857142858,0.25,4.464285714285714,29,229.0,0.2413793103448276,0.06896551724137931,7.896551724137931
2020,17,TB,ATL,44,0.9576070193016581,0.9076916911212077,0.3296615529476759,0.3276001426742597,0.6279454663539823,0.580091548446948,22,94.0,0.045454545454545456,0.22727272727272727,4.2727272727272725,42,393.0,0.21428571428571427,0.023809523809523808,9.357142857142858
2020,17,CAR,NO,7,-0.19845513376767704,0.6823255880001889,1.0781705469768383,0.5537342534823455,-1.2766256807445153,0.12859133451784344,20,74.0,0.05,0.25,3.7,41,253.0,0.17073170731707318,0.0975609756097561,6.170731707317073
2020,17,CHI,GB,16,-0.6542118801679481,0.5163021421585374,-0.3494295841127625,-1.0382465225632516,-0.3047822960551856,1.554548664721789,31,108.0,0.03225806451612903,0.16129032258064516,3.4838709677419355,45,267.0,0.044444444444444446,0.044444444444444446,5.933333333333334
2020,17,DEN,LV,31,-0.9963629380275711,-1.1624717909809397,-0.07742285269457647,0.46255450861076913,-0.9189400853329946,-1.6250262995917089,32,122.0,0.09375,0.21875,3.8125,45,331.0,0.15555555555555556,0.044444444444444446,7.355555555555555
2020,17,HOU,TEN,38,0.39702600191362497,-0.6416605395225664,0.009098555208913929,-1.2933739644930278,0.387927446704711,0.6517134249704614,17,96.0,0.17647058823529413,0.0,5.647058823529412,48,373.0,0.16666666666666666,0.10416666666666667,7.770833333333333
2020,17,IND,JAX,28,-0.014382939193470744,1.15724083387715,-0.6741346345923958,-0.32159342882207637,0.659751695398925,1.4788342626992264,37,273.0,0.21621621621621623,0.24324324324324326,7.378378378378378,28,166.0,0.14285714285714285,0.0,5.928571428571429
2020,17,KC,LAC,21,-0.24698640894134888,-0.08365826664216608,-0.00035452401148668156,0.08140045819212084,-0.2466318849298622,-0.1650587248342869,17,51.0,0.058823529411764705,0.23529411764705882,3.0,33,217.0,0.09090909090909091,0.09090909090909091,6.575757575757576
2020,17,SF,SEA,23,-0.5305428570503816,-0.8695420960789857,0.4896640411160305,-0.08161019796624135,-1.020206898166412,-0.7879318981127443,24,86.0,0.041666666666666664,0.25,3.5833333333333335,41,249.0,0.12195121951219512,0.0975609756097561,6.073170731707317
2020,17,PHI,WAS,14,-0.49681181860520024,-0.6652946140666655,0.7267413354016995,0.10748351997228023,-1.2235531540068998,-0.7727781340389457,29,118.0,0.06896551724137931,0.1724137931034483,4.068965517241379,42,135.0,0.07142857142857142,0.09523809523809523,3.2142857142857144
2021,1,TB,DAL,31,0.9261405945887626,2.3312561573980553,-0.8112028584668003,1.2672121705709876,1.737343453055563,1.0640439868270677,14,52.0,0.0,0.07142857142857142,3.7142857142857144,50,379.0,0.2,0.0,7.58
2021,1,ATL,PHI,6,-0.9957847755301631,-1.2575349368280409,0.49569504456962865,-0.22393913391424633,-1.4914798200997916,-1.0335958029137946,26,124.0,0.23076923076923078,0.19230769230769232,4.769230769230769,39,144.0,0.05128205128205128,0.07692307692307693,3.6923076923076925
2021,1,BUF,PIT,16,0.03619014520034319,-0.5979352291120913,-0.8850530178790665,0.1744445541859453,0.9212431630794098,-0.7723797832980366,25,117.0,0.12,0.08,4.68,55,265.0,0.03636363636363636,0.09090909090909091,4.818181818181818
2021,1,CAR,NYJ,19,-0.36161383336800107,-0.9924661171749318,0.40417505877493615,-0.4562716474067365,-0.7657888921429372,-0.5361944697681953,27,111.0,0.1111111111111111,0.25925925925925924,4.111111111111111,36,270.0,0.16666666666666666,0.08333333333333333,7.5
2021,1,CIN,MIN,27,-0.5857496599169274,-0.24346740460767444,-0.9957841770188433,0.40912051511616965,0.41003451710191585,-0.6525879197238441,36,149.0,0.1111111111111111,0.16666666666666666,4.138888888888889,31,217.0,0.1935483870967742,0.16129032258064516,7.0
2021,1,DET,SF,33,-0.40567928123547564,-0.14940810060307522,1.4268833842443696,-0.34925378435223364,-1.8325626654798453,0.19984568374915843,24,116.0,0.20833333333333334,0.16666666666666666,4.833333333333333,65,332.0,0.09230769230769231,0.07692307692307693,5.107692307692307
2021,1,HOU,JAX,37,-1.064529568297736,0.26279449801622023,0.06077441916417525,0.16925701635008927,-1.1253039874619113,0.09353748166613096,41,160.0,0.04878048780487805,0.17073170731707318,3.902439024390244,37,330.0,0.16216216216216217,0.02702702702702703,8.91891891891892
2021,1,IND,SEA,16,0.18426510080334288,-0.7942608576762576,0.6994941578464083,-0.42176378230809775,-0.5152290570430654,-0.3724970753681599,31,113.0,0.03225806451612903,0.12903225806451613,3.6451612903225805,44,246.0,0.11363636363636363,0.06818181818181818,5.590909090909091
2021,1,TEN,ARI,13,-0.1693717340145288,-0.005691090789780029,0.4818799678495229,0.5345357329111194,-0.6512517018640517,-0.5402268237008995,22,86.0,0.09090909090909091,0.2727272727272727,3.909090909090909,44,179.0,0.045454545454545456,0.13636363636363635,4.068181818181818
2021,1,WAS,LAC,16,0.5535536242994296,-0.34168307439834883,-0.7811653802581282,0.15770917946486177,1.3347190045575577,-0.4993922538632106,27,126.0,0.037037037037037035,0.14814814814814814,4.666666666666667,26,152.0,0.11538461538461539,0.07692307692307693,5.846153846153846
2021,1,KC,CLE,33,1.0114199211686183,0.21833604225858447,-0.11165815016615416,0.3326698427099206,1.1230780713347726,-0.11433380045133615,23,73.0,0.0,0.21739130434782608,3.1739130434782608,42,344.0,0.14285714285714285,0.09523809523809523,8.19047619047619
2021,1,NE,MIA,16,0.561818801925908,0.8381852664569927,0.1565546912929211,1.4730079847539088,0.40526411063298695,-0.6348227182969162,30,125.0,0.1,0.1,4.166666666666667,40,268.0,0.15,0.025,6.7
2021,1,NO,GB,38,-0.5580025958872142,-0.5814303887022684,-1.3279016699953714,0.04657864979772142,0.7698990741081572,-0.6280090384999898,39,171.0,0.1282051282051282,0.10256410256410256,4.384615384615385,24,187.0,0.08333333333333333,0.0,7.791666666666667
2021,1,NYG,DEN,13,-0.5818791402590109,-0.11909216082807432,-1.418273506827643,0.562401645224075,0.8363943665686322,-0.6814938060521493,20,60.0,0.0,0.15,3.0,42,278.0,0.21428571428571427,0.07142857142857142,6.619047619047619
2021,1,LV,BAL,33,0.5542560770508532,0.46795221719007135,1.3949188171351077,-0.011733471715201005,-0.8406627400842545,0.47968568890527236,21,82.0,0.14285714285714285,0.38095238095238093,3.9047619047619047,59,415.0,0.1864406779661017,0.05084745762711865,7.033898305084746
2021,2,WAS,NYG,30,0.5535536242994296,-0.34168307439834883,-0.709704059932513,-1.0289453345991086,1.2632576842319425,0.6872622602007599,22,87.0,0.13636363636363635,0.045454545454545456,3.9545454545454546,49,324.0,0.12244897959183673,0.061224489795918366,6.612244897959184
2021,2,CAR,NO,26,-0.36161383336800107,-0.9924661171749318,1.4685212587064984,-0.03121646553368936,-1.8301350920744994,-0.9612496516412424,33,89.0,0.06060606060606061,0.3333333333333333,2.696969696969697,41,301.0,0.21951219512195122,0.04878048780487805,7.341463414634147
2021,2,CHI,CIN,20,-0.5378304499323588,0.14248700850470455,0.12384004838478942,-0.20087639702236723,-0.6616704983171483,0.3433634055270718,34,123.0,0.11764705882352941,0.29411764705882354,3.6176470588235294,33,137.0,0.06060606060606061,0.15151515151515152,4.151515151515151
2021,2,CLE,HOU,31,0.04002188680064822,0.23691751696523652,-0.3062973176081762,-1.0609899539046015,0.3463192044088244,1.297907470869838,34,156.0,0.14705882352941177,0.23529411764705882,4.588235294117647,28,212.0,0.10714285714285714,0.07142857142857142,7.571428571428571
2021,2,IND,LA,24,0.18426510080334288,-0.7942608576762576,0.8293744081645743,-0.42867292153149733,-0.6451093073612314,-0.3655879361447603,26,109.0,0.11538461538461539,0.19230769230769232,4.1923076923076925,45,284.0,0.13333333333333333,0.08888888888888889,6.311111111111111
2021,2,JAX,DEN,13,0.20700033028719023,-0.0759177238891329,-1.418273506827643,0.562401645224075,1.6252738371148334,-0.6383193691132079,16,75.0,0.1875,0.125,4.6875,37,135.0,0.08108108108108109,0.10810810810810811,3.6486486486486487
2021,2,MIA,BUF,0,-0.8213898858081535,-0.02407227188957613,1.0019352737488403,1.0582711541605656,-1.823325159556994,-1.0823434260501417,20,71.0,0.1,0.2,3.55,53,154.0,0.03773584905660377,0.1509433962264151,2.9056603773584904
2021,2,NYJ,NE,6,0.35139920001386954,-0.7005095373766023,-0.9945029104114208,0.11515001557347009,1.3459021104252904,-0.8156595529500723,31,152.0,0.22580645161290322,0.1935483870967742,4.903225806451613,39,204.0,0.10256410256410256,0.10256410256410256,5.230769230769231
2021,2,PHI,SF,11,1.4357592981771474,-0.8789794657354829,1.4268833842443696,-0.34925378435223364,0.008875913932777868,-0.5297256813832493,30,153.0,0.13333333333333333,0.2,5.1,31,246.0,0.06451612903225806,0.06451612903225806,7.935483870967742
2021,2,PIT,LV,17,-0.729650966940386,1.1827950029193628,0.5506149593314511,0.5867077417405199,-1.280265926271837,0.5960872611788429,14,39.0,0.14285714285714285,0.2857142857142857,2.7857142857142856,42,292.0,0.11904761904761904,0.07142857142857142,6.9523809523809526
2021,2,ARI,MIN,34,-0.2665956766561765,0.35041504679679286,-0.9957841770188433,0.40912051511616965,0.7291885003626668,-0.058705468319376786,21,103.0,0.09523809523809523,0.19047619047619047,4.904761904761905,42,398.0,0.2619047619047619,0.09523809523809523,9.476190476190476
2021,2,TB,ATL,48,0.9261405945887626,2.3312561573980553,-0.6516092035398615,-1.7287615850115163,1.5777497981286241,4.060017742409571,21,82.0,0.09523809523809523,0.23809523809523808,3.9047619047619047,40,265.0,0.225,0.1,6.625
2021,2,LAC,DAL,17,0.5334337064210039,0.5821712013074252,-0.8112028584668003,1.2672121705709876,1.344636564887804,-0.6850409692635624,20,97.0,0.1,0.1,4.85,45,321.0,0.15555555555555556,0.13333333333333333,7.133333333333334
2021,2,SEA,TEN,30,0.2414513803478413,-0.6283901469838843,0.6185889913522866,-0.19093320583600729,-0.3771376110044453,-0.43745694114787703,18,77.0,0.1111111111111111,0.16666666666666666,4.277777777777778,36,339.0,0.1388888888888889,0.08333333333333333,9.416666666666666
2021,2,BAL,KC,36,0.48677939891017585,0.5089752287726313,-0.7328222770277923,0.48704742994467415,1.2196016759379682,0.0219277988279572,41,251.0,0.17073170731707318,0.14634146341463414,6.121951219512195,29,250.0,0.20689655172413793,0.06896551724137931,8.620689655172415
2021,2,GB,DET,35,1.049221756820455,-0.049512594662231756,-0.6368366041244669,-0.42878958877195367,1.6860583609449218,0.37927699410972193,31,96.0,0.0,0.22580645161290322,3.096774193548387,33,234.0,0.18181818181818182,0.15151515151515152,7.090909090909091
2021,3,HOU,CAR,9,-1.064529568297736,0.26279449801622023,0.4119581860457836,0.6211918942756517,-1.4764877543435198,-0.35839739625943146,17,42.0,0.0,0.17647058823529413,2.4705882352941178,31,151.0,0.06451612903225806,0.16129032258064516,4.870967741935484
2021,3,BUF,WAS,43,0.03619014520034319,-0.5979352291120913,0.25544803234474484,0.02419534955307795,-0.21925788714440164,-0.6221305786651692,33,122.0,0.030303030303030304,0.24242424242424243,3.696969696969697,48,387.0,0.14583333333333334,0.020833333333333332,8.0625
2021,3,CLE,CHI,26,0.04002188680064822,0.23691751696523652,-0.5944155731831222,-1.0661766991750092,0.6344374599837704,1.3030942161402457,42,215.0,0.21428571428571427,0.14285714285714285,5.119047619047619,39,234.0,0.23076923076923078,0.15384615384615385,6.0
2021,3,DET,BAL,17,-0.40567928123547564,-0.14940810060307522,1.3949188171351077,-0.011733471715201005,-1.8005980983705834,-0.1376746288878742,27,93.0,0.14814814814814814,0.25925925925925924,3.4444444444444446,34,196.0,0.14705882352941177,0.08823529411764706,5.764705882352941
2021,3,JAX,ARI,19,0.20700033028719023,-0.0759177238891329,0.4818799678495229,0.5345357329111194,-0.2748796375623327,-0.6104534568002523,29,159.0,0.1724137931034483,0.1724137931034483,5.482758620689655,38,217.0,0.05263157894736842,0.13157894736842105,5.7105263157894735
2021,3,KC,LAC,24,1.0114199211686183,0.21833604225858447,-0.7811653802581282,0.15770917946486177,1.7925853014267465,0.0606268627937227,30,186.0,0.23333333333333334,0.03333333333333333,6.2,50,296.0,0.12,0.06,5.92
2021,3,NE,NO,13,0.561818801925908,0.8381852664569927,1.4685212587064984,-0.03121646553368936,-0.9067024567805904,0.869401731990682,17,49.0,0.058823529411764705,0.23529411764705882,2.8823529411764706,56,272.0,0.07142857142857142,0.07142857142857142,4.857142857142857
2021,3,NYG,ATL,14,-0.5818791402590109,-0.11909216082807432,-0.6516092035398615,-1.7287615850115163,0.06973006328085063,1.609669424183442,28,102.0,0.10714285714285714,0.21428571428571427,3.642857142857143,42,284.0,0.11904761904761904,0.07142857142857142,6.761904761904762
2021,3,PIT,CIN,10,-0.729650966940386,1.1827950029193628,0.12384004838478942,-0.20087639702236723,-0.8534910153251755,1.38367139994173,15,45.0,0.06666666666666667,0.13333333333333333,3.0,63,302.0,0.12698412698412698,0.1111111111111111,4.7936507936507935
2021,3,TEN,IND,25,-0.1693717340145288,-0.005691090789780029,-0.3661111294093141,-1.761328364053659,0.19673939539478533,1.755637273263879,38,182.0,0.15789473684210525,0.15789473684210525,4.7894736842105265,30,233.0,0.13333333333333333,0.06666666666666667,7.766666666666667
2021,3,DEN,NYJ,26,-0.3956478272336726,-1.0811910100054603,0.40417505877493615,-0.4562716474067365,-0.7998228860086087,-0.6249193625987237,37,120.0,0.13513513513513514,0.2972972972972973,3.2432432432432434,29,246.0,0.20689655172413793,0.10344827586206896,8.482758620689655
2021,3,LV,MIA,31,0.5542560770508532,0.46795221719007135,0.1565546912929211,1.4730079847539088,0.3977013857579321,-1.0050557675638374,35,140.0,0.08571428571428572,0.2,4.0,46,357.0,0.2826086956521739,0.06521739130434782,7.760869565217392
2021,3,MIN,SEA,30,-0.6512334456963219,-1.051179906554973,0.6994941578464083,-0.42176378230809775,-1.3507276035427302,-0.6294161242468752,34,140.0,0.08823529411764706,0.11764705882352941,4.117647058823529,39,313.0,0.2564102564102564,0.07692307692307693,8.025641025641026
2021,3,SF,GB,28,-0.3778359083952883,0.55076092281441,-1.3279016699953714,0.04657864979772142,0.9500657616000832,0.5041822730166886,21,67.0,0.047619047619047616,0.23809523809523808,3.1904761904761907,44,231.0,0.13636363636363635,0.13636363636363635,5.25
2021,3,DAL,PHI,41,0.3300835263557903,0.7111646610258361,0.49569504456962865,-0.22393913391424633,-0.16561151821383835,0.9351037949400824,41,160.0,0.07317073170731707,0.21951219512195122,3.902439024390244,32,226.0,0.15625,0.125,7.0625
2021,4,CIN,JAX,24,-0.5857496599169274,-0.24346740460767444,0.06077441916417525,0.16925701635008927,-0.6465240790811027,-0.41272442095776374,22,78.0,0.045454545454545456,0.13636363636363635,3.5454545454545454,33,342.0,0.30303030303030304,0.12121212121212122,10.363636363636363
2021,4,ATL,WAS,30,-0.9957847755301631,-1.2575349368280409,0.25544803234474484,0.02419534955307795,-1.251232807874908,-1.2817302863811189,28,99.0,0.14285714285714285,0.17857142857142858,3.5357142857142856,44,292.0,0.13636363636363635,0.022727272727272728,6.636363636363637
2021,4,BUF,HOU,40,0.03619014520034319,-0.5979352291120913,-0.3062973176081762,-1.0609899539046015,0.3424874628085194,0.4630547247925102,40,199.0,0.125,0.15,4.975,34,261.0,0.23529411764705882,0.029411764705882353,7.676470588235294
2021,4,CHI,DET,24,-0.5378304499323588,0.14248700850470455,-0.6368366041244669,-0.42878958877195367,0.09900615419210801,0.5712765972766582,39,188.0,0.15384615384615385,0.15384615384615385,4.82051282051282,19,196.0,0.2631578947368421,0.05263157894736842,10.31578947368421
2021,4,DAL,CAR,36,0.3300835263557903,0.7111646610258361,0.4119581860457836,0.6211918942756517,-0.0818746596899933,0.0899727667501844,34,245.0,0.2647058823529412,0.17647058823529413,7.205882352941177,25,209.0,0.2,0.0,8.36
2021,4,MIA,IND,17,-0.8213898858081535,-0.02407227188957613,-0.3661111294093141,-1.761328364053659,-0.4552787563988394,1.737256092164083,16,35.0,0.0,0.3125,2.1875,35,176.0,0.14285714285714285,0.11428571428571428,5.0285714285714285
2021,4,MIN,CLE,7,-0.6512334456963219,-1.051179906554973,-0.11165815016615416,0.3326698427099206,-0.5395752955301678,-1.3838497492648936,23,65.0,0.13043478260869565,0.21739130434782608,2.8260869565217392,41,191.0,0.14634146341463414,0.07317073170731707,4.658536585365853
2021,4,NO,NYG,21,-0.5580025958872142,-0.5814303887022684,-0.709704059932513,-1.0289453345991086,0.15170146404529872,0.44751494589684027,39,170.0,0.02564102564102564,0.02564102564102564,4.358974358974359,26,235.0,0.2692307692307692,0.038461538461538464,9.038461538461538
2021,4,NYJ,TEN,27,0.35139920001386954,-0.7005095373766023,0.6185889913522866,-0.19093320583600729,-0.2671897913384171,-0.509576331540595,25,66.0,0.04,0.28,2.64,36,291.0,0.16666666666666666,0.08333333333333333,8.083333333333334
2021,4,PHI,KC,30,1.4357592981771474,-0.8789794657354829,-0.7328222770277923,0.48704742994467415,2.1685815752049398,-1.3660268956801571,19,103.0,0.2631578947368421,0.05263157894736842,5.421052631578948,55,381.0,0.18181818181818182,0.05454545454545454,6.927272727272728
2021,4,SF,SEA,21,-0.3778359083952883,0.55076092281441,0.6994941578464083,-0.42176378230809775,-1.0773300662416967,0.9725247051225078,30,145.0,0.06666666666666667,0.06666666666666667,4.833333333333333,48,350.0,0.10416666666666667,0.041666666666666664,7.291666666666667
2021,4,DEN,BAL,7,-0.3956478272336726,-1.0811910100054603,1.3949188171351077,-0.011733471715201005,-1.7905666443687802,-1.0694575382902594,17,106.0,0.23529411764705882,0.11764705882352941,6.235294117647059,43,150.0,0.046511627906976744,0.13953488372093023,3.488372093023256
2021,4,GB,PIT,27,1.049221756820455,-0.049512594662231756,-0.8850530178790665,0.1744445541859453,1.9342747746995215,-0.22395714884817705,33,131.0,0.06060606060606061,0.21212121212121213,3.9696969696969697,40,240.0,0.175,0.075,6.0
2021,4,NE,TB,17,0.561818801925908,0.8381852664569927,0.9426811368926369,1.3701514588031662,-0.38086233496672883,-0.5319661923461736,8,-1.0,0.0,0.75,-0.125,46,295.0,0.1956521739130435,0.13043478260869565,6.413043478260869
2021,4,LAC,LV,28,0.5334337064210039,0.5821712013074252,0.5506149593314511,0.5867077417405199,-0.017181252910447253,-0.0045365404330947046,34,168.0,0.14705882352941177,0.23529411764705882,4.9411764705882355,42,218.0,0.07142857142857142,0.07142857142857142,5.190476190476191
2021,5,SEA,LA,17,0.2414513803478413,-0.6283901469838843,0.8293744081645743,-0.42867292153149733,-0.587923027816733,-0.19971722545238696,25,92.0,0.08,0.12,3.68,38,287.0,0.21052631578947367,0.05263157894736842,7.552631578947368
2021,5,ATL,NYJ,27,-0.9957847755301631,-1.2575349368280409,0.40417505877493615,-0.4562716474067365,-1.3999598343050992,-0.8012632894213043,29,108.0,0.10344827586206896,0.1724137931034483,3.7241379310344827,46,342.0,0.21739130434782608,0.06521739130434782,7.434782608695652
2021,5,CAR,PHI,18,-0.36161383336800107,-0.9924661171749318,0.49569504456962865,-0.22393913391424633,-0.8573088779376297,-0.7685269832606855,30,109.0,0.06666666666666667,0.16666666666666666,3.6333333333333333,42,168.0,0.047619047619047616,0.11904761904761904,4.0
2021,5,CIN,GB,22,-0.5857496599169274,-0.24346740460767444,-1.3279016699953714,0.04657864979772142,0.742152010078444,-0.2900460544053959,24,103.0,0.125,0.20833333333333334,4.291666666666667,43,275.0,0.09302325581395349,0.06976744186046512,6.395348837209302
2021,5,HOU,NE,22,-1.064529568297736,0.26279449801622023,-0.9945029104114208,0.11515001557347009,-0.07002665788631524,0.14764448244275014,24,67.0,0.041666666666666664,0.041666666666666664,2.7916666666666665,32,293.0,0.1875,0.125,9.15625
2021,5,JAX,TEN,19,0.20700033028719023,-0.0759177238891329,0.6185889913522866,-0.19093320583600729,-0.4115886610650964,0.11501548194687439,31,198.0,0.12903225806451613,0.12903225806451613,6.387096774193548,39,269.0,0.15384615384615385,0.07692307692307693,6.897435897435898
2021,5,MIN,DET,19,-0.6512334456963219,-1.051179906554973,-0.6368366041244669,-0.42878958877195367,-0.014396841571855057,-0.6223903177830192,28,120.0,0.07142857142857142,0.25,4.285714285714286,36,268.0,0.19444444444444445,0.05555555555555555,7.444444444444445
2021,5,PIT,DEN,27,-0.729650966940386,1.1827950029193628,-1.418273506827643,0.562401645224075,0.6886225398872571,0.6203933576952878,35,147.0,0.08571428571428572,0.2,4.2,26,244.0,0.23076923076923078,0.038461538461538464,9.384615384615385
2021,5,TB,MIA,45,0.9261405945887626,2.3312561573980553,0.1565546912929211,1.4730079847539088,0.7695859032958415,0.8582481726441464,25,121.0,0.16,0.2,4.84,46,450.0,0.21739130434782608,0.043478260869565216,9.782608695652174
2021,5,WAS,NO,22,0.5535536242994296,-0.34168307439834883,1.4685212587064984,-0.03121646553368936,-0.9149676344070689,-0.3104666088646595,33,131.0,0.12121212121212122,0.12121212121212122,3.9696969696969697,49,282.0,0.14285714285714285,0.04081632653061224,5.755102040816326
2021,5,LAC,CLE,47,0.5334337064210039,0.5821712013074252,-0.11165815016615416,0.3326698427099206,0.645091856587158,0.24950135859750455,24,112.0,0.125,0.08333333333333333,4.666666666666667,49,413.0,0.1836734693877551,0.061224489795918366,8.428571428571429
2021,5,LV,CHI,9,0.5542560770508532,0.46795221719007135,-0.5944155731831222,-1.0661766991750092,1.1486716502339753,1.5341289163650806,22,71.0,0.045454545454545456,0.22727272727272727,3.227272727272727,41,197.0,0.0975609756097561,0.07317073170731707,4.804878048780488
2021,5,ARI,SF,17,-0.2665956766561765,0.35041504679679286,1.4268833842443696,-0.34925378435223364,-1.6934790609005461,0.6996688311490264,27,94.0,0.1111111111111111,0.25925925925925924,3.4814814814814814,33,210.0,0.09090909090909091,0.06060606060606061,6.363636363636363
2021,5,DAL,NYG,44,0.3300835263557903,0.7111646610258361,-0.709704059932513,-1.0289453345991086,1.0397875862883033,1.7401099956249446,39,201.0,0.1794871794871795,0.1282051282051282,5.153846153846154,36,320.0,0.25,0.08333333333333333,8.88888888888889
2021,5,KC,BUF,20,1.0114199211686183,0.21833604225858447,1.0019352737488403,1.0582711541605656,0.009484647419778058,-0.8399351119019811,23,120.0,0.13043478260869565,0.21739130434782608,5.217391304347826,63,333.0,0.047619047619047616,0.031746031746031744,5.285714285714286
2021,5,BAL,IND,31,0.48677939891017585,0.5089752287726313,-0.3661111294093141,-1.761328364053659,0.85289052831949,2.2703035928262905,26,86.0,0.07692307692307693,0.2692307692307692,3.3076923076923075,54,488.0,0.2222222222222222,0.037037037037037035,9.037037037037036
2021,6,PHI,TB,22,1.4357592981771474,-0.8789794657354829,0.9426811368926369,1.3701514588031662,0.49307816128451054,-2.2491309245386493,19,100.0,0.21052631578947367,0.21052631578947367,5.2631578947368425,34,144.0,0.11764705882352941,0.08823529411764706,4.235294117647059
2021,6,JAX,MIA,23,0.20700033028719023,-0.0759177238891329,0.1565546912929211,1.4730079847539088,0.050445638994269126,-1.5489257086430417,19,84.0,0.10526315789473684,0.15789473684210525,4.421052631578948,44,324.0,0.1590909090909091,0.045454545454545456,7.363636363636363
2021,6,BAL,LAC,34,0.48677939891017585,0.5089752287726313,-0.7811653802581282,0.15770917946486177,1.267944779168304,0.3512660493077696,38,187.0,0.13157894736842105,0.15789473684210525,4.921052631578948,33,168.0,0.09090909090909091,0.09090909090909091,5.090909090909091
2021,6,CAR,MIN,28,-0.36161383336800107,-0.9924661171749318,-0.9957841770188433,0.40912051511616965,0.6341703436508421,-1.4015866322911015,23,118.0,0.08695652173913043,0.17391304347826086,5.130434782608695,49,239.0,0.14285714285714285,0.10204081632653061,4.877551020408164
2021,6,CHI,GB,14,-0.5378304499323588,0.14248700850470455,-1.3279016699953714,0.04657864979772142,0.7900712200630126,0.09590835870698314,26,140.0,0.19230769230769232,0.07692307692307693,5.384615384615385,36,180.0,0.1388888888888889,0.1111111111111111,5.0
2021,6,DET,CIN,11,-0.40567928123547564,-0.14940810060307522,0.12384004838478942,-0.20087639702236723,-0.529519329620265,0.051468296419292014,18,36.0,0.0,0.2222222222222222,2.0,44,195.0,0.06818181818181818,0.06818181818181818,4.431818181818182
2021,6,IND,HOU,31,0.18426510080334288,-0.7942608576762576,-0.3062973176081762,-1.0609899539046015,0.49056241841151904,0.26672909622834384,26,174.0,0.19230769230769232,0.19230769230769232,6.6923076923076925,23,216.0,0.21739130434782608,0.08695652173913043,9.391304347826088
2021,6,NYG,LA,11,-0.5818791402590109,-0.11909216082807432,0.8293744081645743,-0.42867292153149733,-1.411253548423585,0.309580760703423,18,60.0,0.05555555555555555,0.2222222222222222,3.3333333333333335,57,205.0,0.05263157894736842,0.07017543859649122,3.5964912280701755
2021,6,WAS,KC,13,0.5535536242994296,-0.34168307439834883,-0.7328222770277923,0.48704742994467415,1.2863759013272218,-0.828730504343023,19,94.0,0.10526315789473684,0.0,4.947368421052632,39,182.0,0.05128205128205128,0.07692307692307693,4.666666666666667
2021,6,CLE,ARI,14,0.04002188680064822,0.23691751696523652,0.4818799678495229,0.5345357329111194,-0.4418580810488747,-0.2976182159458829,19,73.0,0.15789473684210525,0.2631578947368421,3.8421052631578947,39,225.0,0.1282051282051282,0.1282051282051282,5.769230769230769
2021,6,DEN,LV,24,-0.3956478272336726,-1.0811910100054603,0.5506149593314511,0.5867077417405199,-0.9462627865651236,-1.6678987517459802,23,112.0,0.13043478260869565,0.17391304347826086,4.869565217391305,56,318.0,0.08928571428571429,0.08928571428571429,5.678571428571429
2021,6,NE,DAL,29,0.561818801925908,0.8381852664569927,-0.8112028584668003,1.2672121705709876,1.3730216603927083,-0.4290269041139949,27,120.0,0.1111111111111111,0.14814814814814814,4.444444444444445,24,217.0,0.16666666666666666,0.125,9.041666666666666
2021,6,PIT,SEA,23,-0.729650966940386,1.1827950029193628,0.6994941578464083,-0.42176378230809775,-1.4291451247867943,1.6045587852274605,30,119.0,0.13333333333333333,0.2,3.966666666666667,41,226.0,0.04878048780487805,0.024390243902439025,5.512195121951219
2021,6,TEN,BUF,34,-0.1693717340145288,-0.005691090789780029,1.0019352737488403,1.0582711541605656,-1.1713070077633692,-1.0639622449503456,22,146.0,0.13636363636363635,0.2727272727272727,6.636363636363637,29,216.0,0.10344827586206896,0.0,7.448275862068965
2021,7,CLE,DEN,17,0.04002188680064822,0.23691751696523652,-1.418273506827643,0.562401645224075,1.4582953936282914,-0.32548412825883843,33,182.0,0.18181818181818182,0.09090909090909091,5.515151515151516,36,201.0,0.1388888888888889,0.05555555555555555,5.583333333333333
2021,7,BAL,CIN,17,0.48677939891017585,0.5089752287726313,0.12384004838478942,-0.20087639702236723,0.36293935052538645,0.7098516257949986,24,115.0,0.20833333333333334,0.125,4.791666666666667,53,320.0,0.1509433962264151,0.11320754716981132,6.037735849056604
2021,7,GB,WAS,24,1.049221756820455,-0.049512594662231756,0.25544803234474484,0.02419534955307795,0.7937737244757102,-0.07370794421530971,15,57.0,0.13333333333333333,0.2,3.8,40,264.0,0.2,0.1,6.6
2021,7,MIA,ATL,28,-0.8213898858081535,-0.02407227188957613,-0.6516092035398615,-1.7287615850115163,-0.16978068226829202,1.7046893131219403,29,132.0,0.06896551724137931,0.10344827586206896,4.551724137931035,44,307.0,0.1590909090909091,0.06818181818181818,6.9772727272727275
2021,7,NE,NYJ,54,0.561818801925908,0.8381852664569927,0.40417505877493615,-0.4562716474067365,0.1576437431509719,1.2944569138637292,32,148.0,0.1875,0.3125,4.625,44,420.0,0.29545454545454547,0.022727272727272728,9.545454545454545
2021,7,NYG,CAR,25,-0.5818791402590109,-0.11909216082807432,0.4119581860457836,0.6211918942756517,-0.9938373263047945,-0.740284055103726,31,103.0,0.0967741935483871,0.3548387096774194,3.3225806451612905,36,199.0,0.2222222222222222,0.1111111111111111,5.527777777777778
2021,7,TEN,KC,27,-0.1693717340145288,-0.005691090789780029,-0.7328222770277923,0.48704742994467415,0.5634505430132636,-0.4927385207344542,35,103.0,0.02857142857142857,0.22857142857142856,2.942857142857143,30,272.0,0.2,0.03333333333333333,9.066666666666666
2021,7,LV,PHI,33,0.5542560770508532,0.46795221719007135,0.49569504456962865,-0.22393913391424633,0.05856103248122457,0.6918913511043177,29,119.0,0.06896551724137931,0.06896551724137931,4.103448275862069,35,325.0,0.22857142857142856,0.08571428571428572,9.285714285714286
2021,7,ARI,HOU,31,-0.2665956766561765,0.35041504679679286,-0.3062973176081762,-1.0609899539046015,0.039701640951999684,1.4114050007013943,37,172.0,0.16216216216216217,0.2702702702702703,4.648648648648648,34,237.0,0.14705882352941177,0.11764705882352941,6.970588235294118
2021,7,TB,CHI,38,0.9261405945887626,2.3312561573980553,-0.5944155731831222,-1.0661766991750092,1.5205561677718848,3.3974328565730643,31,182.0,0.25806451612903225,0.12903225806451613,5.870967741935484,39,226.0,0.10256410256410256,0.10256410256410256,5.794871794871795
2021,7,SF,IND,18,-0.3778359083952883,0.55076092281441,-0.3661111294093141,-1.761328364053659,-0.011724778985974182,2.312089286868069,24,111.0,0.16666666666666666,0.16666666666666666,4.625,30,169.0,0.13333333333333333,0.1,5.633333333333334
2021,7,SEA,NO,10,0.2414513803478413,-0.6283901469838843,1.4685212587064984,-0.03121646553368936,-1.227069878358657,-0.5971736814501949,28,90.0,0.10714285714285714,0.2857142857142857,3.2142857142857144,28,141.0,0.07142857142857142,0.25,5.035714285714286
2021,8,ARI,GB,21,-0.2665956766561765,0.35041504679679286,-1.3279016699953714,0.04657864979772142,1.0613059933391948,0.30383639699907145,20,74.0,0.05,0.15,3.7,36,267.0,0.1388888888888889,0.05555555555555555,7.416666666666667
2021,8,ATL,CAR,13,-0.9957847755301631,-1.2575349368280409,0.4119581860457836,0.6211918942756517,-1.4077429615759467,-1.8787268311036924,20,82.0,0.1,0.2,4.1,31,134.0,0.12903225806451613,0.12903225806451613,4.32258064516129
2021,8,BUF,MIA,26,0.03619014520034319,-0.5979352291120913,0.1565546912929211,1.4730079847539088,-0.1203645460925779,-2.070943213866,24,102.0,0.125,0.375,4.25,46,290.0,0.13043478260869565,0.021739130434782608,6.304347826086956
2021,8,CHI,SF,22,-0.5378304499323588,0.14248700850470455,1.4268833842443696,-0.34925378435223364,-1.9647138341767283,0.49174079285693817,36,176.0,0.16666666666666666,0.25,4.888888888888889,39,237.0,0.10256410256410256,0.1282051282051282,6.076923076923077
2021,8,CLE,PIT,10,0.04002188680064822,0.23691751696523652,-0.8850530178790665,0.1744445541859453,0.9250749046797148,0.062472962779291236,23,96.0,0.21739130434782608,0.2608695652173913,4.173913043478261,36,215.0,0.1388888888888889,0.1111111111111111,5.972222222222222
2021,8,DET,PHI,6,-0.40567928123547564,-0.14940810060307522,0.49569504456962865,-0.22393913391424633,-0.9013743258051043,0.07453103331117111,18,57.0,0.0,0.16666666666666666,3.1666666666666665,42,177.0,0.09523809523809523,0.19047619047619047,4.214285714285714
2021,8,HOU,LA,22,-1.064529568297736,0.26279449801622023,0.8293744081645743,-0.42867292153149733,-1.8939039764623105,0.6914674195477175,15,46.0,0.06666666666666667,0.13333333333333333,3.066666666666667,44,279.0,0.1590909090909091,0.18181818181818182,6.340909090909091
2021,8,IND,TEN,31,0.18426510080334288,-0.7942608576762576,0.6185889913522866,-0.19093320583600729,-0.4343238905489437,-0.6033276518402504,20,83.0,0.1,0.05,4.15,53,230.0,0.03773584905660377,0.05660377358490566,4.339622641509434
2021,8,NYJ,CIN,34,0.35139920001386954,-0.7005095373766023,0.12384004838478942,-0.20087639702236723,0.22755915162908014,-0.499633140354235,27,97.0,0.037037037037037035,0.2222222222222222,3.5925925925925926,53,416.0,0.16981132075471697,0.03773584905660377,7.849056603773585
2021,8,LAC,NE,24,0.5334337064210039,0.5821712013074252,-0.9945029104114208,0.11515001557347009,1.5279366168324247,0.46702118573395507,20,163.0,0.15,0.1,8.15,39,216.0,0.10256410256410256,0.07692307692307693,5.538461538461538
2021,8,SEA,JAX,31,0.2414513803478413,-0.6283901469838843,0.06077441916417525,0.16925701635008927,0.18067696118366605,-0.7976471633339736,25,69.0,0.04,0.28,2.76,28,167.0,0.14285714285714285,0.10714285714285714,5.964285714285714
2021,8,DEN,WAS,17,-0.3956478272336726,-1.0811910100054603,0.25544803234474484,0.02419534955307795,-0.6510958595784174,-1.1053863595585383,21,83.0,0.09523809523809523,0.14285714285714285,3.9523809523809526,30,190.0,0.2,0.16666666666666666,6.333333333333333
2021,8,NO,TB,36,-0.5580025958872142,-0.5814303887022684,0.9426811368926369,1.3701514588031662,-1.500683732779851,-1.9515818475054347,32,152.0,0.1875,0.09375,4.75,45,252.0,0.1111111111111111,0.044444444444444446,5.6
2021,8,MIN,DAL,16,-0.6512334456963219,-1.051179906554973,-0.8112028584668003,1.2672121705709876,0.15996941277047838,-2.3183920771259605,24,101.0,0.125,0.2916666666666667,4.208333333333333,39,196.0,0.10256410256410256,0.1282051282051282,5.0256410256410255
2021,8,KC,NYG,20,1.0114199211686183,0.21833604225858447,-0.709704059932513,-1.0289453345991086,1.7211239811011314,1.2472813768576931,27,107.0,0.07407407407407407,0.2222222222222222,3.962962962962963,52,272.0,0.09615384615384616,0.057692307692307696,5.230769230769231
2021,9,IND,NYJ,45,0.18426510080334288,-0.7942608576762576,0.40417505877493615,-0.4562716474067365,-0.21990995797159327,-0.33798921026952117,30,260.0,0.26666666666666666,0.16666666666666666,8.666666666666666,33,284.0,0.18181818181818182,0.030303030303030304,8.606060606060606
2021,9,BAL,MIN,34,0.48677939891017585,0.5089752287726313,-0.9957841770188433,0.40912051511616965,1.482563575929019,0.0998547136564617,45,247.0,0.1111111111111111,0.022222222222222223,5.488888888888889,53,302.0,0.11320754716981132,0.07547169811320754,5.69811320754717
2021,9,CAR,NE,6,-0.36161383336800107,-0.9924661171749318,-0.9945029104114208,0.11515001557347009,0.6328890770434197,-1.107616132748402,23,78.0,0.08695652173913043,0.17391304347826086,3.391304347826087,37,171.0,0.10810810810810811,0.05405405405405406,4.621621621621622
2021,9,CIN,CLE,16,-0.5857496599169274,-0.24346740460767444,-0.11165815016615416,0.3326698427099206,-0.47409150975077324,-0.5761372473175951,24,85.0,0.08333333333333333,0.20833333333333334,3.5416666666666665,47,263.0,0.10638297872340426,0.10638297872340426,5.595744680851064
2021,9,DAL,DEN,16,0.3300835263557903,0.7111646610258361,-1.418273506827643,0.562401645224075,1.7483570331834333,0.1487630158017611,18,82.0,0.1111111111111111,0.1111111111111111,4.555555555555555,43,228.0,0.16279069767441862,0.06976744186046512,5.3023255813953485
2021,9,JAX,BUF,9,0.20700033028719023,-0.0759177238891329,1.0019352737488403,1.0582711541605656,-0.7949349434616501,-1.1341888780496985,27,79.0,0.07407407407407407,0.2962962962962963,2.925925925925926,30,139.0,0.1,0.1,4.633333333333334
2021,9,MIA,HOU,17,-0.8213898858081535,-0.02407227188957613,-0.3062973176081762,-1.0609899539046015,-0.5150925681999774,1.0369176820150254,25,47.0,0.0,0.36,1.88,48,222.0,0.08333333333333333,0.08333333333333333,4.625
2021,9,NO,ATL,25,-0.5580025958872142,-0.5814303887022684,-0.6516092035398615,-1.7287615850115163,0.09360660765264728,1.1473311963092478,26,109.0,0.07692307692307693,0.11538461538461539,4.1923076923076925,45,267.0,0.17777777777777778,0.06666666666666667,5.933333333333334
2021,9,NYG,LV,23,-0.5818791402590109,-0.11909216082807432,0.5506149593314511,0.5867077417405199,-1.132494099590462,-0.7057999025685942,31,149.0,0.12903225806451613,0.12903225806451613,4.806451612903226,26,116.0,0.038461538461538464,0.19230769230769232,4.461538461538462
2021,9,PHI,LAC,24,1.4357592981771474,-0.8789794657354829,-0.7811653802581282,0.15770917946486177,2.2169246784352756,-1.0366886452003448,39,176.0,0.1282051282051282,0.07692307692307693,4.512820512820513,24,195.0,0.2916666666666667,0.08333333333333333,8.125
2021,9,KC,GB,13,1.0114199211686183,0.21833604225858447,-1.3279016699953714,0.04657864979772142,2.3393215911639897,0.17175739246086305,25,77.0,0.04,0.32,3.08,38,160.0,0.05263157894736842,0.05263157894736842,4.2105263157894735
2021,9,SF,ARI,17,-0.3778359083952883,0.55076092281441,0.4818799678495229,0.5345357329111194,-0.8597158762448112,0.016225189903290582,11,39.0,0.18181818181818182,0.2727272727272727,3.5454545454545454,46,301.0,0.1956521739130435,0.10869565217391304,6.543478260869565
2021,9,PIT,CHI,29,-0.729650966940386,1.1827950029193628,-0.5944155731831222,-1.0661766991750092,-0.1352353937572638,2.248971702094372,32,105.0,0.15625,0.21875,3.28125,33,175.0,0.09090909090909091,0.15151515151515152,5.303030303030303
2021,10,MIA,BAL,22,-0.8213898858081535,-0.02407227188957613,1.3949188171351077,-0.011733471715201005,-2.216308702943261,-0.012338800174375126,22,60.0,0.09090909090909091,0.2727272727272727,2.727272727272727,42,294.0,0.16666666666666666,0.09523809523809523,7.0
2021,10,DAL,ATL,43,0.3300835263557903,0.7111646610258361,-0.6516092035398615,-1.7287615850115163,0.9816927298956518,2.4399262460373525,38,116.0,0.05263157894736842,0.18421052631578946,3.0526315789473686,36,321.0,0.19444444444444445,0.0,8.916666666666666
2021,10,IND,JAX,23,0.18426510080334288,-0.7942608576762576,0.06077441916417525,0.16925701635008927,0.12349068163916763,-0.9635178740263469,27,127.0,0.07407407407407407,0.2962962962962963,4.703703703703703,36,170.0,0.1388888888888889,0.08333333333333333,4.722222222222222
2021,10,NE,CLE,45,0.561818801925908,0.8381852664569927,-0.11165815016615416,0.3326698427099206,0.6734769520920623,0.505515423747072,34,184.0,0.23529411764705882,0.23529411764705882,5.411764705882353,28,268.0,0.2857142857142857,0.10714285714285714,9.571428571428571
2021,10,NYJ,BUF,17,0.35139920001386954,-0.7005095373766023,1.0019352737488403,1.0582711541605656,-0.6505360737349708,-1.7587806915371678,22,70.0,0.09090909090909091,0.4090909090909091,3.1818181818181817,48,296.0,0.16666666666666666,0.041666666666666664,6.166666666666667
2021,10,PIT,DET,16,-0.729650966940386,1.1827950029193628,-0.6368366041244669,-0.42878958877195367,-0.09281436281591915,1.6115845916913165,31,145.0,0.12903225806451613,0.12903225806451613,4.67741935483871,52,279.0,0.057692307692307696,0.057692307692307696,5.365384615384615
2021,10,TEN,NO,23,-0.1693717340145288,-0.005691090789780029,1.4685212587064984,-0.03121646553368936,-1.6378929927210273,0.02552537474390933,29,66.0,0.0,0.20689655172413793,2.2758620689655173,30,200.0,0.2,0.13333333333333333,6.666666666666667
2021,10,WAS,TB,29,0.5535536242994296,-0.34168307439834883,0.9426811368926369,1.3701514588031662,-0.3891275125932073,-1.711834533201515,35,94.0,0.08571428571428572,0.22857142857142856,2.6857142857142855,40,241.0,0.15,0.125,6.025
2021,10,ARI,CAR,10,-0.2665956766561765,0.35041504679679286,0.4119581860457836,0.6211918942756517,-0.67855386270196,-0.27077684747885883,20,65.0,0.1,0.35,3.25,34,108.0,0.14705882352941177,0.17647058823529413,3.176470588235294
2021,10,LAC,MIN,20,0.5334337064210039,0.5821712013074252,-0.9957841770188433,0.40912051511616965,1.529217883439847,0.17305068619125552,19,82.0,0.05263157894736842,0.05263157894736842,4.315789473684211,37,176.0,0.10810810810810811,0.05405405405405406,4.756756756756757
2021,10,DEN,PHI,13,-0.3956478272336726,-1.0811910100054603,0.49569504456962865,-0.22393913391424633,-0.8913428718033012,-0.8572518760912139,18,96.0,0.16666666666666666,0.05555555555555555,5.333333333333333,37,212.0,0.10810810810810811,0.10810810810810811,5.72972972972973
2021,10,GB,SEA,17,1.049221756820455,-0.049512594662231756,0.6994941578464083,-0.42176378230809775,0.3497275989740466,0.372251187645866,32,106.0,0.03125,0.125,3.3125,39,295.0,0.1282051282051282,0.02564102564102564,7.564102564102564
2021,10,LV,KC,14,0.5542560770508532,0.46795221719007135,-0.7328222770277923,0.48704742994467415,1.2870783540786457,-0.019095212754602797,14,50.0,0.07142857142857142,0.14285714285714285,3.5714285714285716,40,267.0,0.15,0.075,6.675
2021,10,SF,LA,31,-0.3778359083952883,0.55076092281441,0.8293744081645743,-0.42867292153149733,-1.2072103165598627,0.9794338443459074,44,156.0,0.045454545454545456,0.25,3.5454545454545454,20,179.0,0.25,0.1,8.95
2021,11,ATL,NE,0,-0.9957847755301631,-1.2575349368280409,-0.9945029104114208,0.11515001557347009,-0.001281865118742287,-1.372684952401511,16,40.0,0.125,0.375,2.5,36,125.0,0.08333333333333333,0.16666666666666666,3.4722222222222223
2021,11,BUF,IND,15,0.03619014520034319,-0.5979352291120913,-0.3661111294093141,-1.761328364053659,0.4023012746096573,1.1633931349415678,14,93.0,0.14285714285714285,0.07142857142857142,6.642857142857143,42,228.0,0.09523809523809523,0.023809523809523808,5.428571428571429
2021,11,CAR,WAS,21,-0.36161383336800107,-0.9924661171749318,0.25544803234474484,0.02419534955307795,-0.6170618657127459,-1.0166614667280098,21,111.0,0.14285714285714285,0.23809523809523808,5.285714285714286,29,192.0,0.10344827586206896,0.034482758620689655,6.620689655172414
2021,11,CHI,BAL,13,-0.5378304499323588,0.14248700850470455,1.3949188171351077,-0.011733471715201005,-1.9327492670674666,0.15422048021990556,20,92.0,0.15,0.2,4.6,39,267.0,0.1794871794871795,0.07692307692307693,6.846153846153846
2021,11,CLE,DET,13,0.04002188680064822,0.23691751696523652,-0.6368366041244669,-0.42878958877195367,0.6768584909251151,0.6657071057371902,36,184.0,0.25,0.16666666666666666,5.111111111111111,33,192.0,0.15151515151515152,0.06060606060606061,5.818181818181818
2021,11,JAX,SF,10,0.20700033028719023,-0.0759177238891329,1.4268833842443696,-0.34925378435223364,-1.2198830539571794,0.27333606046310077,16,54.0,0.0625,0.125,3.375,30,163.0,0.13333333333333333,0.1,5.433333333333334
2021,11,MIN,GB,34,-0.6512334456963219,-1.051179906554973,-1.3279016699953714,0.04657864979772142,0.6766682242990495,-1.0977585563526944,30,92.0,0.06666666666666667,0.3,3.066666666666667,37,318.0,0.2702702702702703,0.05405405405405406,8.594594594594595
2021,11,NYJ,MIA,17,0.35139920001386954,-0.7005095373766023,0.1565546912929211,1.4730079847539088,0.19484450872094844,-2.173517522130511,18,102.0,0.1111111111111111,0.1111111111111111,5.666666666666667,42,279.0,0.14285714285714285,0.047619047619047616,6.642857142857143
2021,11,PHI,NO,40,1.4357592981771474,-0.8789794657354829,1.4685212587064984,-0.03121646553368936,-0.032761960529350986,-0.8477630002017935,50,242.0,0.14,0.16,4.84,31,153.0,0.0967741935483871,0.16129032258064516,4.935483870967742
2021,11,TEN,HOU,13,-0.1693717340145288,-0.005691090789780029,-0.3062973176081762,-1.0609899539046015,0.1369255835936474,1.0552988631148215,25,103.0,0.16,0.28,4.12,54,317.0,0.07407407407407407,0.07407407407407407,5.87037037037037
2021,11,LV,CIN,13,0.5542560770508532,0.46795221719007135,0.12384004838478942,-0.20087639702236723,0.4304160286660638,0.6688286142124386,18,72.0,0.05555555555555555,0.1111111111111111,4.0,29,206.0,0.20689655172413793,0.10344827586206896,7.103448275862069
2021,11,KC,DAL,19,1.0114199211686183,0.21833604225858447,-0.8112028584668003,1.2672121705709876,1.8226227796354186,-1.048876128312403,26,126.0,0.15384615384615385,0.19230769230769232,4.846153846153846,43,262.0,0.09302325581395349,0.09302325581395349,6.093023255813954
2021,11,SEA,ARI,13,0.2414513803478413,-0.6283901469838843,0.4818799678495229,0.5345357329111194,-0.2404285875016816,-1.1629258798950037,19,86.0,0.15789473684210525,0.15789473684210525,4.526315789473684,30,180.0,0.16666666666666666,0.13333333333333333,6.0
2021,11,LAC,PIT,41,0.5334337064210039,0.5821712013074252,-0.8850530178790665,0.1744445541859453,1.4184867243000703,0.4077266471214799,26,159.0,0.23076923076923078,0.23076923076923078,6.115384615384615,49,467.0,0.1836734693877551,0.04081632653061224,9.53061224489796
2021,11,TB,NYG,30,0.9261405945887626,2.3312561573980553,-0.709704059932513,-1.0289453345991086,1.6358446545212755,3.360201491997164,27,94.0,0.07407407407407407,0.18518518518518517,3.4814814814814814,50,318.0,0.12,0.02,6.36
2021,12,DET,CHI,14,-0.40567928123547564,-0.14940810060307522,-0.5944155731831222,-1.0661766991750092,0.18873629194764657,0.916768598571934,19,76.0,0.10526315789473684,0.21052631578947367,4.0,26,163.0,0.19230769230769232,0.23076923076923078,6.269230769230769
2021,12,DAL,LV,33,0.3300835263557903,0.7111646610258361,0.5506149593314511,0.5867077417405199,-0.2205314329756608,0.12445691928531621,21,64.0,0.047619047619047616,0.09523809523809523,3.0476190476190474,50,378.0,0.16,0.02,7.56
2021,12,NO,BUF,6,-0.5580025958872142,-0.5814303887022684,1.0019352737488403,1.0582711541605656,-1.5599378696360544,-1.6397015428628339,25,44.0,0.04,0.36,1.76,34,148.0,0.058823529411764705,0.08823529411764706,4.352941176470588
2021,12,CIN,PIT,41,-0.5857496599169274,-0.24346740460767444,-0.8850530178790665,0.1744445541859453,0.29930335796213914,-0.41791195879361975,38,198.0,0.07894736842105263,0.13157894736842105,5.2105263157894735,28,180.0,0.25,0.21428571428571427,6.428571428571429
2021,12,HOU,NYJ,14,-1.064529568297736,0.26279449801622023,0.40417505877493615,-0.4562716474067365,-1.4687046270726722,0.7190661454229568,24,96.0,0.08333333333333333,0.16666666666666666,4.0,32,136.0,0.09375,0.1875,4.25
2021,12,IND,TB,31,0.18426510080334288,-0.7942608576762576,0.9426811368926369,1.3701514588031662,-0.758416036089294,-2.164412316479424,20,107.0,0.25,0.15,5.35,49,303.0,0.12244897959183673,0.08163265306122448,6.183673469387755
2021,12,JAX,ATL,14,0.20700033028719023,-0.0759177238891329,-0.6516092035398615,-1.7287615850115163,0.8586095338270517,1.6528438611223835,28,141.0,0.10714285714285714,0.07142857142857142,5.035714285714286,45,228.0,0.1111111111111111,0.08888888888888889,5.066666666666666
2021,12,MIA,CAR,33,-0.8213898858081535,-0.02407227188957613,0.4119581860457836,0.6211918942756517,-1.2333480718539371,-0.6452641661652279,39,111.0,0.02564102564102564,0.20512820512820512,2.8461538461538463,33,204.0,0.06060606060606061,0.15151515151515152,6.181818181818182
2021,12,NE,TEN,36,0.561818801925908,0.8381852664569927,0.6185889913522866,-0.19093320583600729,-0.05677018942637857,1.029118472293,24,105.0,0.125,0.16666666666666666,4.375,35,296.0,0.22857142857142856,0.05714285714285714,8.457142857142857
2021,12,NYG,PHI,13,-0.5818791402590109,-0.11909216082807432,0.49569504456962865,-0.22393913391424633,-1.0775741848286395,0.10484697308617201,27,70.0,0.07407407407407407,0.3333333333333333,2.5925925925925926,33,210.0,0.21212121212121213,0.06060606060606061,6.363636363636363
2021,12,DEN,LAC,28,-0.3956478272336726,-1.0811910100054603,-0.7811653802581282,0.15770917946486177,0.3855175530244556,-1.238900189470322,33,147.0,0.15151515151515152,0.15151515151515152,4.454545454545454,26,166.0,0.07692307692307693,0.038461538461538464,6.384615384615385
2021,12,GB,LA,36,1.049221756820455,-0.049512594662231756,0.8293744081645743,-0.42867292153149733,0.21984734865588063,0.3791603268692656,32,92.0,0.0,0.1875,2.875,47,307.0,0.10638297872340426,0.0425531914893617,6.531914893617022
2021,12,SF,MIN,34,-0.3778359083952883,0.55076092281441,-0.9957841770188433,0.40912051511616965,0.6179482686235549,0.14164040769824038,39,208.0,0.15384615384615385,0.15384615384615385,5.333333333333333,28,215.0,0.17857142857142858,0.07142857142857142,7.678571428571429
2021,12,BAL,CLE,16,0.48677939891017585,0.5089752287726313,-0.11165815016615416,0.3326698427099206,0.5984375490763301,0.17630538606271073,43,148.0,0.06976744186046512,0.16279069767441862,3.441860465116279,38,184.0,0.02631578947368421,0.10526315789473684,4.842105263157895
2021,12,WAS,SEA,17,0.5535536242994296,-0.34168307439834883,0.6994941578464083,-0.42176378230809775,-0.14594053354697878,0.08008070790974892,44,154.0,0.06818181818181818,0.1590909090909091,3.5,38,224.0,0.10526315789473684,0.05263157894736842,5.894736842105263
2021,13,NO,DAL,17,-0.5580025958872142,-0.5814303887022684,-0.8112028584668003,1.2672121705709876,0.25320026257958606,-1.848642559273256,26,153.0,0.07692307692307693,0.15384615384615385,5.884615384615385,47,296.0,0.10638297872340426,0.0851063829787234,6.297872340425532
2021,13,ATL,TB,17,-0.9957847755301631,-1.2575349368280409,0.9426811368926369,1.3701514588031662,-1.9384659124227999,-2.627686395631207,23,121.0,0.13043478260869565,0.2608695652173913,5.260869565217392,47,261.0,0.14893617021276595,0.14893617021276595,5.553191489361702
2021,13,CHI,ARI,22,-0.5378304499323588,0.14248700850470455,0.4818799678495229,0.5345357329111194,-1.0197104177818819,-0.3920487244064149,27,112.0,0.07407407407407407,0.18518518518518517,4.148148148148148,46,225.0,0.06521739130434782,0.08695652173913043,4.891304347826087
2021,13,CIN,LAC,22,-0.5857496599169274,-0.24346740460767444,-0.7811653802581282,0.15770917946486177,0.1954157203412008,-0.4011765840725362,26,96.0,0.11538461538461539,0.19230769230769232,3.6923076923076925,47,266.0,0.14893617021276595,0.14893617021276595,5.659574468085107
2021,13,DET,MIN,29,-0.40567928123547564,-0.14940810060307522,-0.9957841770188433,0.40912051511616965,0.5901048957833677,-0.5585286157192448,27,100.0,0.07407407407407407,0.18518518518518517,3.7037037037037037,43,273.0,0.11627906976744186,0.06976744186046512,6.348837209302325
2021,13,HOU,IND,0,-1.064529568297736,0.26279449801622023,-0.3661111294093141,-1.761328364053659,-0.6984184388884219,2.0241228620698792,19,84.0,0.05263157894736842,0.10526315789473684,4.421052631578948,35,79.0,0.02857142857142857,0.11428571428571428,2.257142857142857
2021,13,MIA,NYG,20,-0.8213898858081535,-0.02407227188957613,-0.709704059932513,-1.0289453345991086,-0.11168582587564058,1.0048730627095326,25,68.0,0.04,0.16,2.72,44,231.0,0.11363636363636363,0.06818181818181818,5.25
2021,13,NYJ,PHI,18,0.35139920001386954,-0.7005095373766023,0.49569504456962865,-0.22393913391424633,-0.1442958445557591,-0.4765704034623559,17,70.0,0.11764705882352941,0.11764705882352941,4.117647058823529,40,211.0,0.125,0.075,5.275
2021,13,LV,WAS,15,0.5542560770508532,0.46795221719007135,0.25544803234474484,0.02419534955307795,0.2988080447061084,0.4437568676369934,16,76.0,0.1875,0.125,4.75,43,258.0,0.11627906976744186,0.09302325581395349,6.0
2021,13,PIT,BAL,20,-0.729650966940386,1.1827950029193628,1.3949188171351077,-0.011733471715201005,-2.1245697840754936,1.1945284746345637,25,85.0,0.04,0.24,3.4,33,238.0,0.15151515151515152,0.030303030303030304,7.212121212121212
2021,13,SEA,SF,30,0.2414513803478413,-0.6283901469838843,1.4268833842443696,-0.34925378435223364,-1.1854320038965283,-0.27913636263165065,27,146.0,0.14814814814814814,0.25925925925925924,5.407407407407407,43,197.0,0.09302325581395349,0.18604651162790697,4.5813953488372094
2021,13,KC,DEN,22,1.0114199211686183,0.21833604225858447,-1.418273506827643,0.562401645224075,2.4296934279962614,-0.3440656029654905,24,89.0,0.125,0.16666666666666666,3.7083333333333335,32,192.0,0.0625,0.0625,6.0
2021,13,BUF,NE,10,0.03619014520034319,-0.5979352291120913,-0.9945029104114208,0.11515001557347009,1.030693055611764,-0.7130852446855613,25,99.0,0.08,0.12,3.96,36,165.0,0.08333333333333333,0.08333333333333333,4.583333333333333
2021,14,MIN,PIT,36,-0.6512334456963219,-1.051179906554973,-0.8850530178790665,0.1744445541859453,0.23381957218274463,-1.2256244607409181,36,242.0,0.2222222222222222,0.16666666666666666,6.722222222222222,32,227.0,0.1875,0.03125,7.09375
2021,14,CAR,ATL,21,-0.36161383336800107,-0.9924661171749318,-0.6516092035398615,-1.7287615850115163,0.28999537017186044,0.7362954678365845,26,91.0,0.15384615384615385,0.2692307692307692,3.5,37,247.0,0.1891891891891892,0.02702702702702703,6.675675675675675
2021,14,CLE,BAL,24,0.04002188680064822,0.23691751696523652,1.3949188171351077,-0.011733471715201005,-1.3548969303344593,0.24865098868043753,29,100.0,0.10344827586206896,0.1724137931034483,3.4482758620689653,35,205.0,0.08571428571428572,0.02857142857142857,5.857142857142857
2021,14,HOU,SEA,13,-1.064529568297736,0.26279449801622023,0.6994941578464083,-0.42176378230809775,-1.7640237261441443,0.684558280324318,25,63.0,0.04,0.32,2.52,52,325.0,0.1346153846153846,0.07692307692307693,6.25
2021,14,KC,LV,48,1.0114199211686183,0.21833604225858447,0.5506149593314511,0.5867077417405199,0.46080496183716724,-0.3683716994819354,30,132.0,0.06666666666666667,0.23333333333333334,4.4,30,260.0,0.26666666666666666,0.13333333333333333,8.666666666666666
2021,14,NYJ,NO,9,0.35139920001386954,-0.7005095373766023,1.4685212587064984,-0.03121646553368936,-1.117122058692629,-0.6692930718429129,17,78.0,0.11764705882352941,0.058823529411764705,4.588235294117647,49,211.0,0.08163265306122448,0.061224489795918366,4.3061224489795915
2021,14,TEN,JAX,20,-0.1693717340145288,-0.005691090789780029,0.06077441916417525,0.16925701635008927,-0.23014615317870404,-0.1749481071398693,34,102.0,0.058823529411764705,0.23529411764705882,3.0,38,188.0,0.07894736842105263,0.10526315789473684,4.947368421052632
2021,14,WAS,DAL,20,0.5535536242994296,-0.34168307439834883,-0.8112028584668003,1.2672121705709876,1.36475648276623,-1.6088952449693363,24,102.0,0.125,0.16666666666666666,4.25,42,133.0,0.09523809523809523,0.14285714285714285,3.1666666666666665
2021,14,DEN,DET,38,-0.3956478272336726,-1.0811910100054603,-0.6368366041244669,-0.42878958877195367,0.24118877689079427,-0.6524014212335065,39,184.0,0.1282051282051282,0.07692307692307693,4.717948717948718,26,174.0,0.11538461538461539,0.038461538461538464,6.6923076923076925
2021,14,LAC,NYG,37,0.5334337064210039,0.5821712013074252,-0.709704059932513,-1.0289453345991086,1.2431377663535168,1.6111165359065338,37,152.0,0.10810810810810811,0.1891891891891892,4.108108108108108,35,287.0,0.17142857142857143,0.08571428571428572,8.2
2021,14,CIN,SF,23,-0.5857496599169274,-0.24346740460767444,1.4268833842443696,-0.34925378435223364,-2.012633044161297,0.1057863797445592,26,86.0,0.038461538461538464,0.19230769230769232,3.3076923076923075,40,315.0,0.25,0.175,7.875
2021,14,TB,BUF,33,0.9261405945887626,2.3312561573980553,1.0019352737488403,1.0582711541605656,-0.07579467916007765,1.2729850032374896,29,137.0,0.10344827586206896,0.20689655172413793,4.724137931034483,50,366.0,0.2,0.08,7.32
2021,14,GB,CHI,45,1.049221756820455,-0.049512594662231756,-0.5944155731831222,-1.0661766991750092,1.6436373300035771,1.0166641045127776,24,119.0,0.20833333333333334,0.20833333333333334,4.958333333333333,40,320.0,0.2,0.1,8.0
2021,14,ARI,LA,23,-0.2665956766561765,0.35041504679679286,0.8293744081645743,-0.42867292153149733,-1.0959700848207508,0.7790879683282902,22,103.0,0.18181818181818182,0.18181818181818182,4.681818181818182,58,388.0,0.13793103448275862,0.1206896551724138,6.689655172413793
2021,15,LAC,KC,28,0.5334337064210039,0.5821712013074252,-0.7328222770277923,0.48704742994467415,1.2662559834487963,0.09512377136275102,39,192.0,0.10256410256410256,0.05128205128205128,4.923076923076923,42,249.0,0.14285714285714285,0.0,5.928571428571429
2021,15,IND,NE,27,0.18426510080334288,-0.7942608576762576,-0.9945029104114208,0.11515001557347009,1.1787680112147636,-0.9094108732497277,39,226.0,0.1282051282051282,0.1794871794871795,5.794871794871795,14,60.0,0.14285714285714285,0.14285714285714285,4.285714285714286
2021,15,BUF,CAR,31,0.03619014520034319,-0.5979352291120913,0.4119581860457836,0.6211918942756517,-0.3757680408454404,-1.219127123387743,27,119.0,0.1111111111111111,0.14814814814814814,4.407407407407407,39,219.0,0.07692307692307693,0.10256410256410256,5.615384615384615
2021,15,DET,ARI,30,-0.40567928123547564,-0.14940810060307522,0.4818799678495229,0.5345357329111194,-0.8875592490849986,-0.6839438335141946,34,126.0,0.08823529411764706,0.3235294117647059,3.7058823529411766,28,212.0,0.17857142857142858,0.10714285714285714,7.571428571428571
2021,15,JAX,HOU,16,0.20700033028719023,-0.0759177238891329,-0.3062973176081762,-1.0609899539046015,0.5132976478953664,0.9850722300154686,25,107.0,0.16,0.24,4.28,41,199.0,0.07317073170731707,0.07317073170731707,4.853658536585366
2021,15,MIA,NYJ,31,-0.8213898858081535,-0.02407227188957613,0.40417505877493615,-0.4562716474067365,-1.2255649445830896,0.43219937551716037,42,183.0,0.11904761904761904,0.21428571428571427,4.357142857142857,31,218.0,0.1935483870967742,0.03225806451612903,7.032258064516129
2021,15,NYG,DAL,6,-0.5818791402590109,-0.11909216082807432,-0.8112028584668003,1.2672121705709876,0.2293237182077894,-1.386304331399062,24,124.0,0.08333333333333333,0.16666666666666666,5.166666666666667,37,178.0,0.10810810810810811,0.05405405405405406,4.8108108108108105
2021,15,PIT,TEN,19,-0.729650966940386,1.1827950029193628,0.6185889913522866,-0.19093320583600729,-1.3482399582926727,1.3737282087553702,17,35.0,0.058823529411764705,0.35294117647058826,2.0588235294117645,28,133.0,0.10714285714285714,0.10714285714285714,4.75
2021,15,DEN,CIN,10,-0.3956478272336726,-1.0811910100054603,0.12384004838478942,-0.20087639702236723,-0.519487875618462,-0.880314612983093,34,133.0,0.08823529411764706,0.11764705882352941,3.911764705882353,38,165.0,0.10526315789473684,0.13157894736842105,4.342105263157895
2021,15,SF,ATL,31,-0.3778359083952883,0.55076092281441,-0.6516092035398615,-1.7287615850115163,0.2737732951445732,2.2795225078259262,32,162.0,0.1875,0.0625,5.0625,24,235.0,0.2916666666666667,0.0,9.791666666666666
2021,15,BAL,GB,30,0.48677939891017585,0.5089752287726313,-1.3279016699953714,0.04657864979772142,1.8146810689055473,0.46239657897490993,26,143.0,0.19230769230769232,0.11538461538461539,5.5,50,262.0,0.04,0.02,5.24
2021,15,TB,NO,0,0.9261405945887626,2.3312561573980553,1.4685212587064984,-0.03121646553368936,-0.5423806641177358,2.3624726229317448,21,118.0,0.14285714285714285,0.14285714285714285,5.619047619047619,53,186.0,0.07547169811320754,0.09433962264150944,3.509433962264151
2021,15,CLE,LV,14,0.04002188680064822,0.23691751696523652,0.5506149593314511,0.5867077417405199,-0.5105930725308029,-0.3497902247752833,24,89.0,0.08333333333333333,0.16666666666666666,3.7083333333333335,29,147.0,0.034482758620689655,0.0,5.068965517241379
2021,15,CHI,MIN,9,-0.5378304499323588,0.14248700850470455,-0.9957841770188433,0.40912051511616965,0.4579537270864844,-0.2666335066114651,28,115.0,0.14285714285714285,0.32142857142857145,4.107142857142857,46,297.0,0.10869565217391304,0.08695652173913043,6.456521739130435
2021,15,PHI,WAS,27,1.4357592981771474,-0.8789794657354829,0.25544803234474484,0.02419534955307795,1.1803112658324026,-0.9031748152885608,41,238.0,0.12195121951219512,0.0975609756097561,5.804878048780488,32,306.0,0.3125,0.125,9.5625
2021,16,TEN,SF,20,-0.1693717340145288,-0.005691090789780029,1.4268833842443696,-0.34925378435223364,-1.5962551182588984,0.3435626935624536,24,90.0,0.08333333333333333,0.3333333333333333,3.75,35,211.0,0.14285714285714285,0.2571428571428571,6.0285714285714285
2021,16,GB,CLE,24,1.049221756820455,-0.049512594662231756,-0.11165815016615416,0.3326698427099206,1.1608799069866091,-0.38218243737215235,24,109.0,0.08333333333333333,0.16666666666666666,4.541666666666667,34,202.0,0.08823529411764706,0.029411764705882353,5.9411764705882355
2021,16,ARI,IND,16,-0.2665956766561765,0.35041504679679286,-0.3661111294093141,-1.761328364053659,0.09951545275313761,2.111743410850452,21,133.0,0.19047619047619047,0.14285714285714285,6.333333333333333,44,255.0,0.06818181818181818,0.0,5.795454545454546
2021,16,ATL,DET,20,-0.9957847755301631,-1.2575349368280409,-0.6368366041244669,-0.42878958877195367,-0.35894817140569624,-0.8287453480560871,18,47.0,0.0,0.2222222222222222,2.611111111111111,27,207.0,0.2222222222222222,0.14814814814814814,7.666666666666667
2021,16,CAR,TB,6,-0.36161383336800107,-0.9924661171749318,0.9426811368926369,1.3701514588031662,-1.304294970260638,-2.3626175759780983,15,67.0,0.13333333333333333,0.26666666666666666,4.466666666666667,53,217.0,0.09433962264150944,0.1509433962264151,4.09433962264151
2021,16,CIN,BAL,41,-0.5857496599169274,-0.24346740460767444,1.3949188171351077,-0.011733471715201005,-1.980668477052035,-0.23173393289247343,21,77.0,0.09523809523809523,0.09523809523809523,3.6666666666666665,50,510.0,0.28,0.08,10.2
2021,16,HOU,LAC,41,-1.064529568297736,0.26279449801622023,-0.7811653802581282,0.15770917946486177,-0.28336418803960783,0.10508531855135847,36,189.0,0.1388888888888889,0.05555555555555555,5.25,28,248.0,0.17857142857142858,0.10714285714285714,8.857142857142858
2021,16,MIN,LA,23,-0.6512334456963219,-1.051179906554973,0.8293744081645743,-0.42867292153149733,-1.4806078538608962,-0.6225069850234757,22,66.0,0.09090909090909091,0.3181818181818182,3.0,43,312.0,0.18604651162790697,0.09302325581395349,7.255813953488372
2021,16,NE,BUF,21,0.561818801925908,0.8381852664569927,1.0019352737488403,1.0582711541605656,-0.44011647182293223,-0.22008588770357296,27,149.0,0.14814814814814814,0.18518518518518517,5.518518518518518,36,166.0,0.05555555555555555,0.027777777777777776,4.611111111111111
2021,16,NYJ,JAX,26,0.35139920001386954,-0.7005095373766023,0.06077441916417525,0.16925701635008927,0.2906247808496943,-0.8697665537266915,36,273.0,0.25,0.1111111111111111,7.583333333333333,26,189.0,0.07692307692307693,0.038461538461538464,7.269230769230769
2021,16,PHI,NYG,34,1.4357592981771474,-0.8789794657354829,-0.709704059932513,-1.0289453345991086,2.1454633581096605,0.14996586886362573,30,130.0,0.1,0.13333333333333333,4.333333333333333,30,194.0,0.13333333333333333,0.03333333333333333,6.466666666666667
2021,16,SEA,CHI,24,0.2414513803478413,-0.6283901469838843,-0.5944155731831222,-1.0661766991750092,0.8358669535309635,0.43778655219112494,24,170.0,0.16666666666666666,0.08333333333333333,7.083333333333333,30,171.0,0.13333333333333333,0.13333333333333333,5.7
2021,16,KC,PIT,36,1.0114199211686183,0.21833604225858447,-0.8850530178790665,0.1744445541859453,1.8964729390476849,0.04389148807263918,35,127.0,0.05714285714285714,0.17142857142857143,3.6285714285714286,32,254.0,0.15625,0.09375,7.9375
2021,16,LV,DEN,17,0.5542560770508532,0.46795221719007135,-1.418273506827643,0.562401645224075,1.9725295838784964,-0.09444942803400364,40,160.0,0.075,0.25,4.0,29,190.0,0.20689655172413793,0.13793103448275862,6.551724137931035
2021,16,DAL,WAS,56,0.3300835263557903,0.7111646610258361,0.25544803234474484,0.02419534955307795,0.07463549401104547,0.6869693114727582,28,108.0,0.07142857142857142,0.25,3.857142857142857,47,406.0,0.14893617021276595,0.06382978723404255,8.638297872340425
2021,16,NO,MIA,3,-0.5580025958872142,-0.5814303887022684,0.1565546912929211,1.4730079847539088,-0.7145572871801353,-2.0544383734561773,23,83.0,0.08695652173913043,0.13043478260869565,3.608695652173913,30,84.0,0.06666666666666667,0.3,2.8
2021,17,BAL,LA,19,0.48677939891017585,0.5089752287726313,0.8293744081645743,-0.42867292153149733,-0.34259500925439845,0.9376481503041287,32,165.0,0.15625,0.09375,5.15625,37,182.0,0.13513513513513514,0.13513513513513514,4.918918918918919
2021,17,BUF,ATL,29,0.03619014520034319,-0.5979352291120913,-0.6516092035398615,-1.7287615850115163,0.6877993487402048,1.130826355899425,44,233.0,0.1590909090909091,0.11363636363636363,5.295454545454546,32,165.0,0.09375,0.03125,5.15625
2021,17,CHI,NYG,29,-0.5378304499323588,0.14248700850470455,-0.709704059932513,-1.0289453345991086,0.1718736100001541,1.1714323431038132,27,87.0,0.037037037037037035,0.14814814814814814,3.2222222222222223,40,176.0,0.1,0.05,4.4
2021,17,CIN,KC,34,-0.5857496599169274,-0.24346740460767444,-0.7328222770277923,0.48704742994467415,0.14707261711086494,-0.7305148345523486,19,60.0,0.05263157894736842,0.21052631578947367,3.1578947368421053,45,422.0,0.2,0.08888888888888889,9.377777777777778
2021,17,IND,LV,20,0.18426510080334288,-0.7942608576762576,0.5506149593314511,0.5867077417405199,-0.3663498585281082,-1.3809685994167775,26,122.0,0.11538461538461539,0.15384615384615385,4.6923076923076925,29,141.0,0.06896551724137931,0.06896551724137931,4.862068965517241
2021,17,NE,JAX,50,0.561818801925908,0.8381852664569927,0.06077441916417525,0.16925701635008927,0.5010443827617328,0.6689282501069034,37,181.0,0.08108108108108109,0.10810810810810811,4.891891891891892,35,300.0,0.14285714285714285,0.0,8.571428571428571
2021,17,NYJ,TB,24,0.35139920001386954,-0.7005095373766023,0.9426811368926369,1.3701514588031662,-0.5912819368787674,-2.0706609961797686,26,150.0,0.19230769230769232,0.34615384615384615,5.769230769230769,34,224.0,0.14705882352941177,0.029411764705882353,6.588235294117647
2021,17,TEN,MIA,34,-0.1693717340145288,-0.005691090789780029,0.1565546912929211,1.4730079847539088,-0.32592642530744986,-1.4786990755436888,40,198.0,0.125,0.3,4.95,19,110.0,0.21052631578947367,0.05263157894736842,5.7894736842105265
2021,17,WAS,PHI,16,0.5535536242994296,-0.34168307439834883,0.49569504456962865,-0.22393913391424633,0.05785857972980091,-0.1177439404841025,22,94.0,0.09090909090909091,0.045454545454545456,4.2727272727272725,40,232.0,0.1,0.1,5.8
2021,17,LAC,DEN,34,0.5334337064210039,0.5821712013074252,-1.418273506827643,0.562401645224075,1.951707213248647,0.01976955608335018,35,104.0,0.02857142857142857,0.22857142857142856,2.9714285714285715,32,239.0,0.09375,0.0,7.46875
2021,17,SF,HOU,23,-0.3778359083952883,0.55076092281441,-0.3062973176081762,-1.0609899539046015,-0.07153859078711211,1.6117508767190114,37,175.0,0.13513513513513514,0.16216216216216217,4.72972972972973,26,253.0,0.19230769230769232,0.038461538461538464,9.73076923076923
2021,17,DAL,ARI,22,0.3300835263557903,0.7111646610258361,0.4818799678495229,0.5345357329111194,-0.15179644149373261,0.17662892811471664,17,45.0,0.058823529411764705,0.29411764705882354,2.6470588235294117,44,275.0,0.09090909090909091,0.045454545454545456,6.25
2021,17,NO,CAR,18,-0.5580025958872142,-0.5814303887022684,0.4119581860457836,0.6211918942756517,-0.9699607819329978,-1.20262228297792,28,73.0,0.07142857142857142,0.5,2.607142857142857,32,236.0,0.15625,0.0625,7.375
2021,17,SEA,DET,51,0.2414513803478413,-0.6283901469838843,-0.6368366041244669,-0.42878958877195367,0.8782879844723082,-0.19960055821193062,41,265.0,0.1951219512195122,0.17073170731707318,6.463414634146342,32,251.0,0.125,0.0625,7.84375
2021,17,GB,MIN,37,1.049221756820455,-0.049512594662231756,-0.9957841770188433,0.40912051511616965,2.045005933839298,-0.4586331097784014,32,174.0,0.125,0.125,5.4375,45,325.0,0.15555555555555556,0.06666666666666667,7.222222222222222
2021,17,PIT,CLE,26,-0.729650966940386,1.1827950029193628,-0.11165815016615416,0.3326698427099206,-0.6179928167742319,0.8501251602094422,31,190.0,0.12903225806451613,0.0967741935483871,6.129032258064516,48,109.0,0.0,0.125,2.2708333333333335
2021,18,DEN,KC,24,-0.3956478272336726,-1.0811910100054603,-0.7328222770277923,0.48704742994467415,0.33717444979411976,-1.5682384399501343,28,191.0,0.14285714285714285,0.17857142857142858,6.821428571428571,30,208.0,0.13333333333333333,0.03333333333333333,6.933333333333334
2021,18,PHI,DAL,26,1.4357592981771474,-0.8789794657354829,-0.8112028584668003,1.2672121705709876,2.2469621566439475,-2.1461916363064706,33,149.0,0.12121212121212122,0.15151515151515152,4.515151515151516,41,176.0,0.07317073170731707,0.0975609756097561,4.2926829268292686
2021,18,BAL,PIT,13,0.48677939891017585,0.5089752287726313,-0.8850530178790665,0.1744445541859453,1.3718324167892424,0.33453067458668606,36,249.0,0.2222222222222222,0.1388888888888889,6.916666666666667,43,194.0,0.046511627906976744,0.09302325581395349,4.511627906976744
2021,18,CLE,CIN,21,0.04002188680064822,0.23691751696523652,0.12384004838478942,-0.20087639702236723,-0.0838181615841412,0.43779391398760376,41,205.0,0.14634146341463414,0.17073170731707318,5.0,27,183.0,0.1111111111111111,0.07407407407407407,6.777777777777778
2021,18,DET,GB,37,-0.40567928123547564,-0.14940810060307522,-1.3279016699953714,0.04657864979772142,0.9222223887598957,-0.19598675040079663,26,99.0,0.15384615384615385,0.15384615384615385,3.8076923076923075,33,305.0,0.2727272727272727,0.030303030303030304,9.242424242424242
2021,18,HOU,TEN,25,-1.064529568297736,0.26279449801622023,0.6185889913522866,-0.19093320583600729,-1.6831185596500227,0.4537277038522275,21,64.0,0.09523809523809523,0.2857142857142857,3.0476190476190474,39,305.0,0.20512820512820512,0.10256410256410256,7.82051282051282
2021,18,JAX,IND,26,0.20700033028719023,-0.0759177238891329,-0.3661111294093141,-1.761328364053659,0.5731114596965043,1.6854106401645261,31,101.0,0.06451612903225806,0.25806451612903225,3.2580645161290325,36,231.0,0.1388888888888889,0.027777777777777776,6.416666666666667
2021,18,MIN,CHI,31,-0.6512334456963219,-1.051179906554973,-0.5944155731831222,-1.0661766991750092,-0.056817872513199696,0.014996792620036281,22,104.0,0.09090909090909091,0.3181818181818182,4.7272727272727275,25,227.0,0.28,0.16,9.08
2021,18,NYG,WAS,7,-0.5818791402590109,-0.11909216082807432,0.25544803234474484,0.02419534955307795,-0.8373271726037557,-0.14328751038115228,25,94.0,0.08,0.24,3.76,37,133.0,0.02702702702702703,0.10810810810810811,3.5945945945945947
2021,18,ARI,SEA,30,-0.2665956766561765,0.35041504679679286,0.6994941578464083,-0.42176378230809775,-0.9660898345025848,0.7721788291048906,28,118.0,0.10714285714285714,0.17857142857142858,4.214285714285714,48,211.0,0.08333333333333333,0.16666666666666666,4.395833333333333
2021,18,ATL,NO,20,-0.9957847755301631,-1.2575349368280409,1.4685212587064984,-0.03121646553368936,-2.4643060342366616,-1.2263184712943516,12,62.0,0.08333333333333333,0.0,5.166666666666667,37,197.0,0.1891891891891892,0.10810810810810811,5.324324324324325
2021,18,BUF,NYJ,27,0.03619014520034319,-0.5979352291120913,0.40417505877493615,-0.4562716474067365,-0.36798491357459295,-0.1416635817053548,33,170.0,0.18181818181818182,0.30303030303030304,5.151515151515151,51,321.0,0.11764705882352941,0.0196078431372549,6.294117647058823
2021,18,MIA,NE,33,-0.8213898858081535,-0.02407227188957613,-0.9945029104114208,0.11515001557347009,0.17311302460326727,-0.1392222874630462,43,195.0,0.11627906976744186,0.09302325581395349,4.534883720930233,27,139.0,0.07407407407407407,0.07407407407407407,5.148148148148148
2021,18,TB,CAR,41,0.9261405945887626,2.3312561573980553,0.4119581860457836,0.6211918942756517,0.514182408542979,1.7100642631224034,20,85.0,0.1,0.2,4.25,40,324.0,0.175,0.075,8.1
2021,18,LV,LAC,35,0.5542560770508532,0.46795221719007135,-0.7811653802581282,0.15770917946486177,1.3354214573089815,0.31024303772520956,34,174.0,0.20588235294117646,0.3235294117647059,5.117647058823529,41,172.0,0.0975609756097561,0.17073170731707318,4.195121951219512
2022,1,ATL,NO,26,0.7939899366085648,0.9335105475253743,0.1773846266857621,-1.4420171739446161,0.6166053099228026,2.3755277214699904,38,201.0,0.15789473684210525,0.10526315789473684,5.2894736842105265,37,264.0,0.10810810810810811,0.0,7.135135135135135
2022,1,CAR,CLE,24,0.7880879246295149,0.8082939813334681,-0.7809640144820956,-0.6838726483016284,1.5690519391116107,1.4921666296350966,19,54.0,0.0,0.3157894736842105,2.8421052631578947,32,214.0,0.15625,0.1875,6.6875
2022,1,CHI,SF,19,0.6915167414915888,-0.45396056927092915,1.0689635038826355,0.01579167679118913,-0.3774467623910467,-0.4697522460621183,37,99.0,0.08108108108108109,0.24324324324324326,2.675675675675676,23,133.0,0.17391304347826086,0.13043478260869565,5.782608695652174
2022,1,CIN,PIT,20,0.49376812214360655,1.1588789904283823,0.34289889637432225,-1.1382337912715432,0.1508692257692843,2.2971127816999255,34,133.0,0.058823529411764705,0.2647058823529412,3.911764705882353,66,346.0,0.10606060606060606,0.12121212121212122,5.242424242424242
2022,1,DET,PHI,35,0.328371958713235,0.014661231242537737,-0.7146579987734276,0.850891411706002,1.0430299574866626,-0.8362301804634643,28,181.0,0.21428571428571427,0.14285714285714285,6.464285714285714,39,215.0,0.1282051282051282,0.07692307692307693,5.512820512820513
2022,1,HOU,IND,20,-1.1468573244097897,-0.5447609632143372,0.9213736291367455,0.0966366791632454,-2.0682309535465353,-0.6413976423775826,28,77.0,0.0,0.14285714285714285,2.75,41,227.0,0.12195121951219512,0.07317073170731707,5.536585365853658
2022,1,MIA,NE,20,-0.7242361332588634,-1.3404306625487485,-0.2603140535564843,0.6759487832640616,-0.4639220797023791,-2.0163794458128104,23,65.0,0.043478260869565216,0.2608695652173913,2.8260869565217392,36,242.0,0.16666666666666666,0.1111111111111111,6.722222222222222
2022,1,NYJ,BAL,9,-0.9561200798144436,-0.7784015949699472,0.17521910832686233,-0.8091091933930938,-1.131339188141306,0.03070759842314663,17,83.0,0.17647058823529413,0.29411764705882354,4.882352941176471,62,297.0,0.11290322580645161,0.06451612903225806,4.790322580645161
2022,1,WAS,JAX,28,0.17510741924719025,-0.7206739023145268,0.45404593853045905,1.2148742894915692,-0.2789385192832688,-1.935548191806096,28,85.0,0.10714285714285714,0.21428571428571427,3.0357142857142856,47,321.0,0.1276595744680851,0.06382978723404255,6.829787234042553
2022,1,ARI,KC,21,0.08234868385284955,0.464285084822043,0.02032318413484205,0.7162443076782016,0.0620254997180075,-0.25195922285615857,22,103.0,0.18181818181818182,0.22727272727272727,4.681818181818182,46,210.0,0.06521739130434782,0.06521739130434782,4.565217391304348
2022,1,LAC,LV,24,-0.747435672408291,-0.3904456179600085,-0.24106297978280178,-0.07268080194936521,-0.5063726926254892,-0.31776481601064327,31,76.0,0.03225806451612903,0.3225806451612903,2.4516129032258065,35,282.0,0.17142857142857143,0.02857142857142857,8.057142857142857
2022,1,MIN,GB,23,-1.4415168991685754,-0.7386865102329673,-1.0385676577709135,0.8463662326240963,-0.40294924139766186,-1.5850527428570635,28,126.0,0.10714285714285714,0.25,4.5,33,269.0,0.18181818181818182,0.09090909090909091,8.151515151515152
2022,1,TEN,NYG,20,0.1168653498166222,-1.4252186093799806,-1.6949784594262278,0.9297685802413257,1.81184380924285,-2.354987189621306,26,93.0,0.038461538461538464,0.19230769230769232,3.576923076923077,34,275.0,0.20588235294117646,0.029411764705882353,8.088235294117647
2022,1,DAL,TB,3,-0.23994023024135525,-0.17817022463101917,0.23439702972008314,0.06434935282629729,-0.4743372599614384,-0.24251957745731645,18,71.0,0.05555555555555555,0.16666666666666666,3.9444444444444446,46,173.0,0.06521739130434782,0.10869565217391304,3.760869565217391
2022,1,SEA,DEN,17,-0.9323787448583898,-0.011817645633126816,0.13299254331703764,-0.5065123869088238,-1.0653712881754274,0.494694741275697,19,76.0,0.15789473684210525,0.3157894736842105,4.0,31,191.0,0.1935483870967742,0.12903225806451613,6.161290322580645
2022,2,KC,LAC,27,0.7023531774080051,-0.018247185643543842,-1.3418540698468266,-0.5101748252163102,2.044207247254832,0.49192763957276636,18,93.0,0.05555555555555555,0.2222222222222222,5.166666666666667,36,226.0,0.1388888888888889,0.1111111111111111,6.277777777777778
2022,2,BAL,MIA,38,0.22175278403647453,0.5638346121335577,1.0250959540531865,0.14680097547520296,-0.803343170016712,0.4170336366583547,25,155.0,0.16,0.4,6.2,31,347.0,0.2903225806451613,0.0,11.193548387096774
2022,2,CLE,NYJ,30,-0.7566905236339021,-0.34615678335361216,0.6378792381741757,0.8754832070188227,-1.3945697618080777,-1.2216399903724349,37,184.0,0.24324324324324326,0.2702702702702703,4.972972972972973,32,263.0,0.15625,0.03125,8.21875
2022,2,DET,WAS,36,0.328371958713235,0.014661231242537737,0.5000288658201812,0.16883755023494196,-0.17165690710694625,-0.15417631899240422,24,191.0,0.20833333333333334,0.20833333333333334,7.958333333333333,37,234.0,0.13513513513513514,0.08108108108108109,6.324324324324325
2022,2,JAX,IND,24,0.07765890727174589,0.41543415068143325,0.9213736291367455,0.0966366791632454,-0.8437147218649996,0.3187974715181878,37,96.0,0.02702702702702703,0.40540540540540543,2.5945945945945947,30,235.0,0.06666666666666667,0.0,7.833333333333333
2022,2,NO,TB,10,0.32366847668337684,0.8602323844244685,0.23439702972008314,0.06434935282629729,0.0892714469632937,0.7958830315981712,20,100.0,0.15,0.1,5.0,47,210.0,0.0425531914893617,0.14893617021276595,4.468085106382978
2022,2,NYG,CAR,19,0.27216121721100434,-0.847810844316566,0.07000711239268648,-0.13530047205837553,0.20215410481831786,-0.7125103722581905,33,103.0,0.15151515151515152,0.30303030303030304,3.121212121212121,43,188.0,0.09302325581395349,0.11627906976744186,4.372093023255814
2022,2,PIT,NE,14,0.2298117943376292,0.3066931329030185,-0.2603140535564843,0.6759487832640616,0.4901258478941135,-0.36925565036104313,22,91.0,0.045454545454545456,0.09090909090909091,4.136363636363637,38,161.0,0.05263157894736842,0.10526315789473684,4.2368421052631575
2022,2,SF,SEA,27,-0.1512011601313647,1.1119146552760342,-0.7331677120317224,-0.40521743097738255,0.5819665519003576,1.5171320862534168,45,189.0,0.08888888888888889,0.24444444444444444,4.2,25,184.0,0.16,0.04,7.36
2022,2,DAL,CIN,20,-0.23994023024135525,-0.17817022463101917,0.4120055277675736,0.5865143331979547,-0.6519457580089288,-0.7646845578289738,27,107.0,0.07407407407407407,0.07407407407407407,3.962962962962963,32,232.0,0.1875,0.09375,7.25
2022,2,DEN,HOU,16,0.05350790762478089,-1.2229045971924017,-0.42485892689125326,-0.45524221903792794,0.4783668345160341,-0.7676623781544738,31,149.0,0.0967741935483871,0.16129032258064516,4.806451612903226,35,205.0,0.17142857142857143,0.08571428571428572,5.857142857142857
2022,2,LV,ARI,23,0.2200107499893025,0.033167916018868406,0.41877686064413033,0.666431125845554,-0.19876611065482783,-0.6332632098266856,21,80.0,0.047619047619047616,0.23809523809523808,3.8095238095238093,41,253.0,0.17073170731707318,0.07317073170731707,6.170731707317073
2022,2,GB,CHI,27,0.7214373340251181,0.26790617417107554,-0.5543285871482293,-0.7525472810493269,1.2757659211733474,1.0204534552204025,38,203.0,0.13157894736842105,0.18421052631578946,5.342105263157895,29,218.0,0.20689655172413793,0.13793103448275862,7.517241379310345
2022,2,BUF,TEN,41,0.6729825196687502,0.41282196511903263,2.0848049719717907,0.32861241670170555,-1.4118224523030405,0.08420954841732708,24,101.0,0.16666666666666666,0.3333333333333333,4.208333333333333,42,323.0,0.16666666666666666,0.023809523809523808,7.690476190476191
2022,2,PHI,MIN,24,0.6714257558032133,0.8072309486906271,-0.03197495357972001,-0.7881190134868042,0.7034007093829333,1.5953499621774312,34,163.0,0.14705882352941177,0.14705882352941177,4.794117647058823,38,341.0,0.2631578947368421,0.10526315789473684,8.973684210526315
2022,3,CLE,PIT,29,-0.7566905236339021,-0.34615678335361216,0.34289889637432225,-1.1382337912715432,-1.0995894200082243,0.7920770079179311,38,171.0,0.10526315789473684,0.13157894736842105,4.5,33,205.0,0.12121212121212122,0.09090909090909091,6.212121212121212
2022,3,CAR,NO,22,0.7880879246295149,0.8082939813334681,0.1773846266857621,-1.4420171739446161,0.6107032979437528,2.250311155278084,32,145.0,0.09375,0.15625,4.53125,28,148.0,0.14285714285714285,0.17857142857142858,5.285714285714286
2022,3,CHI,HOU,23,0.6915167414915888,-0.45396056927092915,-0.42485892689125326,-0.45524221903792794,1.116375668382842,0.0012816497669987936,40,281.0,0.2,0.15,7.025,25,124.0,0.16,0.2,4.96
2022,3,IND,KC,20,0.20074102560784546,-0.4637457317111397,0.02032318413484205,0.7162443076782016,0.1804178414730034,-1.1799900393893412,27,82.0,0.037037037037037035,0.2222222222222222,3.037037037037037,43,180.0,0.09302325581395349,0.16279069767441862,4.186046511627907
2022,3,MIA,BUF,21,-0.7242361332588634,-1.3404306625487485,1.1451627631683094,0.2645454543342098,-1.8693988964271728,-1.6049761168829584,17,41.0,0.0,0.35294117647058826,2.411764705882353,22,171.0,0.18181818181818182,0.09090909090909091,7.7727272727272725
2022,3,MIN,DET,28,-1.4415168991685754,-0.7386865102329673,-0.6775982522449681,0.8920291942861697,-0.7639186469236073,-1.630715704519137,25,123.0,0.12,0.16,4.92,41,250.0,0.17073170731707318,0.024390243902439025,6.097560975609756
2022,3,NE,BAL,26,-0.03518900643483225,0.7513923970351314,0.17521910832686233,-0.8091091933930938,-0.21040811476169458,1.5605015904282253,28,145.0,0.17857142857142858,0.07142857142857142,5.178571428571429,41,333.0,0.1951219512195122,0.12195121951219512,8.121951219512194
2022,3,NYJ,CIN,12,-0.9561200798144436,-0.7784015949699472,0.4120055277675736,0.5865143331979547,-1.3681256075820172,-1.364915928167902,20,76.0,0.05,0.15,3.8,56,252.0,0.14285714285714285,0.10714285714285714,4.5
2022,3,TEN,LV,24,0.1168653498166222,-1.4252186093799806,-0.24106297978280178,-0.07268080194936521,0.357928329599424,-1.3525378074306154,27,109.0,0.18518518518518517,0.25925925925925924,4.037037037037037,28,252.0,0.25,0.03571428571428571,9.0
2022,3,WAS,PHI,8,0.17510741924719025,-0.7206739023145268,-0.7146579987734276,0.850891411706002,0.8897654180206178,-1.5715653140205288,22,87.0,0.13636363636363635,0.22727272727272727,3.9545454545454546,56,175.0,0.07142857142857142,0.17857142857142858,3.125
2022,3,LAC,JAX,10,-0.747435672408291,-0.3904456179600085,0.45404593853045905,1.2148742894915692,-1.20148161093875,-1.6053199074515776,12,26.0,0.0,0.4166666666666667,2.1666666666666665,47,293.0,0.10638297872340426,0.0425531914893617,6.23404255319149
2022,3,ARI,LA,12,0.08234868385284955,0.464285084822043,0.08879834300811462,-0.7170420857963925,-0.006449659155265075,1.1813271706184354,21,70.0,0.047619047619047616,0.23809523809523808,3.3333333333333335,62,303.0,0.03225806451612903,0.04838709677419355,4.887096774193548
2022,3,SEA,ATL,23,-0.9323787448583898,-0.011817645633126816,-1.2895080392602694,-1.6001061094149172,0.35712929440187957,1.5882884637817902,23,112.0,0.21739130434782608,0.21739130434782608,4.869565217391305,46,308.0,0.15217391304347827,0.043478260869565216,6.695652173913044
2022,3,TB,GB,12,-0.7060020118106272,1.5861222196554996,-1.0385676577709135,0.8463662326240963,0.33256564596028637,0.7397559870314033,14,34.0,0.0,0.35714285714285715,2.4285714285714284,46,251.0,0.10869565217391304,0.10869565217391304,5.456521739130435
2022,3,DEN,SF,11,0.05350790762478089,-1.2229045971924017,1.0689635038826355,0.01579167679118913,-1.0154555962578546,-1.238696273983591,33,101.0,0.06060606060606061,0.24242424242424243,3.0606060606060606,41,180.0,0.12195121951219512,0.17073170731707318,4.390243902439025
2022,3,NYG,DAL,16,0.27216121721100434,-0.847810844316566,-0.12632239231397757,0.6760498619259532,0.3984836095249819,-1.5238607062425191,25,167.0,0.24,0.04,6.68,49,231.0,0.08163265306122448,0.12244897959183673,4.714285714285714
2022,4,CIN,MIA,27,0.49376812214360655,1.1588789904283823,1.0250959540531865,0.14680097547520296,-0.53132783190958,1.0120780149531794,30,67.0,0.0,0.26666666666666666,2.2333333333333334,35,313.0,0.22857142857142856,0.08571428571428572,8.942857142857143
2022,4,NO,MIN,25,0.32366847668337684,0.8602323844244685,-0.03197495357972001,-0.7881190134868042,0.35564343026309686,1.6483513979112727,27,111.0,0.1111111111111111,0.1111111111111111,4.111111111111111,31,229.0,0.1935483870967742,0.06451612903225806,7.387096774193548
2022,4,ATL,CLE,23,0.7939899366085648,0.9335105475253743,-0.7809640144820956,-0.6838726483016284,1.5749539510906603,1.6173831958270029,35,202.0,0.17142857142857143,0.2571428571428571,5.771428571428571,20,131.0,0.2,0.05,6.55
2022,4,BAL,BUF,20,0.22175278403647453,0.5638346121335577,1.1451627631683094,0.2645454543342098,-0.9234099791318349,0.2992891577993479,33,162.0,0.21212121212121213,0.18181818181818182,4.909090909090909,38,185.0,0.05263157894736842,0.10526315789473684,4.868421052631579
2022,4,DAL,WAS,25,-0.23994023024135525,-0.17817022463101917,0.5000288658201812,0.16883755023494196,-0.7399690960615365,-0.3470077748659611,29,62.0,0.0,0.2413793103448276,2.1379310344827585,29,223.0,0.2413793103448276,0.034482758620689655,7.689655172413793
2022,4,DET,SEA,45,0.328371958713235,0.014661231242537737,-0.7331677120317224,-0.40521743097738255,1.0615396707449574,0.4198786622199203,26,147.0,0.07692307692307693,0.15384615384615385,5.653846153846154,43,378.0,0.23255813953488372,0.046511627906976744,8.790697674418604
2022,4,HOU,LAC,24,-1.1468573244097897,-0.5447609632143372,-1.3418540698468266,-0.5101748252163102,0.19499674543703693,-0.03458613799802701,14,131.0,0.14285714285714285,0.14285714285714285,9.357142857142858,39,215.0,0.15384615384615385,0.20512820512820512,5.512820512820513
2022,4,IND,TEN,17,0.20074102560784546,-0.4637457317111397,2.0848049719717907,0.32861241670170555,-1.8840639463639453,-0.7923581484128452,23,38.0,0.08695652173913043,0.30434782608695654,1.6521739130434783,41,329.0,0.21951219512195122,0.12195121951219512,8.024390243902438
2022,4,NYG,CHI,20,0.27216121721100434,-0.847810844316566,-0.5543285871482293,-0.7525472810493269,0.8264898043592337,-0.09526356326723906,44,262.0,0.18181818181818182,0.18181818181818182,5.954545454545454,22,124.0,0.09090909090909091,0.045454545454545456,5.636363636363637
2022,4,PHI,JAX,29,0.6714257558032133,0.8072309486906271,0.45404593853045905,1.2148742894915692,0.21737981727275424,-0.4076433408009421,50,210.0,0.14,0.24,4.2,30,198.0,0.2,0.1,6.6
2022,4,PIT,NYJ,20,0.2298117943376292,0.3066931329030185,0.6378792381741757,0.8754832070188227,-0.4080674438365465,-0.5687900741158042,31,119.0,0.0967741935483871,0.16129032258064516,3.838709677419355,33,191.0,0.15151515151515152,0.09090909090909091,5.787878787878788
2022,4,CAR,ARI,16,0.7880879246295149,0.8082939813334681,0.41877686064413033,0.666431125845554,0.3693110639853846,0.1418628554879141,13,40.0,0.23076923076923078,0.46153846153846156,3.076923076923077,39,180.0,0.07692307692307693,0.07692307692307693,4.615384615384615
2022,4,GB,NE,27,0.7214373340251181,0.26790617417107554,-0.2603140535564843,0.6759487832640616,0.9817513875816024,-0.40804260909298606,35,199.0,0.2,0.02857142857142857,5.685714285714286,37,245.0,0.1891891891891892,0.05405405405405406,6.621621621621622
2022,4,LV,DEN,32,0.2200107499893025,0.033167916018868406,0.13299254331703764,-0.5065123869088238,0.08701820667226487,0.5396803029276922,38,212.0,0.13157894736842105,0.15789473684210525,5.578947368421052,39,209.0,0.10256410256410256,0.07692307692307693,5.358974358974359
2022,4,TB,KC,31,-0.7060020118106272,1.5861222196554996,0.02032318413484205,0.7162443076782016,-0.7263251959454692,0.869877911977298,6,3.0,0.0,0.3333333333333333,0.5,53,373.0,0.1320754716981132,0.018867924528301886,7.037735849056604
2022,4,SF,LA,24,-0.1512011601313647,1.1119146552760342,0.08879834300811462,-0.7170420857963925,-0.23999950313947932,1.8289567410724268,22,88.0,0.045454545454545456,0.22727272727272727,4.0,28,242.0,0.21428571428571427,0.03571428571428571,8.642857142857142
2022,5,DEN,IND,9,0.05350790762478089,-1.2229045971924017,0.9213736291367455,0.0966366791632454,-0.8678657215119646,-1.319541276355647,28,125.0,0.10714285714285714,0.21428571428571427,4.464285714285714,45,274.0,0.08888888888888889,0.08888888888888889,6.088888888888889
2022,5,GB,NYG,22,0.7214373340251181,0.26790617417107554,-1.6949784594262278,0.9297685802413257,2.416415793451346,-0.6618624060702502,20,94.0,0.1,0.05,4.7,41,207.0,0.0975609756097561,0.12195121951219512,5.048780487804878
2022,5,BUF,PIT,38,0.6729825196687502,0.41282196511903263,0.34289889637432225,-1.1382337912715432,0.330083623294428,1.5510557563905758,18,120.0,0.2222222222222222,0.3333333333333333,6.666666666666667,39,474.0,0.2564102564102564,0.05128205128205128,12.153846153846153
2022,5,CLE,LAC,28,-0.7566905236339021,-0.34615678335361216,-1.3418540698468266,-0.5101748252163102,0.5851635462129245,0.16401804186269803,31,213.0,0.25806451612903225,0.1935483870967742,6.870967741935484,36,259.0,0.16666666666666666,0.0,7.194444444444445
2022,5,JAX,HOU,6,0.07765890727174589,0.41543415068143325,-0.42485892689125326,-0.45524221903792794,0.5025178341629991,0.8706763697193611,26,136.0,0.11538461538461539,0.23076923076923078,5.230769230769231,49,312.0,0.16326530612244897,0.0,6.36734693877551
2022,5,MIN,CHI,29,-1.4415168991685754,-0.7386865102329673,-0.5543285871482293,-0.7525472810493269,-0.8871883120203461,0.013860770816359613,31,117.0,0.12903225806451613,0.1935483870967742,3.774193548387097,44,319.0,0.1590909090909091,0.022727272727272728,7.25
2022,5,NE,DET,29,-0.03518900643483225,0.7513923970351314,-0.6775982522449681,0.8920291942861697,0.6424092458101358,-0.14063679725103828,35,176.0,0.14285714285714285,0.2857142857142857,5.0285714285714285,22,193.0,0.3181818181818182,0.045454545454545456,8.772727272727273
2022,5,NO,SEA,39,0.32366847668337684,0.8602323844244685,-0.7331677120317224,-0.40521743097738255,1.0568361887150992,1.265449815401851,49,237.0,0.08163265306122448,0.14285714285714285,4.836734693877551,27,208.0,0.14814814814814814,0.037037037037037035,7.703703703703703
2022,5,NYJ,MIA,40,-0.9561200798144436,-0.7784015949699472,1.0250959540531865,0.14680097547520296,-1.9812160338676301,-0.9252025704451502,33,135.0,0.15151515151515152,0.18181818181818182,4.090909090909091,24,192.0,0.16666666666666666,0.125,8.0
2022,5,TB,ATL,21,-0.7060020118106272,1.5861222196554996,-1.2895080392602694,-1.6001061094149172,0.5835060274496422,3.186228329070417,23,69.0,0.08695652173913043,0.2608695652173913,3.0,53,353.0,0.09433962264150944,0.018867924528301886,6.660377358490566
2022,5,WAS,TEN,17,0.17510741924719025,-0.7206739023145268,2.0848049719717907,0.32861241670170555,-1.9096975527246005,-1.0492863190162323,17,43.0,0.0,0.23529411764705882,2.5294117647058822,43,355.0,0.16279069767441862,0.06976744186046512,8.255813953488373
2022,5,CAR,SF,15,0.7880879246295149,0.8082939813334681,1.0689635038826355,0.01579167679118913,-0.28087557925312057,0.792502304542279,18,64.0,0.05555555555555555,0.3888888888888889,3.5555555555555554,48,244.0,0.10416666666666667,0.125,5.083333333333333
2022,5,ARI,PHI,17,0.08234868385284955,0.464285084822043,-0.7146579987734276,0.850891411706002,0.7970066826262772,-0.386606326883959,26,124.0,0.19230769230769232,0.2692307692307692,4.769230769230769,42,244.0,0.09523809523809523,0.07142857142857142,5.809523809523809
2022,5,BAL,CIN,19,0.22175278403647453,0.5638346121335577,0.4120055277675736,0.5865143331979547,-0.19025274373109907,-0.022679721064396974,28,155.0,0.21428571428571427,0.14285714285714285,5.535714285714286,35,175.0,0.08571428571428572,0.02857142857142857,5.0
2022,5,KC,LV,30,0.7023531774080051,-0.018247185643543842,-0.24106297978280178,-0.07268080194936521,0.9434161571908068,0.05443361630582137,23,103.0,0.08695652173913043,0.2608695652173913,4.478260869565218,49,285.0,0.10204081632653061,0.061224489795918366,5.816326530612245
2022,6,CHI,WAS,7,0.6915167414915888,-0.45396056927092915,0.5000288658201812,0.16883755023494196,0.19148787567140757,-0.6227981195058712,37,237.0,0.13513513513513514,0.10810810810810811,6.405405405405405,42,240.0,0.14285714285714285,0.11904761904761904,5.714285714285714
2022,6,ATL,SF,28,0.7939899366085648,0.9335105475253743,1.0689635038826355,0.01579167679118913,-0.27497356727407074,0.9177188707341852,40,168.0,0.075,0.075,4.2,17,136.0,0.17647058823529413,0.11764705882352941,8.0
2022,6,CLE,NE,15,-0.7566905236339021,-0.34615678335361216,-0.2603140535564843,0.6759487832640616,-0.4963764700774178,-1.0221055666176737,18,70.0,0.05555555555555555,0.2222222222222222,3.888888888888889,50,258.0,0.12,0.08,5.16
2022,6,GB,NYJ,10,0.7214373340251181,0.26790617417107554,0.6378792381741757,0.8754832070188227,0.08355809585094243,-0.6075770328477471,20,60.0,0.05,0.2,3.0,49,218.0,0.061224489795918366,0.10204081632653061,4.448979591836735
2022,6,IND,JAX,34,0.20074102560784546,-0.4637457317111397,0.45404593853045905,1.2148742894915692,-0.2533049129226136,-1.678620021202709,17,47.0,0.058823529411764705,0.11764705882352941,2.764705882352941,59,389.0,0.2033898305084746,0.05084745762711865,6.593220338983051
2022,6,MIA,MIN,16,-0.7242361332588634,-1.3404306625487485,-0.03197495357972001,-0.7881190134868042,-0.6922611796791434,-0.5523116490619443,20,73.0,0.1,0.25,3.65,56,404.0,0.16071428571428573,0.125,7.214285714285714
2022,6,NO,CIN,26,0.32366847668337684,0.8602323844244685,0.4120055277675736,0.5865143331979547,-0.08833705108419676,0.2737180512265138,34,228.0,0.20588235294117646,0.20588235294117646,6.705882352941177,37,171.0,0.10810810810810811,0.08108108108108109,4.621621621621622
2022,6,NYG,BAL,24,0.27216121721100434,-0.847810844316566,0.17521910832686233,-0.8091091933930938,0.09694210888414201,-0.03870165092347211,31,83.0,0.0,0.22580645161290322,2.6774193548387095,32,159.0,0.15625,0.125,4.96875
2022,6,PIT,TB,20,0.2298117943376292,0.3066931329030185,0.23439702972008314,0.06434935282629729,-0.0045852353824539505,0.2423437800767212,29,77.0,0.06896551724137931,0.27586206896551724,2.6551724137931036,34,209.0,0.11764705882352941,0.058823529411764705,6.147058823529412
2022,6,SEA,ARI,19,-0.9323787448583898,-0.011817645633126816,0.41877686064413033,0.666431125845554,-1.35115560550252,-0.6782487714786808,30,136.0,0.16666666666666666,0.3,4.533333333333333,38,192.0,0.13157894736842105,0.13157894736842105,5.052631578947368
2022,6,KC,BUF,20,0.7023531774080051,-0.018247185643543842,1.1451627631683094,0.2645454543342098,-0.4428095857603044,-0.2827926399777536,18,68.0,0.1111111111111111,0.16666666666666666,3.7777777777777777,47,340.0,0.1702127659574468,0.0851063829787234,7.23404255319149
2022,6,PHI,DAL,26,0.6714257558032133,0.8072309486906271,-0.12632239231397757,0.6760498619259532,0.7977481481171909,0.13118108676467388,40,136.0,0.05,0.25,3.4,30,137.0,0.1,0.16666666666666666,4.566666666666666
2022,6,LAC,DEN,19,-0.747435672408291,-0.3904456179600085,0.13299254331703764,-0.5065123869088238,-0.8804282157253287,0.11606676894881535,24,73.0,0.041666666666666664,0.25,3.0416666666666665,61,233.0,0.03278688524590164,0.09836065573770492,3.819672131147541
2022,7,ARI,NO,42,0.08234868385284955,0.464285084822043,0.1773846266857621,-1.4420171739446161,-0.09503594283291256,1.9063022587666592,30,139.0,0.16666666666666666,0.26666666666666666,4.633333333333334,33,202.0,0.21212121212121213,0.15151515151515152,6.121212121212121
2022,7,BAL,CLE,23,0.22175278403647453,0.5638346121335577,-0.7809640144820956,-0.6838726483016284,1.00271679851857,1.247707260435186,44,160.0,0.11363636363636363,0.22727272727272727,3.6363636363636362,21,111.0,0.19047619047619047,0.14285714285714285,5.285714285714286
2022,7,CAR,TB,21,0.7880879246295149,0.8082939813334681,0.23439702972008314,0.06434935282629729,0.5536908949094318,0.7439446285071708,27,173.0,0.14814814814814814,0.2222222222222222,6.407407407407407,23,170.0,0.21739130434782608,0.043478260869565216,7.391304347826087
2022,7,CIN,ATL,35,0.49376812214360655,1.1588789904283823,-1.2895080392602694,-1.6001061094149172,1.783276161403876,2.7589850998432994,21,78.0,0.09523809523809523,0.19047619047619047,3.7142857142857144,45,459.0,0.2222222222222222,0.06666666666666667,10.2
2022,7,DAL,DET,24,-0.23994023024135525,-0.17817022463101917,-0.6775982522449681,0.8920291942861697,0.4376580220036128,-1.0701994189171888,32,139.0,0.125,0.25,4.34375,28,193.0,0.21428571428571427,0.07142857142857142,6.892857142857143
2022,7,JAX,NYG,17,0.07765890727174589,0.41543415068143325,-1.6949784594262278,0.9297685802413257,1.7726373666979738,-0.5143344295598924,22,144.0,0.18181818181818182,0.09090909090909091,6.545454545454546,44,310.0,0.1590909090909091,0.0,7.045454545454546
2022,7,TEN,IND,19,0.1168653498166222,-1.4252186093799806,0.9213736291367455,0.0966366791632454,-0.8045082793201233,-1.521855288543226,35,138.0,0.08571428571428572,0.2571428571428571,3.942857142857143,22,116.0,0.13636363636363635,0.13636363636363635,5.2727272727272725
2022,7,WAS,GB,23,0.17510741924719025,-0.7206739023145268,-1.0385676577709135,0.8463662326240963,1.2136750770181037,-1.567040134938623,38,166.0,0.10526315789473684,0.15789473684210525,4.368421052631579,35,203.0,0.08571428571428572,0.05714285714285714,5.8
2022,7,DEN,NYJ,9,0.05350790762478089,-1.2229045971924017,0.6378792381741757,0.8754832070188227,-0.5843713305493948,-2.0983878042112245,28,105.0,0.07142857142857142,0.03571428571428571,3.75,48,225.0,0.08333333333333333,0.0625,4.6875
2022,7,LV,HOU,38,0.2200107499893025,0.033167916018868406,-0.42485892689125326,-0.45524221903792794,0.6448696768805557,0.48841013505679637,27,164.0,0.2962962962962963,0.25925925925925924,6.074074074074074,28,236.0,0.2857142857142857,0.07142857142857142,8.428571428571429
2022,7,LAC,SEA,23,-0.747435672408291,-0.3904456179600085,-0.7331677120317224,-0.40521743097738255,-0.014267960376568634,0.01477181301737407,15,53.0,0.13333333333333333,0.13333333333333333,3.533333333333333,57,298.0,0.12280701754385964,0.12280701754385964,5.228070175438597
2022,7,SF,KC,23,-0.1512011601313647,1.1119146552760342,0.02032318413484205,0.7162443076782016,-0.17152434426620675,0.3956703475978326,21,101.0,0.23809523809523808,0.19047619047619047,4.809523809523809,52,344.0,0.21153846153846154,0.09615384615384616,6.615384615384615
2022,7,MIA,PIT,16,-0.7242361332588634,-1.3404306625487485,0.34289889637432225,-1.1382337912715432,-1.0671350296331856,-0.20219687127720531,27,111.0,0.1111111111111111,0.18518518518518517,4.111111111111111,38,277.0,0.2631578947368421,0.02631578947368421,7.2894736842105265
2022,7,NE,CHI,14,-0.03518900643483225,0.7513923970351314,-0.5543285871482293,-0.7525472810493269,0.519139580713397,1.5039396780844583,19,70.0,0.05263157894736842,0.15789473684210525,3.6842105263157894,32,214.0,0.125,0.0625,6.6875
2022,8,TB,BAL,22,-0.7060020118106272,1.5861222196554996,0.17521910832686233,-0.8091091933930938,-0.8812211201374895,2.3952314130485934,16,44.0,0.0,0.25,2.75,47,306.0,0.1276595744680851,0.0851063829787234,6.51063829787234
2022,8,JAX,DEN,17,0.07765890727174589,0.41543415068143325,0.13299254331703764,-0.5065123869088238,-0.05533363604529175,0.9219465375902571,32,191.0,0.15625,0.125,5.96875,35,126.0,0.11428571428571428,0.17142857142857143,3.6
2022,8,ATL,CAR,37,0.7939899366085648,0.9335105475253743,0.07000711239268648,-0.13530047205837553,0.7239828242158783,1.06881101958375,37,167.0,0.10810810810810811,0.16216216216216217,4.513513513513513,31,243.0,0.1935483870967742,0.12903225806451613,7.838709677419355
2022,8,DAL,CHI,49,-0.23994023024135525,-0.17817022463101917,-0.5543285871482293,-0.7525472810493269,0.31438835690687406,0.5743770564183077,29,200.0,0.20689655172413793,0.2413793103448276,6.896551724137931,28,242.0,0.25,0.03571428571428571,8.642857142857142
2022,8,DET,MIA,27,0.328371958713235,0.014661231242537737,1.0250959540531865,0.14680097547520296,-0.6967239953399516,-0.13213974423266522,19,82.0,0.10526315789473684,0.15789473684210525,4.315789473684211,39,314.0,0.10256410256410256,0.02564102564102564,8.051282051282051
2022,8,MIN,ARI,34,-1.4415168991685754,-0.7386865102329673,0.41877686064413033,0.666431125845554,-1.8602937598127056,-1.4051176360785211,29,173.0,0.2413793103448276,0.1724137931034483,5.9655172413793105,42,227.0,0.11904761904761904,0.07142857142857142,5.404761904761905
2022,8,NO,LV,24,0.32366847668337684,0.8602323844244685,-0.24106297978280178,-0.07268080194936521,0.5647314564661786,0.9329131863738337,32,136.0,0.09375,0.09375,4.25,31,231.0,0.0967741935483871,0.0,7.451612903225806
2022,8,NYJ,NE,17,-0.9561200798144436,-0.7784015949699472,-0.2603140535564843,0.6759487832640616,-0.6958060262579593,-1.4543503782340088,15,51.0,0.06666666666666667,0.13333333333333333,3.4,43,336.0,0.20930232558139536,0.046511627906976744,7.813953488372093
2022,8,PHI,PIT,35,0.6714257558032133,0.8072309486906271,0.34289889637432225,-1.1382337912715432,0.32852685942889104,1.9454647399621703,20,111.0,0.2,0.1,5.55,34,292.0,0.23529411764705882,0.14705882352941177,8.588235294117647
2022,8,HOU,TEN,10,-1.1468573244097897,-0.5447609632143372,2.0848049719717907,0.32861241670170555,-3.2316622963815806,-0.8733733799160428,18,43.0,0.1111111111111111,0.3888888888888889,2.388888888888889,35,127.0,0.11428571428571428,0.17142857142857143,3.6285714285714286
2022,8,IND,WAS,16,0.20074102560784546,-0.4637457317111397,0.5000288658201812,0.16883755023494196,-0.2992878402123358,-0.6325832819460817,29,135.0,0.06896551724137931,0.1724137931034483,4.655172413793103,28,202.0,0.17857142857142858,0.14285714285714285,7.214285714285714
2022,8,SEA,NYG,27,-0.9323787448583898,-0.011817645633126816,-1.6949784594262278,0.9297685802413257,0.762599714567838,-0.9415862258744525,25,87.0,0.12,0.2,3.48,41,217.0,0.12195121951219512,0.07317073170731707,5.2926829268292686
2022,8,BUF,GB,27,0.6729825196687502,0.41282196511903263,-1.0385676577709135,0.8463662326240963,1.7115501774396638,-0.43354426750506364,27,153.0,0.18518518518518517,0.2222222222222222,5.666666666666667,30,256.0,0.16666666666666666,0.06666666666666667,8.533333333333333
2022,8,CLE,CIN,32,-0.7566905236339021,-0.34615678335361216,0.4120055277675736,0.5865143331979547,-1.1686960514014757,-0.9326711165515669,45,174.0,0.1111111111111111,0.26666666666666666,3.8666666666666667,25,271.0,0.24,0.08,10.84
2022,9,HOU,PHI,17,-1.1468573244097897,-0.5447609632143372,-0.7146579987734276,0.850891411706002,-0.4321993256363621,-1.3956523749203393,32,168.0,0.09375,0.125,5.25,28,153.0,0.10714285714285714,0.14285714285714285,5.464285714285714
2022,9,ATL,LAC,17,0.7939899366085648,0.9335105475253743,-1.3418540698468266,-0.5101748252163102,2.1358440064553914,1.4436853727416845,35,201.0,0.05714285714285714,0.08571428571428572,5.742857142857143,27,124.0,0.14814814814814814,0.07407407407407407,4.592592592592593
2022,9,CHI,MIA,32,0.6915167414915888,-0.45396056927092915,1.0250959540531865,0.14680097547520296,-0.3335792125615977,-0.6007615447461321,40,252.0,0.2,0.1,6.3,38,228.0,0.05263157894736842,0.05263157894736842,6.0
2022,9,CIN,CAR,42,0.49376812214360655,1.1588789904283823,0.07000711239268648,-0.13530047205837553,0.42376100975092007,1.2941794624867577,39,241.0,0.20512820512820512,0.1794871794871795,6.17948717948718,33,223.0,0.09090909090909091,0.06060606060606061,6.757575757575758
2022,9,DET,GB,15,0.328371958713235,0.014661231242537737,-1.0385676577709135,0.8463662326240963,1.3669396164841485,-0.8317050013815586,32,119.0,0.0625,0.125,3.71875,26,137.0,0.15384615384615385,0.038461538461538464,5.269230769230769
2022,9,JAX,LV,27,0.07765890727174589,0.41543415068143325,-0.24106297978280178,-0.07268080194936521,0.3187218870545477,0.48811495263079846,37,168.0,0.13513513513513514,0.24324324324324326,4.54054054054054,32,275.0,0.15625,0.0,8.59375
2022,9,NE,IND,26,-0.03518900643483225,0.7513923970351314,0.9213736291367455,0.0966366791632454,-0.9565626355715777,0.654755717871886,28,70.0,0.10714285714285714,0.32142857142857145,2.5,34,133.0,0.08823529411764706,0.17647058823529413,3.911764705882353
2022,9,NYJ,BUF,20,-0.9561200798144436,-0.7784015949699472,1.1451627631683094,0.2645454543342098,-2.1012828429827533,-1.042947049304157,34,174.0,0.17647058823529413,0.17647058823529413,5.117647058823529,29,154.0,0.10344827586206896,0.10344827586206896,5.310344827586207
2022,9,WAS,MIN,17,0.17510741924719025,-0.7206739023145268,-0.03197495357972001,-0.7881190134868042,0.20708237282691028,0.06744511117227747,30,137.0,0.06666666666666667,0.13333333333333333,4.566666666666666,34,144.0,0.08823529411764706,0.14705882352941177,4.235294117647059
2022,9,ARI,SEA,21,0.08234868385284955,0.464285084822043,-0.7331677120317224,-0.40521743097738255,0.8155163958845719,0.8695025157994256,21,122.0,0.19047619047619047,0.14285714285714285,5.809523809523809,44,194.0,0.06818181818181818,0.18181818181818182,4.409090909090909
2022,9,TB,LA,16,-0.7060020118106272,1.5861222196554996,0.08879834300811462,-0.7170420857963925,-0.7948003548187418,2.303164305451892,20,51.0,0.0,0.2,2.55,58,272.0,0.06896551724137931,0.05172413793103448,4.689655172413793
2022,9,KC,TEN,20,0.7023531774080051,-0.018247185643543842,2.0848049719717907,0.32861241670170555,-1.3824517945637855,-0.3468596023452494,20,79.0,0.15,0.3,3.95,78,485.0,0.08974358974358974,0.0641025641025641,6.217948717948718
2022,9,NO,BAL,13,0.32366847668337684,0.8602323844244685,0.17521910832686233,-0.8091091933930938,0.1484493683565145,1.6693415778175624,15,48.0,0.06666666666666667,0.26666666666666666,3.2,35,198.0,0.11428571428571428,0.11428571428571428,5.6571428571428575
2022,10,CAR,ATL,25,0.7880879246295149,0.8082939813334681,-1.2895080392602694,-1.6001061094149172,2.0775959638897845,2.408400090748385,47,232.0,0.1276595744680851,0.1702127659574468,4.9361702127659575,17,101.0,0.17647058823529413,0.11764705882352941,5.9411764705882355
2022,10,TB,SEA,21,-0.7060020118106272,1.5861222196554996,-0.7331677120317224,-0.40521743097738255,0.027165700221095213,1.9913396506328822,44,161.0,0.11363636363636363,0.25,3.659090909090909,30,258.0,0.23333333333333334,0.0,8.6
2022,10,BUF,MIN,30,0.6729825196687502,0.41282196511903263,-0.03197495357972001,-0.7881190134868042,0.7049574732484702,1.200940978605837,27,175.0,0.2222222222222222,0.3333333333333333,6.481481481481482,50,395.0,0.22,0.08,7.9
2022,10,CHI,DET,30,0.6915167414915888,-0.45396056927092915,-0.6775982522449681,0.8920291942861697,1.3691149937365568,-1.3459897635570988,35,258.0,0.17142857142857143,0.08571428571428572,7.371428571428571,26,165.0,0.11538461538461539,0.11538461538461539,6.346153846153846
2022,10,KC,JAX,27,0.7023531774080051,-0.018247185643543842,0.45404593853045905,1.2148742894915692,0.24830723887754602,-1.233121475135113,27,155.0,0.18518518518518517,0.1111111111111111,5.7407407407407405,40,371.0,0.175,0.0,9.275
2022,10,MIA,CLE,39,-0.7242361332588634,-1.3404306625487485,-0.7809640144820956,-0.6838726483016284,0.056727881223232246,-0.6565580142471201,33,195.0,0.21212121212121213,0.21212121212121213,5.909090909090909,34,296.0,0.29411764705882354,0.029411764705882353,8.705882352941176
2022,10,NYG,HOU,24,0.27216121721100434,-0.847810844316566,-0.42485892689125326,-0.45524221903792794,0.6970201441022577,-0.392568625278638,47,191.0,0.10638297872340426,0.1702127659574468,4.0638297872340425,23,198.0,0.21739130434782608,0.17391304347826086,8.608695652173912
2022,10,PIT,NO,20,0.2298117943376292,0.3066931329030185,0.1773846266857621,-1.4420171739446161,0.052427167651867085,1.7487103068476346,43,217.0,0.13953488372093023,0.16279069767441862,5.046511627906977,40,206.0,0.075,0.15,5.15
2022,10,TEN,DEN,17,0.1168653498166222,-1.4252186093799806,0.13299254331703764,-0.5065123869088238,-0.016127193500415443,-0.9187062224711567,23,63.0,0.08695652173913043,0.17391304347826086,2.739130434782609,38,255.0,0.15789473684210525,0.02631578947368421,6.7105263157894735
2022,10,LV,IND,20,0.2200107499893025,0.033167916018868406,0.9213736291367455,0.0966366791632454,-0.701362879147443,-0.063468763144377,24,77.0,0.041666666666666664,0.20833333333333334,3.2083333333333335,41,232.0,0.0975609756097561,0.07317073170731707,5.658536585365853
2022,10,GB,DAL,31,0.7214373340251181,0.26790617417107554,-0.12632239231397757,0.6760498619259532,0.8477597263390957,-0.40814368775487764,39,207.0,0.10256410256410256,0.10256410256410256,5.3076923076923075,23,215.0,0.21739130434782608,0.17391304347826086,9.347826086956522
2022,10,SF,LAC,22,-0.1512011601313647,1.1119146552760342,-1.3418540698468266,-0.5101748252163102,1.190652909715462,1.6220894804923445,41,157.0,0.0975609756097561,0.24390243902439024,3.8292682926829267,30,232.0,0.23333333333333334,0.1,7.733333333333333
2022,10,PHI,WAS,21,0.6714257558032133,0.8072309486906271,0.5000288658201812,0.16883755023494196,0.17139688998303204,0.6383933984556851,20,94.0,0.1,0.0,4.7,28,171.0,0.14285714285714285,0.07142857142857142,6.107142857142857
2022,11,GB,TEN,17,0.7214373340251181,0.26790617417107554,2.0848049719717907,0.32861241670170555,-1.3633676379466726,-0.060706242530630006,19,56.0,0.05263157894736842,0.2631578947368421,2.9473684210526314,41,217.0,0.0975609756097561,0.04878048780487805,5.2926829268292686
2022,11,ATL,CHI,27,0.7939899366085648,0.9335105475253743,-0.5543285871482293,-0.7525472810493269,1.348318523756794,1.6860578285747012,33,149.0,0.15151515151515152,0.2727272727272727,4.515151515151516,22,138.0,0.18181818181818182,0.045454545454545456,6.2727272727272725
2022,11,BAL,CAR,13,0.22175278403647453,0.5638346121335577,0.07000711239268648,-0.13530047205837553,0.15174567164378805,0.6991350841919333,30,115.0,0.1,0.26666666666666666,3.8333333333333335,37,192.0,0.10810810810810811,0.13513513513513514,5.1891891891891895
2022,11,BUF,CLE,31,0.6729825196687502,0.41282196511903263,-0.7809640144820956,-0.6838726483016284,1.453946534150846,1.096694613420661,34,171.0,0.17647058823529413,0.23529411764705882,5.029411764705882,30,192.0,0.16666666666666666,0.06666666666666667,6.4
2022,11,HOU,WAS,10,-1.1468573244097897,-0.5447609632143372,0.5000288658201812,0.16883755023494196,-1.646886190229971,-0.7135985134492792,16,21.0,0.0,0.25,1.3125,40,135.0,0.075,0.175,3.375
2022,11,IND,PHI,16,0.20074102560784546,-0.4637457317111397,-0.7146579987734276,0.850891411706002,0.9153990243812731,-1.3146371434171418,26,99.0,0.07692307692307693,0.3076923076923077,3.8076923076923075,36,185.0,0.16666666666666666,0.16666666666666666,5.138888888888889
2022,11,NE,NYJ,10,-0.03518900643483225,0.7513923970351314,0.6378792381741757,0.8754832070188227,-0.6730682446090079,-0.12409080998369126,26,99.0,0.07692307692307693,0.23076923076923078,3.8076923076923075,33,198.0,0.18181818181818182,0.18181818181818182,6.0
2022,11,NO,LA,27,0.32366847668337684,0.8602323844244685,0.08879834300811462,-0.7170420857963925,0.23487013367526222,1.577274470220861,24,88.0,0.125,0.20833333333333334,3.6666666666666665,32,235.0,0.1875,0.125,7.34375
2022,11,NYG,DET,18,0.27216121721100434,-0.847810844316566,-0.6775982522449681,0.8920291942861697,0.9497594694559723,-1.7398400386027357,26,89.0,0.038461538461538464,0.19230769230769232,3.423076923076923,49,331.0,0.2653061224489796,0.061224489795918366,6.755102040816326
2022,11,DEN,LV,16,0.05350790762478089,-1.2229045971924017,-0.24106297978280178,-0.07268080194936521,0.29457088740758264,-1.1502237952430365,28,94.0,0.07142857142857142,0.10714285714285714,3.357142857142857,35,234.0,0.2,0.14285714285714285,6.685714285714286
2022,11,MIN,DAL,3,-1.4415168991685754,-0.7386865102329673,-0.12632239231397757,0.6760498619259532,-1.3151945068545978,-1.4147363721589206,17,73.0,0.17647058823529413,0.23529411764705882,4.294117647058823,37,110.0,0.08108108108108109,0.21621621621621623,2.972972972972973
2022,11,PIT,CIN,30,0.2298117943376292,0.3066931329030185,0.4120055277675736,0.5865143331979547,-0.1821937334299444,-0.2798212002949362,24,102.0,0.125,0.16666666666666666,4.25,44,249.0,0.11363636363636363,0.06818181818181818,5.659090909090909
2022,11,LAC,KC,27,-0.747435672408291,-0.3904456179600085,0.02032318413484205,0.7162443076782016,-0.767758856543133,-1.1066899256382101,30,115.0,0.03333333333333333,0.16666666666666666,3.8333333333333335,37,262.0,0.1891891891891892,0.1891891891891892,7.081081081081081
2022,11,ARI,SF,10,0.08234868385284955,0.464285084822043,1.0689635038826355,0.01579167679118913,-0.986614820029786,0.44849340803085386,24,67.0,0.08333333333333333,0.25,2.7916666666666665,49,254.0,0.12244897959183673,0.061224489795918366,5.183673469387755
2022,12,DET,BUF,25,0.328371958713235,0.014661231242537737,1.1451627631683094,0.2645454543342098,-0.8167908044550745,-0.24988422309167205,29,98.0,0.06896551724137931,0.27586206896551724,3.3793103448275863,39,230.0,0.15384615384615385,0.07692307692307693,5.897435897435898
2022,12,DAL,NYG,28,-0.23994023024135525,-0.17817022463101917,-1.6949784594262278,0.9297685802413257,1.4550382291848725,-1.1079388048723449,39,169.0,0.20512820512820512,0.23076923076923078,4.333333333333333,31,266.0,0.22580645161290322,0.03225806451612903,8.580645161290322
2022,12,MIN,NE,33,-1.4415168991685754,-0.7386865102329673,-0.2603140535564843,0.6759487832640616,-1.181202845612091,-1.414635293497029,27,57.0,0.0,0.37037037037037035,2.111111111111111,39,301.0,0.1794871794871795,0.07692307692307693,7.717948717948718
2022,12,CAR,DEN,23,0.7880879246295149,0.8082939813334681,0.13299254331703764,-0.5065123869088238,0.6550953813124774,1.314806368242292,46,185.0,0.08695652173913043,0.06521739130434782,4.021739130434782,20,166.0,0.2,0.0,8.3
2022,12,CLE,TB,23,-0.7566905236339021,-0.34615678335361216,0.23439702972008314,0.06434935282629729,-0.9910875533539852,-0.41050613617990944,34,189.0,0.20588235294117646,0.2647058823529412,5.5588235294117645,43,205.0,0.09302325581395349,0.16279069767441862,4.767441860465116
2022,12,JAX,BAL,28,0.07765890727174589,0.41543415068143325,0.17521910832686233,-0.8091091933930938,-0.09756020105511644,1.224543344074527,20,38.0,0.05,0.4,1.9,43,297.0,0.18604651162790697,0.09302325581395349,6.906976744186046
2022,12,MIA,HOU,30,-0.7242361332588634,-1.3404306625487485,-0.42485892689125326,-0.45524221903792794,-0.2993772063676101,-0.8851884435108206,26,66.0,0.038461538461538464,0.3076923076923077,2.5384615384615383,47,278.0,0.14893617021276595,0.1276595744680851,5.914893617021277
2022,12,NYJ,CHI,31,-0.9561200798144436,-0.7784015949699472,-0.5543285871482293,-0.7525472810493269,-0.4017914926662143,-0.02585431392062032,32,158.0,0.125,0.28125,4.9375,30,308.0,0.2,0.03333333333333333,10.266666666666667
2022,12,TEN,CIN,16,0.1168653498166222,-1.4252186093799806,0.4120055277675736,0.5865143331979547,-0.2951401779509514,-2.011732942577935,21,63.0,0.047619047619047616,0.3333333333333333,3.0,37,290.0,0.13513513513513514,0.05405405405405406,7.837837837837838
2022,12,WAS,ATL,19,0.17510741924719025,-0.7206739023145268,-1.2895080392602694,-1.6001061094149172,1.4646154585074596,0.8794322071003904,37,176.0,0.10810810810810811,0.05405405405405406,4.756756756756757,23,138.0,0.13043478260869565,0.0,6.0
2022,12,ARI,LAC,24,0.08234868385284955,0.464285084822043,-1.3418540698468266,-0.5101748252163102,1.4242027536996762,0.9744599100383532,34,181.0,0.11764705882352941,0.17647058823529413,5.323529411764706,33,207.0,0.12121212121212122,0.06060606060606061,6.2727272727272725
2022,12,SEA,LV,34,-0.9323787448583898,-0.011817645633126816,-0.24106297978280178,-0.07268080194936521,-0.691315765075588,0.0608631563162384,23,65.0,0.13043478260869565,0.30434782608695654,2.8260869565217392,42,331.0,0.19047619047619047,0.07142857142857142,7.880952380952381
2022,12,KC,LA,26,0.7023531774080051,-0.018247185643543842,0.08879834300811462,-0.7170420857963925,0.6135548343998904,0.6987949001528486,30,117.0,0.06666666666666667,0.1,3.9,46,356.0,0.17391304347826086,0.0,7.739130434782608
2022,12,SF,NO,13,-0.1512011601313647,1.1119146552760342,0.1773846266857621,-1.4420171739446161,-0.3285857868171268,2.5539318292206503,29,96.0,0.06896551724137931,0.20689655172413793,3.310344827586207,38,221.0,0.10526315789473684,0.07894736842105263,5.815789473684211
2022,12,PHI,GB,40,0.6714257558032133,0.8072309486906271,-1.0385676577709135,0.8463662326240963,1.7099934135741268,-0.03913528393346921,49,363.0,0.22448979591836735,0.10204081632653061,7.408163265306122,35,224.0,0.11428571428571428,0.11428571428571428,6.4
2022,12,IND,PIT,17,0.20074102560784546,-0.4637457317111397,0.34289889637432225,-1.1382337912715432,-0.1421578707664768,0.6744880595604035,25,110.0,0.12,0.12,4.4,39,200.0,0.10256410256410256,0.10256410256410256,5.128205128205129
2022,13,NE,BUF,10,-0.03518900643483225,0.7513923970351314,1.1451627631683094,0.2645454543342098,-1.1803517696031416,0.4868469427009216,14,60.0,0.21428571428571427,0.35714285714285715,4.285714285714286,38,187.0,0.07894736842105263,0.07894736842105263,4.921052631578948
2022,13,ATL,PIT,16,0.7939899366085648,0.9335105475253743,0.34289889637432225,-1.1382337912715432,0.4510910402342425,2.0717443387969174,28,146.0,0.10714285714285714,0.07142857142857142,5.214285714285714,25,160.0,0.12,0.04,6.4
2022,13,BAL,DEN,10,0.22175278403647453,0.5638346121335577,0.13299254331703764,-0.5065123869088238,0.08876024071943689,1.0703469990423815,28,103.0,0.10714285714285714,0.07142857142857142,3.6785714285714284,46,221.0,0.043478260869565216,0.15217391304347827,4.804347826086956
2022,13,CHI,GB,19,0.6915167414915888,-0.45396056927092915,-1.0385676577709135,0.8463662326240963,1.7300843992625023,-1.3003268018950254,25,155.0,0.08,0.2,6.2,28,262.0,0.21428571428571427,0.14285714285714285,9.357142857142858
2022,13,DET,JAX,40,0.328371958713235,0.014661231242537737,0.45404593853045905,1.2148742894915692,-0.12567397981722406,-1.2002130582490314,31,100.0,0.06451612903225806,0.16129032258064516,3.225806451612903,43,337.0,0.11627906976744186,0.046511627906976744,7.837209302325581
2022,13,HOU,CLE,14,-1.1468573244097897,-0.5447609632143372,-0.7809640144820956,-0.6838726483016284,-0.3658933099276941,0.13911168508729121,22,82.0,0.045454545454545456,0.18181818181818182,3.727272727272727,40,201.0,0.075,0.0,5.025
2022,13,MIN,NYJ,27,-1.4415168991685754,-0.7386865102329673,0.6378792381741757,0.8754832070188227,-2.079396137342751,-1.61416971725179,29,128.0,0.13793103448275862,0.27586206896551724,4.413793103448276,39,178.0,0.05128205128205128,0.10256410256410256,4.564102564102564
2022,13,NYG,WAS,20,0.27216121721100434,-0.847810844316566,0.5000288658201812,0.16883755023494196,-0.2278676486091769,-1.016648394551508,30,134.0,0.13333333333333333,0.23333333333333334,4.466666666666667,38,231.0,0.02631578947368421,0.13157894736842105,6.078947368421052
2022,13,PHI,TEN,35,0.6714257558032133,0.8072309486906271,2.0848049719717907,0.32861241670170555,-1.4133792161685774,0.4786185319889215,24,67.0,0.041666666666666664,0.16666666666666666,2.7916666666666665,43,386.0,0.18604651162790697,0.046511627906976744,8.976744186046512
2022,13,SF,MIA,33,-0.1512011601313647,1.1119146552760342,1.0250959540531865,0.14680097547520296,-1.1762971141845513,0.9651136798008312,34,121.0,0.08823529411764706,0.3235294117647059,3.5588235294117645,45,230.0,0.13333333333333333,0.08888888888888889,5.111111111111111
2022,13,CIN,KC,27,0.49376812214360655,1.1588789904283823,0.02032318413484205,0.7162443076782016,0.4734449380087645,0.4426346827501807,34,152.0,0.08823529411764706,0.14705882352941177,4.470588235294118,36,302.0,0.16666666666666666,0.027777777777777776,8.38888888888889
2022,13,LV,LAC,27,0.2200107499893025,0.033167916018868406,-1.3418540698468266,-0.5101748252163102,1.5618648198361291,0.5433427412351786,29,154.0,0.10344827586206896,0.10344827586206896,5.310344827586207,30,250.0,0.23333333333333334,0.0,8.333333333333334
2022,13,DAL,IND,54,-0.23994023024135525,-0.17817022463101917,0.9213736291367455,0.0966366791632454,-1.1613138593781007,-0.2748069037942646,34,220.0,0.20588235294117646,0.11764705882352941,6.470588235294118,32,165.0,0.125,0.125,5.15625
2022,13,TB,NO,17,-0.7060020118106272,1.5861222196554996,0.1773846266857621,-1.4420171739446161,-0.8833866384963893,3.0281393936001155,20,76.0,0.05,0.15,3.8,55,274.0,0.03636363636363636,0.03636363636363636,4.9818181818181815
2022,14,BUF,NYJ,20,0.6729825196687502,0.41282196511903263,0.6378792381741757,0.8754832070188227,0.035103281494574534,-0.46266124189979,24,102.0,0.16666666666666666,0.20833333333333334,4.25,33,162.0,0.09090909090909091,0.09090909090909091,4.909090909090909
2022,14,CIN,CLE,23,0.49376812214360655,1.1588789904283823,-0.7809640144820956,-0.6838726483016284,1.274732136625702,1.8427516387300107,26,136.0,0.15384615384615385,0.19230769230769232,5.230769230769231,37,238.0,0.13513513513513514,0.05405405405405406,6.4324324324324325
2022,14,DAL,HOU,27,-0.23994023024135525,-0.17817022463101917,-0.42485892689125326,-0.45524221903792794,0.18491869664989802,0.2770719944069088,31,127.0,0.12903225806451613,0.22580645161290322,4.096774193548387,42,289.0,0.16666666666666666,0.047619047619047616,6.880952380952381
2022,14,DET,MIN,34,0.328371958713235,0.014661231242537737,-0.03197495357972001,-0.7881190134868042,0.360346912292955,0.802780244729342,30,134.0,0.06666666666666667,0.16666666666666666,4.466666666666667,41,339.0,0.17073170731707318,0.024390243902439025,8.268292682926829
2022,14,NYG,PHI,22,0.27216121721100434,-0.847810844316566,-0.7146579987734276,0.850891411706002,0.986819215984432,-1.698702256022568,24,123.0,0.125,0.16666666666666666,5.125,44,231.0,0.11363636363636363,0.20454545454545456,5.25
2022,14,PIT,BAL,14,0.2298117943376292,0.3066931329030185,0.17521910832686233,-0.8091091933930938,0.05459268601076686,1.1158023262961123,20,65.0,0.05,0.1,3.25,35,280.0,0.08571428571428572,0.05714285714285714,8.0
2022,14,TEN,JAX,22,0.1168653498166222,-1.4252186093799806,0.45404593853045905,1.2148742894915692,-0.3371805887138368,-2.6400928988715497,20,137.0,0.15,0.25,6.85,45,245.0,0.17777777777777778,0.1111111111111111,5.444444444444445
2022,14,DEN,KC,28,0.05350790762478089,-1.2229045971924017,0.02032318413484205,0.7162443076782016,0.03318472348993884,-1.9391489048706032,19,106.0,0.21052631578947367,0.15789473684210525,5.578947368421052,53,258.0,0.09433962264150944,0.16981132075471697,4.867924528301887
2022,14,SEA,CAR,24,-0.9323787448583898,-0.011817645633126816,0.07000711239268648,-0.13530047205837553,-1.0023858572510762,0.12348282642524872,14,46.0,0.14285714285714285,0.2857142857142857,3.2857142857142856,42,261.0,0.16666666666666666,0.09523809523809523,6.214285714285714
2022,14,SF,TB,35,-0.1512011601313647,1.1119146552760342,0.23439702972008314,0.06434935282629729,-0.38559818985144784,1.047565302449737,36,209.0,0.25,0.19444444444444445,5.805555555555555,24,197.0,0.25,0.041666666666666664,8.208333333333334
2022,14,LAC,MIA,23,-0.747435672408291,-0.3904456179600085,1.0250959540531865,0.14680097547520296,-1.7725316264614777,-0.5372465934352114,23,82.0,0.21739130434782608,0.34782608695652173,3.5652173913043477,56,360.0,0.14285714285714285,0.14285714285714285,6.428571428571429
2022,14,ARI,NE,13,0.08234868385284955,0.464285084822043,-0.2603140535564843,0.6759487832640616,0.34266273740933384,-0.2116636984420186,22,113.0,0.09090909090909091,0.13636363636363635,5.136363636363637,52,237.0,0.09615384615384616,0.11538461538461539,4.5576923076923075
2022,15,SEA,SF,13,-0.9323787448583898,-0.011817645633126816,1.0689635038826355,0.01579167679118913,-2.0013422487410253,-0.027609322424315946,14,70.0,0.14285714285714285,0.07142857142857142,5.0,48,225.0,0.041666666666666664,0.14583333333333334,4.6875
2022,15,MIN,IND,39,-1.4415168991685754,-0.7386865102329673,0.9213736291367455,0.0966366791632454,-2.362890528305321,-0.8353231893962126,24,92.0,0.08333333333333333,0.3333333333333333,3.8333333333333335,64,429.0,0.15625,0.109375,6.703125
2022,15,CLE,BAL,13,-0.7566905236339021,-0.34615678335361216,0.17521910832686233,-0.8091091933930938,-0.9319096319607645,0.4629524100394817,33,143.0,0.12121212121212122,0.24242424242424243,4.333333333333333,32,157.0,0.09375,0.09375,4.90625
2022,15,BUF,MIA,32,0.6729825196687502,0.41282196511903263,1.0250959540531865,0.14680097547520296,-0.3521134343844363,0.2660209896438297,30,152.0,0.1,0.13333333333333333,5.066666666666666,43,297.0,0.16279069767441862,0.046511627906976744,6.906976744186046
2022,15,CAR,PIT,16,0.7880879246295149,0.8082939813334681,0.34289889637432225,-1.1382337912715432,0.4451890282551927,1.9465277726050112,16,21.0,0.0,0.375,1.3125,27,191.0,0.2222222222222222,0.18518518518518517,7.074074074074074
2022,15,CHI,PHI,20,0.6915167414915888,-0.45396056927092915,-0.7146579987734276,0.850891411706002,1.4061747402650164,-1.3048519809769312,30,157.0,0.13333333333333333,0.2,5.233333333333333,33,157.0,0.09090909090909091,0.18181818181818182,4.757575757575758
2022,15,HOU,KC,24,-1.1468573244097897,-0.5447609632143372,0.02032318413484205,0.7162443076782016,-1.1671805085446318,-1.2610052708925388,28,94.0,0.07142857142857142,0.25,3.357142857142857,33,148.0,0.09090909090909091,0.09090909090909091,4.484848484848484
2022,15,JAX,DAL,40,0.07765890727174589,0.41543415068143325,-0.12632239231397757,0.6760498619259532,0.20398129958572347,-0.26061571124451993,27,192.0,0.2962962962962963,0.1111111111111111,7.111111111111111,45,329.0,0.1111111111111111,0.022222222222222223,7.311111111111111
2022,15,NO,ATL,21,0.32366847668337684,0.8602323844244685,-1.2895080392602694,-1.6001061094149172,1.6131765159436462,2.4603384938393855,34,134.0,0.08823529411764706,0.20588235294117646,3.9411764705882355,21,214.0,0.3333333333333333,0.09523809523809523,10.19047619047619
2022,15,NYJ,DET,17,-0.9561200798144436,-0.7784015949699472,-0.6775982522449681,0.8920291942861697,-0.2785218275694755,-1.670430789256117,22,50.0,0.0,0.36363636363636365,2.272727272727273,40,291.0,0.225,0.1,7.275
2022,15,DEN,ARI,24,0.05350790762478089,-1.2229045971924017,0.41877686064413033,0.666431125845554,-0.3652689530193495,-1.8893357230379557,34,168.0,0.11764705882352941,0.20588235294117646,4.9411764705882355,33,156.0,0.06060606060606061,0.21212121212121213,4.7272727272727275
2022,15,LV,NE,30,0.2200107499893025,0.033167916018868406,-0.2603140535564843,0.6759487832640616,0.48032480354578677,-0.6427808672451932,23,97.0,0.043478260869565216,0.0,4.217391304347826,41,211.0,0.0975609756097561,0.07317073170731707,5.146341463414634
2022,15,LAC,TEN,17,-0.747435672408291,-0.3904456179600085,2.0848049719717907,0.32861241670170555,-2.832240644380082,-0.719058034661714,24,74.0,0.08333333333333333,0.08333333333333333,3.0833333333333335,43,291.0,0.13953488372093023,0.06976744186046512,6.767441860465116
2022,15,TB,CIN,23,-0.7060020118106272,1.5861222196554996,0.4120055277675736,0.5865143331979547,-1.1180075395782008,0.999607886457545,25,92.0,0.0,0.12,3.68,47,305.0,0.14893617021276595,0.02127659574468085,6.48936170212766
2022,15,WAS,NYG,12,0.17510741924719025,-0.7206739023145268,-1.6949784594262278,0.9297685802413257,1.870085878673418,-1.6504424825558526,26,159.0,0.2692307692307692,0.15384615384615385,6.115384615384615,33,237.0,0.18181818181818182,0.09090909090909091,7.181818181818182
2022,15,GB,LA,24,0.7214373340251181,0.26790617417107554,0.08879834300811462,-0.7170420857963925,0.6326389910170035,0.984948259967468,35,138.0,0.08571428571428572,0.22857142857142856,3.942857142857143,33,207.0,0.15151515151515152,0.15151515151515152,6.2727272727272725
2022,16,NYJ,JAX,3,-0.9561200798144436,-0.7784015949699472,0.45404593853045905,1.2148742894915692,-1.4101660183449027,-1.9932758844615164,20,66.0,0.1,0.2,3.3,40,192.0,0.075,0.1,4.8
2022,16,BAL,ATL,17,0.22175278403647453,0.5638346121335577,-1.2895080392602694,-1.6001061094149172,1.511260823296744,2.163940721548475,35,186.0,0.17142857142857143,0.2,5.314285714285714,18,122.0,0.1111111111111111,0.05555555555555555,6.777777777777778
2022,16,CAR,DET,37,0.7880879246295149,0.8082939813334681,-0.6775982522449681,0.8920291942861697,1.4656861768744829,-0.08373521295270159,43,320.0,0.20930232558139536,0.20930232558139536,7.441860465116279,22,250.0,0.3181818181818182,0.09090909090909091,11.363636363636363
2022,16,CHI,BUF,13,0.6915167414915888,-0.45396056927092915,1.1451627631683094,0.2645454543342098,-0.45364602167672063,-0.7185060236051389,29,80.0,0.06896551724137931,0.3448275862068966,2.7586206896551726,32,140.0,0.0625,0.125,4.375
2022,16,CLE,NO,10,-0.7566905236339021,-0.34615678335361216,0.1773846266857621,-1.4420171739446161,-0.9340751503196643,1.095860390591004,34,124.0,0.08823529411764706,0.2647058823529412,3.6470588235294117,33,125.0,0.09090909090909091,0.12121212121212122,3.787878787878788
2022,16,KC,SEA,24,0.7023531774080051,-0.018247185643543842,-0.7331677120317224,-0.40521743097738255,1.4355208894397276,0.3869702453338387,22,77.0,0.0,0.13636363636363635,3.5,31,228.0,0.16129032258064516,0.03225806451612903,7.354838709677419
2022,16,MIN,NYG,27,-1.4415168991685754,-0.7386865102329673,-1.6949784594262278,0.9297685802413257,0.25346156025765243,-1.668455090474293,19,83.0,0.10526315789473684,0.15789473684210525,4.368421052631579,51,270.0,0.1568627450980392,0.11764705882352941,5.294117647058823
2022,16,NE,CIN,18,-0.03518900643483225,0.7513923970351314,0.4120055277675736,0.5865143331979547,-0.44719453420240585,0.16487806383717674,16,61.0,0.0625,0.3125,3.8125,37,224.0,0.16216216216216217,0.13513513513513514,6.054054054054054
2022,16,TEN,HOU,14,0.1168653498166222,-1.4252186093799806,-0.42485892689125326,-0.45524221903792794,0.5417242767078755,-0.9699763903420526,31,184.0,0.22580645161290322,0.12903225806451613,5.935483870967742,28,100.0,0.03571428571428571,0.21428571428571427,3.5714285714285716
2022,16,SF,WAS,37,-0.1512011601313647,1.1119146552760342,0.5000288658201812,0.16883755023494196,-0.651230025951546,0.9430771050410922,26,153.0,0.038461538461538464,0.15384615384615385,5.884615384615385,26,224.0,0.19230769230769232,0.11538461538461539,8.615384615384615
2022,16,DAL,PHI,40,-0.23994023024135525,-0.17817022463101917,-0.7146579987734276,0.850891411706002,0.47471776853207237,-1.0290616363370213,31,115.0,0.12903225806451613,0.25806451612903225,3.7096774193548385,44,331.0,0.13636363636363635,0.13636363636363635,7.5227272727272725
2022,16,PIT,LV,13,0.2298117943376292,0.3066931329030185,-0.24106297978280178,-0.07268080194936521,0.470874774120431,0.3793739348523837,27,106.0,0.1111111111111111,0.25925925925925924,3.925925925925926,40,250.0,0.15,0.025,6.25
2022,16,MIA,GB,20,-0.7242361332588634,-1.3404306625487485,-1.0385676577709135,0.8463662326240963,0.31433152451205015,-2.186796895172845,18,82.0,0.16666666666666666,0.2222222222222222,4.555555555555555,27,294.0,0.2962962962962963,0.07407407407407407,10.88888888888889
2022,16,ARI,TB,16,0.08234868385284955,0.464285084822043,0.23439702972008314,0.06434935282629729,-0.1520483458672336,0.3999357319957457,27,121.0,0.14814814814814814,0.2222222222222222,4.481481481481482,48,209.0,0.08333333333333333,0.0625,4.354166666666667
2022,16,IND,LAC,3,0.20074102560784546,-0.4637457317111397,-1.3418540698468266,-0.5101748252163102,1.542595095454672,0.04642909350517049,14,69.0,0.07142857142857142,0.07142857142857142,4.928571428571429,36,105.0,0.1111111111111111,0.2222222222222222,2.9166666666666665
2022,17,TEN,DAL,13,0.1168653498166222,-1.4252186093799806,-0.12632239231397757,0.6760498619259532,0.24318774213059977,-2.101268471305934,24,97.0,0.16666666666666666,0.16666666666666666,4.041666666666667,42,227.0,0.09523809523809523,0.047619047619047616,5.404761904761905
2022,17,ATL,ARI,20,0.7939899366085648,0.9335105475253743,0.41877686064413033,0.666431125845554,0.37521307596443443,0.26707942167982035,34,132.0,0.08823529411764706,0.29411764705882354,3.8823529411764706,29,176.0,0.10344827586206896,0.06896551724137931,6.068965517241379
2022,17,DET,CHI,41,0.328371958713235,0.014661231242537737,-0.5543285871482293,-0.7525472810493269,0.8827005458614643,0.7672085122918646,39,265.0,0.1282051282051282,0.2564102564102564,6.794871794871795,31,239.0,0.22580645161290322,0.06451612903225806,7.709677419354839
2022,17,HOU,JAX,3,-1.1468573244097897,-0.5447609632143372,0.45404593853045905,1.2148742894915692,-1.6009032629402489,-1.7596352527059063,21,84.0,0.09523809523809523,0.19047619047619047,4.0,49,224.0,0.08163265306122448,0.04081632653061224,4.571428571428571
2022,17,KC,DEN,27,0.7023531774080051,-0.018247185643543842,0.13299254331703764,-0.5065123869088238,0.5693606340909674,0.48826520126528,17,46.0,0.0,0.17647058823529413,2.7058823529411766,45,337.0,0.15555555555555556,0.0,7.488888888888889
2022,17,NE,MIA,23,-0.03518900643483225,0.7513923970351314,1.0250959540531865,0.14680097547520296,-1.0602849604880187,0.6045914215599284,21,76.0,0.09523809523809523,0.23809523809523808,3.619047619047619,36,173.0,0.16666666666666666,0.1111111111111111,4.805555555555555
2022,17,NYG,IND,38,0.27216121721100434,-0.847810844316566,0.9213736291367455,0.0966366791632454,-0.6492124119257412,-0.9444475234798113,37,217.0,0.21621621621621623,0.16216216216216217,5.864864864864865,28,203.0,0.14285714285714285,0.07142857142857142,7.25
2022,17,PHI,NO,10,0.6714257558032133,0.8072309486906271,0.1773846266857621,-1.4420171739446161,0.4940411291174512,2.249248122635243,15,67.0,0.06666666666666667,0.13333333333333333,4.466666666666667,38,246.0,0.15789473684210525,0.15789473684210525,6.473684210526316
2022,17,TB,CAR,30,-0.7060020118106272,1.5861222196554996,0.07000711239268648,-0.13530047205837553,-0.7760091242033136,1.721422691713875,25,67.0,0.04,0.24,2.68,50,413.0,0.14,0.1,8.26
2022,17,WAS,CLE,10,0.17510741924719025,-0.7206739023145268,-0.7809640144820956,-0.6838726483016284,0.9560714337292859,-0.036801254012898355,37,136.0,0.10810810810810811,0.13513513513513514,3.675675675675676,32,128.0,0.125,0.15625,4.0
2022,17,LV,SF,34,0.2200107499893025,0.033167916018868406,1.0689635038826355,0.01579167679118913,-0.848952753893333,0.017376239227679276,32,135.0,0.0625,0.125,4.21875,38,394.0,0.23684210526315788,0.02631578947368421,10.368421052631579
2022,17,SEA,NYJ,23,-0.9323787448583898,-0.011817645633126816,0.6378792381741757,0.8754832070188227,-1.5702579830325654,-0.8873008526519495,38,198.0,0.13157894736842105,0.18421052631578946,5.2105263157894735,35,152.0,0.05714285714285714,0.11428571428571428,4.3428571428571425
2022,17,GB,MIN,41,0.7214373340251181,0.26790617417107554,-0.03197495357972001,-0.7881190134868042,0.7534122876048381,1.05602518765788,33,163.0,0.12121212121212122,0.12121212121212122,4.9393939393939394,28,154.0,0.14285714285714285,0.03571428571428571,5.5
2022,17,LAC,LA,31,-0.747435672408291,-0.3904456179600085,0.08879834300811462,-0.7170420857963925,-0.8362340154164056,0.326596467836384,31,192.0,0.12903225806451613,0.16129032258064516,6.193548387096774,31,239.0,0.16129032258064516,0.0,7.709677419354839
2022,17,BAL,PIT,13,0.22175278403647453,0.5638346121335577,0.34289889637432225,-1.1382337912715432,-0.12114611233784772,1.702068403405101,28,120.0,0.17857142857142858,0.2857142857142857,4.285714285714286,24,137.0,0.125,0.08333333333333333,5.708333333333333
2022,18,LV,KC,13,0.2200107499893025,0.033167916018868406,0.02032318413484205,0.7162443076782016,0.19968756585446046,-0.6830763916593332,25,99.0,0.16,0.2,3.96,49,230.0,0.08163265306122448,0.12244897959183673,4.6938775510204085
2022,18,JAX,TEN,20,0.07765890727174589,0.41543415068143325,2.0848049719717907,0.32861241670170555,-2.007146064700045,0.0868217339797277,14,19.0,0.0,0.35714285714285715,1.3571428571428572,33,203.0,0.15151515151515152,0.030303030303030304,6.151515151515151
2022,18,ATL,TB,30,0.7939899366085648,0.9335105475253743,0.23439702972008314,0.06434935282629729,0.5595929068884816,0.869161194699077,35,174.0,0.17142857142857143,0.22857142857142856,4.9714285714285715,34,217.0,0.20588235294117646,0.11764705882352941,6.382352941176471
2022,18,BUF,NE,35,0.6729825196687502,0.41282196511903263,-0.2603140535564843,0.6759487832640616,0.9332965732252345,-0.263126818145029,25,90.0,0.08,0.24,3.6,36,252.0,0.16666666666666666,0.05555555555555555,7.0
2022,18,CHI,MIN,13,0.6915167414915888,-0.45396056927092915,-0.03197495357972001,-0.7881190134868042,0.7234916950713088,0.3341584442158751,22,118.0,0.13636363636363635,0.2727272727272727,5.363636363636363,31,148.0,0.12903225806451613,0.06451612903225806,4.774193548387097
2022,18,CIN,BAL,27,0.49376812214360655,1.1588789904283823,0.17521910832686233,-0.8091091933930938,0.3185490138167442,1.9679881838214761,20,55.0,0.0,0.15,2.75,45,208.0,0.1111111111111111,0.1111111111111111,4.622222222222222
2022,18,IND,HOU,31,0.20074102560784546,-0.4637457317111397,-0.42485892689125326,-0.45524221903792794,0.6255999524990987,-0.008503512673211755,33,196.0,0.18181818181818182,0.18181818181818182,5.9393939393939394,41,223.0,0.12195121951219512,0.0975609756097561,5.439024390243903
2022,18,MIA,NYJ,11,-0.7242361332588634,-1.3404306625487485,0.6378792381741757,0.8754832070188227,-1.3621153714330392,-2.2159138695675713,32,162.0,0.1875,0.125,5.0625,33,142.0,0.12121212121212122,0.09090909090909091,4.303030303030303
2022,18,NO,CAR,7,0.32366847668337684,0.8602323844244685,0.07000711239268648,-0.13530047205837553,0.25366136429069036,0.9955328564828441,32,143.0,0.09375,0.15625,4.46875,26,161.0,0.19230769230769232,0.038461538461538464,6.1923076923076925
2022,18,PIT,CLE,28,0.2298117943376292,0.3066931329030185,-0.7809640144820956,-0.6838726483016284,1.0107758088197247,0.9905657812046469,37,144.0,0.08108108108108109,0.16216216216216217,3.891891891891892,32,192.0,0.1875,0.03125,6.0
2022,18,DEN,LAC,31,0.05350790762478089,-1.2229045971924017,-1.3418540698468266,-0.5101748252163102,1.3953619774716075,-0.7127297719760916,36,205.0,0.19444444444444445,0.1388888888888889,5.694444444444445,29,275.0,0.27586206896551724,0.06896551724137931,9.482758620689655
2022,18,PHI,NYG,22,0.6714257558032133,0.8072309486906271,-1.6949784594262278,0.9297685802413257,2.366404215229441,-0.12253763155069863,34,135.0,0.11764705882352941,0.23529411764705882,3.9705882352941178,42,222.0,0.07142857142857142,0.09523809523809523,5.285714285714286
2022,18,SEA,LA,19,-0.9323787448583898,-0.011817645633126816,0.08879834300811462,-0.7170420857963925,-1.0211770878665045,0.7052244401632657,36,197.0,0.1111111111111111,0.19444444444444445,5.472222222222222,37,256.0,0.13513513513513514,0.13513513513513514,6.918918918918919
2022,18,SF,ARI,38,-0.1512011601313647,1.1119146552760342,0.41877686064413033,0.666431125845554,-0.569978020775495,0.4454835294304802,37,169.0,0.13513513513513514,0.21621621621621623,4.5675675675675675,26,157.0,0.19230769230769232,0.15384615384615385,6.038461538461538
2022,18,WAS,DAL,26,0.17510741924719025,-0.7206739023145268,-0.12632239231397757,0.6760498619259532,0.3014298115611678,-1.39672376424048,41,151.0,0.07317073170731707,0.17073170731707318,3.682926829268293,25,185.0,0.2,0.16,7.4
2022,18,GB,DET,16,0.7214373340251181,0.26790617417107554,-0.6775982522449681,0.8920291942861697,1.3990355862700863,-0.6241230201150941,28,103.0,0.03571428571428571,0.21428571428571427,3.6785714285714284,31,196.0,0.16129032258064516,0.06451612903225806,6.32258064516129
2023,1,KC,DET,20,-0.039783787602350504,-1.0862670723931147,0.9001042685297271,1.8649433771470247,-0.9398880561320776,-2.9512104495401394,23,90.0,0.043478260869565216,0.13043478260869565,3.9130434782608696,45,271.0,0.1111111111111111,0.0,6.022222222222222
2023,1,ATL,CAR,24,-0.8133891446201944,0.25292126922901953,0.1365621620393149,-0.9328757491827148,-0.9499513066595093,1.1857970184117343,26,130.0,0.19230769230769232,0.23076923076923078,5.0,22,91.0,0.09090909090909091,0.36363636363636365,4.136363636363637
2023,1,BAL,HOU,25,0.996040536131218,1.2750624386672147,1.5154998765597503,0.7750843311687893,-0.5194593404285323,0.4999781074984254,33,112.0,0.09090909090909091,0.15151515151515152,3.393939393939394,31,192.0,0.1935483870967742,0.22580645161290322,6.193548387096774
2023,1,CLE,CIN,24,-0.906187696307213,-0.25557061331908915,-1.1714665379225777,0.3480367857389785,0.26527884161536475,-0.6036073990580677,41,208.0,0.24390243902439024,0.14634146341463414,5.073170731707317,35,163.0,0.08571428571428572,0.11428571428571428,4.6571428571428575
2023,1,IND,JAX,21,-0.10969495907463964,0.4780820892089394,-0.11978728871192726,0.5581438276248282,0.010092329637287623,-0.08006173841588876,26,65.0,0.038461538461538464,0.23076923076923078,2.5,47,231.0,0.0851063829787234,0.1276595744680851,4.914893617021277
2023,1,MIN,TB,17,-0.33178600822619253,-1.658296947880582,0.4270184214846672,-0.38063732000561634,-0.7588044297108597,-1.2776596278749657,17,41.0,0.0,0.23529411764705882,2.411764705882353,47,332.0,0.1702127659574468,0.10638297872340426,7.0638297872340425
2023,1,NO,TEN,16,-0.4171022515656428,1.1804607194935952,0.28331409625098897,-0.7846392135736472,-0.7004163478166318,1.9650999330672425,27,69.0,0.037037037037037035,0.25925925925925924,2.5555555555555554,38,289.0,0.21052631578947367,0.13157894736842105,7.605263157894737
2023,1,PIT,SF,7,0.01839089447578244,-0.44830589225313017,0.031839156221815476,-0.15590440756997104,-0.013448261746033037,-0.29240148468315913,10,41.0,0.1,0.2,4.1,51,202.0,0.058823529411764705,0.17647058823529413,3.9607843137254903
2023,1,WAS,ARI,20,0.5110980521714303,0.010287631896513029,-1.353134463783926,-1.4305030541442514,1.8642325159553563,1.4407906860407644,28,92.0,0.0,0.07142857142857142,3.2857142857142856,39,167.0,0.1282051282051282,0.15384615384615385,4.282051282051282
2023,1,CHI,GB,20,0.866342940487402,-0.6798594476942915,-0.433685397994597,-0.22042679376181193,1.300028338481999,-0.45943265393247956,30,124.0,0.16666666666666666,0.26666666666666666,4.133333333333334,49,249.0,0.08163265306122448,0.10204081632653061,5.081632653061225
2023,1,DEN,LV,16,-0.49911502199557545,-0.8675733882033017,-0.5222330090988869,-0.7374004192923892,0.023117987103311477,-0.13017296891091246,22,94.0,0.18181818181818182,0.18181818181818182,4.2727272727272725,36,167.0,0.1111111111111111,0.1388888888888889,4.638888888888889
2023,1,LAC,MIA,34,-0.1171153506195736,0.34362462559627877,-0.002247331955775606,1.3659394532692979,-0.11486801866379799,-1.0223148276730192,40,233.0,0.125,0.05,5.825,40,216.0,0.125,0.1,5.4
2023,1,NE,PHI,20,-0.15013036390005663,0.2699331688472029,0.008475903029680099,0.41721206982331854,-0.15860626692973673,-0.14727890097611562,22,76.0,0.045454545454545456,0.18181818181818182,3.4545454545454546,59,321.0,0.11864406779661017,0.1016949152542373,5.440677966101695
2023,1,SEA,LA,13,-0.9349082798739412,-0.9836665718060426,-0.07202738492728988,-0.665795231789479,-0.8628808949466513,-0.3178713400165636,18,85.0,0.1111111111111111,0.16666666666666666,4.722222222222222,29,101.0,0.034482758620689655,0.13793103448275862,3.4827586206896552
2023,1,NYG,DAL,0,-0.3696971946699603,-0.6113059907199383,0.12043094739826213,-0.23151944822367576,-0.4901281420682224,-0.37978654249626254,28,108.0,0.07142857142857142,0.25,3.857142857142857,44,108.0,0.045454545454545456,0.22727272727272727,2.4545454545454546
2023,1,NYJ,BUF,22,-1.2902466642912715,-1.0266656639178466,-0.02137145018214534,0.4134493620229159,-1.2688752141091262,-1.4401150259407625,28,172.0,0.10714285714285714,0.32142857142857145,6.142857142857143,26,123.0,0.15384615384615385,0.15384615384615385,4.730769230769231
2023,2,PHI,MIN,34,0.4099490326553549,-0.21691501645131753,-0.2790405967785615,0.02814239731624335,0.6889896294339164,-0.24505741376756088,48,259.0,0.08333333333333333,0.041666666666666664,5.395833333333333,31,186.0,0.06451612903225806,0.1935483870967742,6.0
2023,2,ATL,GB,25,-0.8133891446201944,0.25292126922901953,-0.433685397994597,-0.22042679376181193,-0.3797037466255974,0.47334806299083143,45,211.0,0.13333333333333333,0.15555555555555556,4.688888888888889,38,258.0,0.13157894736842105,0.05263157894736842,6.7894736842105265
2023,2,BUF,LV,38,1.213384327271969,0.17370778014402857,-0.5222330090988869,-0.7374004192923892,1.735617336370856,0.9111081994364177,35,183.0,0.11428571428571428,0.14285714285714285,5.228571428571429,39,267.0,0.15384615384615385,0.07692307692307693,6.846153846153846
2023,2,CIN,BAL,24,0.5967033055017595,-0.20304474243312387,-0.24817345380798783,-0.47590970818683115,0.8448767593097474,0.2728649657537073,15,66.0,0.06666666666666667,0.0,4.4,43,221.0,0.09302325581395349,0.06976744186046512,5.1395348837209305
2023,2,DET,SEA,31,0.6641255115599745,-0.05704854052906392,-0.5625355197755141,-0.0148659831072561,1.2266610313354884,-0.04218255742180782,27,102.0,0.1111111111111111,0.2222222222222222,3.7777777777777777,37,316.0,0.16216216216216217,0.08108108108108109,8.54054054054054
2023,2,HOU,IND,20,-0.8844871832830261,-0.2289500950935606,0.8015570179948168,-0.682344328756364,-1.686044201277843,0.4533942336628034,26,52.0,0.038461538461538464,0.34615384615384615,2.0,52,339.0,0.19230769230769232,0.1346153846153846,6.519230769230769
2023,2,JAX,KC,9,-0.8986328931944014,0.5065935645301051,-0.7488773376958111,0.9503626051062884,-0.14975555549859032,-0.4437690405761834,18,74.0,0.05555555555555555,0.16666666666666666,4.111111111111111,49,226.0,0.061224489795918366,0.10204081632653061,4.612244897959184
2023,2,TB,CHI,27,-0.16880654286706603,0.7470972800109946,0.7104208669437911,-0.13998727183108842,-0.8792274098108572,0.887084551842083,34,120.0,0.08823529411764706,0.23529411764705882,3.5294117647058822,38,336.0,0.18421052631578946,0.02631578947368421,8.842105263157896
2023,2,TEN,LAC,27,0.03203023006098382,-1.026598963334874,0.1058547141369668,-0.8098180977696844,-0.07382448407598298,-0.2167808655651896,34,141.0,0.11764705882352941,0.08823529411764706,4.147058823529412,29,200.0,0.10344827586206896,0.20689655172413793,6.896551724137931
2023,2,ARI,NYG,28,0.32594533718484064,0.02389460982564991,-1.1953601003884815,0.4385092548003248,1.5213054375733222,-0.41461464497467493,30,153.0,0.2,0.23333333333333334,5.1,32,251.0,0.1875,0.0,7.84375
2023,2,DAL,NYJ,30,0.34409904637993427,0.6075071034920049,0.5679672878591857,1.5863009600724396,-0.22386824147925144,-0.9787938565804347,45,136.0,0.06666666666666667,0.3333333333333333,3.022222222222222,40,263.0,0.175,0.075,6.575
2023,2,DEN,WAS,33,-0.49911502199557545,-0.8675733882033017,-0.7258532967677822,-0.8500751302320168,0.22673827477220676,-0.017498257971284903,23,122.0,0.17391304347826086,0.043478260869565216,5.304347826086956,42,315.0,0.14285714285714285,0.16666666666666666,7.5
2023,2,NE,MIA,17,-0.15013036390005663,0.2699331688472029,-0.002247331955775606,1.3659394532692979,-0.147883031944281,-1.096006284422095,25,88.0,0.08,0.2,3.52,47,218.0,0.0,0.14893617021276595,4.638297872340425
2023,2,CAR,NO,17,-0.0642941240823986,-0.23603551423408967,-0.11773584256495809,-0.6719142782268893,0.05344171848255949,0.4358787639927997,19,100.0,0.15789473684210525,0.10526315789473684,5.2631578947368425,40,175.0,0.075,0.175,4.375
2023,2,PIT,CLE,26,0.01839089447578244,-0.44830589225313017,0.8949505720872737,0.5770820063821195,-0.8765596776114912,-1.0253878986352496,22,55.0,0.09090909090909091,0.5909090909090909,2.5,32,200.0,0.15625,0.125,6.25
2023,3,SF,NYG,30,1.1457351949977,0.45361782737273143,-1.1953601003884815,0.4385092548003248,2.3410952953861814,0.015108572572406609,39,141.0,0.10256410256410256,0.15384615384615385,3.6153846153846154,39,300.0,0.23076923076923078,0.1282051282051282,7.6923076923076925
2023,3,BAL,IND,19,0.996040536131218,1.2750624386672147,0.8015570179948168,-0.682344328756364,0.1944835181364012,1.9574067674235787,37,186.0,0.24324324324324326,0.21621621621621623,5.027027027027027,40,226.0,0.1,0.1,5.65
2023,3,CLE,TEN,27,-0.906187696307213,-0.25557061331908915,0.28331409625098897,-0.7846392135736472,-1.1895017925582019,0.529068600254558,31,78.0,0.03225806451612903,0.25806451612903225,2.5161290322580645,37,267.0,0.10810810810810811,0.13513513513513514,7.216216216216216
2023,3,DET,ATL,20,0.6641255115599745,-0.05704854052906392,1.1876015880421962,0.3598742582706589,-0.5234760764822217,-0.4169227987997228,31,115.0,0.0967741935483871,0.3548387096774194,3.7096774193548385,34,246.0,0.17647058823529413,0.058823529411764705,7.235294117647059
2023,3,GB,NO,18,0.5972260274936071,0.05007026383270021,-0.11773584256495809,-0.6719142782268893,0.7149618700585652,0.7219845420595895,26,95.0,0.11538461538461539,0.2692307692307692,3.6538461538461537,50,289.0,0.1,0.02,5.78
2023,3,JAX,HOU,17,-0.8986328931944014,0.5065935645301051,1.5154998765597503,0.7750843311687893,-2.4141327697541515,-0.2684907666386842,27,116.0,0.07407407407407407,0.037037037037037035,4.296296296296297,45,300.0,0.13333333333333333,0.022222222222222223,6.666666666666667
2023,3,MIA,DEN,70,0.4667667706475805,1.1749442520333224,-1.3712634483544255,-0.9957419436991287,1.838030219002006,2.170686195732451,43,350.0,0.18604651162790697,0.20930232558139536,8.13953488372093,28,376.0,0.35714285714285715,0.03571428571428571,13.428571428571429
2023,3,MIN,LAC,24,-0.33178600822619253,-1.658296947880582,0.1058547141369668,-0.8098180977696844,-0.4376407223631593,-0.8484788501108976,24,130.0,0.25,0.125,5.416666666666667,55,355.0,0.12727272727272726,0.09090909090909091,6.454545454545454
2023,3,NYJ,NE,10,-1.2902466642912715,-1.0266656639178466,1.2104927286666403,0.1687037733249579,-2.500739392957912,-1.1953694372428045,22,38.0,0.0,0.18181818181818182,1.7272727272727273,39,134.0,0.07692307692307693,0.10256410256410256,3.4358974358974357
2023,3,WAS,BUF,3,0.5110980521714303,0.010287631896513029,-0.02137145018214534,0.4134493620229159,0.5324695023535757,-0.40316173012640283,13,105.0,0.38461538461538464,0.07692307692307693,8.076923076923077,39,143.0,0.10256410256410256,0.28205128205128205,3.6666666666666665
2023,3,SEA,CAR,37,-0.9349082798739412,-0.9836665718060426,0.1365621620393149,-0.9328757491827148,-1.0714704419132561,-0.05079082262332779,33,146.0,0.15151515151515152,0.24242424242424243,4.424242424242424,39,281.0,0.20512820512820512,0.10256410256410256,7.205128205128205
2023,3,ARI,DAL,28,0.32594533718484064,0.02389460982564991,0.12043094739826213,-0.23151944822367576,0.20551438978657852,0.25541405804932565,31,222.0,0.16129032258064516,0.2903225806451613,7.161290322580645,24,178.0,0.125,0.16666666666666666,7.416666666666667
2023,3,KC,CHI,41,-0.039783787602350504,-1.0862670723931147,0.7104208669437911,-0.13998727183108842,-0.7502046545461416,-0.9462798005620263,37,153.0,0.1891891891891892,0.24324324324324326,4.135135135135135,41,331.0,0.14634146341463414,0.024390243902439025,8.073170731707316
2023,3,LV,PIT,18,-0.1924597408460147,1.391209707444671,0.042702853465564045,0.32857391728463575,-0.23516259431157874,1.0626357901600352,19,69.0,0.05263157894736842,0.21052631578947367,3.6315789473684212,50,302.0,0.14,0.08,6.04
2023,3,TB,PHI,11,-0.16880654286706603,0.7470972800109946,0.008475903029680099,0.41721206982331854,-0.17728244589674613,0.3298852101876761,17,41.0,0.058823529411764705,0.29411764705882354,2.411764705882353,29,137.0,0.1724137931034483,0.06896551724137931,4.724137931034483
2023,3,CIN,LA,19,0.5967033055017595,-0.20304474243312387,-0.07202738492728988,-0.665795231789479,0.6687306904290494,0.4627504893563551,23,67.0,0.08695652173913043,0.34782608695652173,2.9130434782608696,50,242.0,0.06,0.04,4.84
2023,4,GB,DET,20,0.5972260274936071,0.05007026383270021,0.9001042685297271,1.8649433771470247,-0.30287824103612004,-1.8148731133143245,13,27.0,0.0,0.3076923076923077,2.076923076923077,42,205.0,0.14285714285714285,0.16666666666666666,4.880952380952381
2023,4,JAX,ATL,23,-0.8986328931944014,0.5065935645301051,1.1876015880421962,0.3598742582706589,-2.0862344812365974,0.14671930625944618,32,105.0,0.0625,0.1875,3.28125,36,234.0,0.1111111111111111,0.08333333333333333,6.5
2023,4,BUF,MIA,48,1.213384327271969,0.17370778014402857,-0.002247331955775606,1.3659394532692979,1.2156316592277447,-1.1922316731252693,29,104.0,0.06896551724137931,0.3103448275862069,3.586206896551724,29,317.0,0.2413793103448276,0.06896551724137931,10.931034482758621
2023,4,CAR,MIN,13,-0.0642941240823986,-0.23603551423408967,-0.2790405967785615,0.02814239731624335,0.21474647269616293,-0.264177911550333,31,83.0,0.0,0.1935483870967742,2.6774193548387095,39,159.0,0.07692307692307693,0.20512820512820512,4.076923076923077
2023,4,CHI,DEN,28,0.866342940487402,-0.6798594476942915,-1.3712634483544255,-0.9957419436991287,2.2376063888418276,0.3158824960048372,31,171.0,0.16129032258064516,0.0967741935483871,5.516129032258065,41,323.0,0.1951219512195122,0.12195121951219512,7.878048780487805
2023,4,CLE,BAL,3,-0.906187696307213,-0.25557061331908915,-0.24817345380798783,-0.47590970818683115,-0.6580142424992251,0.220339094867742,25,93.0,0.16,0.32,3.72,43,98.0,0.046511627906976744,0.13953488372093023,2.2790697674418605
2023,4,HOU,PIT,30,-0.8844871832830261,-0.2289500950935606,0.042702853465564045,0.32857391728463575,-0.9271900367485901,-0.5575240123781964,38,139.0,0.10526315789473684,0.18421052631578946,3.6578947368421053,31,327.0,0.2903225806451613,0.0,10.548387096774194
2023,4,IND,LA,23,-0.10969495907463964,0.4780820892089394,-0.07202738492728988,-0.665795231789479,-0.03766757414734975,1.1438773209984183,31,133.0,0.0967741935483871,0.25806451612903225,4.290322580645161,32,221.0,0.21875,0.0625,6.90625
2023,4,NO,TB,9,-0.4171022515656428,1.1804607194935952,0.4270184214846672,-0.38063732000561634,-0.8441206730503099,1.5610980394992116,19,70.0,0.05263157894736842,0.05263157894736842,3.6842105263157894,43,131.0,0.023255813953488372,0.18604651162790697,3.046511627906977
2023,4,PHI,WAS,34,0.4099490326553549,-0.21691501645131753,-0.7258532967677822,-0.8500751302320168,1.1358023294231372,0.6331601137806993,28,106.0,0.07142857142857142,0.21428571428571427,3.7857142857142856,44,341.0,0.13636363636363635,0.09090909090909091,7.75
2023,4,TEN,CIN,27,0.03203023006098382,-1.026598963334874,-1.1714665379225777,0.3480367857389785,1.2034967679835615,-1.3746357490738526,33,173.0,0.18181818181818182,0.18181818181818182,5.242424242424242,31,238.0,0.12903225806451613,0.0967741935483871,7.67741935483871
2023,4,LAC,LV,24,-0.1171153506195736,0.34362462559627877,-0.5222330090988869,-0.7374004192923892,0.40511765847931336,1.081025044888668,37,155.0,0.16216216216216217,0.35135135135135137,4.1891891891891895,31,187.0,0.12903225806451613,0.06451612903225806,6.032258064516129
2023,4,DAL,NE,38,0.34409904637993427,0.6075071034920049,1.2104927286666403,0.1687037733249579,-0.866393682286706,0.438803330167047,30,124.0,0.1,0.3333333333333333,4.133333333333334,40,255.0,0.15,0.1,6.375
2023,4,SF,ARI,35,1.1457351949977,0.45361782737273143,-1.353134463783926,-1.4305030541442514,2.4988696587816257,1.8841208815169828,31,124.0,0.16129032258064516,0.22580645161290322,4.0,22,271.0,0.22727272727272727,0.045454545454545456,12.318181818181818
2023,4,NYJ,KC,20,-1.2902466642912715,-1.0266656639178466,-0.7488773376958111,0.9503626051062884,-0.5413693265954604,-1.9770282690241352,17,110.0,0.23529411764705882,0.23529411764705882,6.470588235294118,42,242.0,0.07142857142857142,0.047619047619047616,5.761904761904762
2023,4,NYG,SEA,3,-0.3696971946699603,-0.6113059907199383,-0.5625355197755141,-0.0148659831072561,0.19283832510555377,-0.5964400076126822,29,112.0,0.10344827586206896,0.10344827586206896,3.8620689655172415,51,191.0,0.0392156862745098,0.2549019607843137,3.7450980392156863
2023,5,WAS,CHI,20,0.5110980521714303,0.010287631896513029,0.7104208669437911,-0.13998727183108842,-0.1993228147723608,0.15027490372760144,11,31.0,0.09090909090909091,0.09090909090909091,2.8181818181818183,61,378.0,0.09836065573770492,0.09836065573770492,6.19672131147541
2023,5,BUF,JAX,20,1.213384327271969,0.17370778014402857,-0.11978728871192726,0.5581438276248282,1.3331716159838964,-0.3844360474807996,14,29.0,0.0,0.35714285714285715,2.0714285714285716,43,369.0,0.20930232558139536,0.023255813953488372,8.581395348837209
2023,5,ATL,HOU,21,-0.8133891446201944,0.25292126922901953,1.5154998765597503,0.7750843311687893,-2.3288890211799447,-0.5221630619397697,36,96.0,0.08333333333333333,0.3611111111111111,2.6666666666666665,40,358.0,0.25,0.0,8.95
2023,5,DET,CAR,42,0.6641255115599745,-0.05704854052906392,0.1365621620393149,-0.9328757491827148,0.5275633495206595,0.8758272086536508,30,159.0,0.13333333333333333,0.23333333333333334,5.3,30,218.0,0.2,0.1,7.266666666666667
2023,5,IND,TEN,23,-0.10969495907463964,0.4780820892089394,0.28331409625098897,-0.7846392135736472,-0.3930090553256286,1.2627213027825865,34,193.0,0.14705882352941177,0.14705882352941177,5.676470588235294,28,238.0,0.25,0.03571428571428571,8.5
2023,5,MIA,NYG,31,0.4667667706475805,1.1749442520333224,-1.1953601003884815,0.4385092548003248,1.662126871036062,0.7364349972329975,23,222.0,0.2608695652173913,0.08695652173913043,9.652173913043478,31,309.0,0.16129032258064516,0.0967741935483871,9.96774193548387
2023,5,NE,NO,0,-0.15013036390005663,0.2699331688472029,-0.11773584256495809,-0.6719142782268893,-0.03239452133509854,0.9418474470740923,18,45.0,0.0,0.3333333333333333,2.5,33,111.0,0.09090909090909091,0.06060606060606061,3.3636363636363638
2023,5,PIT,BAL,17,0.01839089447578244,-0.44830589225313017,-0.24817345380798783,-0.47590970818683115,0.2665643482837703,0.02760381593370098,30,87.0,0.1,0.3333333333333333,2.9,37,204.0,0.13513513513513514,0.08108108108108109,5.513513513513513
2023,5,ARI,CIN,20,0.32594533718484064,0.02389460982564991,-1.1714665379225777,0.3480367857389785,1.4974118751074184,-0.3241421759133286,22,142.0,0.13636363636363635,0.13636363636363635,6.454545454545454,35,152.0,0.11428571428571428,0.08571428571428572,4.3428571428571425
2023,5,DEN,NYJ,21,-0.49911502199557545,-0.8675733882033017,0.5679672878591857,1.5863009600724396,-1.067082309854761,-2.4538743482757415,23,141.0,0.17391304347826086,0.21739130434782608,6.130434782608695,40,218.0,0.15,0.15,5.45
2023,5,MIN,KC,20,-0.33178600822619253,-1.658296947880582,-0.7488773376958111,0.9503626051062884,0.4170913294696186,-2.6086595529868704,18,70.0,0.05555555555555555,0.05555555555555555,3.888888888888889,49,259.0,0.12244897959183673,0.10204081632653061,5.285714285714286
2023,5,SF,DAL,42,1.1457351949977,0.45361782737273143,0.12043094739826213,-0.23151944822367576,1.0253042475994378,0.6851372755964071,41,170.0,0.07317073170731707,0.1951219512195122,4.146341463414634,26,251.0,0.2692307692307692,0.038461538461538464,9.653846153846153
2023,5,LV,GB,17,-0.1924597408460147,1.391209707444671,-0.433685397994597,-0.22042679376181193,0.2412256571485823,1.6116365012064828,29,96.0,0.06896551724137931,0.3448275862068966,3.310344827586207,35,186.0,0.14285714285714285,0.17142857142857143,5.314285714285714
2023,6,KC,DEN,19,-0.039783787602350504,-1.0862670723931147,-1.3712634483544255,-0.9957419436991287,1.331479660752075,-0.09052512869398599,27,96.0,0.1111111111111111,0.37037037037037035,3.5555555555555554,46,326.0,0.10869565217391304,0.043478260869565216,7.086956521739131
2023,6,TEN,BAL,16,0.03203023006098382,-1.026598963334874,-0.24817345380798783,-0.47590970818683115,0.28020368386897165,-0.5506892551480429,19,129.0,0.21052631578947367,0.15789473684210525,6.7894736842105265,30,121.0,0.06666666666666667,0.2,4.033333333333333
2023,6,ATL,WAS,16,-0.8133891446201944,0.25292126922901953,-0.7258532967677822,-0.8500751302320168,-0.0875358478524122,1.1029963994610363,30,106.0,0.06666666666666667,0.13333333333333333,3.533333333333333,51,314.0,0.1568627450980392,0.058823529411764705,6.1568627450980395
2023,6,CHI,MIN,13,0.866342940487402,-0.6798594476942915,-0.2790405967785615,0.02814239731624335,1.1453835372659635,-0.7080018450105349,36,162.0,0.19444444444444445,0.2222222222222222,4.5,32,137.0,0.09375,0.1875,4.28125
2023,6,CIN,SEA,17,0.5967033055017595,-0.20304474243312387,-0.5625355197755141,-0.0148659831072561,1.1592388252772736,-0.18817875932586778,15,46.0,0.0,0.2,3.066666666666667,39,173.0,0.05128205128205128,0.10256410256410256,4.435897435897436
2023,6,CLE,SF,19,-0.906187696307213,-0.25557061331908915,0.031839156221815476,-0.15590440756997104,-0.9380268525290284,-0.09966620574911811,34,160.0,0.14705882352941177,0.20588235294117646,4.705882352941177,37,175.0,0.05405405405405406,0.08108108108108109,4.72972972972973
2023,6,HOU,NO,20,-0.8844871832830261,-0.2289500950935606,-0.11773584256495809,-0.6719142782268893,-0.766751340718068,0.44296418313332875,31,120.0,0.12903225806451613,0.1935483870967742,3.870967741935484,30,179.0,0.2,0.06666666666666667,5.966666666666667
2023,6,JAX,IND,37,-0.8986328931944014,0.5065935645301051,0.8015570179948168,-0.682344328756364,-1.7001899111892183,1.188937893286469,29,85.0,0.06896551724137931,0.41379310344827586,2.9310344827586206,35,164.0,0.08571428571428572,0.11428571428571428,4.685714285714286
2023,6,MIA,CAR,42,0.4667667706475805,1.1749442520333224,0.1365621620393149,-0.9328757491827148,0.3302046086082656,2.1078200012160373,33,162.0,0.12121212121212122,0.36363636363636365,4.909090909090909,32,262.0,0.15625,0.0625,8.1875
2023,6,LV,NE,21,-0.1924597408460147,1.391209707444671,1.2104927286666403,0.1687037733249579,-1.402952469512655,1.222505934119713,33,84.0,0.030303030303030304,0.24242424242424243,2.5454545454545454,33,266.0,0.15151515151515152,0.0,8.06060606060606
2023,6,NYJ,PHI,20,-1.2902466642912715,-1.0266656639178466,0.008475903029680099,0.41721206982331854,-1.2987225673209517,-1.4438777337411652,21,89.0,0.047619047619047616,0.23809523809523808,4.238095238095238,41,174.0,0.0975609756097561,0.14634146341463414,4.2439024390243905
2023,6,TB,DET,6,-0.16880654286706603,0.7470972800109946,0.9001042685297271,1.8649433771470247,-1.0689108113967931,-1.11784609713603,16,46.0,0.0,0.125,2.875,40,211.0,0.15,0.1,5.275
2023,6,BUF,NYG,14,1.213384327271969,0.17370778014402857,-1.1953601003884815,0.4385092548003248,2.4087444276604506,-0.2648014746562962,29,128.0,0.1724137931034483,0.13793103448275862,4.413793103448276,32,180.0,0.125,0.03125,5.625
2023,6,LAC,DAL,17,-0.1171153506195736,0.34362462559627877,0.12043094739826213,-0.23151944822367576,-0.23754629801783572,0.5751440738199545,23,53.0,0.0,0.13043478260869565,2.3043478260869565,43,235.0,0.16279069767441862,0.09302325581395349,5.465116279069767
2023,7,NO,JAX,24,-0.4171022515656428,1.1804607194935952,-0.11978728871192726,0.5581438276248282,-0.2973149628537155,0.622316891868767,31,112.0,0.12903225806451613,0.22580645161290322,3.6129032258064515,60,311.0,0.11666666666666667,0.016666666666666666,5.183333333333334
2023,7,BAL,DET,38,0.996040536131218,1.2750624386672147,0.9001042685297271,1.8649433771470247,0.09593626760149088,-0.58988093847981,27,146.0,0.1111111111111111,0.14814814814814814,5.407407407407407,33,378.0,0.30303030303030304,0.030303030303030304,11.454545454545455
2023,7,CHI,LV,30,0.866342940487402,-0.6798594476942915,-0.5222330090988869,-0.7374004192923892,1.388575949586289,0.05754097159809768,38,173.0,0.15789473684210525,0.10526315789473684,4.552631578947368,33,172.0,0.09090909090909091,0.09090909090909091,5.212121212121212
2023,7,IND,CLE,38,-0.10969495907463964,0.4780820892089394,0.8949505720872737,0.5770820063821195,-1.0046455311619134,-0.09899991717318007,40,168.0,0.075,0.25,4.2,30,317.0,0.23333333333333334,0.16666666666666666,10.566666666666666
2023,7,NE,BUF,29,-0.15013036390005663,0.2699331688472029,-0.02137145018214534,0.4134493620229159,-0.1287589137179113,-0.14351619317571296,25,96.0,0.12,0.2,3.84,33,277.0,0.18181818181818182,0.09090909090909091,8.393939393939394
2023,7,NYG,WAS,14,-0.3696971946699603,-0.6113059907199383,-0.7258532967677822,-0.8500751302320168,0.3561561020978219,0.23876913951207845,32,106.0,0.0625,0.21875,3.3125,36,260.0,0.2222222222222222,0.1111111111111111,7.222222222222222
2023,7,TB,ATL,13,-0.16880654286706603,0.7470972800109946,1.1876015880421962,0.3598742582706589,-1.3564081309092622,0.38722302174033574,20,73.0,0.1,0.35,3.65,46,287.0,0.10869565217391304,0.08695652173913043,6.239130434782608
2023,7,SEA,ARI,20,-0.9349082798739412,-0.9836665718060426,-1.353134463783926,-1.4305030541442514,0.4182261839099848,0.44683648233820883,32,115.0,0.03125,0.25,3.59375,28,213.0,0.21428571428571427,0.17857142857142858,7.607142857142857
2023,7,DEN,GB,19,-0.49911502199557545,-0.8675733882033017,-0.433685397994597,-0.22042679376181193,-0.06542962400097846,-0.6471465944414897,25,145.0,0.24,0.12,5.8,31,215.0,0.1935483870967742,0.03225806451612903,6.935483870967742
2023,7,KC,LAC,31,-0.039783787602350504,-1.0862670723931147,0.1058547141369668,-0.8098180977696844,-0.1456385017393173,-0.2764489746234303,21,68.0,0.047619047619047616,0.3333333333333333,3.238095238095238,45,446.0,0.2,0.044444444444444446,9.911111111111111
2023,7,PHI,MIA,31,0.4099490326553549,-0.21691501645131753,-0.002247331955775606,1.3659394532692979,0.41219636461113046,-1.5828544697206155,34,99.0,0.058823529411764705,0.23529411764705882,2.911764705882353,36,273.0,0.16666666666666666,0.08333333333333333,7.583333333333333
2023,7,MIN,SF,22,-0.33178600822619253,-1.658296947880582,0.031839156221815476,-0.15590440756997104,-0.363625164448008,-1.5023925403106109,21,74.0,0.14285714285714285,0.3333333333333333,3.5238095238095237,44,378.0,0.18181818181818182,0.06818181818181818,8.590909090909092
2023,8,BUF,TB,24,1.213384327271969,0.17370778014402857,0.4270184214846672,-0.38063732000561634,0.7863659057873019,0.5543451001496449,26,115.0,0.07692307692307693,0.15384615384615385,4.423076923076923,45,330.0,0.17777777777777778,0.06666666666666667,7.333333333333333
2023,8,CAR,HOU,15,-0.0642941240823986,-0.23603551423408967,1.5154998765597503,0.7750843311687893,-1.579794000642149,-1.011119845402879,24,44.0,0.0,0.3333333333333333,1.8333333333333333,40,193.0,0.1,0.15,4.825
2023,8,DAL,LA,43,0.34409904637993427,0.6075071034920049,-0.07202738492728988,-0.665795231789479,0.41612643130722415,1.2733023352814838,26,102.0,0.07692307692307693,0.19230769230769232,3.923076923076923,41,304.0,0.21951219512195122,0.12195121951219512,7.414634146341464
2023,8,GB,MIN,10,0.5972260274936071,0.05007026383270021,-0.2790405967785615,0.02814239731624335,0.8762666242721686,0.02192786651645686,17,74.0,0.058823529411764705,0.23529411764705882,4.352941176470588,49,230.0,0.10204081632653061,0.08163265306122448,4.6938775510204085
2023,8,IND,NO,27,-0.10969495907463964,0.4780820892089394,-0.11773584256495809,-0.6719142782268893,0.008040883490318451,1.1499963674358287,24,164.0,0.16666666666666666,0.125,6.833333333333333,44,210.0,0.09090909090909091,0.045454545454545456,4.7727272727272725
2023,8,MIA,NE,31,0.4667667706475805,1.1749442520333224,1.2104927286666403,0.1687037733249579,-0.7437259580190598,1.0062404787083645,26,78.0,0.07692307692307693,0.23076923076923078,3.0,49,323.0,0.1836734693877551,0.08163265306122448,6.591836734693878
2023,8,NYG,NYJ,10,-0.3696971946699603,-0.6113059907199383,0.5679672878591857,1.5863009600724396,-0.937664482529146,-2.1976069507923777,52,203.0,0.057692307692307696,0.21153846153846154,3.9038461538461537,24,15.0,0.0,0.2916666666666667,0.625
2023,8,PIT,JAX,10,0.01839089447578244,-0.44830589225313017,-0.11978728871192726,0.5581438276248282,0.1381781831877097,-1.0064497198779583,18,70.0,0.1111111111111111,0.16666666666666666,3.888888888888889,49,219.0,0.04081632653061224,0.10204081632653061,4.469387755102041
2023,8,TEN,ATL,28,0.03203023006098382,-1.026598963334874,1.1876015880421962,0.3598742582706589,-1.1555713579812124,-1.3864732216055329,36,149.0,0.05555555555555555,0.16666666666666666,4.138888888888889,32,231.0,0.125,0.09375,7.21875
2023,8,WAS,PHI,31,0.5110980521714303,0.010287631896513029,0.008475903029680099,0.41721206982331854,0.5026221491417502,-0.4069244379268055,16,84.0,0.125,0.1875,5.25,55,397.0,0.2,0.07272727272727272,7.218181818181818
2023,8,SEA,CLE,24,-0.9349082798739412,-0.9836665718060426,0.8949505720872737,0.5770820063821195,-1.829858851961215,-1.560748578188162,17,114.0,0.23529411764705882,0.4117647058823529,6.705882352941177,38,248.0,0.13157894736842105,0.02631578947368421,6.526315789473684
2023,8,ARI,BAL,24,0.32594533718484064,0.02389460982564991,-0.24817345380798783,-0.47590970818683115,0.5741187909928285,0.49980431801248104,33,131.0,0.09090909090909091,0.30303030303030304,3.9696969696969697,42,199.0,0.09523809523809523,0.07142857142857142,4.738095238095238
2023,8,DEN,KC,24,-0.49911502199557545,-0.8675733882033017,-0.7488773376958111,0.9503626051062884,0.24976231570023566,-1.81793599330959,40,153.0,0.075,0.2,3.825,30,111.0,0.06666666666666667,0.26666666666666666,3.7
2023,8,SF,CIN,17,1.1457351949977,0.45361782737273143,-1.1714665379225777,0.3480367857389785,2.3172017329202776,0.10558104163375293,23,113.0,0.17391304347826086,0.13043478260869565,4.913043478260869,39,404.0,0.28205128205128205,0.05128205128205128,10.35897435897436
2023,8,LAC,CHI,30,-0.1171153506195736,0.34362462559627877,0.7104208669437911,-0.13998727183108842,-0.8275362175633647,0.4836118974273672,25,54.0,0.0,0.28,2.16,41,299.0,0.12195121951219512,0.04878048780487805,7.2926829268292686
2023,8,DET,LV,26,0.6641255115599745,-0.05704854052906392,-0.5222330090988869,-0.7374004192923892,1.1863585206588614,0.6803518787633253,43,222.0,0.16279069767441862,0.16279069767441862,5.162790697674419,38,264.0,0.10526315789473684,0.07894736842105263,6.947368421052632
2023,9,PIT,TEN,20,0.01839089447578244,-0.44830589225313017,0.28331409625098897,-0.7846392135736472,-0.2649232017752065,0.336333321320517,30,166.0,0.2,0.16666666666666666,5.533333333333333,30,160.0,0.06666666666666667,0.03333333333333333,5.333333333333333
2023,9,KC,MIA,21,-0.039783787602350504,-1.0862670723931147,-0.002247331955775606,1.3659394532692979,-0.0375364556465749,-2.4522065256624126,24,93.0,0.041666666666666664,0.16666666666666666,3.875,34,196.0,0.14705882352941177,0.08823529411764706,5.764705882352941
2023,9,ATL,MIN,28,-0.8133891446201944,0.25292126922901953,-0.2790405967785615,0.02814239731624335,-0.5343485478416329,0.22477887191277618,28,110.0,0.10714285714285714,0.21428571428571427,3.9285714285714284,41,280.0,0.14634146341463414,0.07317073170731707,6.829268292682927
2023,9,BAL,SEA,37,0.996040536131218,1.2750624386672147,-0.5625355197755141,-0.0148659831072561,1.558576055906732,1.2899284217744709,41,298.0,0.17073170731707318,0.21951219512195122,7.2682926829268295,37,249.0,0.10810810810810811,0.08108108108108109,6.72972972972973
2023,9,CLE,ARI,27,-0.906187696307213,-0.25557061331908915,-1.353134463783926,-1.4305030541442514,0.446946767476713,1.1749324408251622,40,113.0,0.05,0.2,2.825,33,235.0,0.15151515151515152,0.06060606060606061,7.121212121212121
2023,9,GB,LA,20,0.5972260274936071,0.05007026383270021,-0.07202738492728988,-0.665795231789479,0.669253412420897,0.7158654956221792,38,184.0,0.07894736842105263,0.15789473684210525,4.842105263157895,30,215.0,0.16666666666666666,0.13333333333333333,7.166666666666667
2023,9,HOU,TB,39,-0.8844871832830261,-0.2289500950935606,0.4270184214846672,-0.38063732000561634,-1.3115056047676932,0.15168722491205575,19,55.0,0.10526315789473684,0.3157894736842105,2.8947368421052633,45,443.0,0.26666666666666666,0.13333333333333333,9.844444444444445
2023,9,NE,WAS,17,-0.15013036390005663,0.2699331688472029,-0.7258532967677822,-0.8500751302320168,0.5757229328677256,1.1200082990792197,19,107.0,0.05263157894736842,0.3157894736842105,5.631578947368421,46,225.0,0.06521739130434782,0.0,4.891304347826087
2023,9,NO,CHI,24,-0.4171022515656428,1.1804607194935952,0.7104208669437911,-0.13998727183108842,-1.1275231185094339,1.3204479913246836,27,87.0,0.1111111111111111,0.2962962962962963,3.2222222222222223,36,218.0,0.08333333333333333,0.027777777777777776,6.055555555555555
2023,9,CAR,IND,13,-0.0642941240823986,-0.23603551423408967,0.8015570179948168,-0.682344328756364,-0.8658511420772155,0.44630881452227433,28,138.0,0.17857142857142858,0.14285714285714285,4.928571428571429,48,178.0,0.020833333333333332,0.10416666666666667,3.7083333333333335
2023,9,LV,NYG,30,-0.1924597408460147,1.391209707444671,-1.1953601003884815,0.4385092548003248,1.0029003595424668,0.9527004526443461,34,125.0,0.08823529411764706,0.17647058823529413,3.676470588235294,25,209.0,0.16,0.0,8.36
2023,9,PHI,DAL,28,0.4099490326553549,-0.21691501645131753,0.12043094739826213,-0.23151944822367576,0.28951808525709277,0.014604431772358234,33,109.0,0.030303030303030304,0.12121212121212122,3.303030303030303,32,212.0,0.1875,0.09375,6.625
2023,9,CIN,BUF,24,0.5967033055017595,-0.20304474243312387,-0.02137145018214534,0.4134493620229159,0.6180747556839049,-0.6164941044560397,22,54.0,0.045454545454545456,0.3181818181818182,2.4545454545454546,46,350.0,0.1956521739130435,0.08695652173913043,7.608695652173913
2023,9,NYJ,LAC,6,-1.2902466642912715,-1.0266656639178466,0.1058547141369668,-0.8098180977696844,-1.3961013784282383,-0.21684756614816225,20,64.0,0.05,0.1,3.2,58,213.0,0.06896551724137931,0.1724137931034483,3.6724137931034484
2023,10,CHI,CAR,16,0.866342940487402,-0.6798594476942915,0.1365621620393149,-0.9328757491827148,0.7297807784480871,0.25301630148842325,37,133.0,0.08108108108108109,0.13513513513513514,3.5945945945945947,37,177.0,0.05405405405405406,0.05405405405405406,4.783783783783784
2023,10,NE,IND,6,-0.15013036390005663,0.2699331688472029,0.8015570179948168,-0.682344328756364,-0.9516873818948735,0.9522774976035668,36,167.0,0.05555555555555555,0.1111111111111111,4.638888888888889,34,196.0,0.11764705882352941,0.14705882352941177,5.764705882352941
2023,10,BAL,CLE,31,0.996040536131218,1.2750624386672147,0.8949505720872737,0.5770820063821195,0.10108996404394432,0.6979804322850952,24,106.0,0.041666666666666664,0.125,4.416666666666667,30,223.0,0.2,0.1,7.433333333333334
2023,10,CIN,HOU,27,0.5967033055017595,-0.20304474243312387,1.5154998765597503,0.7750843311687893,-0.9187965710579907,-0.9781290736019131,16,66.0,0.1875,0.1875,4.125,47,334.0,0.14893617021276595,0.1276595744680851,7.1063829787234045
2023,10,JAX,SF,3,-0.8986328931944014,0.5065935645301051,0.031839156221815476,-0.15590440756997104,-0.9304720494162169,0.6624979721000761,17,59.0,0.058823529411764705,0.17647058823529413,3.4705882352941178,39,169.0,0.1282051282051282,0.15384615384615385,4.333333333333333
2023,10,MIN,NO,27,-0.33178600822619253,-1.658296947880582,-0.11773584256495809,-0.6719142782268893,-0.21405016566123444,-0.9863826696536927,33,125.0,0.12121212121212122,0.21212121212121213,3.787878787878788,41,296.0,0.14634146341463414,0.04878048780487805,7.219512195121951
2023,10,PIT,GB,23,0.01839089447578244,-0.44830589225313017,-0.433685397994597,-0.22042679376181193,0.45207629247037945,-0.22787909849131824,36,205.0,0.2222222222222222,0.1388888888888889,5.694444444444445,26,134.0,0.07692307692307693,0.07692307692307693,5.153846153846154
2023,10,TB,TEN,20,-0.16880654286706603,0.7470972800109946,0.28331409625098897,-0.7846392135736472,-0.452120639118055,1.5317364935846418,29,77.0,0.034482758620689655,0.13793103448275862,2.6551724137931036,34,274.0,0.29411764705882354,0.11764705882352941,8.058823529411764
2023,10,ARI,ATL,25,0.32594533718484064,0.02389460982564991,1.1876015880421962,0.3598742582706589,-0.8616562508573555,-0.335979648445009,26,122.0,0.15384615384615385,0.19230769230769232,4.6923076923076925,37,250.0,0.16216216216216217,0.05405405405405406,6.756756756756757
2023,10,LAC,DET,38,-0.1171153506195736,0.34362462559627877,0.9001042685297271,1.8649433771470247,-1.0172196191493008,-1.521318751550746,28,98.0,0.07142857142857142,0.21428571428571427,3.5,41,336.0,0.1951219512195122,0.024390243902439025,8.195121951219512
2023,10,DAL,NYG,49,0.34409904637993427,0.6075071034920049,-1.1953601003884815,0.4385092548003248,1.5394591467684158,0.16899784869168005,33,168.0,0.21212121212121213,0.12121212121212122,5.090909090909091,46,489.0,0.2608695652173913,0.043478260869565216,10.630434782608695
2023,10,SEA,WAS,29,-0.9349082798739412,-0.9836665718060426,-0.7258532967677822,-0.8500751302320168,-0.209054983106159,-0.1335914415740258,26,120.0,0.19230769230769232,0.19230769230769232,4.615384615384615,48,382.0,0.20833333333333334,0.041666666666666664,7.958333333333333
2023,10,LV,NYJ,16,-0.1924597408460147,1.391209707444671,0.5679672878591857,1.5863009600724396,-0.7604270287052004,-0.1950912526277686,32,148.0,0.09375,0.21875,4.625,30,126.0,0.06666666666666667,0.1,4.2
2023,10,BUF,DEN,22,1.213384327271969,0.17370778014402857,-1.3712634483544255,-0.9957419436991287,2.5846477756263946,1.1694497238431574,26,192.0,0.23076923076923078,0.038461538461538464,7.384615384615385,28,185.0,0.14285714285714285,0.03571428571428571,6.607142857142857
2023,11,BAL,CIN,34,0.996040536131218,1.2750624386672147,-1.1714665379225777,0.3480367857389785,2.1675070740537956,0.9270256529282361,31,157.0,0.06451612903225806,0.06451612903225806,5.064516129032258,33,268.0,0.18181818181818182,0.09090909090909091,8.121212121212121
2023,11,CAR,DAL,10,-0.0642941240823986,-0.23603551423408967,0.12043094739826213,-0.23151944822367576,-0.18472507148066072,-0.004516066010413905,23,110.0,0.17391304347826086,0.21739130434782608,4.782608695652174,37,81.0,0.05405405405405406,0.1891891891891892,2.189189189189189
2023,11,CLE,PIT,13,-0.906187696307213,-0.25557061331908915,0.042702853465564045,0.32857391728463575,-0.948890549772777,-0.584144530603725,29,96.0,0.06896551724137931,0.20689655172413793,3.310344827586207,43,172.0,0.046511627906976744,0.09302325581395349,4.0
2023,11,DET,CHI,31,0.6641255115599745,-0.05704854052906392,0.7104208669437911,-0.13998727183108842,-0.04629535538381668,0.0829387313020245,22,115.0,0.18181818181818182,0.09090909090909091,5.2272727272727275,39,229.0,0.05128205128205128,0.05128205128205128,5.871794871794871
2023,11,GB,LAC,23,0.5972260274936071,0.05007026383270021,0.1058547141369668,-0.8098180977696844,0.4913713133566403,0.8598883616023846,28,102.0,0.07142857142857142,0.2857142857142857,3.642857142857143,44,296.0,0.20454545454545456,0.09090909090909091,6.7272727272727275
2023,11,HOU,ARI,21,-0.8844871832830261,-0.2289500950935606,-1.353134463783926,-1.4305030541442514,0.4686472805008999,1.2015529590506908,25,111.0,0.16,0.24,4.44,42,308.0,0.23809523809523808,0.09523809523809523,7.333333333333333
2023,11,JAX,TEN,34,-0.8986328931944014,0.5065935645301051,0.28331409625098897,-0.7846392135736472,-1.1819469894453905,1.2912327781037523,36,128.0,0.05555555555555555,0.25,3.5555555555555554,35,275.0,0.17142857142857143,0.05714285714285714,7.857142857142857
2023,11,MIA,LV,20,0.4667667706475805,1.1749442520333224,-0.5222330090988869,-0.7374004192923892,0.9889997797464674,1.9123446713257115,28,99.0,0.07142857142857142,0.07142857142857142,3.5357142857142856,41,330.0,0.1951219512195122,0.04878048780487805,8.048780487804878
2023,11,WAS,NYG,19,0.5110980521714303,0.010287631896513029,-1.1953601003884815,0.4385092548003248,1.7064581525599118,-0.42822162290381177,28,174.0,0.21428571428571427,0.21428571428571427,6.214285714285714,52,265.0,0.057692307692307696,0.09615384615384616,5.096153846153846
2023,11,SF,TB,27,1.1457351949977,0.45361782737273143,0.4270184214846672,-0.38063732000561634,0.7187167735130328,0.8342551473783477,30,115.0,0.13333333333333333,0.26666666666666666,3.8333333333333335,31,321.0,0.22580645161290322,0.12903225806451613,10.35483870967742
2023,11,BUF,NYJ,32,1.213384327271969,0.17370778014402857,0.5679672878591857,1.5863009600724396,0.6454170394127834,-1.412593179928411,38,130.0,0.07894736842105263,0.21052631578947367,3.4210526315789473,35,270.0,0.17142857142857143,0.05714285714285714,7.714285714285714
2023,11,DEN,MIN,21,-0.49911502199557545,-0.8675733882033017,-0.2790405967785615,0.02814239731624335,-0.22007442521701392,-0.895715785519545,16,46.0,0.0625,0.3125,2.875,37,249.0,0.16216216216216217,0.10810810810810811,6.72972972972973
2023,11,KC,PHI,17,-0.039783787602350504,-1.0862670723931147,0.008475903029680099,0.41721206982331854,-0.0482596906320306,-1.5034791422164333,30,168.0,0.2,0.16666666666666666,5.6,49,206.0,0.061224489795918366,0.02040816326530612,4.204081632653061
2023,12,DET,GB,22,0.6641255115599745,-0.05704854052906392,-0.433685397994597,-0.22042679376181193,1.0978109095545714,0.16337825323274802,32,142.0,0.0625,0.0625,4.4375,51,335.0,0.17647058823529413,0.09803921568627451,6.568627450980392
2023,12,DAL,WAS,45,0.34409904637993427,0.6075071034920049,-0.7258532967677822,-0.8500751302320168,1.0699523431477165,1.4575822337240216,18,100.0,0.16666666666666666,0.2222222222222222,5.555555555555555,34,343.0,0.29411764705882354,0.029411764705882353,10.088235294117647
2023,12,SEA,SF,13,-0.9349082798739412,-0.9836665718060426,0.031839156221815476,-0.15590440756997104,-0.9667474360957566,-0.8277621642360715,21,88.0,0.14285714285714285,0.14285714285714285,4.190476190476191,35,152.0,0.08571428571428572,0.2,4.3428571428571425
2023,12,NYJ,MIA,13,-1.2902466642912715,-1.0266656639178466,-0.002247331955775606,1.3659394532692979,-1.287999332335496,-2.3926051171871445,10,29.0,0.1,0.3,2.9,45,130.0,0.0,0.2,2.888888888888889
2023,12,ATL,NO,24,-0.8133891446201944,0.25292126922901953,-0.11773584256495809,-0.6719142782268893,-0.6956533020552363,0.9248355474559089,41,228.0,0.24390243902439024,0.14634146341463414,5.560975609756097,24,202.0,0.20833333333333334,0.041666666666666664,8.416666666666666
2023,12,CIN,PIT,10,0.5967033055017595,-0.20304474243312387,0.042702853465564045,0.32857391728463575,0.5540004520361955,-0.5316186597177597,11,25.0,0.0,0.09090909090909091,2.272727272727273,32,207.0,0.15625,0.125,6.46875
2023,12,HOU,JAX,21,-0.8844871832830261,-0.2289500950935606,-0.11978728871192726,0.5581438276248282,-0.7646998945710989,-0.7870939227183887,18,91.0,0.2222222222222222,0.1111111111111111,5.055555555555555,46,308.0,0.1956521739130435,0.13043478260869565,6.695652173913044
2023,12,IND,TB,27,-0.10969495907463964,0.4780820892089394,0.4270184214846672,-0.38063732000561634,-0.5367133805593068,0.8587194092145558,27,155.0,0.2222222222222222,0.14814814814814814,5.7407407407407405,45,246.0,0.1111111111111111,0.044444444444444446,5.466666666666667
2023,12,NYG,NE,10,-0.3696971946699603,-0.6113059907199383,1.2104927286666403,0.1687037733249579,-1.5801899233366006,-0.7800097640448962,19,58.0,0.10526315789473684,0.3684210526315789,3.0526315789473686,33,170.0,0.09090909090909091,0.21212121212121213,5.151515151515151
2023,12,TEN,CAR,17,0.03203023006098382,-1.026598963334874,0.1365621620393149,-0.9328757491827148,-0.10453193197833108,-0.09372321415215923,24,80.0,0.125,0.2916666666666667,3.3333333333333335,28,184.0,0.17857142857142858,0.10714285714285714,6.571428571428571
2023,12,ARI,LA,14,0.32594533718484064,0.02389460982564991,-0.07202738492728988,-0.665795231789479,0.39797272211213053,0.6896898416151289,16,75.0,0.125,0.0625,4.6875,50,219.0,0.14,0.12,4.38
2023,12,DEN,CLE,29,-0.49911502199557545,-0.8675733882033017,0.8949505720872737,0.5770820063821195,-1.394065594082849,-1.4446553945854212,39,169.0,0.1794871794871795,0.3076923076923077,4.333333333333333,25,139.0,0.12,0.08,5.56
2023,12,LV,KC,17,-0.1924597408460147,1.391209707444671,-0.7488773376958111,0.9503626051062884,0.5564175968497964,0.44084710233838253,23,123.0,0.08695652173913043,0.17391304347826086,5.3478260869565215,35,235.0,0.17142857142857143,0.02857142857142857,6.714285714285714
2023,12,PHI,BUF,37,0.4099490326553549,-0.21691501645131753,-0.02137145018214534,0.4134493620229159,0.43132048283750024,-0.6303643784742334,32,185.0,0.21875,0.15625,5.78125,38,236.0,0.10526315789473684,0.07894736842105263,6.2105263157894735
2023,12,LAC,BAL,10,-0.1171153506195736,0.34362462559627877,-0.24817345380798783,-0.47590970818683115,0.13105810318841424,0.8195343337831099,19,86.0,0.05263157894736842,0.10526315789473684,4.526315789473684,51,240.0,0.0784313725490196,0.11764705882352941,4.705882352941177
2023,12,MIN,CHI,10,-0.33178600822619253,-1.658296947880582,0.7104208669437911,-0.13998727183108842,-1.0422068751699838,-1.5183096760494936,17,73.0,0.11764705882352941,0.23529411764705882,4.294117647058823,36,180.0,0.1388888888888889,0.16666666666666666,5.0
2023,13,DAL,SEA,41,0.34409904637993427,0.6075071034920049,-0.5625355197755141,-0.0148659831072561,0.9066345661554484,0.6223730865992609,34,136.0,0.08823529411764706,0.23529411764705882,4.0,47,284.0,0.14893617021276595,0.10638297872340426,6.042553191489362
2023,13,HOU,DEN,22,-0.8844871832830261,-0.2289500950935606,-1.3712634483544255,-0.9957419436991287,0.48677626507139937,0.7667918486055681,30,89.0,0.1,0.3,2.966666666666667,36,270.0,0.16666666666666666,0.1388888888888889,7.5
2023,13,NE,LAC,0,-0.15013036390005663,0.2699331688472029,0.1058547141369668,-0.8098180977696844,-0.2559850780370234,1.0797512666168874,32,148.0,0.03125,0.125,4.625,33,123.0,0.09090909090909091,0.18181818181818182,3.727272727272727
2023,13,NO,DET,28,-0.4171022515656428,1.1804607194935952,0.9001042685297271,1.8649433771470247,-1.31720652009537,-0.6844826576534295,36,113.0,0.05555555555555555,0.25,3.138888888888889,31,249.0,0.22580645161290322,0.0967741935483871,8.03225806451613
2023,13,NYJ,ATL,8,-1.2902466642912715,-1.0266656639178466,1.1876015880421962,0.3598742582706589,-2.4778482523334677,-1.3865399221885055,25,62.0,0.04,0.32,2.48,43,205.0,0.09302325581395349,0.11627906976744186,4.767441860465116
2023,13,PIT,ARI,10,0.01839089447578244,-0.44830589225313017,-1.353134463783926,-1.4305030541442514,1.3715253582597084,0.9821971618911212,31,130.0,0.0967741935483871,0.16129032258064516,4.193548387096774,30,196.0,0.1,0.06666666666666667,6.533333333333333
2023,13,TEN,IND,28,0.03203023006098382,-1.026598963334874,0.8015570179948168,-0.682344328756364,-0.769526787933833,-0.34425463457851,42,177.0,0.07142857142857142,0.14285714285714285,4.214285714285714,40,210.0,0.175,0.175,5.25
2023,13,WAS,MIA,15,0.5110980521714303,0.010287631896513029,-0.002247331955775606,1.3659394532692979,0.513345384127206,-1.3556518213727848,28,138.0,0.10714285714285714,0.14285714285714285,4.928571428571429,30,129.0,0.1,0.16666666666666666,4.3
2023,13,TB,CAR,21,-0.16880654286706603,0.7470972800109946,0.1365621620393149,-0.9328757491827148,-0.3053687049063809,1.6799730291937094,28,128.0,0.14285714285714285,0.10714285714285714,4.571428571428571,30,194.0,0.1,0.06666666666666667,6.466666666666667
2023,13,PHI,SF,19,0.4099490326553549,-0.21691501645131753,0.031839156221815476,-0.15590440756997104,0.3781098764335394,-0.06101060888134649,18,46.0,0.0,0.1111111111111111,2.5555555555555554,57,312.0,0.14035087719298245,0.05263157894736842,5.473684210526316
2023,13,GB,KC,27,0.5972260274936071,0.05007026383270021,-0.7488773376958111,0.9503626051062884,1.346103365189418,-0.9002923412735883,25,129.0,0.12,0.04,5.16,39,261.0,0.15384615384615385,0.1282051282051282,6.6923076923076925
2023,13,JAX,CIN,31,-0.8986328931944014,0.5065935645301051,-1.1714665379225777,0.3480367857389785,0.2728336447281763,0.15855677879112656,25,71.0,0.12,0.28,2.84,46,316.0,0.1956521739130435,0.13043478260869565,6.869565217391305
2023,14,PIT,NE,18,0.01839089447578244,-0.44830589225313017,1.2104927286666403,0.1687037733249579,-1.1921018341908578,-0.6170096655780881,28,82.0,0.07142857142857142,0.21428571428571427,2.9285714285714284,43,210.0,0.06976744186046512,0.09302325581395349,4.883720930232558
2023,14,ATL,TB,25,-0.8133891446201944,0.25292126922901953,0.4270184214846672,-0.38063732000561634,-1.2404075661048615,0.6335585892346358,26,96.0,0.0,0.19230769230769232,3.6923076923076925,45,353.0,0.2222222222222222,0.06666666666666667,7.844444444444444
2023,14,BAL,LA,37,0.996040536131218,1.2750624386672147,-0.07202738492728988,-0.665795231789479,1.0680679210585078,1.9408576704566936,26,139.0,0.15384615384615385,0.11538461538461539,5.346153846153846,54,380.0,0.1111111111111111,0.037037037037037035,7.037037037037037
2023,14,CHI,DET,28,0.866342940487402,-0.6798594476942915,0.9001042685297271,1.8649433771470247,-0.03376132804232512,-2.5448028248413164,30,142.0,0.2,0.2,4.733333333333333,41,240.0,0.12195121951219512,0.12195121951219512,5.853658536585366
2023,14,CIN,IND,34,0.5967033055017595,-0.20304474243312387,0.8015570179948168,-0.682344328756364,-0.20485371249305728,0.4792995863232401,32,111.0,0.0625,0.15625,3.46875,27,280.0,0.2222222222222222,0.1111111111111111,10.37037037037037
2023,14,CLE,JAX,31,-0.906187696307213,-0.25557061331908915,-0.11978728871192726,0.5581438276248282,-0.7864004075952857,-0.8137144409439173,28,82.0,0.03571428571428571,0.39285714285714285,2.9285714285714284,46,307.0,0.15217391304347827,0.043478260869565216,6.673913043478261
2023,14,NO,CAR,28,-0.4171022515656428,1.1804607194935952,0.1365621620393149,-0.9328757491827148,-0.5536644136049577,2.11333646867631,25,97.0,0.08,0.16,3.88,27,110.0,0.07407407407407407,0.14814814814814814,4.074074074074074
2023,14,NYJ,HOU,30,-1.2902466642912715,-1.0266656639178466,1.5154998765597503,0.7750843311687893,-2.805746540851022,-1.8017499950866358,26,79.0,0.11538461538461539,0.2692307692307692,3.0384615384615383,42,281.0,0.21428571428571427,0.11904761904761904,6.690476190476191
2023,14,LV,MIN,0,-0.1924597408460147,1.391209707444671,-0.2790405967785615,0.02814239731624335,0.08658085593254683,1.3630673101284276,17,56.0,0.058823529411764705,0.058823529411764705,3.2941176470588234,36,146.0,0.05555555555555555,0.1388888888888889,4.055555555555555
2023,14,SF,SEA,28,1.1457351949977,0.45361782737273143,-0.5625355197755141,-0.0148659831072561,1.7082707147732141,0.46848381047998755,23,173.0,0.17391304347826086,0.17391304347826086,7.521739130434782,31,362.0,0.25806451612903225,0.0967741935483871,11.67741935483871
2023,14,KC,BUF,17,-0.039783787602350504,-1.0862670723931147,-0.02137145018214534,0.4134493620229159,-0.018412337420205163,-1.4997164344160305,18,82.0,0.05555555555555555,0.05555555555555555,4.555555555555555,45,272.0,0.17777777777777778,0.022222222222222223,6.044444444444444
2023,14,LAC,DEN,7,-0.1171153506195736,0.34362462559627877,-1.3712634483544255,-0.9957419436991287,1.2541480977348518,1.3393665692954075,19,76.0,0.0,0.21052631578947367,4.0,48,207.0,0.08333333333333333,0.125,4.3125
2023,14,DAL,PHI,33,0.34409904637993427,0.6075071034920049,0.008475903029680099,0.41721206982331854,0.33562314335025417,0.19029503366868633,32,138.0,0.0625,0.03125,4.3125,43,260.0,0.11627906976744186,0.09302325581395349,6.046511627906977
2023,14,MIA,TEN,27,0.4667667706475805,1.1749442520333224,0.28331409625098897,-0.7846392135736472,0.18345267439659152,1.9595834656069697,31,158.0,0.12903225806451613,0.0967741935483871,5.096774193548387,41,223.0,0.17073170731707318,0.17073170731707318,5.439024390243903
2023,14,NYG,GB,24,-0.3696971946699603,-0.6113059907199383,-0.433685397994597,-0.22042679376181193,0.06398820332463667,-0.39087919695812634,34,209.0,0.20588235294117646,0.23529411764705882,6.147058823529412,27,192.0,0.07407407407407407,0.037037037037037035,7.111111111111111
2023,15,LV,LAC,63,-0.1924597408460147,1.391209707444671,0.1058547141369668,-0.8098180977696844,-0.2983144549829815,2.2010278052143555,26,124.0,0.07692307692307693,0.11538461538461539,4.769230769230769,37,254.0,0.16216216216216217,0.02702702702702703,6.864864864864865
2023,15,CIN,MIN,27,0.5967033055017595,-0.20304474243312387,-0.2790405967785615,0.02814239731624335,0.8757439022803211,-0.23118713974936722,22,80.0,0.09090909090909091,0.18181818181818182,3.6363636363636362,47,298.0,0.10638297872340426,0.1276595744680851,6.340425531914893
2023,15,IND,PIT,30,-0.10969495907463964,0.4780820892089394,0.042702853465564045,0.32857391728463575,-0.15239781254020368,0.14950817192430366,34,170.0,0.11764705882352941,0.058823529411764705,5.0,32,203.0,0.15625,0.09375,6.34375
2023,15,DET,DEN,42,0.6641255115599745,-0.05704854052906392,-1.3712634483544255,-0.9957419436991287,2.0353889599143997,0.9386934031700648,28,185.0,0.21428571428571427,0.10714285714285714,6.607142857142857,36,263.0,0.25,0.1111111111111111,7.305555555555555
2023,15,CAR,ATL,9,-0.0642941240823986,-0.23603551423408967,1.1876015880421962,0.3598742582706589,-1.2518957121245948,-0.5959097725047485,36,129.0,0.16666666666666666,0.3611111111111111,3.5833333333333335,28,166.0,0.14285714285714285,0.14285714285714285,5.928571428571429
2023,15,CLE,CHI,20,-0.906187696307213,-0.25557061331908915,0.7104208669437911,-0.13998727183108842,-1.616608563251004,-0.11558334148800073,18,29.0,0.0,0.3888888888888889,1.6111111111111112,49,348.0,0.12244897959183673,0.10204081632653061,7.1020408163265305
2023,15,GB,TB,20,0.5972260274936071,0.05007026383270021,0.4270184214846672,-0.38063732000561634,0.17020760600893992,0.43070758383831653,17,60.0,0.058823529411764705,0.35294117647058826,3.5294117647058822,41,261.0,0.1951219512195122,0.0975609756097561,6.365853658536586
2023,15,MIA,NYJ,30,0.4667667706475805,1.1749442520333224,0.5679672878591857,1.5863009600724396,-0.10120051721160522,-0.41135670803911717,28,77.0,0.10714285714285714,0.2857142857142857,2.75,29,213.0,0.10344827586206896,0.20689655172413793,7.344827586206897
2023,15,NE,KC,17,-0.15013036390005663,0.2699331688472029,-0.7488773376958111,0.9503626051062884,0.5987469737957545,-0.6804294362590855,16,52.0,0.0625,0.25,3.25,35,154.0,0.14285714285714285,0.17142857142857143,4.4
2023,15,NO,NYG,24,-0.4171022515656428,1.1804607194935952,-1.1953601003884815,0.4385092548003248,0.7782578488228387,0.7419514646932703,28,87.0,0.07142857142857142,0.2857142857142857,3.107142857142857,30,209.0,0.23333333333333334,0.03333333333333333,6.966666666666667
2023,15,TEN,HOU,16,0.03203023006098382,-1.026598963334874,1.5154998765597503,0.7750843311687893,-1.4834696464987664,-1.8016832945036634,30,66.0,0.03333333333333333,0.26666666666666666,2.2,36,162.0,0.16666666666666666,0.25,4.5
2023,15,ARI,SF,29,0.32594533718484064,0.02389460982564991,0.031839156221815476,-0.15590440756997104,0.29410618096302515,0.17979901739562096,30,234.0,0.2,0.16666666666666666,7.8,46,225.0,0.10869565217391304,0.10869565217391304,4.891304347826087
2023,15,BUF,DAL,31,1.213384327271969,0.17370778014402857,0.12043094739826213,-0.23151944822367576,1.092953379873707,0.4052272283677043,49,266.0,0.16326530612244897,0.10204081632653061,5.428571428571429,19,102.0,0.21052631578947367,0.05263157894736842,5.368421052631579
2023,15,JAX,BAL,7,-0.8986328931944014,0.5065935645301051,-0.24817345380798783,-0.47590970818683115,-0.6504594393864136,0.9825032727169363,17,75.0,0.17647058823529413,0.23529411764705882,4.411764705882353,48,299.0,0.0625,0.08333333333333333,6.229166666666667
2023,15,SEA,PHI,20,-0.9349082798739412,-0.9836665718060426,0.008475903029680099,0.41721206982331854,-0.9433841829036214,-1.400878641629361,24,100.0,0.125,0.20833333333333334,4.166666666666667,35,197.0,0.11428571428571428,0.05714285714285714,5.628571428571429
2023,16,PIT,CIN,34,0.01839089447578244,-0.44830589225313017,-1.1714665379225777,0.3480367857389785,1.1898574323983602,-0.7963426779921087,30,113.0,0.03333333333333333,0.1,3.7666666666666666,29,291.0,0.13793103448275862,0.13793103448275862,10.03448275862069
2023,16,LAC,BUF,22,-0.1171153506195736,0.34362462559627877,-0.02137145018214534,0.4134493620229159,-0.09574390043742825,-0.06982473642663711,27,98.0,0.07407407407407407,0.1111111111111111,3.6296296296296298,39,174.0,0.15384615384615385,0.15384615384615385,4.461538461538462
2023,16,ATL,IND,29,-0.8133891446201944,0.25292126922901953,0.8015570179948168,-0.682344328756364,-1.6149461626150112,0.9352655979853834,30,177.0,0.2,0.23333333333333334,5.9,34,239.0,0.20588235294117646,0.08823529411764706,7.029411764705882
2023,16,CAR,GB,30,-0.0642941240823986,-0.23603551423408967,-0.433685397994597,-0.22042679376181193,0.3693912739121984,-0.015608720472277737,26,98.0,0.11538461538461539,0.23076923076923078,3.769230769230769,39,312.0,0.28205128205128205,0.05128205128205128,8.0
2023,16,HOU,CLE,22,-0.8844871832830261,-0.2289500950935606,0.8949505720872737,0.5770820063821195,-1.7794377553702998,-0.80603210147568,16,72.0,0.125,0.25,4.5,53,187.0,0.05660377358490566,0.05660377358490566,3.5283018867924527
2023,16,MIN,DET,24,-0.33178600822619253,-1.658296947880582,0.9001042685297271,1.8649433771470247,-1.2318902767559197,-3.523240325027607,11,17.0,0.0,0.18181818181818182,1.5454545454545454,40,374.0,0.275,0.1,9.35
2023,16,NYJ,WAS,30,-1.2902466642912715,-1.0266656639178466,-0.7258532967677822,-0.8500751302320168,-0.5643933675234893,-0.1765905336858299,36,164.0,0.1111111111111111,0.2222222222222222,4.555555555555555,51,233.0,0.0784313725490196,0.0,4.568627450980392
2023,16,TEN,SEA,17,0.03203023006098382,-1.026598963334874,-0.5625355197755141,-0.0148659831072561,0.5945657498364979,-1.0117329802276178,31,162.0,0.16129032258064516,0.16129032258064516,5.225806451612903,34,162.0,0.029411764705882353,0.17647058823529413,4.764705882352941
2023,16,TB,JAX,30,-0.16880654286706603,0.7470972800109946,-0.11978728871192726,0.5581438276248282,-0.049019254155138775,0.18895345238616645,36,70.0,0.027777777777777776,0.2777777777777778,1.9444444444444444,39,273.0,0.20512820512820512,0.05128205128205128,7.0
2023,16,CHI,ARI,27,0.866342940487402,-0.6798594476942915,-1.353134463783926,-1.4305030541442514,2.219477404271328,0.7506436064499599,39,250.0,0.23076923076923078,0.05128205128205128,6.410256410256411,33,218.0,0.09090909090909091,0.09090909090909091,6.606060606060606
2023,16,MIA,DAL,22,0.4667667706475805,1.1749442520333224,0.12043094739826213,-0.23151944822367576,0.34633582324931833,1.4064637002569982,26,91.0,0.07692307692307693,0.34615384615384615,3.5,38,284.0,0.21052631578947367,0.05263157894736842,7.473684210526316
2023,16,DEN,NE,23,-0.49911502199557545,-0.8675733882033017,1.2104927286666403,0.1687037733249579,-1.7096077506622156,-1.0362771615282595,23,83.0,0.13043478260869565,0.21739130434782608,3.608695652173913,44,211.0,0.09090909090909091,0.20454545454545456,4.795454545454546
2023,16,KC,LV,14,-0.039783787602350504,-1.0862670723931147,-0.5222330090988869,-0.7374004192923892,0.4824492214965364,-0.3488666531007255,25,85.0,0.08,0.28,3.4,58,278.0,0.06896551724137931,0.10344827586206896,4.793103448275862
2023,16,PHI,NYG,33,0.4099490326553549,-0.21691501645131753,-1.1953601003884815,0.4385092548003248,1.6053091330438365,-0.6554242712516424,35,170.0,0.17142857142857143,0.17142857142857143,4.857142857142857,41,305.0,0.17073170731707318,0.024390243902439025,7.439024390243903
2023,16,SF,BAL,19,1.1457351949977,0.45361782737273143,-0.24817345380798783,-0.47590970818683115,1.3939086488056878,0.9295275355595626,18,121.0,0.16666666666666666,0.05555555555555555,6.722222222222222,51,317.0,0.17647058823529413,0.11764705882352941,6.215686274509804
2023,17,CLE,NYJ,37,-0.906187696307213,-0.25557061331908915,0.5679672878591857,1.5863009600724396,-1.4741549841663986,-1.8418715733915287,28,127.0,0.17857142857142858,0.2857142857142857,4.535714285714286,30,301.0,0.26666666666666666,0.03333333333333333,10.033333333333333
2023,17,DAL,DET,20,0.34409904637993427,0.6075071034920049,0.9001042685297271,1.8649433771470247,-0.5560052221497929,-1.2574362736550198,21,61.0,0.09523809523809523,0.47619047619047616,2.9047619047619047,41,323.0,0.12195121951219512,0.0975609756097561,7.878048780487805
2023,17,BAL,MIA,56,0.996040536131218,1.2750624386672147,-0.002247331955775606,1.3659394532692979,0.9982878680869937,-0.0908770146020832,32,160.0,0.125,0.21875,5.0,26,357.0,0.34615384615384615,0.038461538461538464,13.73076923076923
2023,17,BUF,NE,27,1.213384327271969,0.17370778014402857,1.2104927286666403,0.1687037733249579,0.002891598605328838,0.005004006819070678,37,127.0,0.05405405405405406,0.16216216216216217,3.4324324324324325,34,179.0,0.11764705882352941,0.058823529411764705,5.264705882352941
2023,17,CHI,ATL,37,0.866342940487402,-0.6798594476942915,1.1876015880421962,0.3598742582706589,-0.32125864755479416,-1.0397337059649505,37,192.0,0.13513513513513514,0.24324324324324326,5.1891891891891895,38,273.0,0.21052631578947367,0.13157894736842105,7.184210526315789
2023,17,HOU,TEN,26,-0.8844871832830261,-0.2289500950935606,0.28331409625098897,-0.7846392135736472,-1.1678012795340151,0.5556891184800866,28,111.0,0.03571428571428571,0.17857142857142858,3.9642857142857144,34,205.0,0.11764705882352941,0.11764705882352941,6.029411764705882
2023,17,IND,LV,23,-0.10969495907463964,0.4780820892089394,-0.5222330090988869,-0.7374004192923892,0.41253805002424726,1.2154825085013286,29,134.0,0.1724137931034483,0.1724137931034483,4.620689655172414,25,219.0,0.16,0.04,8.76
2023,17,JAX,CAR,26,-0.8986328931944014,0.5065935645301051,0.1365621620393149,-0.9328757491827148,-1.0351950552337164,1.4394693137128198,35,155.0,0.11428571428571428,0.3142857142857143,4.428571428571429,29,187.0,0.06896551724137931,0.10344827586206896,6.448275862068965
2023,17,NYG,LA,25,-0.3696971946699603,-0.6113059907199383,-0.07202738492728988,-0.665795231789479,-0.29766980974267043,0.05448924106954067,20,105.0,0.25,0.35,5.25,50,318.0,0.12,0.14,6.36
2023,17,PHI,ARI,31,0.4099490326553549,-0.21691501645131753,-1.353134463783926,-1.4305030541442514,1.7630834964392808,1.2135880376929338,23,91.0,0.13043478260869565,0.21739130434782608,3.9565217391304346,25,197.0,0.2,0.08,7.88
2023,17,TB,NO,13,-0.16880654286706603,0.7470972800109946,-0.11773584256495809,-0.6719142782268893,-0.051070700302107946,1.419011558237884,15,57.0,0.13333333333333333,0.2,3.8,36,292.0,0.19444444444444445,0.1111111111111111,8.11111111111111
2023,17,WAS,SF,10,0.5110980521714303,0.010287631896513029,0.031839156221815476,-0.15590440756997104,0.47925889594961485,0.16619203946648406,14,62.0,0.14285714285714285,0.14285714285714285,4.428571428571429,29,163.0,0.13793103448275862,0.06896551724137931,5.620689655172414
2023,17,SEA,PIT,23,-0.9349082798739412,-0.9836665718060426,0.042702853465564045,0.32857391728463575,-0.9776111333395052,-1.3122404890906783,15,88.0,0.2,0.2,5.866666666666666,37,314.0,0.21621621621621623,0.02702702702702703,8.486486486486486
2023,17,DEN,LAC,16,-0.49911502199557545,-0.8675733882033017,0.1058547141369668,-0.8098180977696844,-0.6049697361325422,-0.05775529043361727,33,101.0,0.12121212121212122,0.24242424242424243,3.0606060606060606,36,218.0,0.08333333333333333,0.05555555555555555,6.055555555555555
2023,17,KC,CIN,25,-0.039783787602350504,-1.0862670723931147,-1.1714665379225777,0.3480367857389785,1.1316827503202271,-1.4343038581320933,22,132.0,0.09090909090909091,0.09090909090909091,6.0,33,245.0,0.18181818181818182,0.21212121212121213,7.424242424242424
2023,17,MIN,GB,10,-0.33178600822619253,-1.658296947880582,-0.433685397994597,-0.22042679376181193,0.10189938976840446,-1.4378701541187702,16,67.0,0.0,0.0625,4.1875,38,155.0,0.07894736842105263,0.13157894736842105,4.078947368421052
2023,18,BAL,PIT,10,0.996040536131218,1.2750624386672147,0.042702853465564045,0.32857391728463575,0.953337682665654,0.9464885213825789,25,106.0,0.08,0.16,4.24,38,153.0,0.10526315789473684,0.10526315789473684,4.026315789473684
2023,18,IND,HOU,19,-0.10969495907463964,0.4780820892089394,1.5154998765597503,0.7750843311687893,-1.62519483563439,-0.29700224195984987,37,227.0,0.24324324324324326,0.1891891891891892,6.135135135135135,27,144.0,0.14814814814814814,0.037037037037037035,5.333333333333333
2023,18,CAR,TB,0,-0.0642941240823986,-0.23603551423408967,0.4270184214846672,-0.38063732000561634,-0.4913125455670658,0.14460180577152668,29,131.0,0.1724137931034483,0.1724137931034483,4.517241379310345,23,92.0,0.043478260869565216,0.13043478260869565,4.0
2023,18,CIN,CLE,31,0.5967033055017595,-0.20304474243312387,0.8949505720872737,0.5770820063821195,-0.29824726658551415,-0.7801267488152434,30,183.0,0.26666666666666666,0.3,6.1,33,163.0,0.09090909090909091,0.12121212121212122,4.9393939393939394
2023,18,DET,MIN,30,0.6641255115599745,-0.05704854052906392,-0.2790405967785615,0.02814239731624335,0.943166108338536,-0.08519093784530726,23,70.0,0.0,0.08695652173913043,3.0434782608695654,33,311.0,0.18181818181818182,0.030303030303030304,9.424242424242424
2023,18,NE,NYJ,3,-0.15013036390005663,0.2699331688472029,0.5679672878591857,1.5863009600724396,-0.7180976517592423,-1.3163677912252367,21,88.0,0.047619047619047616,0.14285714285714285,4.190476190476191,39,43.0,0.05128205128205128,0.23076923076923078,1.1025641025641026
2023,18,NO,ATL,48,-0.4171022515656428,1.1804607194935952,1.1876015880421962,0.3598742582706589,-1.604703839607839,0.8205864612229363,35,154.0,0.11428571428571428,0.2,4.4,31,246.0,0.22580645161290322,0.12903225806451613,7.935483870967742
2023,18,TEN,JAX,28,0.03203023006098382,-1.026598963334874,-0.11978728871192726,0.5581438276248282,0.15181751877291108,-1.584742790959702,26,175.0,0.19230769230769232,0.2692307692307692,6.730769230769231,29,152.0,0.1724137931034483,0.06896551724137931,5.241379310344827
2023,18,ARI,SEA,20,0.32594533718484064,0.02389460982564991,-0.5625355197755141,-0.0148659831072561,0.8884808569603547,0.03876059293290601,38,206.0,0.18421052631578946,0.3157894736842105,5.421052631578948,32,293.0,0.21875,0.0625,9.15625
2023,18,GB,CHI,17,0.5972260274936071,0.05007026383270021,0.7104208669437911,-0.13998727183108842,-0.11319483945018405,0.19005753566378863,27,124.0,0.18518518518518517,0.14814814814814814,4.592592592592593,34,309.0,0.20588235294117646,0.029411764705882353,9.088235294117647
2023,18,LAC,KC,12,-0.1171153506195736,0.34362462559627877,-0.7488773376958111,0.9503626051062884,0.6317619870762375,-0.6067379795100096,30,118.0,0.1,0.26666666666666666,3.933333333333333,57,295.0,0.08771929824561403,0.05263157894736842,5.175438596491228
2023,18,LV,DEN,27,-0.1924597408460147,1.391209707444671,-1.3712634483544255,-0.9957419436991287,1.1788037075084108,2.3869516511437996,31,129.0,0.12903225806451613,0.22580645161290322,4.161290322580645,35,235.0,0.14285714285714285,0.08571428571428572,6.714285714285714
2023,18,NYG,PHI,27,-0.3696971946699603,-0.6113059907199383,0.008475903029680099,0.41721206982331854,-0.3781730976996404,-1.028518060543257,30,109.0,0.1,0.2,3.6333333333333333,41,328.0,0.21951219512195122,0.07317073170731707,8.0
2023,18,SF,LA,20,1.1457351949977,0.45361782737273143,-0.07202738492728988,-0.665795231789479,1.2177625799249898,1.1194130591622105,29,125.0,0.10344827586206896,0.10344827586206896,4.310344827586207,30,181.0,0.13333333333333333,0.1,6.033333333333333
2023,18,WAS,DAL,10,0.5110980521714303,0.010287631896513029,0.12043094739826213,-0.23151944822367576,0.39066710477316824,0.24180708012018878,17,50.0,0.058823529411764705,0.29411764705882354,2.9411764705882355,33,134.0,0.06060606060606061,0.18181818181818182,4.0606060606060606
2023,18,MIA,BUF,14,0.4667667706475805,1.1749442520333224,-0.02137145018214534,0.4134493620229159,0.4881382208297258,0.7614948900104066,20,108.0,0.25,0.25,5.4,29,174.0,0.1724137931034483,0.034482758620689655,6.0
2024,1,KC,BAL,27,0.4173632146004081,-0.4513076099788549,0.9791643215298784,-0.01922408955117927,-0.5618011069294704,-0.4320835204276756,20,72.0,0.05,0.15,3.6,31,285.0,0.25806451612903225,0.06451612903225806,9.193548387096774
2024,1,PHI,GB,34,0.6478926733651006,0.15587227178179633,0.6922656714327491,-0.07865499826441995,-0.044372998067648495,0.23452727004621626,38,144.0,0.07894736842105263,0.23684210526315788,3.789473684210526,38,288.0,0.15789473684210525,0.05263157894736842,7.578947368421052
2024,1,ATL,PIT,10,0.12098322353229385,0.3815238094061832,0.4631319287770479,0.22264110152040786,-0.34214870524475405,0.15888270788577533,22,89.0,0.13636363636363635,0.18181818181818182,4.045454545454546,27,137.0,0.1111111111111111,0.07407407407407407,5.074074074074074
2024,1,BUF,ARI,34,0.626194352042176,0.7464544747435861,-0.09981792740559892,-1.0515135837168363,0.7260122794477749,1.7979680584604223,33,130.0,0.06060606060606061,0.24242424242424243,3.9393939393939394,30,255.0,0.16666666666666666,0.06666666666666667,8.5
2024,1,CHI,TEN,24,-0.6063990018488997,0.19914262227427126,0.7794902384637499,-1.426907069936826,-1.3858892403126495,1.6260496922110974,22,84.0,0.13636363636363635,0.3181818181818182,3.8181818181818183,34,82.0,0.0,0.11764705882352941,2.411764705882353
2024,1,CIN,NE,10,0.44993790569846426,0.06966085918622926,-0.3737274461210274,-0.6329109249546444,0.8236653518194916,0.7025717841408736,16,70.0,0.0625,0.0625,4.375,35,167.0,0.02857142857142857,0.11428571428571428,4.771428571428571
2024,1,IND,HOU,27,0.3665459151436877,-0.6619858974014049,1.4017883297314655,0.31770039092777774,-1.0352424145877779,-0.9796862883291826,23,104.0,0.13043478260869565,0.17391304347826086,4.521739130434782,24,231.0,0.125,0.08333333333333333,9.625
2024,1,MIA,JAX,20,-1.3645449076827327,1.1131520698877606,-0.047514175193638646,-1.396839708177751,-1.3170307324890942,2.509991778065512,25,81.0,0.08,0.28,3.24,41,330.0,0.14634146341463414,0.12195121951219512,8.048780487804878
2024,1,NO,CAR,47,-0.11860880038297686,-0.8350582903604074,-1.6523917463275657,-1.6624239996655963,1.5337829459445889,0.8273657093051889,37,180.0,0.13513513513513514,0.13513513513513514,4.864864864864865,26,207.0,0.23076923076923078,0.11538461538461539,7.961538461538462
2024,1,NYG,MIN,6,0.22337917477839428,-0.8682802279417275,0.3950035452913554,0.7180531715210406,-0.17162437051296112,-1.5863333994627682,21,74.0,0.047619047619047616,0.14285714285714285,3.5238095238095237,49,177.0,0.08163265306122448,0.16326530612244897,3.6122448979591835
2024,1,LAC,LV,22,-0.956448956101138,0.048609968337654484,0.023227177144263977,-0.8358174729838229,-0.979676133245402,0.8844274413214774,28,176.0,0.14285714285714285,0.2857142857142857,6.285714285714286,28,148.0,0.07142857142857142,0.07142857142857142,5.285714285714286
2024,1,SEA,DEN,26,-0.7326745520311555,0.08252741883704486,1.1459613430088964,1.118451979271823,-1.878635895040052,-1.0359245604347782,33,146.0,0.12121212121212122,0.3333333333333333,4.424242424242424,29,192.0,0.10344827586206896,0.1724137931034483,6.620689655172414
2024,1,CLE,DAL,17,-0.2546397603874345,-0.7116324936255275,-2.0778892377475127,1.9520551578421304,1.8232494773600783,-2.663687651467658,19,93.0,0.10526315789473684,0.10526315789473684,4.894736842105263,56,176.0,0.05357142857142857,0.125,3.142857142857143
2024,1,TB,WAS,37,0.6509308797207736,1.2754717757142509,-0.796161707452472,0.14830092174330353,1.4470925871732456,1.1271708539709473,30,112.0,0.13333333333333333,0.36666666666666664,3.7333333333333334,34,301.0,0.20588235294117646,0.029411764705882353,8.852941176470589
2024,1,DET,LA,26,0.39749689631752466,-0.2526023474139641,-0.8394329587632194,-1.072827681541601,1.2369298550807442,0.8202253341276369,31,163.0,0.0967741935483871,0.06451612903225806,5.258064516129032,31,207.0,0.12903225806451613,0.06451612903225806,6.67741935483871
2024,1,SF,NYJ,32,0.19844863770324825,0.48746471713601913,0.6555028099314706,0.22721164086427673,-0.4570541722282223,0.26025307627174243,38,180.0,0.15789473684210525,0.13157894736842105,4.7368421052631575,33,232.0,0.18181818181818182,0.12121212121212122,7.03030303030303
2024,2,MIA,BUF,10,-1.3645449076827327,1.1131520698877606,0.7411934291898009,0.2209260687314684,-2.1057383368725335,0.8922260011562922,34,139.0,0.17647058823529413,0.29411764705882354,4.088235294117647,44,233.0,0.13636363636363635,0.06818181818181818,5.295454545454546
2024,2,BAL,LV,23,1.2985102190356583,0.06745730854567548,0.023227177144263977,-0.8358174729838229,1.2752830418913943,0.9032747815294984,27,126.0,0.1111111111111111,0.2222222222222222,4.666666666666667,36,249.0,0.19444444444444445,0.05555555555555555,6.916666666666667
2024,2,CAR,LAC,3,1.464972995386316,-0.8791543519110756,-0.2815222001006618,-0.4170195533800647,1.7464951954869778,-0.4621347985310109,18,90.0,0.1111111111111111,0.05555555555555555,5.0,29,75.0,0.0,0.10344827586206896,2.586206896551724
2024,2,DAL,NO,19,0.6113819556476193,-0.6752109545204793,-1.2598585814332397,0.013816732520338992,1.8712405370808591,-0.6890276870408183,21,68.0,0.0,0.047619047619047616,3.238095238095238,45,293.0,0.1111111111111111,0.08888888888888889,6.511111111111111
2024,2,DET,TB,16,0.39749689631752466,-0.2526023474139641,1.0742575039507527,0.48631056054037264,-0.676760607633228,-0.7389129079543367,27,139.0,0.14814814814814814,0.2222222222222222,5.148148148148148,57,329.0,0.14035087719298245,0.017543859649122806,5.771929824561403
2024,2,GB,IND,16,0.6086604419549785,-0.478908625138442,0.7983023946128257,0.27111220404094655,-0.18964195265784722,-0.7500208291793886,53,261.0,0.16981132075471697,0.16981132075471697,4.9245283018867925,17,149.0,0.17647058823529413,0.11764705882352941,8.764705882352942
2024,2,JAX,CLE,13,-0.3078095207040591,1.32087421737413,0.9034650944097785,1.2185240053604602,-1.2112746151138376,0.10235021201366967,21,127.0,0.19047619047619047,0.19047619047619047,6.0476190476190474,35,241.0,0.14285714285714285,0.2,6.885714285714286
2024,2,MIN,SF,23,-0.32969532061648543,-0.49733095333191396,-0.45137112386505784,-0.5024346385366765,0.12167580324857241,0.005103685204762509,24,146.0,0.20833333333333334,0.16666666666666666,6.083333333333333,31,291.0,0.1935483870967742,0.16129032258064516,9.387096774193548
2024,2,NE,SEA,20,-0.41378517649876967,-0.39144868332879534,-0.97177418616095,0.22229264822859518,0.5579890096621803,-0.6137413315573905,36,185.0,0.1111111111111111,0.1388888888888889,5.138888888888889,32,131.0,0.0625,0.09375,4.09375
2024,2,TEN,NYJ,17,-1.019343936166908,-0.11112342535782349,0.6555028099314706,0.22721164086427673,-1.6748467460983787,-0.3383350662221002,28,130.0,0.17857142857142858,0.10714285714285714,4.642857142857143,35,206.0,0.14285714285714285,0.11428571428571428,5.885714285714286
2024,2,WAS,NYG,21,0.41326741172240766,0.6794321899329977,-0.25125310046004756,-0.08267715504089397,0.6645205121824552,0.7621093449738917,35,215.0,0.22857142857142856,0.2571428571428571,6.142857142857143,38,243.0,0.15789473684210525,0.21052631578947367,6.394736842105263
2024,2,ARI,LA,41,0.3721082065166064,1.3296261861670147,-0.8394329587632194,-1.072827681541601,1.2115411652798258,2.4024538677086156,40,231.0,0.175,0.15,5.775,26,307.0,0.3076923076923077,0.038461538461538464,11.807692307692308
2024,2,DEN,PIT,6,-0.612790255895493,0.7664992760085404,0.4631319287770479,0.22264110152040786,-1.0759221846725409,0.5438581744881326,19,64.0,0.10526315789473684,0.21052631578947367,3.3684210526315788,39,238.0,0.1282051282051282,0.07692307692307693,6.102564102564102
2024,2,KC,CIN,26,0.4173632146004081,-0.4513076099788549,-0.476190619247557,0.48566386577988735,0.8935538338479652,-0.9369714757587422,32,149.0,0.0625,0.09375,4.65625,32,166.0,0.0625,0.0625,5.1875
2024,2,HOU,CHI,19,-0.532636077434733,-1.625521702511423,-0.7673415787174952,0.7723828838177744,0.23470550128276224,-2.3979045863291972,22,75.0,0.13636363636363635,0.3181818181818182,3.409090909090909,39,235.0,0.23076923076923078,0.10256410256410256,6.0256410256410255
2024,2,PHI,ATL,21,0.6478926733651006,0.15587227178179633,-0.14574807635654713,-0.31430299599593314,0.7936407497216478,0.47017526777772944,38,188.0,0.15789473684210525,0.13157894736842105,4.947368421052632,35,229.0,0.11428571428571428,0.02857142857142857,6.542857142857143
2024,3,NYJ,NE,24,-0.6266147274098506,0.38114605600095325,-0.3737274461210274,-0.6329109249546444,-0.2528872812888232,1.0140569809555977,33,133.0,0.12121212121212122,0.09090909090909091,4.03030303030303,40,285.0,0.15,0.075,7.125
2024,3,CLE,NYG,15,-0.2546397603874345,-0.7116324936255275,-0.25125310046004756,-0.08267715504089397,-0.003386659927386959,-0.6289553385846335,18,69.0,0.2222222222222222,0.2777777777777778,3.8333333333333335,48,177.0,0.0625,0.16666666666666666,3.6875
2024,3,IND,CHI,21,0.3665459151436877,-0.6619858974014049,-0.7673415787174952,0.7723828838177744,1.133887493861183,-1.4343687812191792,33,150.0,0.15151515151515152,0.21212121212121213,4.545454545454546,22,164.0,0.13636363636363635,0.045454545454545456,7.454545454545454
2024,3,MIN,HOU,34,-0.32969532061648543,-0.49733095333191396,1.4017883297314655,0.31770039092777774,-1.731483650347951,-0.8150313442596917,28,118.0,0.03571428571428571,0.14285714285714285,4.214285714285714,32,156.0,0.125,0.125,4.875
2024,3,NO,PHI,12,-0.11860880038297686,-0.8350582903604074,0.5315434090002562,-0.8945676665055696,-0.650152209383233,0.059509376145162274,29,89.0,0.034482758620689655,0.3103448275862069,3.0689655172413794,28,134.0,0.10714285714285714,0.07142857142857142,4.785714285714286
2024,3,PIT,LAC,20,-0.47449148735658897,-0.47625351249242115,-0.2815222001006618,-0.4170195533800647,-0.19296928725592716,-0.05923395911235646,31,114.0,0.16129032258064516,0.25806451612903225,3.6774193548387095,35,236.0,0.14285714285714285,0.11428571428571428,6.742857142857143
2024,3,TB,DEN,7,0.6509308797207736,1.2754717757142509,1.1459613430088964,1.118451979271823,-0.49503046328812284,0.1570197964424278,16,91.0,0.125,0.25,5.6875,40,132.0,0.0,0.2,3.3
2024,3,TEN,GB,14,-1.019343936166908,-0.11112342535782349,0.6922656714327491,-0.07865499826441995,-1.7116096075996572,-0.03246842709340354,11,33.0,0.0,0.0,3.0,44,215.0,0.1590909090909091,0.18181818181818182,4.886363636363637
2024,3,LV,CAR,22,-0.5175916226484226,-0.1794002056692365,-1.6523917463275657,-1.6624239996655963,1.1348001236791432,1.4830237939963598,16,55.0,0.0625,0.0625,3.4375,46,292.0,0.13043478260869565,0.08695652173913043,6.3478260869565215
2024,3,SEA,MIA,24,-0.7326745520311555,0.08252741883704486,-0.1471403398836469,-0.0058122791414333035,-0.5855342121475087,0.08833969797847815,23,100.0,0.21739130434782608,0.17391304347826086,4.3478260869565215,37,270.0,0.21621621621621623,0.13513513513513514,7.297297297297297
2024,3,ARI,DET,13,0.3721082065166064,1.3296261861670147,-0.1427317782435004,1.4064881073086921,0.5148399847601068,-0.07686192114167745,18,77.0,0.1111111111111111,0.16666666666666666,4.277777777777778,37,224.0,0.08108108108108109,0.02702702702702703,6.054054054054054
2024,3,DAL,BAL,25,0.6113819556476193,-0.6752109545204793,0.9791643215298784,-0.01922408955117927,-0.3677823658822591,-0.6559868649693,16,51.0,0.0,0.0625,3.1875,57,367.0,0.24561403508771928,0.07017543859649122,6.43859649122807
2024,3,ATL,KC,17,0.12098322353229385,0.3815238094061832,0.19756958700542213,0.5920023773739369,-0.07658636347312828,-0.21047856796775372,25,82.0,0.12,0.28,3.28,31,229.0,0.16129032258064516,0.12903225806451613,7.387096774193548
2024,3,BUF,JAX,47,0.626194352042176,0.7464544747435861,-0.047514175193638646,-1.396839708177751,0.6737085272358146,2.143294182921337,29,122.0,0.1724137931034483,0.2413793103448276,4.206896551724138,35,299.0,0.2,0.0,8.542857142857143
2024,3,CIN,WAS,33,0.44993790569846426,0.06966085918622926,-0.796161707452472,0.14830092174330353,1.2460996131509363,-0.07864006255707427,20,124.0,0.3,0.05,6.2,42,316.0,0.16666666666666666,0.11904761904761904,7.523809523809524
2024,4,NYG,DAL,15,0.22337917477839428,-0.8682802279417275,-2.0778892377475127,1.9520551578421304,2.301268412525907,-2.820335385783858,24,26.0,0.0,0.2916666666666667,1.0833333333333333,41,277.0,0.14634146341463414,0.04878048780487805,6.7560975609756095
2024,4,ATL,NO,26,0.12098322353229385,0.3815238094061832,-1.2598585814332397,0.013816732520338992,1.3808418049655335,0.3677070768858442,15,88.0,0.2,0.13333333333333333,5.866666666666666,36,227.0,0.1388888888888889,0.05555555555555555,6.305555555555555
2024,4,CAR,CIN,24,1.464972995386316,-0.8791543519110756,-0.476190619247557,0.48566386577988735,1.941163614633873,-1.364818217690963,29,155.0,0.10344827586206896,0.1724137931034483,5.344827586206897,43,230.0,0.09302325581395349,0.023255813953488372,5.348837209302325
2024,4,CHI,LA,24,-0.6063990018488997,0.19914262227427126,-0.8394329587632194,-1.072827681541601,0.23303395691431972,1.271970303815872,28,131.0,0.03571428571428571,0.14285714285714285,4.678571428571429,26,133.0,0.07692307692307693,0.11538461538461539,5.115384615384615
2024,4,GB,MIN,29,0.6086604419549785,-0.478908625138442,0.3950035452913554,0.7180531715210406,0.21365689666362309,-1.1969617966594828,19,86.0,0.10526315789473684,0.10526315789473684,4.526315789473684,57,387.0,0.17543859649122806,0.017543859649122806,6.7894736842105265
2024,4,HOU,JAX,24,-0.532636077434733,-1.625521702511423,-0.047514175193638646,-1.396839708177751,-0.4851219022410943,-0.22868199433367198,26,101.0,0.07692307692307693,0.15384615384615385,3.8846153846153846,46,357.0,0.21739130434782608,0.06521739130434782,7.760869565217392
2024,4,IND,PIT,27,0.3665459151436877,-0.6619858974014049,0.4631319287770479,0.22264110152040786,-0.09658601363336022,-0.8846269989218127,32,133.0,0.15625,0.1875,4.15625,33,229.0,0.18181818181818182,0.09090909090909091,6.9393939393939394
2024,4,NYJ,DEN,9,-0.6266147274098506,0.38114605600095325,1.1459613430088964,1.118451979271823,-1.772576070418747,-0.7373059232708699,23,64.0,0.043478260869565216,0.34782608695652173,2.782608695652174,51,202.0,0.09803921568627451,0.1568627450980392,3.9607843137254903
2024,4,TB,PHI,33,0.6509308797207736,1.2754717757142509,0.5315434090002562,-0.8945676665055696,0.11938747072051736,2.1700394422198204,25,111.0,0.16,0.24,4.44,50,344.0,0.2,0.04,6.88
2024,4,ARI,WAS,14,0.3721082065166064,1.3296261861670147,-0.796161707452472,0.14830092174330353,1.1682699139690784,1.181325264423711,32,181.0,0.21875,0.21875,5.65625,27,118.0,0.07407407407407407,0.18518518518518517,4.37037037037037
2024,4,SF,NE,30,0.19844863770324825,0.48746471713601913,-0.3737274461210274,-0.6329109249546444,0.5721760838242756,1.1203756420906634,32,148.0,0.125,0.25,4.625,30,295.0,0.2,0.03333333333333333,9.833333333333334
2024,4,LAC,KC,10,-0.956448956101138,0.048609968337654484,0.19756958700542213,0.5920023773739369,-1.1540185431065602,-0.5433924090362824,24,55.0,0.041666666666666664,0.2916666666666667,2.2916666666666665,29,169.0,0.13793103448275862,0.06896551724137931,5.827586206896552
2024,4,LV,CLE,20,-0.5175916226484226,-0.1794002056692365,0.9034650944097785,1.2185240053604602,-1.4210567170582011,-1.3979242110296968,29,152.0,0.2413793103448276,0.20689655172413793,5.241379310344827,26,116.0,0.038461538461538464,0.11538461538461539,4.461538461538462
2024,4,BAL,BUF,35,1.2985102190356583,0.06745730854567548,0.7411934291898009,0.2209260687314684,0.5573167898458574,-0.15346876018579292,34,271.0,0.17647058823529413,0.20588235294117646,7.970588235294118,20,156.0,0.25,0.1,7.8
2024,4,MIA,TEN,12,-1.3645449076827327,1.1131520698877606,0.7794902384637499,-1.426907069936826,-2.1440351461464826,2.540059139824587,30,106.0,0.13333333333333333,0.3333333333333333,3.533333333333333,27,99.0,0.07407407407407407,0.1111111111111111,3.6666666666666665
2024,4,DET,SEA,42,0.39749689631752466,-0.2526023474139641,-0.97177418616095,0.22229264822859518,1.3692710824784746,-0.47489499564255927,28,116.0,0.10714285714285714,0.21428571428571427,4.142857142857143,22,273.0,0.2727272727272727,0.13636363636363635,12.409090909090908
2024,5,ATL,TB,36,0.12098322353229385,0.3815238094061832,1.0742575039507527,0.48631056054037264,-0.9532742804184589,-0.10478675113418945,18,73.0,0.05555555555555555,0.2222222222222222,4.055555555555555,61,477.0,0.22950819672131148,0.06557377049180328,7.819672131147541
2024,5,MIN,NYJ,23,-0.32969532061648543,-0.49733095333191396,0.6555028099314706,0.22721164086427673,-0.985198130547956,-0.7245425941961907,30,82.0,0.03333333333333333,0.3,2.7333333333333334,37,181.0,0.16216216216216217,0.13513513513513514,4.891891891891892
2024,5,CHI,CAR,36,-0.6063990018488997,0.19914262227427126,-1.6523917463275657,-1.6624239996655963,1.0459927444786659,1.8615666219398674,39,128.0,0.07692307692307693,0.1794871794871795,3.282051282051282,36,330.0,0.25,0.027777777777777776,9.166666666666666
2024,5,CIN,BAL,38,0.44993790569846426,0.06966085918622926,0.9791643215298784,-0.01922408955117927,-0.5292264158314142,0.08888494873740853,24,73.0,0.08333333333333333,0.3333333333333333,3.0416666666666665,43,372.0,0.18604651162790697,0.09302325581395349,8.651162790697674
2024,5,HOU,BUF,23,-0.532636077434733,-1.625521702511423,0.7411934291898009,0.2209260687314684,-1.273829506624534,-1.8464477712428915,28,94.0,0.10714285714285714,0.2857142857142857,3.357142857142857,42,358.0,0.19047619047619047,0.07142857142857142,8.523809523809524
2024,5,JAX,IND,37,-0.3078095207040591,1.32087421737413,0.7983023946128257,0.27111220404094655,-1.1061119153168848,1.0497620133331833,23,126.0,0.08695652173913043,0.13043478260869565,5.478260869565218,34,371.0,0.11764705882352941,0.058823529411764705,10.911764705882353
2024,5,NE,MIA,10,-0.41378517649876967,-0.39144868332879534,-0.1471403398836469,-0.0058122791414333035,-0.2666448366151228,-0.38563640418736206,19,151.0,0.3157894736842105,0.0,7.947368421052632,36,158.0,0.1111111111111111,0.1388888888888889,4.388888888888889
2024,5,WAS,CLE,34,0.41326741172240766,0.6794321899329977,0.9034650944097785,1.2185240053604602,-0.49019768268737085,-0.5390918154274625,34,215.0,0.20588235294117646,0.2647058823529412,6.323529411764706,36,286.0,0.1388888888888889,0.1388888888888889,7.944444444444445
2024,5,DEN,LV,34,-0.612790255895493,0.7664992760085404,0.023227177144263977,-0.8358174729838229,-0.636017433039757,1.6023167489923633,28,109.0,0.14285714285714285,0.35714285714285715,3.892857142857143,31,192.0,0.1935483870967742,0.12903225806451613,6.193548387096774
2024,5,SF,ARI,23,0.19844863770324825,0.48746471713601913,-0.09981792740559892,-1.0515135837168363,0.2982665651088472,1.5389783008528555,26,153.0,0.19230769230769232,0.15384615384615385,5.884615384615385,41,264.0,0.12195121951219512,0.04878048780487805,6.439024390243903
2024,5,SEA,NYG,20,-0.7326745520311555,0.08252741883704486,-0.25125310046004756,-0.08267715504089397,-0.48142145157110794,0.16520457387793883,11,102.0,0.2727272727272727,0.09090909090909091,9.272727272727273,51,303.0,0.09803921568627451,0.13725490196078433,5.9411764705882355
2024,5,PIT,DAL,17,-0.47449148735658897,-0.47625351249242115,-2.0778892377475127,1.9520551578421304,1.6033977503909238,-2.4283086703345513,26,92.0,0.0,0.11538461538461539,3.5384615384615383,31,134.0,0.16129032258064516,0.16129032258064516,4.32258064516129
2024,5,KC,NO,26,0.4173632146004081,-0.4513076099788549,-1.2598585814332397,0.013816732520338992,1.6772217960336477,-0.4651243424991939,39,139.0,0.0,0.15384615384615385,3.5641025641025643,44,346.0,0.18181818181818182,0.045454545454545456,7.863636363636363
2024,6,SEA,SF,24,-0.7326745520311555,0.08252741883704486,-0.45137112386505784,-0.5024346385366765,-0.28130342816609766,0.5849620573737213,20,52.0,0.0,0.25,2.6,52,306.0,0.09615384615384616,0.038461538461538464,5.884615384615385
2024,6,CHI,JAX,35,-0.6063990018488997,0.19914262227427126,-0.047514175193638646,-1.396839708177751,-0.5588848266552611,1.5959823304520224,29,152.0,0.2413793103448276,0.20689655172413793,5.241379310344827,34,263.0,0.14705882352941177,0.14705882352941177,7.735294117647059
2024,6,BAL,WAS,30,1.2985102190356583,0.06745730854567548,-0.796161707452472,0.14830092174330353,2.09467192648813,-0.08084361319762805,37,176.0,0.13513513513513514,0.1891891891891892,4.756756756756757,30,313.0,0.3333333333333333,0.1,10.433333333333334
2024,6,GB,ARI,34,0.6086604419549785,-0.478908625138442,-0.09981792740559892,-1.0515135837168363,0.7084783693605774,0.5726049585783943,38,179.0,0.15789473684210525,0.18421052631578946,4.7105263157894735,35,273.0,0.14285714285714285,0.0,7.8
2024,6,NE,HOU,21,-0.41378517649876967,-0.39144868332879534,1.4017883297314655,0.31770039092777774,-1.8155735062302352,-0.7091490742565731,26,82.0,0.07692307692307693,0.23076923076923078,3.1538461538461537,42,247.0,0.11904761904761904,0.09523809523809523,5.880952380952381
2024,6,NO,TB,27,-0.11860880038297686,-0.8350582903604074,1.0742575039507527,0.48631056054037264,-1.1928663043337295,-1.32136885090078,21,81.0,0.047619047619047616,0.14285714285714285,3.857142857142857,48,249.0,0.10416666666666667,0.10416666666666667,5.1875
2024,6,PHI,CLE,20,0.6478926733651006,0.15587227178179633,0.9034650944097785,1.2185240053604602,-0.2555724210446779,-1.0626517335786638,36,116.0,0.08333333333333333,0.25,3.2222222222222223,26,256.0,0.2692307692307692,0.07692307692307693,9.846153846153847
2024,6,TEN,IND,17,-1.019343936166908,-0.11112342535782349,0.7983023946128257,0.27111220404094655,-1.8176463307797337,-0.38223562939877004,28,146.0,0.10714285714285714,0.03571428571428571,5.214285714285714,30,110.0,0.03333333333333333,0.06666666666666667,3.6666666666666665
2024,6,DEN,LAC,16,-0.612790255895493,0.7664992760085404,-0.2815222001006618,-0.4170195533800647,-0.33126805579483115,1.1835188293886052,18,110.0,0.2777777777777778,0.05555555555555555,6.111111111111111,42,267.0,0.14285714285714285,0.07142857142857142,6.357142857142857
2024,6,LV,PIT,13,-0.5175916226484226,-0.1794002056692365,0.4631319287770479,0.22264110152040786,-0.9807235514254705,-0.40204130718964437,19,57.0,0.05263157894736842,0.2631578947368421,3.0,42,218.0,0.09523809523809523,0.11904761904761904,5.190476190476191
2024,6,CAR,ATL,20,1.464972995386316,-0.8791543519110756,-0.14574807635654713,-0.31430299599593314,1.610721071742863,-0.5648513559151425,24,114.0,0.16666666666666666,0.16666666666666666,4.75,40,240.0,0.1,0.05,6.0
2024,6,DAL,DET,9,0.6113819556476193,-0.6752109545204793,-0.1427317782435004,1.4064881073086921,0.7541137338911197,-2.0816990618291715,17,53.0,0.058823529411764705,0.11764705882352941,3.1176470588235294,49,199.0,0.12244897959183673,0.08163265306122448,4.061224489795919
2024,6,NYG,CIN,7,0.22337917477839428,-0.8682802279417275,-0.476190619247557,0.48566386577988735,0.6995697940259513,-1.353944093721615,31,119.0,0.12903225806451613,0.1935483870967742,3.838709677419355,43,204.0,0.09302325581395349,0.046511627906976744,4.744186046511628
2024,6,NYJ,BUF,20,-0.6266147274098506,0.38114605600095325,0.7411934291898009,0.2209260687314684,-1.3678081565996516,0.16021998726948486,21,121.0,0.19047619047619047,0.23809523809523808,5.761904761904762,38,272.0,0.21052631578947367,0.10526315789473684,7.157894736842105
2024,7,NO,DEN,10,-0.11860880038297686,-0.8350582903604074,1.1459613430088964,1.118451979271823,-1.2645701433918732,-1.9535102696322304,21,97.0,0.14285714285714285,0.23809523809523808,4.619047619047619,48,208.0,0.041666666666666664,0.16666666666666666,4.333333333333333
2024,7,JAX,NE,32,-0.3078095207040591,1.32087421737413,-0.3737274461210274,-0.6329109249546444,0.06591792541696828,1.9537851423287744,39,171.0,0.15384615384615385,0.10256410256410256,4.384615384615385,22,206.0,0.13636363636363635,0.045454545454545456,9.363636363636363
2024,7,ATL,SEA,14,0.12098322353229385,0.3815238094061832,-0.97177418616095,0.22229264822859518,1.092757409693244,0.159231161177588,32,155.0,0.09375,0.1875,4.84375,39,214.0,0.07692307692307693,0.07692307692307693,5.487179487179487
2024,7,BUF,TEN,34,0.626194352042176,0.7464544747435861,0.7794902384637499,-1.426907069936826,-0.15329588642157388,2.173361544680412,20,74.0,0.15,0.35,3.7,35,322.0,0.22857142857142856,0.02857142857142857,9.2
2024,7,CLE,CIN,14,-0.2546397603874345,-0.7116324936255275,-0.476190619247557,0.48566386577988735,0.2215508588601225,-1.197296359405415,21,77.0,0.09523809523809523,0.3333333333333333,3.6666666666666665,57,261.0,0.08771929824561403,0.07017543859649122,4.578947368421052
2024,7,GB,HOU,24,0.6086604419549785,-0.478908625138442,1.4017883297314655,0.31770039092777774,-0.793127887776487,-0.7966090160662198,20,82.0,0.15,0.25,4.1,36,195.0,0.05555555555555555,0.1111111111111111,5.416666666666667
2024,7,IND,MIA,16,0.3665459151436877,-0.6619858974014049,-0.1471403398836469,-0.0058122791414333035,0.5136862550273346,-0.6561736182599716,37,155.0,0.13513513513513514,0.24324324324324326,4.1891891891891895,29,163.0,0.10344827586206896,0.0,5.620689655172414
2024,7,MIN,DET,29,-0.32969532061648543,-0.49733095333191396,-0.1427317782435004,1.4064881073086921,-0.18696354237298504,-1.903819060640606,21,139.0,0.19047619047619047,0.14285714285714285,6.619047619047619,37,286.0,0.21621621621621623,0.1891891891891892,7.72972972972973
2024,7,NYG,PHI,3,0.22337917477839428,-0.8682802279417275,0.5315434090002562,-0.8945676665055696,-0.3081642342218619,0.02628743856384208,18,76.0,0.1111111111111111,0.1111111111111111,4.222222222222222,39,67.0,0.0,0.23076923076923078,1.7179487179487178
2024,7,WAS,CAR,40,0.41326741172240766,0.6794321899329977,-1.6523917463275657,-1.6624239996655963,2.0656591580499732,2.341856189598594,37,214.0,0.10810810810810811,0.10810810810810811,5.783783783783784,28,224.0,0.2857142857142857,0.07142857142857142,8.0
2024,7,SF,KC,18,0.19844863770324825,0.48746471713601913,0.19756958700542213,0.5920023773739369,0.0008790506978261226,-0.10453766023791777,24,101.0,0.08333333333333333,0.20833333333333334,4.208333333333333,38,233.0,0.13157894736842105,0.05263157894736842,6.131578947368421
2024,7,PIT,NYJ,37,-0.47449148735658897,-0.47625351249242115,0.6555028099314706,0.22721164086427673,-1.1299942972880594,-0.7034651533566979,36,149.0,0.1111111111111111,0.19444444444444445,4.138888888888889,31,261.0,0.22580645161290322,0.03225806451612903,8.419354838709678
2024,7,TB,BAL,31,0.6509308797207736,1.2754717757142509,0.9791643215298784,-0.01922408955117927,-0.32823344180910485,1.2946958652654301,30,125.0,0.1,0.1,4.166666666666667,54,381.0,0.2037037037037037,0.07407407407407407,7.055555555555555
2024,7,ARI,LAC,17,0.3721082065166064,1.3296261861670147,-0.2815222001006618,-0.4170195533800647,0.6536304066172682,1.7466457395470794,29,181.0,0.27586206896551724,0.2413793103448276,6.241379310344827,29,210.0,0.10344827586206896,0.0,7.241379310344827
2024,8,CIN,PHI,17,0.44993790569846426,0.06966085918622926,0.5315434090002562,-0.8945676665055696,-0.08160550330179195,0.9642285256917988,20,58.0,0.0,0.1,2.9,40,238.0,0.075,0.075,5.95
2024,8,CLE,BAL,29,-0.2546397603874345,-0.7116324936255275,0.9791643215298784,-0.01922408955117927,-1.233804081917313,-0.6924084040743482,23,80.0,0.043478260869565216,0.34782608695652173,3.4782608695652173,44,321.0,0.22727272727272727,0.06818181818181818,7.295454545454546
2024,8,DET,TEN,52,0.39749689631752466,-0.2526023474139641,0.7794902384637499,-1.426907069936826,-0.3819933421462252,1.174304722522862,24,164.0,0.08333333333333333,0.125,6.833333333333333,23,61.0,0.043478260869565216,0.21739130434782608,2.652173913043478
2024,8,HOU,IND,23,-0.532636077434733,-1.625521702511423,0.7983023946128257,0.27111220404094655,-1.3309384720475586,-1.8966339065523696,29,96.0,0.1724137931034483,0.3448275862068966,3.310344827586207,39,267.0,0.1794871794871795,0.07692307692307693,6.846153846153846
2024,8,JAX,GB,27,-0.3078095207040591,1.32087421737413,0.6922656714327491,-0.07865499826441995,-1.000075192136808,1.39952921563855,23,91.0,0.13043478260869565,0.21739130434782608,3.9565217391304346,34,301.0,0.29411764705882354,0.029411764705882353,8.852941176470589
2024,8,MIA,ARI,27,-1.3645449076827327,1.1131520698877606,-0.09981792740559892,-1.0515135837168363,-1.2647269802771337,2.164665653604597,25,150.0,0.2,0.24,6.0,40,240.0,0.125,0.075,6.0
2024,8,NE,NYJ,25,-0.41378517649876967,-0.39144868332879534,0.6555028099314706,0.22721164086427673,-1.0692879864302403,-0.618660324193072,31,112.0,0.12903225806451613,0.25806451612903225,3.6129032258064515,37,198.0,0.02702702702702703,0.05405405405405406,5.351351351351352
2024,8,TB,ATL,26,0.6509308797207736,1.2754717757142509,-0.14574807635654713,-0.31430299599593314,0.7966789560773206,1.589774771710184,22,102.0,0.13636363636363635,0.13636363636363635,4.636363636363637,50,340.0,0.12,0.02,6.8
2024,8,LAC,NO,26,-0.956448956101138,0.048609968337654484,-1.2598585814332397,0.013816732520338992,0.3034096253321017,0.03479323581731549,29,122.0,0.06896551724137931,0.13793103448275862,4.206896551724138,38,306.0,0.21052631578947367,0.13157894736842105,8.052631578947368
2024,8,SEA,BUF,10,-0.7326745520311555,0.08252741883704486,0.7411934291898009,0.2209260687314684,-1.4738679812209563,-0.13839864989442352,17,32.0,0.11764705882352941,0.4117647058823529,1.8823529411764706,32,224.0,0.125,0.03125,7.0
2024,8,DEN,CAR,28,-0.612790255895493,0.7664992760085404,-1.6523917463275657,-1.6624239996655963,1.0396014904320727,2.4289232756741366,32,102.0,0.03125,0.21875,3.1875,42,301.0,0.21428571428571427,0.09523809523809523,7.166666666666667
2024,8,LV,KC,20,-0.5175916226484226,-0.1794002056692365,0.19756958700542213,0.5920023773739369,-0.7151612096538448,-0.7714025830431734,21,33.0,0.0,0.2857142857142857,1.5714285714285714,34,202.0,0.08823529411764706,0.23529411764705882,5.9411764705882355
2024,8,WAS,CHI,18,0.41326741172240766,0.6794321899329977,-0.7673415787174952,0.7723828838177744,1.1806089904399029,-0.09295069388477673,32,168.0,0.125,0.15625,5.25,46,361.0,0.13043478260869565,0.043478260869565216,7.8478260869565215
2024,8,SF,DAL,30,0.19844863770324825,0.48746471713601913,-2.0778892377475127,1.9520551578421304,2.276337875450761,-1.4645904407061112,36,223.0,0.16666666666666666,0.08333333333333333,6.194444444444445,33,297.0,0.18181818181818182,0.09090909090909091,9.0
2024,8,PIT,NYG,26,-0.47449148735658897,-0.47625351249242115,-0.25125310046004756,-0.08267715504089397,-0.2232383868965414,-0.3935763574515272,31,167.0,0.1935483870967742,0.16129032258064516,5.387096774193548,32,262.0,0.125,0.15625,8.1875
2024,9,NYJ,HOU,21,-0.6266147274098506,0.38114605600095325,1.4017883297314655,0.31770039092777774,-2.028403057141316,0.0634456650731755,21,100.0,0.19047619047619047,0.23809523809523808,4.761904761904762,34,193.0,0.11764705882352941,0.11764705882352941,5.676470588235294
2024,9,ATL,DAL,27,0.12098322353229385,0.3815238094061832,-2.0778892377475127,1.9520551578421304,2.1988724612798065,-1.570531348435947,30,100.0,0.06666666666666667,0.3,3.3333333333333335,27,210.0,0.18518518518518517,0.1111111111111111,7.777777777777778
2024,9,BAL,DEN,41,1.2985102190356583,0.06745730854567548,1.1459613430088964,1.118451979271823,0.15254887602676193,-1.0509946707261475,34,127.0,0.08823529411764706,0.11764705882352941,3.735294117647059,22,281.0,0.4090909090909091,0.045454545454545456,12.772727272727273
2024,9,BUF,MIA,30,0.626194352042176,0.7464544747435861,-0.1471403398836469,-0.0058122791414333035,0.7733346919258228,0.7522667538850194,19,94.0,0.15789473684210525,0.10526315789473684,4.947368421052632,41,247.0,0.07317073170731707,0.04878048780487805,6.024390243902439
2024,9,CAR,NO,23,1.464972995386316,-0.8791543519110756,-1.2598585814332397,0.013816732520338992,2.7248315768195557,-0.8929710844314146,23,80.0,0.08695652173913043,0.30434782608695654,3.4782608695652173,30,178.0,0.2,0.13333333333333333,5.933333333333334
2024,9,CIN,LV,41,0.44993790569846426,0.06966085918622926,0.023227177144263977,-0.8358174729838229,0.4267107285542003,0.9054783321700521,31,130.0,0.0967741935483871,0.16129032258064516,4.193548387096774,41,253.0,0.0975609756097561,0.024390243902439025,6.170731707317073
2024,9,CLE,LAC,10,-0.2546397603874345,-0.7116324936255275,-0.2815222001006618,-0.4170195533800647,0.02688243971322729,-0.2946129402454628,24,79.0,0.08333333333333333,0.20833333333333334,3.2916666666666665,56,238.0,0.05357142857142857,0.125,4.25
2024,9,NYG,WAS,22,0.22337917477839428,-0.8682802279417275,-0.796161707452472,0.14830092174330353,1.0195408822308663,-1.016581149685031,31,164.0,0.22580645161290322,0.03225806451612903,5.290322580645161,31,173.0,0.16129032258064516,0.12903225806451613,5.580645161290323
2024,9,TEN,NE,20,-1.019343936166908,-0.11112342535782349,-0.3737274461210274,-0.6329109249546444,-0.6456164900458807,0.5217874995968209,39,167.0,0.1282051282051282,0.15384615384615385,4.282051282051282,36,249.0,0.1111111111111111,0.027777777777777776,6.916666666666667
2024,9,ARI,CHI,29,0.3721082065166064,1.3296261861670147,-0.7673415787174952,0.7723828838177744,1.1394497852341017,0.5572433023492402,34,213.0,0.14705882352941177,0.08823529411764706,6.264705882352941,23,137.0,0.21739130434782608,0.17391304347826086,5.956521739130435
2024,9,PHI,JAX,28,0.6478926733651006,0.15587227178179633,-0.047514175193638646,-1.396839708177751,0.6954068485587392,1.5527119799595475,48,237.0,0.16666666666666666,0.22916666666666666,4.9375,34,256.0,0.17647058823529413,0.14705882352941177,7.529411764705882
2024,9,GB,DET,14,0.6086604419549785,-0.478908625138442,-0.1427317782435004,1.4064881073086921,0.7513922201984788,-1.8853967324471341,23,138.0,0.17391304347826086,0.21739130434782608,6.0,40,275.0,0.125,0.0,6.875
2024,9,SEA,LA,20,-0.7326745520311555,0.08252741883704486,-0.8394329587632194,-1.072827681541601,0.10675840673206394,1.1553551003786457,33,107.0,0.06060606060606061,0.24242424242424243,3.242424242424242,43,331.0,0.2558139534883721,0.16279069767441862,7.6976744186046515
2024,9,MIN,IND,21,-0.32969532061648543,-0.49733095333191396,0.7983023946128257,0.27111220404094655,-1.127997715229311,-0.7684431573728605,32,133.0,0.1875,0.21875,4.15625,40,293.0,0.2,0.175,7.325
2024,9,KC,TB,30,0.4173632146004081,-0.4513076099788549,1.0742575039507527,0.48631056054037264,-0.6568942893503447,-0.9376181705192275,35,124.0,0.08571428571428572,0.22857142857142856,3.5428571428571427,50,269.0,0.12,0.12,5.38
2024,10,BAL,CIN,35,1.2985102190356583,0.06745730854567548,-0.476190619247557,0.48566386577988735,1.7747008382832155,-0.41820655723421185,26,101.0,0.07692307692307693,0.15384615384615385,3.8846153846153846,36,310.0,0.16666666666666666,0.05555555555555555,8.61111111111111
2024,10,CAR,NYG,20,1.464972995386316,-0.8791543519110756,-0.25125310046004756,-0.08267715504089397,1.7162260958463635,-0.7964771968701816,32,188.0,0.15625,0.125,5.875,28,148.0,0.07142857142857142,0.03571428571428571,5.285714285714286
2024,10,CHI,NE,3,-0.6063990018488997,0.19914262227427126,-0.3737274461210274,-0.6329109249546444,-0.23267155572787235,0.8320535472289157,20,73.0,0.05,0.25,3.65,41,84.0,0.024390243902439025,0.24390243902439024,2.048780487804878
2024,10,IND,BUF,20,0.3665459151436877,-0.6619858974014049,0.7411934291898009,0.2209260687314684,-0.37464751404611324,-0.8829119661328733,22,121.0,0.13636363636363635,0.3181818181818182,5.5,39,240.0,0.15384615384615385,0.10256410256410256,6.153846153846154
2024,10,JAX,MIN,7,-0.3078095207040591,1.32087421737413,0.3950035452913554,0.7180531715210406,-0.7028130659954145,0.6028210458530893,18,56.0,0.1111111111111111,0.3333333333333333,3.111111111111111,27,94.0,0.1111111111111111,0.2222222222222222,3.4814814814814814
2024,10,KC,DEN,16,0.4173632146004081,-0.4513076099788549,1.1459613430088964,1.118451979271823,-0.7285981284084884,-1.569759589250678,19,57.0,0.10526315789473684,0.21052631578947367,3.0,49,262.0,0.10204081632653061,0.08163265306122448,5.346938775510204
2024,10,NO,ATL,20,-0.11860880038297686,-0.8350582903604074,-0.14574807635654713,-0.31430299599593314,0.02713927597357027,-0.5207552943644742,27,96.0,0.07407407407407407,0.2222222222222222,3.5555555555555554,27,287.0,0.2222222222222222,0.037037037037037035,10.62962962962963
2024,10,TB,SF,20,0.6509308797207736,1.2754717757142509,-0.45137112386505784,-0.5024346385366765,1.1023020035858315,1.7779064142509273,27,110.0,0.1111111111111111,0.18518518518518517,4.074074074074074,32,108.0,0.03125,0.09375,3.375
2024,10,WAS,PIT,27,0.41326741172240766,0.6794321899329977,0.4631319287770479,0.22264110152040786,-0.049864517054640234,0.45679108841258986,22,60.0,0.045454545454545456,0.2727272727272727,2.727272727272727,37,182.0,0.10810810810810811,0.13513513513513514,4.918918918918919
2024,10,LAC,TEN,27,-0.956448956101138,0.048609968337654484,0.7794902384637499,-1.426907069936826,-1.7359391945648879,1.4755170382744804,39,145.0,0.1282051282051282,0.20512820512820512,3.717948717948718,23,193.0,0.21739130434782608,0.043478260869565216,8.391304347826088
2024,10,ARI,NYJ,31,0.3721082065166064,1.3296261861670147,0.6555028099314706,0.22721164086427673,-0.28339460341486417,1.1024145453027379,32,147.0,0.1875,0.21875,4.59375,25,259.0,0.28,0.08,10.36
2024,10,DAL,PHI,6,0.6113819556476193,-0.6752109545204793,0.5315434090002562,-0.8945676665055696,0.07983854664736312,0.21935671198509032,24,97.0,0.08333333333333333,0.20833333333333334,4.041666666666667,32,49.0,0.0,0.15625,1.53125
2024,10,HOU,DET,23,-0.532636077434733,-1.625521702511423,-0.1427317782435004,1.4064881073086921,-0.3899042991912326,-3.0320098098201154,28,56.0,0.03571428571428571,0.25,2.0,38,197.0,0.18421052631578946,0.13157894736842105,5.184210526315789
2024,11,PHI,WAS,26,0.6478926733651006,0.15587227178179633,-0.796161707452472,0.14830092174330353,1.4440543808175725,0.007571350038492797,40,228.0,0.1,0.1,5.7,34,226.0,0.17647058823529413,0.058823529411764705,6.647058823529412
2024,11,CHI,GB,19,-0.6063990018488997,0.19914262227427126,0.6922656714327491,-0.07865499826441995,-1.2986646732816487,0.2777976205386912,34,179.0,0.14705882352941177,0.08823529411764706,5.264705882352941,40,261.0,0.125,0.075,6.525
2024,11,DET,JAX,52,0.39749689631752466,-0.2526023474139641,-0.047514175193638646,-1.396839708177751,0.4450110715111633,1.144237360763787,43,196.0,0.09302325581395349,0.13953488372093023,4.558139534883721,37,469.0,0.2972972972972973,0.0,12.675675675675675
2024,11,MIA,LV,34,-1.3645449076827327,1.1131520698877606,0.023227177144263977,-0.8358174729838229,-1.3877720848269968,1.9489695428715836,26,82.0,0.038461538461538464,0.38461538461538464,3.1538461538461537,37,271.0,0.1891891891891892,0.08108108108108109,7.324324324324325
2024,11,NE,LA,22,-0.41378517649876967,-0.39144868332879534,-0.8394329587632194,-1.072827681541601,0.42564778226444977,0.6813789982128056,30,125.0,0.1,0.13333333333333333,4.166666666666667,45,284.0,0.13333333333333333,0.08888888888888889,6.311111111111111
2024,11,NO,CLE,35,-0.11860880038297686,-0.8350582903604074,0.9034650944097785,1.2185240053604602,-1.0220738947927555,-2.053582295720868,28,214.0,0.21428571428571427,0.32142857142857145,7.642857142857143,30,259.0,0.23333333333333334,0.1,8.633333333333333
2024,11,NYJ,IND,27,-0.6266147274098506,0.38114605600095325,0.7983023946128257,0.27111220404094655,-1.4249171220226762,0.1100338519600067,20,91.0,0.1,0.2,4.55,33,169.0,0.15151515151515152,0.21212121212121213,5.121212121212121
2024,11,PIT,BAL,18,-0.47449148735658897,-0.47625351249242115,0.9791643215298784,-0.01922408955117927,-1.4536558088864675,-0.4570294229412419,34,122.0,0.08823529411764706,0.29411764705882354,3.588235294117647,41,184.0,0.12195121951219512,0.17073170731707318,4.487804878048781
2024,11,TEN,MIN,13,-1.019343936166908,-0.11112342535782349,0.3950035452913554,0.7180531715210406,-1.4143474814582635,-0.8291765968788641,19,33.0,0.05263157894736842,0.3157894736842105,1.736842105263158,38,273.0,0.18421052631578946,0.13157894736842105,7.184210526315789
2024,11,DEN,ATL,38,-0.612790255895493,0.7664992760085404,-0.14574807635654713,-0.31430299599593314,-0.46704217953894583,1.0808022720044734,26,105.0,0.11538461538461539,0.15384615384615385,4.038461538461538,35,298.0,0.17142857142857143,0.11428571428571428,8.514285714285714
2024,11,SF,SEA,17,0.19844863770324825,0.48746471713601913,-0.97177418616095,0.22229264822859518,1.1702228238641983,0.26517206890742395,27,131.0,0.14814814814814814,0.1111111111111111,4.851851851851852,35,186.0,0.02857142857142857,0.05714285714285714,5.314285714285714
2024,11,BUF,KC,30,0.626194352042176,0.7464544747435861,0.19756958700542213,0.5920023773739369,0.42862476503675384,0.15445209736964916,31,104.0,0.03225806451612903,0.22580645161290322,3.3548387096774195,45,307.0,0.17777777777777778,0.044444444444444446,6.822222222222222
2024,11,LAC,CIN,34,-0.956448956101138,0.048609968337654484,-0.476190619247557,0.48566386577988735,-0.480258336853581,-0.4370538974422329,25,155.0,0.16,0.28,6.2,41,346.0,0.24390243902439024,0.04878048780487805,8.439024390243903
2024,11,DAL,HOU,10,0.6113819556476193,-0.6752109545204793,1.4017883297314655,0.31770039092777774,-0.7904063740838462,-0.992911345448257,18,64.0,0.05555555555555555,0.16666666666666666,3.5555555555555554,62,326.0,0.11290322580645161,0.08064516129032258,5.258064516129032
2024,12,CLE,PIT,24,-0.2546397603874345,-0.7116324936255275,0.4631319287770479,0.22264110152040786,-0.7177716891644824,-0.9342735951459353,27,85.0,0.0,0.1111111111111111,3.1481481481481484,31,223.0,0.22580645161290322,0.03225806451612903,7.193548387096774
2024,12,CAR,KC,27,1.464972995386316,-0.8791543519110756,0.19756958700542213,0.5920023773739369,1.2674034083808938,-1.4711567292850125,22,87.0,0.09090909090909091,0.09090909090909091,3.9545454545454546,40,269.0,0.15,0.075,6.725
2024,12,CHI,MIN,27,-0.6063990018488997,0.19914262227427126,0.3950035452913554,0.7180531715210406,-1.001402547140255,-0.5189105492467694,22,78.0,0.09090909090909091,0.18181818181818182,3.5454545454545454,57,351.0,0.10526315789473684,0.08771929824561403,6.157894736842105
2024,12,HOU,TEN,27,-0.532636077434733,-1.625521702511423,0.7794902384637499,-1.426907069936826,-1.3121263158984828,-0.198614632574597,17,40.0,0.0,0.29411764705882354,2.3529411764705883,40,238.0,0.2,0.175,5.95
2024,12,IND,DET,6,0.3665459151436877,-0.6619858974014049,-0.1427317782435004,1.4064881073086921,0.5092776933871881,-2.068474004710097,21,96.0,0.19047619047619047,0.23809523809523808,4.571428571428571,30,177.0,0.13333333333333333,0.0,5.9
2024,12,MIA,NE,34,-1.3645449076827327,1.1131520698877606,-0.3737274461210274,-0.6329109249546444,-0.9908174615617054,1.7460629948424051,24,65.0,0.08333333333333333,0.4166666666666667,2.7083333333333335,42,308.0,0.16666666666666666,0.09523809523809523,7.333333333333333
2024,12,NYG,TB,7,0.22337917477839428,-0.8682802279417275,1.0742575039507527,0.48631056054037264,-0.8508783291723584,-1.3545907884821002,20,76.0,0.1,0.25,3.8,40,200.0,0.075,0.125,5.0
2024,12,WAS,DAL,26,0.41326741172240766,0.6794321899329977,-2.0778892377475127,1.9520551578421304,2.49115664946992,-1.2726229679091325,26,147.0,0.19230769230769232,0.11538461538461539,5.653846153846154,43,292.0,0.06976744186046512,0.13953488372093023,6.790697674418604
2024,12,LV,DEN,19,-0.5175916226484226,-0.1794002056692365,1.1459613430088964,1.118451979271823,-1.6635529656573191,-1.2978521849410596,16,69.0,0.125,0.1875,4.3125,59,308.0,0.11864406779661017,0.0847457627118644,5.220338983050848
2024,12,GB,SF,38,0.6086604419549785,-0.478908625138442,-0.45137112386505784,-0.5024346385366765,1.0600315658200363,0.023526013398234458,42,169.0,0.09523809523809523,0.14285714285714285,4.023809523809524,25,156.0,0.2,0.08,6.24
2024,12,SEA,ARI,16,-0.7326745520311555,0.08252741883704486,-0.09981792740559892,-1.0515135837168363,-0.6328566246255566,1.1340410025538812,25,65.0,0.08,0.4,2.6,37,224.0,0.16216216216216217,0.13513513513513514,6.054054054054054
2024,12,LAC,BAL,23,-0.956448956101138,0.048609968337654484,0.9791643215298784,-0.01922408955117927,-1.9356132776310164,0.06783405788883376,20,83.0,0.15,0.25,4.15,44,231.0,0.13636363636363635,0.09090909090909091,5.25
2024,13,DET,CHI,23,0.39749689631752466,-0.2526023474139641,-0.7673415787174952,0.7723828838177744,1.1648384750350198,-1.0249852312317385,33,194.0,0.21212121212121213,0.030303030303030304,5.878787878787879,36,211.0,0.1388888888888889,0.05555555555555555,5.861111111111111
2024,13,DAL,NYG,27,0.6113819556476193,-0.6752109545204793,-0.25125310046004756,-0.08267715504089397,0.8626350561076669,-0.5925337994795853,32,122.0,0.125,0.25,3.8125,37,199.0,0.13513513513513514,0.02702702702702703,5.378378378378378
2024,13,GB,MIA,30,0.6086604419549785,-0.478908625138442,-0.1471403398836469,-0.0058122791414333035,0.7558007818386254,-0.4730963459970087,25,114.0,0.16,0.16,4.56,28,274.0,0.25,0.03571428571428571,9.785714285714286
2024,13,KC,LV,19,0.4173632146004081,-0.4513076099788549,0.023227177144263977,-0.8358174729838229,0.3941360374561441,0.38450986300496803,16,63.0,0.0625,0.1875,3.9375,51,271.0,0.1568627450980392,0.11764705882352941,5.313725490196078
2024,13,ATL,LAC,13,0.12098322353229385,0.3815238094061832,-0.2815222001006618,-0.4170195533800647,0.40250542363295566,0.7985433627862479,37,116.0,0.05405405405405406,0.16216216216216217,3.135135135135135,40,234.0,0.075,0.025,5.85
2024,13,CIN,PIT,38,0.44993790569846426,0.06966085918622926,0.4631319287770479,0.22264110152040786,-0.013194023078583639,-0.15298024233417862,15,93.0,0.2,0.13333333333333333,6.2,44,291.0,0.18181818181818182,0.09090909090909091,6.613636363636363
2024,13,JAX,HOU,20,-0.3078095207040591,1.32087421737413,1.4017883297314655,0.31770039092777774,-1.7095978504355247,1.0031738264463521,25,97.0,0.08,0.16,3.88,47,290.0,0.14893617021276595,0.0,6.170212765957447
2024,13,MIN,ARI,23,-0.32969532061648543,-0.49733095333191396,-0.09981792740559892,-1.0515135837168363,-0.22987739321088652,0.5541826303849224,15,68.0,0.13333333333333333,0.2,4.533333333333333,39,228.0,0.1794871794871795,0.15384615384615385,5.846153846153846
2024,13,NE,IND,24,-0.41378517649876967,-0.39144868332879534,0.7983023946128257,0.27111220404094655,-1.2120875711115953,-0.662560887369742,31,200.0,0.1935483870967742,0.0967741935483871,6.451612903225806,40,283.0,0.1,0.1,7.075
2024,13,NYJ,SEA,21,-0.6266147274098506,0.38114605600095325,-0.97177418616095,0.22229264822859518,0.34515945875109943,0.15885340777235807,22,91.0,0.09090909090909091,0.09090909090909091,4.136363636363637,42,176.0,0.09523809523809523,0.09523809523809523,4.190476190476191
2024,13,WAS,TEN,42,0.41326741172240766,0.6794321899329977,0.7794902384637499,-1.426907069936826,-0.3662228267413422,2.1063392598698236,45,267.0,0.15555555555555556,0.1111111111111111,5.933333333333334,38,221.0,0.07894736842105263,0.05263157894736842,5.815789473684211
2024,13,CAR,TB,23,1.464972995386316,-0.8791543519110756,1.0742575039507527,0.48631056054037264,0.3907154914355633,-1.3654649124514482,21,78.0,0.047619047619047616,0.14285714285714285,3.7142857142857144,50,306.0,0.14,0.06,6.12
2024,13,NO,LA,14,-0.11860880038297686,-0.8350582903604074,-0.8394329587632194,-1.072827681541601,0.7208241583802426,0.23776939118119356,31,143.0,0.12903225806451613,0.0967741935483871,4.612903225806452,40,198.0,0.125,0.025,4.95
2024,13,BAL,PHI,19,1.2985102190356583,0.06745730854567548,0.5315434090002562,-0.8945676665055696,0.7669668100354021,0.9620249750512451,32,166.0,0.15625,0.1875,5.1875,44,280.0,0.11363636363636363,0.06818181818181818,6.363636363636363
2024,13,BUF,SF,35,0.626194352042176,0.7464544747435861,-0.45137112386505784,-0.5024346385366765,1.077565475907234,1.2488891132802626,38,220.0,0.13157894736842105,0.18421052631578946,5.7894736842105265,19,160.0,0.15789473684210525,0.05263157894736842,8.421052631578947
2024,13,DEN,CLE,41,-0.612790255895493,0.7664992760085404,0.9034650944097785,1.2185240053604602,-1.5162553503052716,-0.45202472935191984,26,106.0,0.11538461538461539,0.34615384615384615,4.076923076923077,36,300.0,0.2222222222222222,0.027777777777777776,8.333333333333334
2024,14,DET,GB,34,0.39749689631752466,-0.2526023474139641,0.6922656714327491,-0.07865499826441995,-0.2947687751152244,-0.17394734914954413,34,111.0,0.08823529411764706,0.23529411764705882,3.264705882352941,43,289.0,0.11627906976744186,0.023255813953488372,6.72093023255814
2024,14,MIA,NYJ,32,-1.3645449076827327,1.1131520698877606,0.6555028099314706,0.22721164086427673,-2.0200477176142035,0.8859404290234839,19,44.0,0.0,0.2631578947368421,2.3157894736842106,48,336.0,0.125,0.020833333333333332,7.0
2024,14,MIN,ATL,42,-0.32969532061648543,-0.49733095333191396,-0.14574807635654713,-0.31430299599593314,-0.1839472442599383,-0.18302795733598082,24,115.0,0.20833333333333334,0.3333333333333333,4.791666666666667,34,326.0,0.2647058823529412,0.14705882352941177,9.588235294117647
2024,14,NYG,NO,11,0.22337917477839428,-0.8682802279417275,-1.2598585814332397,0.013816732520338992,1.483237756211634,-0.8820969604620665,23,112.0,0.13043478260869565,0.043478260869565216,4.869565217391305,56,274.0,0.08928571428571429,0.03571428571428571,4.892857142857143
2024,14,PHI,CAR,22,0.6478926733651006,0.15587227178179633,-1.6523917463275657,-1.6624239996655963,2.3002844196926664,1.8182962714473927,32,211.0,0.25,0.125,6.59375,28,135.0,0.07142857142857142,0.14285714285714285,4.821428571428571
2024,14,PIT,CLE,27,-0.47449148735658897,-0.47625351249242115,0.9034650944097785,1.2185240053604602,-1.3779565817663675,-1.6947775178528814,35,120.0,0.08571428571428572,0.22857142857142856,3.4285714285714284,29,159.0,0.13793103448275862,0.10344827586206896,5.482758620689655
2024,14,TB,LV,28,0.6509308797207736,1.2754717757142509,0.023227177144263977,-0.8358174729838229,0.6277037025765095,2.111289248698074,26,152.0,0.19230769230769232,0.07692307692307693,5.846153846153846,35,280.0,0.2857142857142857,0.11428571428571428,8.0
2024,14,TEN,JAX,6,-1.019343936166908,-0.11112342535782349,-0.047514175193638646,-1.396839708177751,-0.9718297609732695,1.2857162828199276,28,126.0,0.10714285714285714,0.10714285714285714,4.5,34,146.0,0.11764705882352941,0.11764705882352941,4.294117647058823
2024,14,ARI,SEA,18,0.3721082065166064,1.3296261861670147,-0.97177418616095,0.22229264822859518,1.3438823926775565,1.1073335379384195,24,123.0,0.25,0.20833333333333334,5.125,42,252.0,0.07142857142857142,0.07142857142857142,6.0
2024,14,SF,CHI,38,0.19844863770324825,0.48746471713601913,-0.7673415787174952,0.7723828838177744,0.9657902164207435,-0.2849181666817553,34,131.0,0.029411764705882353,0.17647058823529413,3.8529411764705883,28,326.0,0.35714285714285715,0.03571428571428571,11.642857142857142
2024,14,KC,LAC,19,0.4173632146004081,-0.4513076099788549,-0.2815222001006618,-0.4170195533800647,0.6988854147010699,-0.034288056598790195,25,96.0,0.04,0.08,3.84,42,221.0,0.047619047619047616,0.09523809523809523,5.261904761904762
2024,14,DAL,CIN,20,0.6113819556476193,-0.6752109545204793,-0.476190619247557,0.48566386577988735,1.0875725748951763,-1.1608748203003667,25,156.0,0.24,0.12,6.24,35,169.0,0.11428571428571428,0.08571428571428572,4.828571428571428
2024,15,SF,LA,6,0.19844863770324825,0.48746471713601913,-0.8394329587632194,-1.072827681541601,1.0378815964664676,1.56029239867762,19,63.0,0.10526315789473684,0.15789473684210525,3.3157894736842106,34,128.0,0.08823529411764706,0.08823529411764706,3.764705882352941
2024,15,CAR,DAL,14,1.464972995386316,-0.8791543519110756,-2.0778892377475127,1.9520551578421304,3.5428622331338286,-2.831209509753206,16,60.0,0.0625,0.125,3.75,37,187.0,0.13513513513513514,0.16216216216216217,5.054054054054054
2024,15,CLE,KC,7,-0.2546397603874345,-0.7116324936255275,0.19756958700542213,0.5920023773739369,-0.4522093473928567,-1.3036348709994643,21,139.0,0.047619047619047616,0.19047619047619047,6.619047619047619,41,141.0,0.07317073170731707,0.17073170731707318,3.4390243902439024
2024,15,HOU,MIA,20,-0.532636077434733,-1.625521702511423,-0.1471403398836469,-0.0058122791414333035,-0.38549573755108607,-1.6197094233699898,20,77.0,0.1,0.35,3.85,32,110.0,0.0625,0.1875,3.4375
2024,15,JAX,NYJ,25,-0.3078095207040591,1.32087421737413,0.6555028099314706,0.22721164086427673,-0.9633123306355297,1.093662576509853,29,136.0,0.10344827586206896,0.034482758620689655,4.689655172413793,52,312.0,0.09615384615384616,0.038461538461538464,6.0
2024,15,NO,WAS,19,-0.11860880038297686,-0.8350582903604074,-0.796161707452472,0.14830092174330353,0.6775529070694951,-0.9833592121037109,16,69.0,0.1875,0.3125,4.3125,36,183.0,0.1388888888888889,0.08333333333333333,5.083333333333333
2024,15,NYG,BAL,14,0.22337917477839428,-0.8682802279417275,0.9791643215298784,-0.01922408955117927,-0.7557851467514841,-0.8490561383905483,20,55.0,0.05,0.2,2.75,40,181.0,0.125,0.075,4.525
2024,15,TEN,CIN,27,-1.019343936166908,-0.11112342535782349,-0.476190619247557,0.48566386577988735,-0.5431533169193511,-0.5967872911377108,26,83.0,0.11538461538461539,0.19230769230769232,3.1923076923076925,39,303.0,0.1282051282051282,0.05128205128205128,7.769230769230769
2024,15,ARI,NE,30,0.3721082065166064,1.3296261861670147,-0.3737274461210274,-0.6329109249546444,0.7458356526376337,1.9625371111216592,32,163.0,0.0625,0.1875,5.09375,36,243.0,0.1111111111111111,0.027777777777777776,6.75
2024,15,DEN,IND,31,-0.612790255895493,0.7664992760085404,0.7983023946128257,0.27111220404094655,-1.4110926505083188,0.49538707196759385,27,72.0,0.07407407407407407,0.3333333333333333,2.6666666666666665,37,143.0,0.05405405405405406,0.10810810810810811,3.864864864864865
2024,15,DET,BUF,42,0.39749689631752466,-0.2526023474139641,0.7411934291898009,0.2209260687314684,-0.34369653287227625,-0.4735284161454325,15,48.0,0.13333333333333333,0.3333333333333333,3.2,62,486.0,0.16129032258064516,0.04838709677419355,7.838709677419355
2024,15,LAC,TB,17,-0.956448956101138,0.048609968337654484,1.0742575039507527,0.48631056054037264,-2.0307064600518907,-0.4377005922027182,11,32.0,0.0,0.36363636363636365,2.909090909090909,37,174.0,0.05405405405405406,0.08108108108108109,4.702702702702703
2024,15,PHI,PIT,27,0.6478926733651006,0.15587227178179633,0.4631319287770479,0.22264110152040786,0.1847607445880527,-0.06676882973861153,42,131.0,0.047619047619047616,0.3333333333333333,3.119047619047619,38,282.0,0.2631578947368421,0.07894736842105263,7.421052631578948
2024,15,SEA,GB,13,-0.7326745520311555,0.08252741883704486,0.6922656714327491,-0.07865499826441995,-1.4249402234639046,0.1611824171014648,16,80.0,0.125,0.125,5.0,42,135.0,0.09523809523809523,0.19047619047619047,3.2142857142857144
2024,15,MIN,CHI,30,-0.32969532061648543,-0.49733095333191396,-0.7673415787174952,0.7723828838177744,0.43764625810100977,-1.2697138371496883,29,114.0,0.10344827586206896,0.20689655172413793,3.9310344827586206,42,215.0,0.11904761904761904,0.047619047619047616,5.119047619047619
2024,15,LV,ATL,9,-0.5175916226484226,-0.1794002056692365,-0.14574807635654713,-0.31430299599593314,-0.3718435462918755,0.13490279032669664,22,65.0,0.09090909090909091,0.3181818181818182,2.9545454545454546,45,211.0,0.08888888888888889,0.1111111111111111,4.688888888888889
2024,16,LAC,DEN,34,-0.956448956101138,0.048609968337654484,1.1459613430088964,1.118451979271823,-2.1024102991100344,-1.0698420109341686,29,117.0,0.13793103448275862,0.3448275862068966,4.0344827586206895,38,308.0,0.18421052631578946,0.05263157894736842,8.105263157894736
2024,16,KC,HOU,27,0.4173632146004081,-0.4513076099788549,1.4017883297314655,0.31770039092777774,-0.9844251151310575,-0.7690080009066327,28,124.0,0.10714285714285714,0.17857142857142858,4.428571428571429,45,286.0,0.13333333333333333,0.06666666666666667,6.355555555555555
2024,16,BAL,PIT,34,1.2985102190356583,0.06745730854567548,0.4631319287770479,0.22264110152040786,0.8353782902586104,-0.1551837929747324,38,220.0,0.21052631578947367,0.18421052631578946,5.7894736842105265,25,206.0,0.16,0.04,8.24
2024,16,ATL,NYG,34,0.12098322353229385,0.3815238094061832,-0.25125310046004756,-0.08267715504089397,0.3722363239923414,0.46420096444707715,38,127.0,0.10526315789473684,0.23684210526315788,3.3421052631578947,29,208.0,0.20689655172413793,0.034482758620689655,7.172413793103448
2024,16,CAR,ARI,36,1.464972995386316,-0.8791543519110756,-0.09981792740559892,-1.0515135837168363,1.5647909227919148,0.17235923180576074,36,243.0,0.16666666666666666,0.16666666666666666,6.75,33,218.0,0.15151515151515152,0.12121212121212122,6.606060606060606
2024,16,CHI,DET,17,-0.6063990018488997,0.19914262227427126,-0.1427317782435004,1.4064881073086921,-0.46366722360539936,-1.2073454850344207,17,59.0,0.11764705882352941,0.23529411764705882,3.4705882352941178,46,357.0,0.1956521739130435,0.06521739130434782,7.760869565217392
2024,16,CIN,CLE,24,0.44993790569846426,0.06966085918622926,0.9034650944097785,1.2185240053604602,-0.45352718871131426,-1.148863146174231,22,116.0,0.13636363636363635,0.18181818181818182,5.2727272727272725,36,229.0,0.16666666666666666,0.1111111111111111,6.361111111111111
2024,16,IND,TEN,38,0.3665459151436877,-0.6619858974014049,0.7794902384637499,-1.426907069936826,-0.4129443233200622,0.7649211725354211,50,335.0,0.06,0.12,6.7,14,134.0,0.2857142857142857,0.07142857142857142,9.571428571428571
2024,16,NYJ,LA,9,-0.6266147274098506,0.38114605600095325,-0.8394329587632194,-1.072827681541601,0.21281823135336886,1.453973737542554,20,75.0,0.0,0.05,3.75,44,252.0,0.09090909090909091,0.022727272727272728,5.7272727272727275
2024,16,WAS,PHI,36,0.41326741172240766,0.6794321899329977,0.5315434090002562,-0.8945676665055696,-0.11827599727784854,1.5739998564385673,25,115.0,0.12,0.2,4.6,45,305.0,0.06666666666666667,0.08888888888888889,6.777777777777778
2024,16,SEA,MIN,24,-0.7326745520311555,0.08252741883704486,0.3950035452913554,0.7180531715210406,-1.127678097322511,-0.6355257526839958,15,59.0,0.06666666666666667,0.13333333333333333,3.933333333333333,46,310.0,0.2391304347826087,0.08695652173913043,6.739130434782608
2024,16,BUF,NE,24,0.626194352042176,0.7464544747435861,-0.3737274461210274,-0.6329109249546444,0.9999217981632034,1.3793653996982305,28,172.0,0.14285714285714285,0.21428571428571427,6.142857142857143,34,178.0,0.08823529411764706,0.058823529411764705,5.235294117647059
2024,16,LV,JAX,19,-0.5175916226484226,-0.1794002056692365,-0.047514175193638646,-1.396839708177751,-0.47007744745478397,1.2174395025085145,27,69.0,0.07407407407407407,0.25925925925925924,2.5555555555555554,42,258.0,0.11904761904761904,0.07142857142857142,6.142857142857143
2024,16,MIA,SF,29,-1.3645449076827327,1.1131520698877606,-0.45137112386505784,-0.5024346385366765,-0.9131737838176749,1.615586708424437,30,166.0,0.06666666666666667,0.23333333333333334,5.533333333333333,34,215.0,0.11764705882352941,0.0,6.323529411764706
2024,16,DAL,TB,26,0.6113819556476193,-0.6752109545204793,1.0742575039507527,0.48631056054037264,-0.4628755483031334,-1.161521515060852,20,31.0,0.05,0.35,1.55,36,286.0,0.1388888888888889,0.05555555555555555,7.944444444444445
2024,16,GB,NO,34,0.6086604419549785,-0.478908625138442,-1.2598585814332397,0.013816732520338992,1.868519023388218,-0.492725357658781,39,188.0,0.1282051282051282,0.15384615384615385,4.82051282051282,30,216.0,0.16666666666666666,0.03333333333333333,7.2
2024,17,PIT,KC,10,-0.47449148735658897,-0.47625351249242115,0.19756958700542213,0.5920023773739369,-0.6720610743620111,-1.068255889866358,31,202.0,0.2903225806451613,0.0967741935483871,6.516129032258065,48,217.0,0.08333333333333333,0.10416666666666667,4.520833333333333
2024,17,HOU,BAL,2,-0.532636077434733,-1.625521702511423,0.9791643215298784,-0.01922408955117927,-1.5118003989646114,-1.6062976129602438,17,58.0,0.0,0.23529411764705882,3.411764705882353,38,160.0,0.13157894736842105,0.13157894736842105,4.2105263157894735
2024,17,CHI,SEA,3,-0.6063990018488997,0.19914262227427126,-0.97177418616095,0.22229264822859518,0.3653751843120503,-0.023150025954323916,23,103.0,0.13043478260869565,0.13043478260869565,4.478260869565218,38,101.0,0.10526315789473684,0.23684210526315788,2.6578947368421053
2024,17,NE,LAC,7,-0.41378517649876967,-0.39144868332879534,-0.2815222001006618,-0.4170195533800647,-0.13226297639810786,0.025570870051269345,20,96.0,0.15,0.2,4.8,33,117.0,0.06060606060606061,0.15151515151515152,3.5454545454545454
2024,17,CIN,DEN,30,0.44993790569846426,0.06966085918622926,1.1459613430088964,1.118451979271823,-0.6960234373104321,-1.0487911200855937,28,115.0,0.07142857142857142,0.14285714285714285,4.107142857142857,58,409.0,0.13793103448275862,0.13793103448275862,7.051724137931035
2024,17,BUF,NYJ,40,0.626194352042176,0.7464544747435861,0.6555028099314706,0.22721164086427673,-0.029308457889294592,0.5192428338793094,34,97.0,0.029411764705882353,0.23529411764705882,2.8529411764705883,29,261.0,0.13793103448275862,0.0,9.0
2024,17,JAX,TEN,20,-0.3078095207040591,1.32087421737413,0.7794902384637499,-1.426907069936826,-1.0872997591678089,2.747781287310956,33,122.0,0.06060606060606061,0.15151515151515152,3.696969696969697,26,189.0,0.15384615384615385,0.07692307692307693,7.269230769230769
2024,17,NO,LV,10,-0.11860880038297686,-0.8350582903604074,0.023227177144263977,-0.8358174729838229,-0.14183597752724084,0.0007591826234155663,13,81.0,0.15384615384615385,0.15384615384615385,6.230769230769231,42,206.0,0.14285714285714285,0.09523809523809523,4.904761904761905
2024,17,NYG,IND,45,0.22337917477839428,-0.8682802279417275,0.7983023946128257,0.27111220404094655,-0.5749232198344314,-1.139392431982674,30,80.0,0.06666666666666667,0.4,2.6666666666666665,24,314.0,0.3333333333333333,0.0,13.083333333333334
2024,17,PHI,DAL,41,0.6478926733651006,0.15587227178179633,-2.0778892377475127,1.9520551578421304,2.7257819111126134,-1.796182886060334,42,179.0,0.09523809523809523,0.19047619047619047,4.261904761904762,19,197.0,0.2631578947368421,0.05263157894736842,10.368421052631579
2024,17,TB,CAR,48,0.6509308797207736,1.2754717757142509,-1.6523917463275657,-1.6624239996655963,2.303322626048339,2.937895775379847,40,202.0,0.15,0.225,5.05,35,351.0,0.34285714285714286,0.05714285714285714,10.028571428571428
2024,17,CLE,MIA,3,-0.2546397603874345,-0.7116324936255275,-0.1471403398836469,-0.0058122791414333035,-0.10749942050378763,-0.7058202144840942,28,114.0,0.07142857142857142,0.17857142857142858,4.071428571428571,49,164.0,0.08163265306122448,0.04081632653061224,3.3469387755102042
2024,17,MIN,GB,27,-0.32969532061648543,-0.49733095333191396,0.6922656714327491,-0.07865499826441995,-1.0219609920492345,-0.418675955067494,26,69.0,0.07692307692307693,0.38461538461538464,2.6538461538461537,44,372.0,0.18181818181818182,0.022727272727272728,8.454545454545455
2024,17,WAS,ATL,30,0.41326741172240766,0.6794321899329977,-0.14574807635654713,-0.31430299599593314,0.5590154880789548,0.9937351859289308,36,216.0,0.2222222222222222,0.1111111111111111,6.0,48,268.0,0.041666666666666664,0.125,5.583333333333333
2024,17,SF,DET,34,0.19844863770324825,0.48746471713601913,-0.1427317782435004,1.4064881073086921,0.34118041594674864,-0.919023390172673,18,75.0,0.05555555555555555,0.1111111111111111,4.166666666666667,43,416.0,0.20930232558139536,0.046511627906976744,9.674418604651162
2024,18,BAL,CLE,35,1.2985102190356583,0.06745730854567548,0.9034650944097785,1.2185240053604602,0.3950451246258798,-1.1510666968147847,35,220.0,0.2,0.22857142857142856,6.285714285714286,37,259.0,0.13513513513513514,0.0,7.0
2024,18,PIT,CIN,17,-0.47449148735658897,-0.47625351249242115,-0.476190619247557,0.48566386577988735,0.001699131890968042,-0.9619173782723085,23,74.0,0.13043478260869565,0.21739130434782608,3.217391304347826,37,134.0,0.08108108108108109,0.16216216216216217,3.6216216216216215
2024,18,ATL,CAR,38,0.12098322353229385,0.3815238094061832,-1.6523917463275657,-1.6624239996655963,1.7733749698598595,2.0439478090717795,38,227.0,0.21052631578947367,0.07894736842105263,5.973684210526316,40,315.0,0.2,0.05,7.875
2024,18,DAL,WAS,19,0.6113819556476193,-0.6752109545204793,-0.796161707452472,0.14830092174330353,1.4075436631000913,-0.8235118762637829,39,150.0,0.07692307692307693,0.1794871794871795,3.8461538461538463,37,236.0,0.13513513513513514,0.10810810810810811,6.378378378378378
2024,18,GB,CHI,22,0.6086604419549785,-0.478908625138442,-0.7673415787174952,0.7723828838177744,1.3760020206724737,-1.2512915089562164,33,183.0,0.18181818181818182,0.09090909090909091,5.545454545454546,29,184.0,0.2413793103448276,0.13793103448275862,6.344827586206897
2024,18,IND,JAX,26,0.3665459151436877,-0.6619858974014049,-0.047514175193638646,-1.396839708177751,0.4140600903373263,0.7348538107763462,34,177.0,0.08823529411764706,0.08823529411764706,5.205882352941177,43,252.0,0.13953488372093023,0.06976744186046512,5.8604651162790695
2024,18,NE,BUF,23,-0.41378517649876967,-0.39144868332879534,0.7411934291898009,0.2209260687314684,-1.1549786056885707,-0.6123747520602637,30,77.0,0.03333333333333333,0.36666666666666664,2.566666666666667,33,245.0,0.12121212121212122,0.06060606060606061,7.424242424242424
2024,18,PHI,NYG,20,0.6478926733651006,0.15587227178179633,-0.25125310046004756,-0.08267715504089397,0.8991457738251482,0.2385494268226903,25,51.0,0.0,0.32,2.04,43,252.0,0.11627906976744186,0.046511627906976744,5.8604651162790695
2024,18,TB,NO,27,0.6509308797207736,1.2754717757142509,-1.2598585814332397,0.013816732520338992,1.9107894611540133,1.2616550431939118,31,179.0,0.1935483870967742,0.12903225806451613,5.774193548387097,40,292.0,0.1,0.075,7.3
2024,18,TEN,HOU,14,-1.019343936166908,-0.11112342535782349,1.4017883297314655,0.31770039092777774,-2.4211322658983736,-0.42882381628560123,32,85.0,0.03125,0.34375,2.65625,31,244.0,0.22580645161290322,0.06451612903225806,7.870967741935484
2024,18,ARI,SF,47,0.3721082065166064,1.3296261861670147,-0.45137112386505784,-0.5024346385366765,0.8234793303816643,1.8320608247036911,28,151.0,0.07142857142857142,0.17857142857142858,5.392857142857143,36,251.0,0.1111111111111111,0.027777777777777776,6.972222222222222
2024,18,DEN,KC,38,-0.612790255895493,0.7664992760085404,0.19756958700542213,0.5920023773739369,-0.8103598429009151,0.1744968986346035,43,158.0,0.06976744186046512,0.13953488372093023,3.6744186046511627,34,372.0,0.17647058823529413,0.0,10.941176470588236
2024,18,LV,LAC,20,-0.5175916226484226,-0.1794002056692365,-0.2815222001006618,-0.4170195533800647,-0.2360694225477608,0.23761934771082818,12,39.0,0.08333333333333333,0.25,3.25,37,234.0,0.16216216216216217,0.08108108108108109,6.324324324324325
2024,18,NYJ,MIA,32,-0.6266147274098506,0.38114605600095325,-0.1471403398836469,-0.0058122791414333035,-0.4794743875262037,0.38695833514238653,23,120.0,0.21739130434782608,0.17391304347826086,5.217391304347826,40,257.0,0.15,0.1,6.425
2024,18,DET,MIN,31,0.39749689631752466,-0.2526023474139641,0.3950035452913554,0.7180531715210406,0.002493351026169266,-0.9706555189350048,31,178.0,0.16129032258064516,0.12903225806451613,5.741935483870968,35,216.0,0.08571428571428572,0.11428571428571428,6.171428571428572
