{
    "sacks_per_game": 2.4105961322784424,
    "pass_yards_per_game": 234.67254638671875,
    "pass_tds_per_game": 1.4584252834320068,
    "offensive_snaps_per_game": 123.82192788815306,
    "special_teams_snaps_per_game": 21.805003679175865,
    "presnap_penalty_snaps_per_game": 9.160412067696836,
    "penalties_accepted_per_game": 12.000735835172922,
    "total_snaps_per_game": 154.78734363502576,
    "rz_efficiency": {
        "total_drives": 10517,
        "td_rate": 0.6176666349719502,
        "fg_rate": 0.26091090615194446,
        "turnover_rate": 0.04706665398878007
    },
    "z5_efficiency": {
        "total_drives": 4212,
        "td_rate": 0.7618708452041786,
        "fg_rate": 0.15622032288698956,
        "turnover_rate": 0.0292022792022792
    },
    "go_rate_rz": 0.29521276595744683,
    "go_rate_10": 0.38727609635577515,
    "go_rate_5": 0.5349127182044888,
    "big_plays_per_team_season": 10.05625,
    "big_pass_plays_per_team_season": 8.0125,
    "big_run_plays_per_team_season": 2.574803149606299
}