{
    "sacks_per_game": 2.4761718750000004,
    "pass_yards_per_game": 215.940078125,
    "pass_tds_per_game": 1.571953125,
    "completion_rate_pct": 64.51437589738114,
    "total_snaps_per_game": 160.98125,
    "offensive_snaps_per_game": 129.1483125,
    "special_teams_snaps_per_game": 22.424578124999996,
    "presnap_penalty_snaps_per_game": 9.408359375,
    "penalties_accepted_per_game": 11.91646875
}