season,week,team,player,ybc,ybc_avg,yac,yac_avg,broken_tackles
2018,1,PHI,Jay Ajayi,19.0,1.3,43.0,2.9,3.0
2018,1,PHI,Corey Clement,18.0,3.6,8.0,1.6,0.0
2018,1,PHI,Darren Sproles,2.0,0.4,8.0,1.6,0.0
2018,1,PHI,Nelson Agholor,1.0,1.0,15.0,15.0,0.0
2018,1,PHI,Nick Foles,-1.0,-1.0,0.0,0.0,0.0
2018,1,ATL,Tevin Coleman,4.0,0.4,15.0,1.7,1.0
2018,1,ATL,Devonta Freeman,23.0,3.8,13.0,2.2,0.0
2018,1,ATL,Matt Ryan,8.0,4.0,0.0,0.0,0.0
2018,1,ATL,Julio Jones,-5.0,-5.0,16.0,16.0,1.0
2018,1,BAL,Kenneth Dixon,10.0,0.8,34.0,2.6,3.0
2018,1,BAL,Alex Collins,-1.0,-0.1,14.0,2.0,3.0
2018,1,BAL,Lamar Jackson,24.0,3.4,15.0,2.1,0.0
2018,1,BAL,Javorius Allen,4.0,1.0,13.0,3.3,0.0
2018,1,BAL,Joe Flacco,1.0,0.5,2.0,1.0,0.0
2018,1,BAL,John Brown,1.0,1.0,0.0,0.0,0.0
2018,1,BUF,LeSean McCoy,16.0,2.3,6.0,0.9,0.0
2018,1,BUF,Marcus Murphy,9.0,1.5,22.0,3.7,1.0
2018,1,BUF,Josh Allen,18.0,4.5,8.0,2.0,0.0
2018,1,BUF,Chris Ivory,-2.0,-0.7,5.0,1.7,1.0
2018,1,BUF,Corey Bojorquez,0.0,0.0,0.0,0.0,0.0
2018,1,BUF,Nathan Peterman,-1.0,-1.0,2.0,2.0,0.0
2018,1,CLE,Carlos Hyde,32.0,1.5,30.0,1.4,3.0
2018,1,CLE,Tyrod Taylor,57.0,7.1,20.0,2.5,0.0
2018,1,CLE,Duke Johnson,7.0,1.4,10.0,2.0,0.0
2018,1,CLE,Nick Chubb,9.0,3.0,12.0,4.0,1.0
2018,1,PIT,James Conner,74.0,2.4,61.0,2.0,1.0
2018,1,PIT,Ben Roethlisberger,16.0,5.3,0.0,0.0,0.0
2018,1,PIT,Ryan Switzer,8.0,8.0,0.0,0.0,0.0
2018,1,IND,Jordan Wilkins,17.0,1.2,23.0,1.6,1.0
2018,1,IND,Nyheim Hines,12.0,2.4,7.0,1.4,0.0
2018,1,IND,Christine Michael,0.0,0.0,9.0,4.5,0.0
2018,1,IND,Andrew Luck,6.0,6.0,1.0,1.0,0.0
2018,1,CIN,Joe Mixon,49.0,2.9,46.0,2.7,1.0
2018,1,CIN,Andy Dalton,8.0,4.0,0.0,0.0,0.0
2018,1,CIN,Giovani Bernard,-2.0,-2.0,0.0,0.0,0.0
2018,1,MIA,Kenyan Drake,22.0,1.6,26.0,1.9,0.0
2018,1,MIA,Frank Gore,43.0,4.8,18.0,2.0,0.0
2018,1,MIA,Ryan Tannehill,3.0,0.8,1.0,0.3,0.0
2018,1,MIA,Albert Wilson,3.0,1.5,4.0,2.0,0.0
2018,1,TEN,Dion Lewis,32.0,2.0,43.0,2.7,1.0
2018,1,TEN,Derrick Henry,14.0,1.4,12.0,1.2,0.0
2018,1,TEN,Marcus Mariota,5.0,1.7,10.0,3.3,0.0
2018,1,MIN,Dalvin Cook,8.0,0.5,32.0,2.0,3.0
2018,1,MIN,Latavius Murray,28.0,2.5,14.0,1.3,0.0
2018,1,MIN,Kirk Cousins,26.0,6.5,0.0,0.0,0.0
2018,1,MIN,Stefon Diggs,8.0,8.0,0.0,0.0,0.0
2018,1,SF,Alfred Morris,21.0,1.8,17.0,1.4,0.0
2018,1,SF,Matt Breida,30.0,2.7,16.0,1.5,0.0
2018,1,SF,Jimmy Garoppolo,6.0,3.0,0.0,0.0,0.0
2018,1,NE,Rex Burkhead,32.0,1.8,32.0,1.8,1.0
2018,1,NE,James White,16.0,3.2,2.0,0.4,0.0
2018,1,NE,Jeremy Hill,22.0,5.5,3.0,0.8,0.0
2018,1,NE,Cordarrelle Patterson,3.0,1.0,10.0,3.3,2.0
2018,1,NE,Tom Brady,2.0,2.0,0.0,0.0,0.0
2018,1,HOU,Lamar Miller,43.0,2.2,55.0,2.8,1.0
2018,1,HOU,Deshaun Watson,40.0,5.0,0.0,0.0,1.0
2018,1,HOU,Alfred Blue,28.0,5.6,8.0,1.6,0.0
2018,1,HOU,DeAndre Hopkins,-7.0,-7.0,0.0,0.0,0.0
2018,1,NO,Alvin Kamara,12.0,1.5,17.0,2.1,0.0
2018,1,NO,Mike Gillislee,1.0,0.3,8.0,2.7,0.0
2018,1,NO,Ted Ginn Jr.,4.0,4.0,1.0,1.0,1.0
2018,1,NO,Jonathan Williams,-1.0,-1.0,1.0,1.0,0.0
2018,1,TB,Peyton Barber,16.0,0.8,53.0,2.8,1.0
2018,1,TB,Ryan Fitzpatrick,35.0,2.9,1.0,0.1,0.0
2018,1,TB,Jacquizz Rodgers,-1.0,-0.5,2.0,1.0,0.0
2018,1,TB,Shaun Wilson,5.0,5.0,1.0,1.0,0.0
2018,1,NYG,Saquon Barkley,19.0,1.1,87.0,4.8,4.0
2018,1,NYG,Jonathan Stewart,3.0,1.5,5.0,2.5,0.0
2018,1,NYG,Odell Beckham Jr.,-1.0,-1.0,0.0,0.0,0.0
2018,1,NYG,Wayne Gallman,-1.0,-1.0,0.0,0.0,0.0
2018,1,NYG,Eli Manning,2.0,2.0,0.0,0.0,0.0
2018,1,JAX,T.J. Yeldon,29.0,2.1,22.0,1.6,1.0
2018,1,JAX,Leonard Fournette,17.0,1.9,24.0,2.7,0.0
2018,1,JAX,Blake Bortles,40.0,10.0,2.0,0.5,0.0
2018,1,JAX,Corey Grant,0.0,0.0,3.0,3.0,0.0
2018,1,LAC,Melvin Gordon,29.0,1.9,35.0,2.3,2.0
2018,1,LAC,Austin Ekeler,17.0,3.4,22.0,4.4,4.0
2018,1,LAC,Travis Benjamin,19.0,19.0,0.0,0.0,0.0
2018,1,LAC,Derek Watt,0.0,0.0,1.0,1.0,0.0
2018,1,KC,Kareem Hunt,11.0,0.7,38.0,2.4,2.0
2018,1,KC,Patrick Mahomes,21.0,4.2,0.0,0.0,0.0
2018,1,KC,Spencer Ware,16.0,5.3,16.0,5.3,1.0
2018,1,KC,Tyreek Hill,4.0,2.0,0.0,0.0,0.0
2018,1,KC,Damien Williams,0.0,0.0,0.0,0.0,0.0
2018,1,ARI,David Johnson,18.0,2.0,19.0,2.1,1.0
2018,1,ARI,Chase Edmonds,14.0,3.5,10.0,2.5,0.0
2018,1,ARI,Sam Bradford,7.0,3.5,0.0,0.0,0.0
2018,1,WAS,Adrian Peterson,30.0,1.2,66.0,2.5,2.0
2018,1,WAS,Alex Smith,12.0,1.5,2.0,0.3,0.0
2018,1,WAS,Chris Thompson,52.0,10.4,13.0,2.6,1.0
2018,1,WAS,Robert Kelley,-5.0,-1.7,12.0,4.0,0.0
2018,1,CAR,Cam Newton,-1.0,-0.1,59.0,4.5,0.0
2018,1,CAR,Christian McCaffrey,33.0,3.3,17.0,1.7,3.0
2018,1,CAR,C.J. Anderson,18.0,2.6,17.0,2.4,0.0
2018,1,CAR,Alex Armah,1.0,1.0,0.0,0.0,0.0
2018,1,CAR,D.J. Moore,0.0,0.0,3.0,3.0,0.0
2018,1,DAL,Ezekiel Elliott,44.0,2.9,25.0,1.7,0.0
2018,1,DAL,Dak Prescott,-1.0,-0.2,20.0,4.0,0.0
2018,1,DAL,Tavon Austin,0.0,0.0,1.0,1.0,0.0
2018,1,DAL,Rod Smith,2.0,2.0,3.0,3.0,0.0
2018,1,DEN,Royce Freeman,32.0,2.1,39.0,2.6,3.0
2018,1,DEN,Phillip Lindsay,46.0,3.1,25.0,1.7,1.0
2018,1,DEN,Devontae Booker,3.0,1.5,1.0,0.5,0.0
2018,1,SEA,Chris Carson,38.0,5.4,13.0,1.9,0.0
2018,1,SEA,Rashaad Penny,2.0,0.3,6.0,0.9,0.0
2018,1,SEA,Russell Wilson,5.0,2.5,0.0,0.0,0.0
2018,1,GB,Jamaal Williams,20.0,1.3,27.0,1.8,0.0
2018,1,GB,Ty Montgomery,5.0,2.5,2.0,1.0,0.0
2018,1,GB,Aaron Rodgers,15.0,15.0,0.0,0.0,0.0
2018,1,CHI,Jordan Howard,29.0,1.9,53.0,3.5,0.0
2018,1,CHI,Mitchell Trubisky,27.0,3.9,5.0,0.7,0.0
2018,1,CHI,Tarik Cohen,17.0,3.4,8.0,1.6,0.0
2018,1,DET,Kerryon Johnson,8.0,1.6,9.0,1.8,0.0
2018,1,DET,LeGarrette Blount,-3.0,-0.8,0.0,0.0,1.0
2018,1,DET,Theo Riddick,17.0,4.3,3.0,0.8,0.0
2018,1,DET,Matt Cassel,-1.0,-1.0,0.0,0.0,0.0
2018,1,DET,Matthew Stafford,6.0,6.0,0.0,0.0,0.0
2018,1,NYJ,Bilal Powell,45.0,3.8,15.0,1.3,2.0
2018,1,NYJ,Isaiah Crowell,8.0,0.8,94.0,9.4,5.0
2018,1,NYJ,Trenton Cannon,1.0,0.2,14.0,2.3,1.0
2018,1,NYJ,Sam Darnold,-1.0,-0.2,0.0,0.0,0.0
2018,1,NYJ,Robby Anderson,-9.0,-9.0,0.0,0.0,0.0
2018,1,NYJ,Andre Roberts,2.0,2.0,0.0,0.0,0.0
2018,1,OAK,Marshawn Lynch,9.0,0.8,32.0,2.9,1.0
2018,1,OAK,Jalen Richard,10.0,2.0,14.0,2.8,1.0
2018,1,OAK,Doug Martin,11.0,2.8,9.0,2.3,0.0
2018,1,OAK,Derek Carr,1.0,0.5,0.0,0.0,0.0
2018,1,OAK,Amari Cooper,-5.0,-5.0,14.0,14.0,1.0
2018,1,LA,Todd Gurley,46.0,2.3,62.0,3.1,1.0
2018,1,LA,Cooper Kupp,14.0,7.0,2.0,1.0,0.0
2018,1,LA,Malcolm Brown,2.0,2.0,3.0,3.0,0.0
2018,1,LA,Brandin Cooks,4.0,4.0,2.0,2.0,0.0
2018,1,LA,Jared Goff,-1.0,-1.0,0.0,0.0,0.0
2018,1,LA,Robert Woods,3.0,3.0,3.0,3.0,0.0
2018,2,CIN,Joe Mixon,55.0,2.6,29.0,1.4,0.0
2018,2,CIN,Giovani Bernard,17.0,2.8,10.0,1.7,0.0
2018,2,CIN,John Ross,-3.0,-3.0,0.0,0.0,0.0
2018,2,BAL,Alex Collins,18.0,2.0,17.0,1.9,0.0
2018,2,BAL,Javorius Allen,2.0,0.3,6.0,1.0,0.0
2018,2,BAL,Joe Flacco,8.0,2.7,0.0,0.0,0.0
2018,2,BAL,Lamar Jackson,2.0,1.0,4.0,2.0,0.0
2018,2,BAL,Chris Moore,0.0,0.0,2.0,2.0,0.0
2018,2,BAL,Maxx Williams,6.0,6.0,1.0,1.0,0.0
2018,2,ATL,Tevin Coleman,69.0,4.3,38.0,2.4,0.0
2018,2,ATL,Ito Smith,16.0,1.8,30.0,3.3,1.0
2018,2,ATL,Matt Ryan,17.0,4.3,1.0,0.3,3.0
2018,2,ATL,Calvin Ridley,3.0,3.0,0.0,0.0,0.0
2018,2,ATL,Mohamed Sanu,-4.0,-4.0,0.0,0.0,0.0
2018,2,ATL,Matt Schaub,0.0,0.0,0.0,0.0,0.0
2018,2,CAR,Christian McCaffrey,16.0,2.0,21.0,2.6,1.0
2018,2,CAR,Cam Newton,17.0,3.4,25.0,5.0,1.0
2018,2,CAR,C.J. Anderson,25.0,8.3,6.0,2.0,0.0
2018,2,CAR,Alex Armah,0.0,0.0,4.0,4.0,0.0
2018,2,CAR,D.J. Moore,-5.0,-5.0,12.0,12.0,0.0
2018,2,BUF,LeSean McCoy,30.0,3.3,9.0,1.0,0.0
2018,2,BUF,Josh Allen,14.0,1.8,18.0,2.3,0.0
2018,2,BUF,Marcus Murphy,2.0,0.7,4.0,1.3,1.0
2018,2,BUF,Chris Ivory,1.0,0.5,6.0,3.0,0.0
2018,2,LAC,Austin Ekeler,14.0,1.3,63.0,5.7,2.0
2018,2,LAC,Melvin Gordon,16.0,1.8,12.0,1.3,1.0
2018,2,LAC,Philip Rivers,5.0,1.7,0.0,0.0,0.0
2018,2,LAC,JJ Jones,-2.0,-2.0,2.0,2.0,0.0
2018,2,LAC,Detrez Newsome,0.0,0.0,0.0,0.0,0.0
2018,2,LAC,Geno Smith,-1.0,-1.0,0.0,0.0,0.0
2018,2,GB,Jamaal Williams,44.0,2.8,15.0,0.9,0.0
2018,2,GB,Ty Montgomery,24.0,4.8,7.0,1.4,1.0
2018,2,GB,Aaron Rodgers,8.0,2.7,0.0,0.0,0.0
2018,2,MIN,Dalvin Cook,24.0,2.4,14.0,1.4,1.0
2018,2,MIN,Latavius Murray,14.0,3.5,5.0,1.3,0.0
2018,2,MIN,Kirk Cousins,5.0,2.5,0.0,0.0,0.0
2018,2,MIN,Stefon Diggs,0.0,0.0,1.0,1.0,0.0
2018,2,MIN,C.J. Ham,3.0,3.0,2.0,2.0,0.0
2018,2,NO,Alvin Kamara,5.0,0.4,41.0,3.2,6.0
2018,2,NO,Mike Gillislee,-2.0,-0.3,20.0,2.5,3.0
2018,2,NO,Drew Brees,-1.0,-1.0,0.0,0.0,0.0
2018,2,NO,Jonathan Williams,-2.0,-2.0,1.0,1.0,0.0
2018,2,CLE,Carlos Hyde,-7.0,-0.4,50.0,3.1,1.0
2018,2,CLE,Tyrod Taylor,21.0,5.3,5.0,1.3,0.0
2018,2,CLE,Duke Johnson,0.0,0.0,3.0,1.0,0.0
2018,2,CLE,Antonio Callaway,7.0,3.5,0.0,0.0,0.0
2018,2,CLE,Nick Chubb,3.0,1.5,11.0,5.5,1.0
2018,2,NYJ,Isaiah Crowell,6.0,0.5,29.0,2.4,0.0
2018,2,NYJ,Bilal Powell,-2.0,-0.4,8.0,1.6,0.0
2018,2,NYJ,Sam Darnold,-2.0,-1.0,3.0,1.5,0.0
2018,2,MIA,Kenyan Drake,10.0,0.9,43.0,3.9,0.0
2018,2,MIA,Frank Gore,11.0,1.2,14.0,1.6,0.0
2018,2,MIA,Ryan Tannehill,44.0,5.5,0.0,0.0,0.0
2018,2,MIA,Albert Wilson,5.0,2.5,3.0,1.5,0.0
2018,2,MIA,Jakeem Grant,3.0,3.0,2.0,2.0,0.0
2018,2,PIT,James Conner,6.0,0.8,11.0,1.4,1.0
2018,2,PIT,Ben Roethlisberger,-1.0,-0.5,10.0,5.0,0.0
2018,2,PIT,Ryan Switzer,-1.0,-0.5,6.0,3.0,0.0
2018,2,PIT,Stevan Ridley,0.0,0.0,2.0,2.0,0.0
2018,2,KC,Kareem Hunt,42.0,2.3,33.0,1.8,1.0
2018,2,KC,Patrick Mahomes,18.0,3.6,0.0,0.0,0.0
2018,2,KC,Spencer Ware,3.0,3.0,0.0,0.0,0.0
2018,2,KC,Sammy Watkins,13.0,13.0,18.0,18.0,0.0
2018,2,TB,Peyton Barber,6.0,0.4,16.0,1.0,0.0
2018,2,TB,Jacquizz Rodgers,3.0,0.6,10.0,2.0,0.0
2018,2,TB,Ryan Fitzpatrick,-1.0,-1.0,0.0,0.0,0.0
2018,2,TB,Shaun Wilson,6.0,6.0,3.0,3.0,0.0
2018,2,PHI,Jay Ajayi,21.0,3.0,2.0,0.3,1.0
2018,2,PHI,Wendell Smallwood,20.0,2.9,8.0,1.1,0.0
2018,2,PHI,Corey Clement,12.0,2.0,18.0,3.0,0.0
2018,2,PHI,Nick Foles,6.0,2.0,2.0,0.7,0.0
2018,2,PHI,Nelson Agholor,2.0,2.0,0.0,0.0,0.0
2018,2,TEN,Derrick Henry,12.0,0.7,44.0,2.4,3.0
2018,2,TEN,Dion Lewis,9.0,0.6,33.0,2.4,2.0
2018,2,TEN,Blaine Gabbert,2.0,1.0,0.0,0.0,0.0
2018,2,HOU,Lamar Miller,42.0,3.0,26.0,1.9,1.0
2018,2,HOU,Alfred Blue,22.0,3.1,14.0,2.0,0.0
2018,2,HOU,Deshaun Watson,37.0,7.4,7.0,1.4,0.0
2018,2,WAS,Adrian Peterson,8.0,0.7,12.0,1.1,0.0
2018,2,WAS,Alex Smith,9.0,2.3,5.0,1.3,0.0
2018,2,WAS,Chris Thompson,-3.0,-0.8,4.0,1.0,0.0
2018,2,WAS,Jamison Crowder,29.0,14.5,0.0,0.0,0.0
2018,2,WAS,Robert Kelley,0.0,0.0,1.0,1.0,0.0
2018,2,IND,Marlon Mack,18.0,1.8,16.0,1.6,0.0
2018,2,IND,Jordan Wilkins,39.0,3.9,22.0,2.2,0.0
2018,2,IND,Nyheim Hines,-2.0,-0.5,9.0,2.3,0.0
2018,2,IND,Andrew Luck,2.0,0.5,0.0,0.0,0.0
2018,2,LA,Todd Gurley,10.0,0.5,32.0,1.7,1.0
2018,2,LA,Malcolm Brown,19.0,1.6,27.0,2.3,1.0
2018,2,LA,Jared Goff,1.0,0.5,1.0,0.5,0.0
2018,2,ARI,David Johnson,25.0,1.9,23.0,1.8,0.0
2018,2,ARI,Derrick Coleman,1.0,1.0,0.0,0.0,0.0
2018,2,ARI,Chase Edmonds,4.0,4.0,1.0,1.0,0.0
2018,2,SF,Alfred Morris,26.0,1.9,22.0,1.6,2.0
2018,2,SF,Matt Breida,91.0,8.3,47.0,4.3,3.0
2018,2,SF,Jimmy Garoppolo,4.0,1.3,0.0,0.0,0.0
2018,2,DET,LeGarrette Blount,18.0,2.3,20.0,2.5,2.0
2018,2,DET,Kerryon Johnson,39.0,4.9,4.0,0.5,1.0
2018,2,DET,Matthew Stafford,8.0,8.0,0.0,0.0,0.0
2018,2,DET,Golden Tate,9.0,9.0,0.0,0.0,0.0
2018,2,DEN,Phillip Lindsay,79.0,5.6,28.0,2.0,2.0
2018,2,DEN,Royce Freeman,24.0,3.0,4.0,0.5,0.0
2018,2,DEN,Devontae Booker,13.0,4.3,4.0,1.3,0.0
2018,2,DEN,Case Keenum,9.0,3.0,7.0,2.3,1.0
2018,2,OAK,Marshawn Lynch,-7.0,-0.4,72.0,4.0,2.0
2018,2,OAK,Doug Martin,15.0,2.1,9.0,1.3,0.0
2018,2,OAK,Jalen Richard,2.0,1.0,1.0,0.5,0.0
2018,2,JAX,T.J. Yeldon,34.0,3.4,24.0,2.4,0.0
2018,2,JAX,Blake Bortles,22.0,3.7,13.0,2.2,0.0
2018,2,JAX,Corey Grant,-1.0,-0.3,14.0,3.5,0.0
2018,2,JAX,Brandon Wilds,1.0,0.3,3.0,1.0,0.0
2018,2,JAX,Dede Westbrook,-6.0,-6.0,0.0,0.0,0.0
2018,2,NE,Sony Michel,19.0,1.9,15.0,1.5,2.0
2018,2,NE,Rex Burkhead,16.0,2.7,6.0,1.0,0.0
2018,2,NE,James White,6.0,1.5,5.0,1.3,1.0
2018,2,NE,Tom Brady,9.0,3.0,1.0,0.3,0.0
2018,2,NE,Cordarrelle Patterson,2.0,2.0,3.0,3.0,0.0
2018,2,DAL,Ezekiel Elliott,36.0,2.1,42.0,2.5,3.0
2018,2,DAL,Dak Prescott,23.0,3.3,22.0,3.1,0.0
2018,2,DAL,Tavon Austin,13.0,13.0,2.0,2.0,0.0
2018,2,NYG,Saquon Barkley,6.0,0.5,22.0,2.0,1.0
2018,2,NYG,Eli Manning,1.0,0.3,3.0,1.0,0.0
2018,2,NYG,Jonathan Stewart,-2.0,-1.0,3.0,1.5,0.0
2018,2,NYG,Wayne Gallman,0.0,0.0,2.0,2.0,0.0
2018,2,CHI,Jordan Howard,26.0,1.9,9.0,0.6,1.0
2018,2,CHI,Mitchell Trubisky,24.0,4.8,0.0,0.0,0.0
2018,2,CHI,Tarik Cohen,1.0,0.3,7.0,1.8,1.0
2018,2,CHI,Taylor Gabriel,13.0,4.3,4.0,1.3,0.0
2018,2,CHI,Trey Burton,0.0,0.0,2.0,2.0,0.0
2018,2,SEA,Rashaad Penny,20.0,2.0,10.0,1.0,1.0
2018,2,SEA,Chris Carson,8.0,1.3,16.0,2.7,2.0
2018,2,SEA,Mike Davis,3.0,1.0,0.0,0.0,0.0
2018,2,SEA,Russell Wilson,9.0,3.0,8.0,2.7,1.0
2018,3,CLE,Carlos Hyde,37.0,1.6,61.0,2.7,2.0
2018,3,CLE,Tyrod Taylor,16.0,4.0,6.0,1.5,0.0
2018,3,CLE,Nick Chubb,3.0,1.5,3.0,1.5,0.0
2018,3,CLE,Duke Johnson,2.0,1.0,7.0,3.5,0.0
2018,3,CLE,Baker Mayfield,-2.0,-1.0,0.0,0.0,0.0
2018,3,NYJ,Isaiah Crowell,11.0,0.7,23.0,1.4,0.0
2018,3,NYJ,Bilal Powell,37.0,2.6,36.0,2.6,0.0
2018,3,ATL,Tevin Coleman,24.0,1.6,9.0,0.6,0.0
2018,3,ATL,Matt Ryan,7.0,1.8,5.0,1.3,0.0
2018,3,ATL,Ito Smith,-8.0,-4.0,2.0,1.0,0.0
2018,3,ATL,Calvin Ridley,7.0,7.0,2.0,2.0,0.0
2018,3,NO,Alvin Kamara,38.0,2.4,28.0,1.8,0.0
2018,3,NO,Drew Brees,2.0,0.7,5.0,1.7,1.0
2018,3,NO,Mike Gillislee,3.0,1.0,7.0,2.3,1.0
2018,3,NO,Taysom Hill,-2.0,-0.7,41.0,13.7,3.0
2018,3,NO,Ted Ginn Jr.,20.0,20.0,0.0,0.0,0.0
2018,3,NO,Jonathan Williams,1.0,1.0,0.0,0.0,0.0
2018,3,BAL,Alex Collins,40.0,2.2,28.0,1.6,2.0
2018,3,BAL,Javorius Allen,4.0,0.7,3.0,0.5,0.0
2018,3,BAL,Joe Flacco,0.0,0.0,2.0,0.5,0.0
2018,3,DEN,Royce Freeman,18.0,1.4,35.0,2.7,4.0
2018,3,DEN,Devontae Booker,5.0,1.0,5.0,1.0,0.0
2018,3,DEN,Phillip Lindsay,11.0,2.8,9.0,2.3,0.0
2018,3,DEN,Andy Janovich,1.0,1.0,1.0,1.0,0.0
2018,3,DEN,Emmanuel Sanders,35.0,35.0,0.0,0.0,0.0
2018,3,CAR,Christian McCaffrey,139.0,5.0,45.0,1.6,2.0
2018,3,CAR,Cam Newton,30.0,3.0,6.0,0.6,0.0
2018,3,CAR,C.J. Anderson,6.0,3.0,3.0,1.5,0.0
2018,3,CAR,Alex Armah,1.0,1.0,0.0,0.0,0.0
2018,3,CIN,Giovani Bernard,30.0,2.5,31.0,2.6,1.0
2018,3,CIN,Tyler Boyd,4.0,4.0,1.0,1.0,0.0
2018,3,HOU,Lamar Miller,7.0,0.7,3.0,0.3,0.0
2018,3,HOU,Deshaun Watson,34.0,6.8,2.0,0.4,0.0
2018,3,HOU,Alfred Blue,11.0,2.8,2.0,0.5,0.0
2018,3,NYG,Saquon Barkley,38.0,2.2,44.0,2.6,3.0
2018,3,NYG,Wayne Gallman,17.0,2.8,8.0,1.3,1.0
2018,3,NYG,Jonathan Stewart,1.0,0.5,7.0,3.5,0.0
2018,3,NYG,Odell Beckham Jr.,-5.0,-5.0,5.0,5.0,0.0
2018,3,NYG,Eli Manning,-1.0,-1.0,0.0,0.0,0.0
2018,3,JAX,T.J. Yeldon,15.0,2.1,29.0,4.1,2.0
2018,3,JAX,Corey Grant,9.0,1.5,2.0,0.3,0.0
2018,3,JAX,Blake Bortles,12.0,2.4,15.0,3.0,1.0
2018,3,JAX,Brandon Wilds,4.0,4.0,1.0,1.0,0.0
2018,3,TEN,Derrick Henry,21.0,1.2,36.0,2.0,5.0
2018,3,TEN,Dion Lewis,6.0,0.7,20.0,2.2,1.0
2018,3,TEN,Marcus Mariota,20.0,2.9,31.0,4.4,3.0
2018,3,TEN,Tajae Sharpe,-1.0,-1.0,17.0,17.0,0.0
2018,3,KC,Kareem Hunt,13.0,0.7,31.0,1.7,2.0
2018,3,KC,Patrick Mahomes,6.0,1.2,1.0,0.2,0.0
2018,3,KC,Tyreek Hill,4.0,2.0,1.0,0.5,0.0
2018,3,KC,Sammy Watkins,4.0,2.0,16.0,8.0,1.0
2018,3,KC,Spencer Ware,0.0,0.0,1.0,1.0,0.0
2018,3,SF,Alfred Morris,41.0,2.9,26.0,1.9,1.0
2018,3,SF,Matt Breida,42.0,4.2,48.0,4.8,0.0
2018,3,SF,Jimmy Garoppolo,-14.0,-4.7,37.0,12.3,0.0
2018,3,SF,Marquise Goodwin,-2.0,-2.0,0.0,0.0,0.0
2018,3,SF,Raheem Mostert,0.0,0.0,0.0,0.0,0.0
2018,3,MIA,Frank Gore,4.0,0.7,8.0,1.3,0.0
2018,3,MIA,Kenyan Drake,0.0,0.0,3.0,0.6,0.0
2018,3,MIA,Ryan Tannehill,24.0,8.0,2.0,0.7,0.0
2018,3,OAK,Marshawn Lynch,8.0,0.4,56.0,2.9,0.0
2018,3,OAK,Doug Martin,28.0,3.1,15.0,1.7,0.0
2018,3,OAK,Derek Carr,-2.0,-1.0,0.0,0.0,0.0
2018,3,OAK,Martavis Bryant,-4.0,-4.0,8.0,8.0,0.0
2018,3,OAK,Keith Smith,0.0,0.0,0.0,0.0,0.0
2018,3,MIN,Mike Boone,-3.0,-1.5,14.0,7.0,0.0
2018,3,MIN,Kirk Cousins,2.0,1.0,0.0,0.0,0.0
2018,3,MIN,Latavius Murray,-1.0,-0.5,2.0,1.0,0.0
2018,3,BUF,Chris Ivory,3.0,0.2,53.0,2.7,2.0
2018,3,BUF,Josh Allen,26.0,2.6,13.0,1.3,0.0
2018,3,BUF,Marcus Murphy,9.0,1.1,24.0,3.0,0.0
2018,3,PHI,Corey Clement,14.0,0.9,42.0,2.6,2.0
2018,3,PHI,Wendell Smallwood,28.0,2.8,28.0,2.8,0.0
2018,3,PHI,Josh Adams,27.0,4.5,3.0,0.5,0.0
2018,3,PHI,Carson Wentz,-4.0,-1.3,14.0,4.7,1.0
2018,3,IND,Jordan Wilkins,8.0,1.3,11.0,1.8,0.0
2018,3,IND,Nyheim Hines,12.0,2.4,6.0,1.2,0.0
2018,3,IND,Marcus Johnson,-4.0,-4.0,2.0,2.0,1.0
2018,3,IND,Andrew Luck,15.0,15.0,18.0,18.0,0.0
2018,3,WAS,Adrian Peterson,44.0,2.3,76.0,4.0,4.0
2018,3,WAS,Alex Smith,13.0,1.9,7.0,1.0,0.0
2018,3,WAS,Chris Thompson,9.0,1.5,8.0,1.3,1.0
2018,3,WAS,Kapri Bibbs,1.0,0.5,2.0,1.0,0.0
2018,3,WAS,Jamison Crowder,2.0,2.0,4.0,4.0,0.0
2018,3,GB,Aaron Jones,29.0,4.8,13.0,2.2,0.0
2018,3,GB,Jamaal Williams,18.0,3.6,11.0,2.2,0.0
2018,3,GB,Ty Montgomery,6.0,1.5,10.0,2.5,0.0
2018,3,GB,Aaron Rodgers,13.0,6.5,0.0,0.0,0.0
2018,3,LA,Todd Gurley,57.0,2.5,48.0,2.1,0.0
2018,3,LA,Malcolm Brown,35.0,7.0,7.0,1.4,0.0
2018,3,LA,Jared Goff,14.0,4.7,0.0,0.0,0.0
2018,3,LA,Robert Woods,11.0,3.7,2.0,0.7,0.0
2018,3,LA,Cooper Kupp,-3.0,-3.0,0.0,0.0,0.0
2018,3,LAC,Melvin Gordon,29.0,1.9,51.0,3.4,2.0
2018,3,LAC,Austin Ekeler,21.0,5.3,26.0,6.5,0.0
2018,3,LAC,Tyrell Williams,14.0,14.0,0.0,0.0,0.0
2018,3,ARI,David Johnson,12.0,1.0,19.0,1.6,0.0
2018,3,ARI,Chase Edmonds,5.0,1.0,5.0,1.0,0.0
2018,3,ARI,Josh Rosen,7.0,7.0,5.0,5.0,0.0
2018,3,CHI,Jordan Howard,8.0,0.3,53.0,2.2,0.0
2018,3,CHI,Tarik Cohen,47.0,9.4,6.0,1.2,0.0
2018,3,CHI,Mitchell Trubisky,-5.0,-2.5,13.0,6.5,0.0
2018,3,SEA,Chris Carson,22.0,0.7,80.0,2.5,5.0
2018,3,SEA,Rashaad Penny,0.0,0.0,5.0,1.7,0.0
2018,3,SEA,Russell Wilson,-1.0,-0.5,0.0,0.0,0.0
2018,3,SEA,Tyler Lockett,5.0,5.0,0.0,0.0,0.0
2018,3,SEA,Tre Madden,2.0,2.0,0.0,0.0,0.0
2018,3,DAL,Ezekiel Elliott,77.0,4.8,50.0,3.1,3.0
2018,3,DAL,Dak Prescott,8.0,4.0,13.0,6.5,0.0
2018,3,DAL,Tavon Austin,18.0,18.0,0.0,0.0,0.0
2018,3,DET,LeGarrette Blount,21.0,1.3,27.0,1.7,0.0
2018,3,DET,Kerryon Johnson,56.0,3.5,45.0,2.8,1.0
2018,3,DET,Matthew Stafford,10.0,10.0,0.0,0.0,0.0
2018,3,NE,Sony Michel,14.0,1.0,36.0,2.6,1.0
2018,3,NE,James White,32.0,8.0,5.0,1.3,0.0
2018,3,NE,Tom Brady,2.0,2.0,0.0,0.0,0.0
2018,3,TB,Peyton Barber,28.0,3.5,5.0,0.6,1.0
2018,3,TB,Ryan Fitzpatrick,27.0,5.4,0.0,0.0,0.0
2018,3,TB,Jacquizz Rodgers,-1.0,-0.5,0.0,0.0,0.0
2018,3,TB,Adam Humphries,4.0,4.0,0.0,0.0,0.0
2018,3,PIT,James Conner,29.0,1.9,32.0,2.1,4.0
2018,3,PIT,Ben Roethlisberger,-1.0,-0.3,0.0,0.0,0.0
2018,3,PIT,Stevan Ridley,10.0,3.3,8.0,2.7,0.0
2018,4,LA,Todd Gurley,44.0,2.6,39.0,2.3,0.0
2018,4,LA,Jared Goff,7.0,3.5,0.0,0.0,0.0
2018,4,LA,Brandin Cooks,6.0,6.0,4.0,4.0,0.0
2018,4,MIN,Dalvin Cook,11.0,1.1,9.0,0.9,0.0
2018,4,MIN,Kirk Cousins,18.0,4.5,10.0,2.5,1.0
2018,4,MIN,Latavius Murray,-2.0,-1.0,4.0,2.0,0.0
2018,4,MIN,Roc Thomas,1.0,1.0,3.0,3.0,0.0
2018,4,ATL,Tevin Coleman,34.0,2.4,17.0,1.2,0.0
2018,4,ATL,Ito Smith,28.0,4.0,7.0,1.0,0.0
2018,4,ATL,Matt Ryan,5.0,2.5,0.0,0.0,0.0
2018,4,ATL,Calvin Ridley,1.0,1.0,0.0,0.0,0.0
2018,4,CIN,Giovani Bernard,55.0,3.7,14.0,0.9,0.0
2018,4,CIN,Mark Walton,5.0,1.0,4.0,0.8,0.0
2018,4,CIN,Andy Dalton,12.0,6.0,1.0,0.5,0.0
2018,4,CIN,Alex Erickson,6.0,6.0,2.0,2.0,0.0
2018,4,CHI,Tarik Cohen,47.0,3.6,6.0,0.5,0.0
2018,4,CHI,Jordan Howard,11.0,1.0,14.0,1.3,0.0
2018,4,CHI,Mitchell Trubisky,51.0,17.0,2.0,0.7,0.0
2018,4,CHI,Chase Daniel,-2.0,-1.0,0.0,0.0,0.0
2018,4,CHI,Benny Cunningham,0.0,0.0,0.0,0.0,0.0
2018,4,CHI,Taylor Gabriel,0.0,0.0,10.0,10.0,0.0
2018,4,TB,Ronald Jones II,18.0,1.8,11.0,1.1,1.0
2018,4,TB,Peyton Barber,15.0,2.1,9.0,1.3,0.0
2018,4,TB,Jameis Winston,7.0,7.0,0.0,0.0,0.0
2018,4,DAL,Ezekiel Elliott,90.0,3.6,62.0,2.5,0.0
2018,4,DAL,Rod Smith,13.0,2.2,9.0,1.5,0.0
2018,4,DAL,Dak Prescott,2.0,0.7,0.0,0.0,0.0
2018,4,DAL,Tavon Austin,7.0,7.0,0.0,0.0,0.0
2018,4,DET,Kerryon Johnson,38.0,4.2,17.0,1.9,2.0
2018,4,DET,LeGarrette Blount,-4.0,-0.6,16.0,2.3,1.0
2018,4,DET,Matthew Stafford,5.0,2.5,0.0,0.0,0.0
2018,4,DET,Jamal Agnew,14.0,14.0,3.0,3.0,0.0
2018,4,DET,Theo Riddick,1.0,1.0,6.0,6.0,1.0
2018,4,GB,Aaron Jones,37.0,3.4,28.0,2.5,2.0
2018,4,GB,Jamaal Williams,1.0,0.1,26.0,2.4,0.0
2018,4,GB,Ty Montgomery,2.0,0.4,16.0,3.2,0.0
2018,4,GB,Aaron Rodgers,31.0,6.2,0.0,0.0,0.0
2018,4,BUF,Chris Ivory,3.0,0.5,12.0,2.0,1.0
2018,4,BUF,Josh Allen,8.0,1.6,11.0,2.2,0.0
2018,4,BUF,LeSean McCoy,17.0,3.4,7.0,1.4,0.0
2018,4,IND,Jordan Wilkins,9.0,1.1,7.0,0.9,0.0
2018,4,IND,Nyheim Hines,10.0,2.5,0.0,0.0,0.0
2018,4,IND,Andrew Luck,11.0,3.7,0.0,0.0,0.0
2018,4,IND,Jeremy McNichols,-2.0,-1.0,6.0,3.0,1.0
2018,4,HOU,Lamar Miller,24.0,1.7,25.0,1.8,1.0
2018,4,HOU,Alfred Blue,27.0,2.1,4.0,0.3,1.0
2018,4,HOU,Deshaun Watson,38.0,6.3,3.0,0.5,0.0
2018,4,HOU,Keke Coutee,-2.0,-1.0,0.0,0.0,0.0
2018,4,JAX,T.J. Yeldon,35.0,1.9,17.0,0.9,1.0
2018,4,JAX,Leonard Fournette,16.0,1.5,14.0,1.3,0.0
2018,4,JAX,Blake Bortles,28.0,9.3,0.0,0.0,0.0
2018,4,JAX,Corey Grant,4.0,4.0,1.0,1.0,0.0
2018,4,JAX,Dede Westbrook,9.0,9.0,2.0,2.0,0.0
2018,4,NYJ,Bilal Powell,12.0,1.5,14.0,1.8,0.0
2018,4,NYJ,Isaiah Crowell,-2.0,-0.5,2.0,0.5,0.0
2018,4,NYJ,Sam Darnold,8.0,4.0,0.0,0.0,0.0
2018,4,NE,Sony Michel,51.0,2.0,61.0,2.4,1.0
2018,4,NE,James White,30.0,3.8,14.0,1.8,0.0
2018,4,NE,Kenjon Barner,11.0,3.7,0.0,0.0,0.0
2018,4,NE,Brian Hoyer,-3.0,-1.0,0.0,0.0,0.0
2018,4,NE,Cordarrelle Patterson,-11.0,-11.0,22.0,22.0,1.0
2018,4,MIA,Frank Gore,28.0,2.5,13.0,1.2,0.0
2018,4,MIA,Kenyan Drake,-1.0,-0.3,4.0,1.3,1.0
2018,4,MIA,Kalen Ballage,3.0,3.0,0.0,0.0,0.0
2018,4,MIA,Brock Osweiler,7.0,7.0,0.0,0.0,0.0
2018,4,MIA,Ryan Tannehill,0.0,0.0,0.0,0.0,0.0
2018,4,MIA,Albert Wilson,0.0,0.0,2.0,2.0,0.0
2018,4,TEN,Marcus Mariota,40.0,4.0,6.0,0.6,1.0
2018,4,TEN,Derrick Henry,0.0,0.0,24.0,3.0,1.0
2018,4,TEN,Dion Lewis,-1.0,-0.3,1.0,0.3,0.0
2018,4,PHI,Jay Ajayi,38.0,2.5,32.0,2.1,0.0
2018,4,PHI,Wendell Smallwood,6.0,1.2,33.0,6.6,1.0
2018,4,PHI,Carson Wentz,6.0,3.0,2.0,1.0,0.0
2018,4,ARI,David Johnson,62.0,2.8,9.0,0.4,1.0
2018,4,ARI,Chase Edmonds,1.0,0.3,0.0,0.0,0.0
2018,4,ARI,Josh Rosen,5.0,2.5,8.0,4.0,0.0
2018,4,ARI,Christian Kirk,7.0,7.0,0.0,0.0,0.0
2018,4,SEA,Mike Davis,62.0,3.0,39.0,1.9,3.0
2018,4,SEA,Rashaad Penny,30.0,3.3,19.0,2.1,0.0
2018,4,SEA,Russell Wilson,21.0,5.3,0.0,0.0,0.0
2018,4,OAK,Marshawn Lynch,58.0,2.9,72.0,3.6,2.0
2018,4,OAK,Doug Martin,3.0,0.6,8.0,1.6,0.0
2018,4,OAK,Derek Carr,0.0,0.0,1.0,0.5,0.0
2018,4,OAK,Dwayne Harris,-4.0,-4.0,3.0,3.0,0.0
2018,4,OAK,Jalen Richard,-2.0,-2.0,0.0,0.0,0.0
2018,4,CLE,Carlos Hyde,45.0,2.0,37.0,1.7,0.0
2018,4,CLE,Baker Mayfield,8.0,2.0,2.0,0.5,0.0
2018,4,CLE,Nick Chubb,11.0,3.7,94.0,31.3,0.0
2018,4,CLE,Duke Johnson,7.0,3.5,4.0,2.0,0.0
2018,4,LAC,Melvin Gordon,41.0,2.7,63.0,4.2,4.0
2018,4,LAC,Austin Ekeler,-1.0,-0.1,26.0,3.3,0.0
2018,4,LAC,Philip Rivers,-3.0,-0.8,0.0,0.0,0.0
2018,4,SF,Matt Breida,16.0,1.8,23.0,2.6,0.0
2018,4,SF,C.J. Beathard,5.0,0.7,14.0,2.0,0.0
2018,4,SF,Alfred Morris,8.0,2.0,6.0,1.5,0.0
2018,4,SF,Marquise Goodwin,4.0,4.0,0.0,0.0,0.0
2018,4,NYG,Saquon Barkley,27.0,2.7,17.0,1.7,1.0
2018,4,NYG,Wayne Gallman,1.0,0.5,5.0,2.5,0.0
2018,4,NYG,Eli Manning,5.0,2.5,0.0,0.0,0.0
2018,4,NYG,Odell Beckham Jr.,10.0,10.0,0.0,0.0,0.0
2018,4,NO,Alvin Kamara,66.0,3.5,68.0,3.6,2.0
2018,4,NO,Drew Brees,-1.0,-0.3,0.0,0.0,0.0
2018,4,NO,Taysom Hill,11.0,2.8,17.0,4.3,0.0
2018,4,NO,Mike Gillislee,2.0,1.0,4.0,2.0,0.0
2018,4,NO,Dwayne Washington,0.0,0.0,2.0,1.0,0.0
2018,4,NO,Ted Ginn Jr.,0.0,0.0,1.0,1.0,0.0
2018,4,PIT,James Conner,7.0,0.8,12.0,1.3,0.0
2018,4,PIT,Ben Roethlisberger,-1.0,-1.0,0.0,0.0,0.0
2018,4,PIT,Ryan Switzer,0.0,0.0,1.0,1.0,0.0
2018,4,BAL,Alex Collins,28.0,2.5,14.0,1.3,0.0
2018,4,BAL,Javorius Allen,10.0,1.0,20.0,2.0,0.0
2018,4,BAL,Lamar Jackson,11.0,2.8,6.0,1.5,0.0
2018,4,BAL,Joe Flacco,-3.0,-1.5,0.0,0.0,0.0
2018,4,BAL,John Brown,3.0,3.0,0.0,0.0,0.0
2018,4,BAL,Chris Moore,1.0,1.0,2.0,2.0,0.0
2018,4,BAL,De'Lance Turner,1.0,1.0,3.0,3.0,0.0
2018,4,DEN,Phillip Lindsay,64.0,5.3,5.0,0.4,0.0
2018,4,DEN,Royce Freeman,24.0,3.0,43.0,5.4,4.0
2018,4,DEN,Devontae Booker,5.0,5.0,0.0,0.0,0.0
2018,4,DEN,Emmanuel Sanders,14.0,14.0,4.0,4.0,1.0
2018,4,KC,Kareem Hunt,43.0,2.3,78.0,4.1,4.0
2018,4,KC,Patrick Mahomes,7.0,2.3,0.0,0.0,0.0
2018,4,KC,Spencer Ware,3.0,1.5,3.0,1.5,0.0
2018,4,KC,Tyreek Hill,2.0,2.0,0.0,0.0,0.0
2018,4,KC,De'Anthony Thomas,6.0,6.0,0.0,0.0,0.0
2018,5,NE,Sony Michel,54.0,3.0,44.0,2.4,1.0
2018,5,NE,Tom Brady,-1.0,-0.3,0.0,0.0,0.0
2018,5,NE,James White,0.0,0.0,0.0,0.0,0.0
2018,5,IND,Nyheim Hines,10.0,0.7,35.0,2.3,0.0
2018,5,IND,Jordan Wilkins,28.0,4.7,11.0,1.8,0.0
2018,5,BUF,LeSean McCoy,49.0,2.0,36.0,1.5,0.0
2018,5,BUF,Chris Ivory,18.0,1.3,25.0,1.8,1.0
2018,5,BUF,Josh Allen,16.0,4.0,3.0,0.8,0.0
2018,5,BUF,Ray-Ray McCloud,-3.0,-3.0,0.0,0.0,0.0
2018,5,TEN,Dion Lewis,17.0,1.4,17.0,1.4,0.0
2018,5,TEN,Derrick Henry,18.0,1.6,38.0,3.5,1.0
2018,5,TEN,Marcus Mariota,9.0,4.5,1.0,0.5,0.0
2018,5,CAR,Christian McCaffrey,41.0,2.4,17.0,1.0,1.0
2018,5,CAR,Cam Newton,13.0,1.6,16.0,2.0,0.0
2018,5,CAR,C.J. Anderson,6.0,1.5,3.0,0.8,0.0
2018,5,CAR,Alex Armah,0.0,0.0,4.0,4.0,0.0
2018,5,CAR,D.J. Moore,0.0,0.0,18.0,18.0,1.0
2018,5,NYG,Saquon Barkley,22.0,1.5,26.0,1.7,0.0
2018,5,NYG,Eli Manning,2.0,2.0,0.0,0.0,0.0
2018,5,CIN,Joe Mixon,57.0,2.6,36.0,1.6,0.0
2018,5,CIN,Andy Dalton,10.0,2.5,0.0,0.0,0.0
2018,5,MIA,Frank Gore,27.0,2.3,36.0,3.0,1.0
2018,5,MIA,Kenyan Drake,45.0,7.5,1.0,0.2,0.0
2018,5,MIA,Ryan Tannehill,13.0,4.3,4.0,1.3,1.0
2018,5,MIA,Kalen Ballage,0.0,0.0,2.0,2.0,0.0
2018,5,CLE,Carlos Hyde,3.0,0.2,60.0,3.5,3.0
2018,5,CLE,Duke Johnson,12.0,2.4,23.0,4.6,0.0
2018,5,CLE,Nick Chubb,-3.0,-1.0,5.0,1.7,0.0
2018,5,CLE,Baker Mayfield,21.0,10.5,2.0,1.0,0.0
2018,5,CLE,Rod Streater,-11.0,-11.0,0.0,0.0,0.0
2018,5,BAL,Alex Collins,14.0,1.2,45.0,3.8,3.0
2018,5,BAL,Javorius Allen,13.0,1.6,21.0,2.6,0.0
2018,5,BAL,Lamar Jackson,3.0,1.0,7.0,2.3,0.0
2018,5,BAL,Joe Flacco,12.0,6.0,1.0,0.5,0.0
2018,5,DET,LeGarrette Blount,14.0,1.2,8.0,0.7,0.0
2018,5,DET,Kerryon Johnson,51.0,4.3,19.0,1.6,0.0
2018,5,DET,Theo Riddick,2.0,0.7,1.0,0.3,0.0
2018,5,DET,Matthew Stafford,-1.0,-1.0,0.0,0.0,0.0
2018,5,GB,Aaron Jones,23.0,3.3,17.0,2.4,0.0
2018,5,GB,Jamaal Williams,21.0,3.5,12.0,2.0,1.0
2018,5,GB,Ty Montgomery,10.0,2.5,5.0,1.3,0.0
2018,5,GB,Aaron Rodgers,10.0,3.3,0.0,0.0,0.0
2018,5,KC,Kareem Hunt,46.0,2.1,41.0,1.9,2.0
2018,5,KC,Patrick Mahomes,13.0,3.3,0.0,0.0,0.0
2018,5,KC,Tyreek Hill,24.0,12.0,2.0,1.0,0.0
2018,5,KC,Spencer Ware,0.0,0.0,0.0,0.0,0.0
2018,5,KC,Damien Williams,0.0,0.0,0.0,0.0,0.0
2018,5,JAX,T.J. Yeldon,42.0,4.2,11.0,1.1,0.0
2018,5,JAX,Blake Bortles,28.0,7.0,6.0,1.5,0.0
2018,5,JAX,Brandon Wilds,6.0,3.0,0.0,0.0,0.0
2018,5,JAX,Corey Grant,4.0,4.0,4.0,4.0,0.0
2018,5,NYJ,Bilal Powell,59.0,3.0,40.0,2.0,1.0
2018,5,NYJ,Isaiah Crowell,134.0,8.9,85.0,5.7,2.0
2018,5,NYJ,Sam Darnold,1.0,0.3,4.0,1.3,0.0
2018,5,DEN,Phillip Lindsay,38.0,3.2,23.0,1.9,0.0
2018,5,DEN,Royce Freeman,2.0,0.4,29.0,5.8,1.0
2018,5,PIT,James Conner,48.0,2.3,62.0,3.0,3.0
2018,5,PIT,Stevan Ridley,7.0,1.4,1.0,0.2,0.0
2018,5,PIT,Ben Roethlisberger,16.0,8.0,0.0,0.0,0.0
2018,5,PIT,Joshua Dobbs,-3.0,-3.0,0.0,0.0,0.0
2018,5,ATL,Devonta Freeman,28.0,3.5,4.0,0.5,0.0
2018,5,ATL,Tevin Coleman,10.0,1.4,5.0,0.7,0.0
2018,5,ATL,Ito Smith,3.0,1.0,2.0,0.7,0.0
2018,5,ATL,Matt Ryan,10.0,10.0,0.0,0.0,0.0
2018,5,LAC,Melvin Gordon,28.0,1.5,30.0,1.6,1.0
2018,5,LAC,Austin Ekeler,9.0,1.5,6.0,1.0,0.0
2018,5,LAC,Philip Rivers,-2.0,-0.7,0.0,0.0,0.0
2018,5,LAC,Keenan Allen,-1.0,-1.0,6.0,6.0,1.0
2018,5,LAC,Melvin Ingram,0.0,0.0,0.0,0.0,0.0
2018,5,LAC,Mike Williams,3.0,3.0,0.0,0.0,0.0
2018,5,OAK,Marshawn Lynch,14.0,1.6,17.0,1.9,0.0
2018,5,OAK,Doug Martin,-1.0,-0.5,2.0,1.0,0.0
2018,5,OAK,Derek Carr,-7.0,-7.0,12.0,12.0,0.0
2018,5,OAK,Jalen Richard,2.0,2.0,2.0,2.0,0.0
2018,5,PHI,Jay Ajayi,25.0,3.1,4.0,0.5,0.0
2018,5,PHI,Carson Wentz,24.0,4.8,2.0,0.4,0.0
2018,5,PHI,Wendell Smallwood,22.0,7.3,5.0,1.7,0.0
2018,5,PHI,Josh Adams,-1.0,-1.0,0.0,0.0,0.0
2018,5,MIN,Latavius Murray,24.0,2.2,18.0,1.6,1.0
2018,5,MIN,Kirk Cousins,1.0,0.2,0.0,0.0,0.0
2018,5,MIN,Roc Thomas,3.0,0.8,5.0,1.3,1.0
2018,5,MIN,Stefon Diggs,25.0,12.5,0.0,0.0,0.0
2018,5,MIN,Mike Boone,1.0,1.0,0.0,0.0,0.0
2018,5,SEA,Chris Carson,55.0,2.9,61.0,3.2,2.0
2018,5,SEA,Mike Davis,51.0,4.3,17.0,1.4,0.0
2018,5,SEA,Tyler Lockett,3.0,3.0,3.0,3.0,0.0
2018,5,LA,Todd Gurley,39.0,1.8,38.0,1.7,2.0
2018,5,LA,Jared Goff,15.0,3.0,0.0,0.0,0.0
2018,5,LA,Robert Woods,15.0,7.5,38.0,19.0,0.0
2018,5,LA,Josh Reynolds,6.0,6.0,4.0,4.0,0.0
2018,5,SF,Alfred Morris,29.0,1.6,32.0,1.8,2.0
2018,5,SF,Matt Breida,32.0,4.0,24.0,3.0,3.0
2018,5,SF,Raheem Mostert,1.0,0.2,10.0,2.0,0.0
2018,5,SF,C.J. Beathard,4.0,2.0,3.0,1.5,0.0
2018,5,SF,Kyle Juszczyk,6.0,6.0,6.0,6.0,0.0
2018,5,ARI,David Johnson,28.0,1.6,27.0,1.5,0.0
2018,5,ARI,Josh Rosen,-3.0,-1.0,0.0,0.0,0.0
2018,5,ARI,Chase Edmonds,-1.0,-1.0,0.0,0.0,0.0
2018,5,ARI,Christian Kirk,5.0,5.0,0.0,0.0,0.0
2018,5,HOU,Alfred Blue,31.0,1.6,15.0,0.8,1.0
2018,5,HOU,Deshaun Watson,40.0,4.0,0.0,0.0,0.0
2018,5,HOU,Keke Coutee,2.0,2.0,0.0,0.0,0.0
2018,5,DAL,Ezekiel Elliott,41.0,2.1,13.0,0.7,0.0
2018,5,DAL,Dak Prescott,30.0,5.0,4.0,0.7,0.0
2018,5,DAL,Rod Smith,4.0,1.3,6.0,2.0,0.0
2018,5,NO,Mark Ingram,20.0,1.3,33.0,2.1,3.0
2018,5,NO,Alvin Kamara,19.0,3.2,5.0,0.8,0.0
2018,5,NO,Taysom Hill,9.0,1.8,14.0,2.8,0.0
2018,5,NO,Teddy Bridgewater,-3.0,-1.0,0.0,0.0,0.0
2018,5,NO,Drew Brees,1.0,0.5,0.0,0.0,0.0
2018,5,WAS,Chris Thompson,12.0,1.5,5.0,0.6,0.0
2018,5,WAS,Kapri Bibbs,4.0,1.0,5.0,1.3,1.0
2018,5,WAS,Adrian Peterson,-1.0,-0.3,7.0,1.8,0.0
2018,5,WAS,Alex Smith,7.0,3.5,0.0,0.0,0.0
2018,6,NYG,Saquon Barkley,81.0,6.2,49.0,3.8,0.0
2018,6,NYG,Wayne Gallman,8.0,2.0,9.0,2.3,0.0
2018,6,PHI,Wendell Smallwood,22.0,1.2,29.0,1.6,1.0
2018,6,PHI,Corey Clement,26.0,2.4,17.0,1.5,0.0
2018,6,PHI,Carson Wentz,14.0,7.0,0.0,0.0,0.0
2018,6,ATL,Ito Smith,-1.0,-0.1,23.0,2.1,1.0
2018,6,ATL,Tevin Coleman,11.0,1.1,24.0,2.4,0.0
2018,6,ATL,Matt Ryan,13.0,13.0,0.0,0.0,0.0
2018,6,TB,Peyton Barber,23.0,1.8,59.0,4.5,3.0
2018,6,TB,Jameis Winston,26.0,5.2,3.0,0.6,0.0
2018,6,TB,DeSean Jackson,7.0,7.0,0.0,0.0,0.0
2018,6,TB,Ronald Jones II,0.0,0.0,3.0,3.0,0.0
2018,6,CIN,Joe Mixon,41.0,3.7,23.0,2.1,2.0
2018,6,CIN,Mark Walton,-2.0,-1.0,0.0,0.0,0.0
2018,6,PIT,James Conner,77.0,4.1,34.0,1.8,2.0
2018,6,PIT,Stevan Ridley,0.0,0.0,2.0,2.0,0.0
2018,6,PIT,Ben Roethlisberger,-1.0,-1.0,0.0,0.0,0.0
2018,6,CLE,Carlos Hyde,-3.0,-0.2,37.0,2.6,5.0
2018,6,CLE,Nick Chubb,6.0,2.0,19.0,6.3,2.0
2018,6,CLE,Duke Johnson,25.0,12.5,11.0,5.5,0.0
2018,6,CLE,Baker Mayfield,3.0,1.5,5.0,2.5,0.0
2018,6,LAC,Melvin Gordon,40.0,2.2,92.0,5.1,4.0
2018,6,LAC,Austin Ekeler,26.0,3.7,34.0,4.9,2.0
2018,6,LAC,Keenan Allen,31.0,7.8,10.0,2.5,1.0
2018,6,LAC,Justin Jackson,3.0,1.0,1.0,0.3,0.0
2018,6,LAC,Geno Smith,-2.0,-1.0,0.0,0.0,0.0
2018,6,LAC,Mike Williams,8.0,8.0,2.0,2.0,0.0
2018,6,LAC,Tyrell Williams,1.0,1.0,0.0,0.0,0.0
2018,6,HOU,Lamar Miller,25.0,1.7,21.0,1.4,1.0
2018,6,HOU,Alfred Blue,22.0,3.1,4.0,0.6,0.0
2018,6,HOU,Deshaun Watson,-1.0,-0.5,3.0,1.5,0.0
2018,6,BUF,LeSean McCoy,58.0,3.6,15.0,0.9,0.0
2018,6,BUF,Chris Ivory,3.0,0.5,2.0,0.3,0.0
2018,6,BUF,Josh Allen,9.0,2.3,11.0,2.8,0.0
2018,6,BUF,Nathan Peterman,2.0,2.0,0.0,0.0,0.0
2018,6,MIA,Frank Gore,40.0,2.7,61.0,4.1,1.0
2018,6,MIA,Kenyan Drake,22.0,1.7,35.0,2.7,3.0
2018,6,MIA,Brock Osweiler,3.0,1.5,5.0,2.5,0.0
2018,6,MIA,Albert Wilson,-6.0,-6.0,1.0,1.0,0.0
2018,6,CHI,Jordan Howard,36.0,2.6,33.0,2.4,0.0
2018,6,CHI,Mitchell Trubisky,28.0,3.5,19.0,2.4,0.0
2018,6,CHI,Tarik Cohen,25.0,5.0,6.0,1.2,0.0
2018,6,CHI,Benny Cunningham,5.0,1.7,3.0,1.0,0.0
2018,6,CHI,Taylor Gabriel,7.0,7.0,2.0,2.0,0.0
2018,6,MIN,Latavius Murray,60.0,2.5,95.0,4.0,2.0
2018,6,MIN,Kirk Cousins,13.0,3.3,1.0,0.3,0.0
2018,6,MIN,Mike Boone,18.0,18.0,2.0,2.0,0.0
2018,6,MIN,Stefon Diggs,7.0,7.0,2.0,2.0,0.0
2018,6,MIN,C.J. Ham,1.0,1.0,0.0,0.0,0.0
2018,6,MIN,Roc Thomas,-4.0,-4.0,0.0,0.0,0.0
2018,6,ARI,David Johnson,28.0,1.6,26.0,1.4,1.0
2018,6,ARI,Derrick Coleman,0.0,0.0,2.0,2.0,0.0
2018,6,ARI,Chase Edmonds,3.0,3.0,1.0,1.0,0.0
2018,6,NYJ,Bilal Powell,17.0,1.1,42.0,2.6,1.0
2018,6,NYJ,Isaiah Crowell,26.0,2.0,14.0,1.1,0.0
2018,6,NYJ,Sam Darnold,8.0,1.3,0.0,0.0,0.0
2018,6,NYJ,Quincy Enunwa,-3.0,-3.0,3.0,3.0,0.0
2018,6,IND,Marlon Mack,24.0,2.0,65.0,5.4,1.0
2018,6,IND,Robert Turbin,10.0,2.5,0.0,0.0,0.0
2018,6,IND,Nyheim Hines,11.0,3.7,3.0,1.0,0.0
2018,6,IND,Andrew Luck,7.0,3.5,0.0,0.0,0.0
2018,6,IND,Eric Ebron,-1.0,-1.0,0.0,0.0,0.0
2018,6,IND,Zach Pascal,8.0,8.0,0.0,0.0,0.0
2018,6,OAK,Marshawn Lynch,8.0,0.6,37.0,2.8,1.0
2018,6,OAK,Derek Carr,31.0,7.8,0.0,0.0,0.0
2018,6,OAK,Jalen Richard,-1.0,-0.5,4.0,2.0,0.0
2018,6,SEA,Chris Carson,17.0,1.2,42.0,3.0,1.0
2018,6,SEA,Rashaad Penny,29.0,3.2,14.0,1.6,1.0
2018,6,SEA,Mike Davis,11.0,1.8,10.0,1.7,0.0
2018,6,SEA,Russell Wilson,9.0,1.5,11.0,1.8,1.0
2018,6,SEA,Tyler Lockett,6.0,6.0,1.0,1.0,0.0
2018,6,SEA,David Moore,2.0,2.0,3.0,3.0,1.0
2018,6,WAS,Adrian Peterson,54.0,3.2,43.0,2.5,2.0
2018,6,WAS,Alex Smith,13.0,2.2,0.0,0.0,0.0
2018,6,WAS,Kapri Bibbs,5.0,2.5,6.0,3.0,1.0
2018,6,WAS,Maurice Harris,6.0,6.0,0.0,0.0,0.0
2018,6,WAS,Samaje Perine,3.0,3.0,0.0,0.0,0.0
2018,6,WAS,Paul Richardson,2.0,2.0,0.0,0.0,0.0
2018,6,CAR,Cam Newton,30.0,3.3,13.0,1.4,1.0
2018,6,CAR,Christian McCaffrey,15.0,1.9,5.0,0.6,0.0
2018,6,CAR,D.J. Moore,18.0,18.0,0.0,0.0,0.0
2018,6,DEN,Royce Freeman,14.0,1.6,8.0,0.9,2.0
2018,6,DEN,Phillip Lindsay,13.0,3.3,5.0,1.3,0.0
2018,6,DEN,Devontae Booker,11.0,5.5,4.0,2.0,0.0
2018,6,DEN,Case Keenum,6.0,6.0,0.0,0.0,0.0
2018,6,DEN,Chad Kelly,-1.0,-1.0,0.0,0.0,0.0
2018,6,LA,Todd Gurley,117.0,4.2,91.0,3.3,5.0
2018,6,LA,Malcolm Brown,18.0,3.6,6.0,1.2,3.0
2018,6,LA,Jared Goff,14.0,3.5,0.0,0.0,0.0
2018,6,LA,Cooper Kupp,12.0,12.0,0.0,0.0,0.0
2018,6,LA,Robert Woods,12.0,12.0,0.0,0.0,0.0
2018,6,DAL,Ezekiel Elliott,67.0,2.8,39.0,1.6,0.0
2018,6,DAL,Dak Prescott,64.0,5.8,18.0,1.6,0.0
2018,6,DAL,Rod Smith,0.0,0.0,4.0,0.8,0.0
2018,6,DAL,Tavon Austin,6.0,3.0,8.0,4.0,0.0
2018,6,JAX,T.J. Yeldon,21.0,2.6,20.0,2.5,0.0
2018,6,JAX,Jamaal Charles,2.0,0.4,3.0,0.6,1.0
2018,6,JAX,Blake Bortles,20.0,5.0,2.0,0.5,0.0
2018,6,JAX,Niles Paul,-5.0,-5.0,2.0,2.0,0.0
2018,6,TEN,Derrick Henry,5.0,0.7,16.0,2.3,0.0
2018,6,TEN,Dion Lewis,8.0,1.6,1.0,0.2,0.0
2018,6,TEN,Marcus Mariota,25.0,12.5,0.0,0.0,0.0
2018,6,BAL,Alex Collins,25.0,1.3,29.0,1.5,0.0
2018,6,BAL,Gus Edwards,10.0,1.0,32.0,3.2,1.0
2018,6,BAL,Joe Flacco,1.0,0.3,3.0,1.0,0.0
2018,6,BAL,Javorius Allen,-1.0,-1.0,2.0,2.0,0.0
2018,6,BAL,Hayden Hurst,0.0,0.0,0.0,0.0,0.0
2018,6,BAL,Lamar Jackson,11.0,11.0,11.0,11.0,1.0
2018,6,NE,Sony Michel,70.0,2.9,36.0,1.5,0.0
2018,6,NE,James White,20.0,3.3,19.0,3.2,0.0
2018,6,NE,Kenjon Barner,6.0,2.0,10.0,3.3,1.0
2018,6,NE,Tom Brady,-9.0,-3.0,11.0,3.7,0.0
2018,6,NE,Julian Edelman,7.0,7.0,0.0,0.0,0.0
2018,6,NE,Cordarrelle Patterson,2.0,2.0,1.0,1.0,0.0
2018,6,KC,Kareem Hunt,52.0,5.2,28.0,2.8,0.0
2018,6,KC,Patrick Mahomes,5.0,2.5,4.0,2.0,0.0
2018,6,KC,Spencer Ware,3.0,1.5,2.0,1.0,0.0
2018,6,KC,Tyreek Hill,-6.0,-6.0,6.0,6.0,0.0
2018,6,KC,Sammy Watkins,-3.0,-3.0,2.0,2.0,0.0
2018,6,KC,Damien Williams,1.0,1.0,0.0,0.0,0.0
2018,6,GB,Aaron Jones,38.0,4.8,3.0,0.4,0.0
2018,6,GB,Jamaal Williams,21.0,3.5,8.0,1.3,1.0
2018,6,GB,Ty Montgomery,8.0,2.0,4.0,1.0,0.0
2018,6,GB,Aaron Rodgers,32.0,10.7,2.0,0.7,0.0
2018,6,SF,Matt Breida,39.0,2.8,22.0,1.6,0.0
2018,6,SF,Raheem Mostert,28.0,2.3,59.0,4.9,4.0
2018,6,SF,C.J. Beathard,19.0,6.3,2.0,0.7,0.0
2018,6,SF,Marquise Goodwin,2.0,2.0,3.0,3.0,0.0
2018,7,ARI,David Johnson,7.0,0.5,32.0,2.3,0.0
2018,7,ARI,Chase Edmonds,4.0,0.8,5.0,1.0,0.0
2018,7,ARI,JJ Nelson,4.0,4.0,3.0,3.0,0.0
2018,7,ARI,Josh Rosen,14.0,14.0,0.0,0.0,0.0
2018,7,DEN,Phillip Lindsay,54.0,3.9,36.0,2.6,1.0
2018,7,DEN,Royce Freeman,-10.0,-0.8,47.0,3.6,1.0
2018,7,DEN,Case Keenum,4.0,1.0,0.0,0.0,0.0
2018,7,CHI,Jordan Howard,23.0,1.9,16.0,1.3,0.0
2018,7,CHI,Tarik Cohen,7.0,1.2,7.0,1.2,0.0
2018,7,CHI,Mitchell Trubisky,30.0,5.0,51.0,8.5,0.0
2018,7,CHI,Taylor Gabriel,0.0,0.0,0.0,0.0,0.0
2018,7,NE,James White,27.0,2.5,13.0,1.2,0.0
2018,7,NE,Kenjon Barner,21.0,2.1,15.0,1.5,0.0
2018,7,NE,Sony Michel,3.0,0.8,19.0,4.8,0.0
2018,7,NE,Tom Brady,6.0,6.0,0.0,0.0,0.0
2018,7,NE,Cordarrelle Patterson,4.0,4.0,0.0,0.0,0.0
2018,7,IND,Marlon Mack,58.0,3.1,68.0,3.6,0.0
2018,7,IND,Jordan Wilkins,17.0,2.8,29.0,4.8,0.0
2018,7,IND,Nyheim Hines,39.0,7.8,8.0,1.6,0.0
2018,7,IND,Jacoby Brissett,-4.0,-1.0,0.0,0.0,0.0
2018,7,IND,Andrew Luck,5.0,1.7,0.0,0.0,0.0
2018,7,BUF,Chris Ivory,19.0,1.2,62.0,3.9,0.0
2018,7,BUF,Marcus Murphy,26.0,6.5,27.0,6.8,0.0
2018,7,BUF,LeSean McCoy,0.0,0.0,1.0,0.5,0.0
2018,7,JAX,T.J. Yeldon,13.0,1.1,15.0,1.3,0.0
2018,7,JAX,Blake Bortles,17.0,2.8,13.0,2.2,1.0
2018,7,JAX,Cody Kessler,8.0,4.0,0.0,0.0,0.0
2018,7,JAX,Jamaal Charles,1.0,1.0,1.0,1.0,0.0
2018,7,JAX,David Williams,0.0,0.0,2.0,2.0,0.0
2018,7,HOU,Lamar Miller,62.0,2.8,38.0,1.7,0.0
2018,7,HOU,Alfred Blue,19.0,2.4,9.0,1.1,1.0
2018,7,HOU,Deshaun Watson,6.0,0.9,7.0,1.0,0.0
2018,7,MIA,Frank Gore,10.0,1.0,19.0,1.9,2.0
2018,7,MIA,Kenyan Drake,53.0,8.8,19.0,3.2,0.0
2018,7,MIA,Albert Wilson,-5.0,-2.5,9.0,4.5,0.0
2018,7,MIA,Brock Osweiler,0.0,0.0,2.0,2.0,0.0
2018,7,DET,Kerryon Johnson,91.0,4.8,67.0,3.5,5.0
2018,7,DET,LeGarrette Blount,33.0,3.3,17.0,1.7,0.0
2018,7,DET,Matthew Stafford,9.0,2.3,0.0,0.0,0.0
2018,7,DET,Ameer Abdullah,0.0,0.0,1.0,1.0,0.0
2018,7,DET,Golden Tate,23.0,23.0,7.0,7.0,0.0
2018,7,NYJ,Isaiah Crowell,12.0,1.1,17.0,1.5,1.0
2018,7,NYJ,Sam Darnold,-2.0,-0.3,20.0,3.3,2.0
2018,7,NYJ,Bilal Powell,15.0,3.0,5.0,1.0,0.0
2018,7,NYJ,Trenton Cannon,2.0,1.0,2.0,1.0,0.0
2018,7,MIN,Latavius Murray,34.0,2.3,35.0,2.3,1.0
2018,7,MIN,Mike Boone,-8.0,-2.0,12.0,3.0,1.0
2018,7,MIN,Kirk Cousins,-1.0,-0.5,0.0,0.0,0.0
2018,7,MIN,Stefon Diggs,-7.0,-3.5,0.0,0.0,0.0
2018,7,MIN,Roc Thomas,17.0,17.0,6.0,6.0,1.0
2018,7,PHI,Wendell Smallwood,9.0,1.0,23.0,2.6,2.0
2018,7,PHI,Corey Clement,-4.0,-0.5,10.0,1.3,0.0
2018,7,PHI,Josh Adams,3.0,0.8,14.0,3.5,0.0
2018,7,PHI,Carson Wentz,0.0,0.0,3.0,1.0,0.0
2018,7,CAR,Christian McCaffrey,21.0,3.0,8.0,1.1,0.0
2018,7,CAR,Cam Newton,22.0,3.1,27.0,3.9,2.0
2018,7,CAR,Curtis Samuel,3.0,1.5,6.0,3.0,0.0
2018,7,CAR,Jarius Wright,31.0,31.0,3.0,3.0,0.0
2018,7,TB,Peyton Barber,8.0,0.7,22.0,2.0,2.0
2018,7,TB,Jameis Winston,13.0,1.3,42.0,4.2,0.0
2018,7,TB,Ronald Jones II,1.0,0.2,12.0,2.0,0.0
2018,7,TB,Jacquizz Rodgers,2.0,0.7,6.0,2.0,0.0
2018,7,TB,DeSean Jackson,8.0,4.0,0.0,0.0,0.0
2018,7,CLE,Nick Chubb,24.0,1.3,56.0,3.1,2.0
2018,7,CLE,Baker Mayfield,18.0,4.5,25.0,6.3,0.0
2018,7,CLE,Duke Johnson,-4.0,-4.0,0.0,0.0,0.0
2018,7,BAL,Alex Collins,17.0,1.5,21.0,1.9,0.0
2018,7,BAL,Javorius Allen,0.0,0.0,3.0,1.0,0.0
2018,7,BAL,Lamar Jackson,2.0,0.7,7.0,2.3,0.0
2018,7,BAL,Gus Edwards,0.0,0.0,0.0,0.0,0.0
2018,7,BAL,Joe Flacco,4.0,4.0,0.0,0.0,0.0
2018,7,BAL,Chris Moore,7.0,7.0,2.0,2.0,0.0
2018,7,BAL,Willie Snead,13.0,13.0,0.0,0.0,0.0
2018,7,BAL,Maxx Williams,1.0,1.0,0.0,0.0,0.0
2018,7,NO,Alvin Kamara,30.0,1.8,34.0,2.0,1.0
2018,7,NO,Mark Ingram,12.0,1.0,20.0,1.7,1.0
2018,7,NO,Taysom Hill,25.0,4.2,10.0,1.7,0.0
2018,7,NO,Drew Brees,3.0,0.8,0.0,0.0,0.0
2018,7,SF,Alfred Morris,12.0,1.3,13.0,1.4,0.0
2018,7,SF,Raheem Mostert,32.0,4.6,27.0,3.9,1.0
2018,7,SF,Matt Breida,12.0,2.4,3.0,0.6,0.0
2018,7,SF,C.J. Beathard,13.0,6.5,0.0,0.0,0.0
2018,7,SF,Kyle Juszczyk,-5.0,-5.0,0.0,0.0,0.0
2018,7,LA,Todd Gurley,33.0,2.2,30.0,2.0,1.0
2018,7,LA,Malcolm Brown,34.0,2.6,31.0,2.4,3.0
2018,7,LA,Jared Goff,4.0,1.3,0.0,0.0,0.0
2018,7,LA,Sean Mannion,0.0,0.0,1.0,0.3,0.0
2018,7,LA,Brandin Cooks,6.0,6.0,1.0,1.0,0.0
2018,7,LA,Robert Woods,6.0,6.0,0.0,0.0,0.0
2018,7,WAS,Adrian Peterson,63.0,2.6,36.0,1.5,3.0
2018,7,WAS,Alex Smith,11.0,2.8,5.0,1.3,0.0
2018,7,WAS,Kapri Bibbs,10.0,5.0,3.0,1.5,0.0
2018,7,WAS,Samaje Perine,-2.0,-1.0,4.0,2.0,0.0
2018,7,DAL,Ezekiel Elliott,17.0,1.1,16.0,1.1,0.0
2018,7,DAL,Dak Prescott,33.0,5.5,0.0,0.0,0.0
2018,7,DAL,Jourdan Lewis,7.0,7.0,0.0,0.0,0.0
2018,7,KC,Kareem Hunt,25.0,1.7,61.0,4.1,1.0
2018,7,KC,Spencer Ware,42.0,5.3,17.0,2.1,1.0
2018,7,KC,Patrick Mahomes,31.0,7.8,14.0,3.5,0.0
2018,7,KC,Tyreek Hill,8.0,4.0,0.0,0.0,0.0
2018,7,CIN,Joe Mixon,31.0,2.4,19.0,1.5,0.0
2018,7,CIN,Mark Walton,3.0,0.8,7.0,1.8,0.0
2018,7,CIN,Jeff Driskel,5.0,5.0,0.0,0.0,0.0
2018,7,CIN,Clayton Fejedelem,0.0,0.0,0.0,0.0,0.0
2018,7,LAC,Austin Ekeler,17.0,1.4,25.0,2.1,1.0
2018,7,LAC,Justin Jackson,3.0,1.5,0.0,0.0,0.0
2018,7,LAC,Philip Rivers,-1.0,-1.0,0.0,0.0,0.0
2018,7,LAC,Mike Williams,-2.0,-2.0,5.0,5.0,1.0
2018,7,TEN,Dion Lewis,50.0,3.8,41.0,3.2,6.0
2018,7,TEN,Derrick Henry,27.0,2.3,6.0,0.5,2.0
2018,7,TEN,Marcus Mariota,19.0,2.7,19.0,2.7,1.0
2018,7,TEN,David Fluellen,2.0,2.0,0.0,0.0,0.0
2018,7,ATL,Tevin Coleman,48.0,4.4,2.0,0.2,1.0
2018,7,ATL,Ito Smith,15.0,2.1,1.0,0.1,0.0
2018,7,ATL,Matt Ryan,1.0,0.5,0.0,0.0,0.0
2018,7,NYG,Saquon Barkley,13.0,0.9,30.0,2.1,2.0
2018,7,NYG,Eli Manning,7.0,2.3,0.0,0.0,0.0
2018,7,NYG,Odell Beckham Jr.,-1.0,-1.0,0.0,0.0,0.0
2018,7,NYG,Evan Engram,2.0,2.0,8.0,8.0,1.0
2018,7,NYG,Elijhaa Penny,2.0,2.0,0.0,0.0,0.0
2018,8,HOU,Lamar Miller,27.0,1.5,106.0,5.9,1.0
2018,8,HOU,Alfred Blue,10.0,0.7,32.0,2.1,1.0
2018,8,HOU,Deshaun Watson,14.0,14.0,0.0,0.0,0.0
2018,8,HOU,Brandon Weeden,-1.0,-1.0,0.0,0.0,0.0
2018,8,MIA,Kenyan Drake,43.0,3.6,15.0,1.3,1.0
2018,8,MIA,Frank Gore,27.0,2.3,26.0,2.2,0.0
2018,8,MIA,Kalen Ballage,2.0,2.0,3.0,3.0,0.0
2018,8,CAR,Christian McCaffrey,20.0,1.4,25.0,1.8,0.0
2018,8,CAR,Cam Newton,38.0,3.8,14.0,1.4,1.0
2018,8,CAR,C.J. Anderson,15.0,3.0,5.0,1.0,0.0
2018,8,CAR,Taylor Heinicke,-2.0,-1.0,0.0,0.0,0.0
2018,8,CAR,D.J. Moore,39.0,19.5,0.0,0.0,0.0
2018,8,BAL,Alex Collins,14.0,1.3,35.0,3.2,1.0
2018,8,BAL,Lamar Jackson,19.0,6.3,7.0,2.3,0.0
2018,8,BAL,Gus Edwards,9.0,4.5,3.0,1.5,0.0
2018,8,BAL,Joe Flacco,13.0,6.5,1.0,0.5,0.0
2018,8,CHI,Jordan Howard,67.0,3.0,14.0,0.6,2.0
2018,8,CHI,Mitchell Trubisky,51.0,8.5,0.0,0.0,0.0
2018,8,CHI,Tarik Cohen,29.0,5.8,11.0,2.2,1.0
2018,8,CHI,Anthony Miller,5.0,5.0,2.0,2.0,0.0
2018,8,NYJ,Isaiah Crowell,21.0,1.6,4.0,0.3,1.0
2018,8,NYJ,Trenton Cannon,1.0,0.2,9.0,1.5,1.0
2018,8,NYJ,Sam Darnold,22.0,4.4,0.0,0.0,0.0
2018,8,CIN,Joe Mixon,79.0,3.8,44.0,2.1,1.0
2018,8,CIN,Andy Dalton,10.0,3.3,0.0,0.0,0.0
2018,8,CIN,Mark Walton,6.0,3.0,1.0,0.5,0.0
2018,8,CIN,Tyler Boyd,-2.0,-2.0,0.0,0.0,0.0
2018,8,TB,Peyton Barber,55.0,2.9,30.0,1.6,1.0
2018,8,TB,Jameis Winston,18.0,6.0,0.0,0.0,0.0
2018,8,TB,Ronald Jones II,-3.0,-1.5,0.0,0.0,0.0
2018,8,TB,Ryan Fitzpatrick,18.0,18.0,0.0,0.0,0.0
2018,8,TB,DeSean Jackson,3.0,3.0,1.0,1.0,0.0
2018,8,TB,Jacquizz Rodgers,4.0,4.0,0.0,0.0,0.0
2018,8,DET,Kerryon Johnson,15.0,1.9,7.0,0.9,1.0
2018,8,DET,LeGarrette Blount,2.0,0.7,1.0,0.3,0.0
2018,8,DET,Matthew Stafford,4.0,4.0,2.0,2.0,0.0
2018,8,DET,Golden Tate,3.0,3.0,0.0,0.0,0.0
2018,8,SEA,Chris Carson,54.0,2.2,51.0,2.0,2.0
2018,8,SEA,Mike Davis,25.0,2.5,8.0,0.8,0.0
2018,8,SEA,Tyler Lockett,13.0,6.5,0.0,0.0,0.0
2018,8,SEA,Tre Madden,1.0,0.5,0.0,0.0,0.0
2018,8,SEA,Russell Wilson,15.0,7.5,0.0,0.0,0.0
2018,8,SEA,Michael Dickson,9.0,9.0,0.0,0.0,0.0
2018,8,KC,Kareem Hunt,19.0,1.2,31.0,1.9,1.0
2018,8,KC,Patrick Mahomes,-2.0,-1.0,1.0,0.5,0.0
2018,8,DEN,Phillip Lindsay,50.0,2.8,45.0,2.5,1.0
2018,8,DEN,Devontae Booker,26.0,2.9,52.0,5.8,1.0
2018,8,DEN,Case Keenum,9.0,9.0,0.0,0.0,0.0
2018,8,DEN,Tim Patrick,11.0,11.0,2.0,2.0,0.0
2018,8,DEN,Emmanuel Sanders,-6.0,-6.0,0.0,0.0,0.0
2018,8,NYG,Saquon Barkley,27.0,2.1,11.0,0.8,0.0
2018,8,NYG,Wayne Gallman,-1.0,-1.0,0.0,0.0,0.0
2018,8,WAS,Adrian Peterson,93.0,3.6,56.0,2.2,0.0
2018,8,WAS,Alex Smith,13.0,4.3,0.0,0.0,0.0
2018,8,WAS,Chris Thompson,10.0,3.3,3.0,1.0,1.0
2018,8,WAS,Paul Richardson,5.0,5.0,2.0,2.0,0.0
2018,8,PIT,James Conner,51.0,2.1,95.0,4.0,3.0
2018,8,PIT,Jaylen Samuels,11.0,2.8,6.0,1.5,0.0
2018,8,PIT,Ben Roethlisberger,4.0,2.0,2.0,1.0,0.0
2018,8,PIT,Joshua Dobbs,-1.0,-1.0,0.0,0.0,0.0
2018,8,CLE,Nick Chubb,33.0,1.8,32.0,1.8,1.0
2018,8,CLE,Duke Johnson,-4.0,-2.0,4.0,2.0,0.0
2018,8,CLE,Baker Mayfield,5.0,5.0,4.0,4.0,0.0
2018,8,OAK,Doug Martin,36.0,2.8,36.0,2.8,0.0
2018,8,OAK,Derek Carr,0.0,0.0,0.0,0.0,0.0
2018,8,OAK,Jalen Richard,3.0,1.5,11.0,5.5,0.0
2018,8,OAK,Dwayne Harris,11.0,11.0,2.0,2.0,0.0
2018,8,OAK,DeAndre Washington,0.0,0.0,4.0,4.0,1.0
2018,8,IND,Marlon Mack,94.0,3.8,38.0,1.5,0.0
2018,8,IND,Nyheim Hines,35.0,3.2,43.0,3.9,1.0
2018,8,IND,Andrew Luck,-2.0,-1.0,0.0,0.0,0.0
2018,8,IND,Jordan Wilkins,14.0,7.0,0.0,0.0,0.0
2018,8,ARI,David Johnson,34.0,2.1,25.0,1.6,1.0
2018,8,ARI,Chase Edmonds,4.0,2.0,5.0,2.5,0.0
2018,8,ARI,Josh Rosen,8.0,4.0,4.0,2.0,0.0
2018,8,ARI,JJ Nelson,5.0,5.0,3.0,3.0,0.0
2018,8,SF,Matt Breida,7.0,0.4,35.0,2.2,1.0
2018,8,SF,Alfred Morris,21.0,3.5,7.0,1.2,0.0
2018,8,SF,C.J. Beathard,3.0,0.6,6.0,1.2,0.0
2018,8,SF,Kyle Juszczyk,7.0,3.5,3.0,1.5,0.0
2018,8,SF,Raheem Mostert,11.0,5.5,7.0,3.5,0.0
2018,8,LA,Todd Gurley,57.0,2.3,57.0,2.3,2.0
2018,8,LA,Jared Goff,5.0,1.0,2.0,0.4,0.0
2018,8,LA,Brandin Cooks,7.0,3.5,2.0,1.0,0.0
2018,8,LA,Malcolm Brown,3.0,3.0,4.0,4.0,0.0
2018,8,LA,Josh Reynolds,-2.0,-2.0,0.0,0.0,0.0
2018,8,GB,Aaron Jones,56.0,4.7,30.0,2.5,1.0
2018,8,GB,Jamaal Williams,1.0,0.3,8.0,2.0,0.0
2018,8,GB,Ty Montgomery,1.0,0.5,5.0,2.5,0.0
2018,8,GB,Aaron Rodgers,3.0,3.0,2.0,2.0,0.0
2018,8,MIN,Latavius Murray,23.0,1.8,33.0,2.5,2.0
2018,8,MIN,Mike Boone,5.0,1.7,6.0,2.0,0.0
2018,8,MIN,Kirk Cousins,1.0,0.5,2.0,1.0,0.0
2018,8,MIN,C.J. Ham,1.0,0.5,0.0,0.0,0.0
2018,8,MIN,Adam Thielen,2.0,2.0,13.0,13.0,0.0
2018,8,MIN,Roc Thomas,-1.0,-1.0,0.0,0.0,0.0
2018,8,NO,Mark Ingram,30.0,2.3,33.0,2.5,1.0
2018,8,NO,Alvin Kamara,30.0,2.3,15.0,1.2,0.0
2018,8,NO,Taysom Hill,-6.0,-2.0,4.0,1.3,1.0
2018,8,JAX,Blake Bortles,43.0,5.4,0.0,0.0,0.0
2018,8,JAX,Carlos Hyde,2.0,0.3,9.0,1.5,1.0
2018,8,JAX,T.J. Yeldon,3.0,1.5,4.0,2.0,0.0
2018,8,JAX,Dede Westbrook,9.0,9.0,0.0,0.0,0.0
2018,8,PHI,Josh Adams,30.0,3.3,31.0,3.4,2.0
2018,8,PHI,Wendell Smallwood,16.0,2.0,8.0,1.0,0.0
2018,8,PHI,Carson Wentz,28.0,4.7,0.0,0.0,0.0
2018,8,PHI,Corey Clement,5.0,1.3,1.0,0.3,0.0
2018,8,PHI,Nelson Agholor,13.0,13.0,1.0,1.0,0.0
2018,8,BUF,LeSean McCoy,10.0,0.8,3.0,0.3,1.0
2018,8,BUF,Chris Ivory,21.0,3.5,13.0,2.2,2.0
2018,8,BUF,Derek Anderson,-1.0,-1.0,0.0,0.0,0.0
2018,8,NE,Cordarrelle Patterson,26.0,2.6,12.0,1.2,2.0
2018,8,NE,James White,10.0,1.3,5.0,0.6,1.0
2018,8,NE,Kenjon Barner,4.0,2.0,0.0,0.0,0.0
2018,8,NE,Julian Edelman,13.0,6.5,0.0,0.0,0.0
2018,8,NE,Brian Hoyer,-2.0,-1.0,0.0,0.0,0.0
2018,8,NE,Tom Brady,6.0,6.0,2.0,2.0,0.0
2018,9,SF,Matt Breida,34.0,2.8,10.0,0.8,1.0
2018,9,SF,Alfred Morris,-5.0,-0.7,18.0,2.6,1.0
2018,9,SF,Raheem Mostert,71.0,10.1,15.0,2.1,0.0
2018,9,SF,Nick Mullens,-3.0,-0.8,0.0,0.0,0.0
2018,9,SF,Marquise Goodwin,2.0,2.0,0.0,0.0,0.0
2018,9,SF,Kyle Juszczyk,-1.0,-1.0,2.0,2.0,0.0
2018,9,OAK,Doug Martin,25.0,2.3,24.0,2.2,0.0
2018,9,OAK,DeAndre Washington,3.0,0.6,24.0,4.8,1.0
2018,9,OAK,Derek Carr,5.0,1.7,0.0,0.0,0.0
2018,9,OAK,Jalen Richard,1.0,0.5,3.0,1.5,0.0
2018,9,OAK,Martavis Bryant,12.0,12.0,5.0,5.0,0.0
2018,9,OAK,A.J. McCarron,0.0,0.0,0.0,0.0,0.0
2018,9,BAL,Alex Collins,26.0,2.9,9.0,1.0,1.0
2018,9,BAL,Lamar Jackson,2.0,0.4,8.0,1.6,0.0
2018,9,BAL,Javorius Allen,3.0,3.0,3.0,3.0,0.0
2018,9,BAL,Gus Edwards,10.0,10.0,0.0,0.0,0.0
2018,9,PIT,James Conner,66.0,2.8,41.0,1.7,4.0
2018,9,PIT,Ben Roethlisberger,4.0,2.0,0.0,0.0,0.0
2018,9,PIT,Jaylen Samuels,-1.0,-1.0,3.0,3.0,0.0
2018,9,BUF,LeSean McCoy,2.0,0.2,8.0,0.8,0.0
2018,9,BUF,Nathan Peterman,6.0,0.8,41.0,5.1,1.0
2018,9,BUF,Chris Ivory,16.0,2.3,20.0,2.9,0.0
2018,9,BUF,Zay Jones,-2.0,-2.0,2.0,2.0,0.0
2018,9,BUF,Marcus Murphy,4.0,4.0,2.0,2.0,0.0
2018,9,BUF,Terrelle Pryor,-1.0,-1.0,0.0,0.0,0.0
2018,9,CHI,Jordan Howard,8.0,0.6,39.0,2.8,1.0
2018,9,CHI,Tarik Cohen,-11.0,-1.8,16.0,2.7,1.0
2018,9,CHI,Chase Daniel,-3.0,-1.0,0.0,0.0,0.0
2018,9,CHI,Anthony Miller,6.0,6.0,3.0,3.0,0.0
2018,9,CHI,Mitchell Trubisky,4.0,4.0,2.0,2.0,0.0
2018,9,CAR,Christian McCaffrey,31.0,1.8,48.0,2.8,2.0
2018,9,CAR,Cam Newton,28.0,2.5,5.0,0.5,1.0
2018,9,CAR,C.J. Anderson,1.0,1.0,0.0,0.0,0.0
2018,9,CAR,Alex Armah,1.0,1.0,0.0,0.0,0.0
2018,9,CAR,D.J. Moore,3.0,3.0,29.0,29.0,1.0
2018,9,CAR,Curtis Samuel,23.0,23.0,10.0,10.0,1.0
2018,9,TB,Peyton Barber,26.0,2.4,5.0,0.5,1.0
2018,9,TB,Ryan Fitzpatrick,21.0,4.2,2.0,0.4,0.0
2018,9,TB,Jacquizz Rodgers,4.0,2.0,10.0,5.0,1.0
2018,9,TB,Shaun Wilson,5.0,2.5,2.0,1.0,0.0
2018,9,TB,Adam Humphries,7.0,7.0,0.0,0.0,0.0
2018,9,CLE,Nick Chubb,21.0,1.0,64.0,2.9,3.0
2018,9,CLE,Breshad Perriman,6.0,3.0,3.0,1.5,0.0
2018,9,CLE,Duke Johnson,2.0,2.0,6.0,6.0,0.0
2018,9,KC,Kareem Hunt,47.0,2.8,44.0,2.6,2.0
2018,9,KC,Tyreek Hill,13.0,6.5,3.0,1.5,0.0
2018,9,KC,Patrick Mahomes,18.0,9.0,0.0,0.0,0.0
2018,9,KC,Spencer Ware,7.0,3.5,5.0,2.5,0.0
2018,9,KC,Sammy Watkins,-5.0,-5.0,7.0,7.0,1.0
2018,9,MIA,Frank Gore,21.0,1.1,32.0,1.6,1.0
2018,9,MIA,Kenyan Drake,7.0,2.3,2.0,0.7,0.0
2018,9,MIA,Brock Osweiler,3.0,1.0,1.0,0.3,0.0
2018,9,MIA,Kalen Ballage,-2.0,-2.0,0.0,0.0,0.0
2018,9,NYJ,Isaiah Crowell,19.0,1.5,30.0,2.3,1.0
2018,9,NYJ,Elijah McGuire,18.0,2.6,12.0,1.7,0.0
2018,9,NYJ,Robby Anderson,1.0,1.0,0.0,0.0,0.0
2018,9,MIN,Dalvin Cook,80.0,8.0,9.0,0.9,0.0
2018,9,MIN,Latavius Murray,23.0,2.3,8.0,0.8,1.0
2018,9,MIN,Kirk Cousins,3.0,1.5,0.0,0.0,0.0
2018,9,MIN,Adam Thielen,5.0,5.0,0.0,0.0,0.0
2018,9,DET,Kerryon Johnson,24.0,2.0,13.0,1.1,0.0
2018,9,DET,LeGarrette Blount,4.0,0.8,4.0,0.8,0.0
2018,9,DET,Matthew Stafford,6.0,1.2,0.0,0.0,0.0
2018,9,DET,Kenny Golladay,8.0,8.0,0.0,0.0,0.0
2018,9,DET,Tavon Wilson,7.0,7.0,0.0,0.0,0.0
2018,9,WAS,Adrian Peterson,-5.0,-0.6,22.0,2.4,0.0
2018,9,WAS,Kapri Bibbs,16.0,5.3,4.0,1.3,0.0
2018,9,WAS,Samaje Perine,11.0,5.5,9.0,4.5,0.0
2018,9,WAS,Alex Smith,-9.0,-9.0,31.0,31.0,1.0
2018,9,ATL,Tevin Coleman,55.0,4.2,33.0,2.5,0.0
2018,9,ATL,Ito Smith,36.0,3.6,24.0,2.4,1.0
2018,9,ATL,Calvin Ridley,6.0,6.0,0.0,0.0,0.0
2018,9,DEN,Phillip Lindsay,41.0,2.4,19.0,1.1,1.0
2018,9,DEN,Devontae Booker,15.0,5.0,0.0,0.0,0.0
2018,9,HOU,Alfred Blue,26.0,1.7,13.0,0.9,0.0
2018,9,HOU,Lamar Miller,14.0,1.2,7.0,0.6,0.0
2018,9,HOU,Deshaun Watson,16.0,2.7,22.0,3.7,0.0
2018,9,SEA,Mike Davis,28.0,1.9,34.0,2.3,1.0
2018,9,SEA,Chris Carson,26.0,3.3,14.0,1.8,1.0
2018,9,SEA,Russell Wilson,33.0,6.6,8.0,1.6,0.0
2018,9,SEA,Rashaad Penny,2.0,0.5,9.0,2.3,0.0
2018,9,LAC,Melvin Gordon,65.0,4.1,48.0,3.0,1.0
2018,9,LAC,Austin Ekeler,14.0,4.7,7.0,2.3,0.0
2018,9,LAC,Keenan Allen,28.0,14.0,0.0,0.0,0.0
2018,9,LAC,Travis Benjamin,-2.0,-2.0,0.0,0.0,0.0
2018,9,NO,Alvin Kamara,31.0,1.6,51.0,2.7,2.0
2018,9,NO,Mark Ingram,13.0,1.4,20.0,2.2,0.0
2018,9,NO,Drew Brees,16.0,4.0,0.0,0.0,0.0
2018,9,NO,Taysom Hill,3.0,1.5,7.0,3.5,0.0
2018,9,LA,Todd Gurley,18.0,1.4,50.0,3.8,0.0
2018,9,LA,Jared Goff,17.0,5.7,0.0,0.0,0.0
2018,9,LA,Robert Woods,0.0,0.0,4.0,2.0,0.0
2018,9,LA,Johnny Hekker,3.0,3.0,0.0,0.0,0.0
2018,9,NE,James White,22.0,1.8,9.0,0.8,0.0
2018,9,NE,Cordarrelle Patterson,28.0,2.5,33.0,3.0,0.0
2018,9,NE,Tom Brady,-1.0,-0.2,0.0,0.0,0.0
2018,9,NE,Julian Edelman,26.0,13.0,2.0,1.0,0.0
2018,9,NE,Kenjon Barner,2.0,2.0,2.0,2.0,0.0
2018,9,GB,Aaron Jones,50.0,3.6,25.0,1.8,0.0
2018,9,GB,Jamaal Williams,18.0,2.6,16.0,2.3,1.0
2018,9,GB,Aaron Rodgers,1.0,0.3,7.0,1.8,0.0
2018,9,DAL,Ezekiel Elliott,42.0,2.5,19.0,1.1,2.0
2018,9,DAL,Dak Prescott,11.0,5.5,0.0,0.0,0.0
2018,9,TEN,Dion Lewis,28.0,1.5,34.0,1.8,3.0
2018,9,TEN,Marcus Mariota,32.0,3.2,0.0,0.0,0.0
2018,9,TEN,Derrick Henry,10.0,1.7,17.0,2.8,1.0
2018,9,TEN,Corey Davis,4.0,4.0,0.0,0.0,0.0
2018,10,PIT,James Conner,46.0,3.5,19.0,1.5,0.0
2018,10,PIT,Stevan Ridley,-1.0,-0.1,27.0,3.4,1.0
2018,10,PIT,Jaylen Samuels,2.0,0.4,5.0,1.0,1.0
2018,10,PIT,Ben Roethlisberger,20.0,6.7,7.0,2.3,0.0
2018,10,PIT,JuJu Smith-Schuster,13.0,13.0,0.0,0.0,0.0
2018,10,CAR,Christian McCaffrey,45.0,3.2,32.0,2.3,1.0
2018,10,CAR,C.J. Anderson,-3.0,-1.5,2.0,1.0,0.0
2018,10,CAR,Alex Armah,1.0,0.5,2.0,1.0,0.0
2018,10,CAR,Cam Newton,7.0,3.5,3.0,1.5,0.0
2018,10,CAR,D.J. Moore,3.0,3.0,2.0,2.0,0.0
2018,10,CAR,Curtis Samuel,0.0,0.0,1.0,1.0,0.0
2018,10,CHI,Jordan Howard,10.0,0.9,11.0,1.0,0.0
2018,10,CHI,Tarik Cohen,14.0,2.0,1.0,0.1,0.0
2018,10,CHI,Mitchell Trubisky,12.0,4.0,6.0,2.0,0.0
2018,10,CHI,Taquan Mizzell,0.0,0.0,0.0,0.0,0.0
2018,10,DET,Kerryon Johnson,25.0,1.8,26.0,1.9,1.0
2018,10,DET,LeGarrette Blount,4.0,0.7,0.0,0.0,0.0
2018,10,DET,Matthew Stafford,9.0,4.5,0.0,0.0,0.0
2018,10,DET,Nick Bellore,0.0,0.0,0.0,0.0,0.0
2018,10,DET,Zach Zenner,10.0,10.0,2.0,2.0,0.0
2018,10,CIN,Joe Mixon,38.0,3.5,23.0,2.1,0.0
2018,10,CIN,Giovani Bernard,2.0,1.0,4.0,2.0,0.0
2018,10,CIN,Jeff Driskel,34.0,17.0,1.0,0.5,0.0
2018,10,CIN,Andy Dalton,5.0,5.0,3.0,3.0,0.0
2018,10,NO,Mark Ingram,44.0,3.4,60.0,4.6,1.0
2018,10,NO,Alvin Kamara,44.0,3.7,12.0,1.0,0.0
2018,10,NO,Dwayne Washington,27.0,2.5,20.0,1.8,0.0
2018,10,NO,Taysom Hill,18.0,4.5,6.0,1.5,0.0
2018,10,NO,Teddy Bridgewater,-3.0,-1.0,0.0,0.0,0.0
2018,10,NO,Drew Brees,3.0,1.5,0.0,0.0,0.0
2018,10,NO,Zach Line,7.0,3.5,6.0,3.0,0.0
2018,10,CLE,Nick Chubb,124.0,6.2,52.0,2.6,2.0
2018,10,CLE,Baker Mayfield,18.0,3.0,2.0,0.3,0.0
2018,10,CLE,Duke Johnson,10.0,3.3,5.0,1.7,0.0
2018,10,ATL,Tevin Coleman,16.0,1.5,28.0,2.5,0.0
2018,10,ATL,Ito Smith,8.0,2.0,3.0,0.8,0.0
2018,10,ATL,Matt Ryan,8.0,2.7,5.0,1.7,0.0
2018,10,ATL,Calvin Ridley,-4.0,-4.0,7.0,7.0,1.0
2018,10,IND,Marlon Mack,18.0,1.5,11.0,0.9,0.0
2018,10,IND,Andrew Luck,-2.0,-0.4,0.0,0.0,0.0
2018,10,IND,Nyheim Hines,3.0,1.0,0.0,0.0,0.0
2018,10,IND,Eric Ebron,1.0,1.0,1.0,1.0,0.0
2018,10,IND,Chester Rogers,-4.0,-4.0,0.0,0.0,0.0
2018,10,IND,Jordan Wilkins,44.0,44.0,9.0,9.0,0.0
2018,10,JAX,Leonard Fournette,34.0,1.4,19.0,0.8,0.0
2018,10,JAX,Carlos Hyde,2.0,0.7,3.0,1.0,0.0
2018,10,JAX,T.J. Yeldon,9.0,3.0,3.0,1.0,0.0
2018,10,JAX,Blake Bortles,7.0,3.5,1.0,0.5,0.0
2018,10,JAX,Dede Westbrook,12.0,6.0,1.0,0.5,0.0
2018,10,KC,Kareem Hunt,46.0,2.9,25.0,1.6,2.0
2018,10,KC,Patrick Mahomes,21.0,5.3,0.0,0.0,0.0
2018,10,KC,Spencer Ware,5.0,2.5,1.0,0.5,0.0
2018,10,KC,Tyreek Hill,20.0,20.0,0.0,0.0,0.0
2018,10,ARI,David Johnson,72.0,3.4,26.0,1.2,0.0
2018,10,ARI,Chase Edmonds,4.0,2.0,3.0,1.5,0.0
2018,10,ARI,JJ Nelson,-10.0,-10.0,0.0,0.0,0.0
2018,10,ARI,Josh Rosen,-1.0,-1.0,0.0,0.0,0.0
2018,10,NYJ,Isaiah Crowell,-3.0,-0.4,22.0,3.1,1.0
2018,10,NYJ,Elijah McGuire,10.0,1.7,20.0,3.3,0.0
2018,10,NYJ,Trenton Cannon,13.0,3.3,17.0,4.3,1.0
2018,10,NYJ,Josh McCown,1.0,1.0,3.0,3.0,0.0
2018,10,BUF,LeSean McCoy,61.0,2.3,52.0,2.0,0.0
2018,10,BUF,Marcus Murphy,32.0,2.3,37.0,2.6,0.0
2018,10,BUF,Matt Barkley,-2.0,-0.7,0.0,0.0,0.0
2018,10,BUF,Isaiah McKenzie,21.0,7.0,11.0,3.7,0.0
2018,10,TB,Peyton Barber,32.0,2.5,29.0,2.2,4.0
2018,10,TB,Ryan Fitzpatrick,34.0,4.3,1.0,0.1,0.0
2018,10,TB,Shaun Wilson,7.0,3.5,0.0,0.0,0.0
2018,10,TB,Jacquizz Rodgers,0.0,0.0,0.0,0.0,0.0
2018,10,WAS,Adrian Peterson,46.0,2.4,22.0,1.2,2.0
2018,10,WAS,Kapri Bibbs,28.0,9.3,0.0,0.0,0.0
2018,10,WAS,Alex Smith,16.0,8.0,0.0,0.0,0.0
2018,10,WAS,Maurice Harris,4.0,4.0,0.0,0.0,0.0
2018,10,TEN,Dion Lewis,39.0,2.0,18.0,0.9,1.0
2018,10,TEN,Derrick Henry,46.0,4.2,12.0,1.1,0.0
2018,10,TEN,David Fluellen,12.0,4.0,2.0,0.7,0.0
2018,10,TEN,Marcus Mariota,21.0,10.5,0.0,0.0,0.0
2018,10,NE,Sony Michel,16.0,1.5,15.0,1.4,0.0
2018,10,NE,Cordarrelle Patterson,10.0,2.5,1.0,0.3,0.0
2018,10,NE,Tom Brady,0.0,0.0,0.0,0.0,0.0
2018,10,NE,James Develin,1.0,1.0,0.0,0.0,0.0
2018,10,NE,Brian Hoyer,2.0,2.0,0.0,0.0,0.0
2018,10,NE,James White,-5.0,-5.0,0.0,0.0,0.0
2018,10,OAK,Doug Martin,37.0,2.5,24.0,1.6,0.0
2018,10,OAK,Jalen Richard,7.0,2.3,0.0,0.0,0.0
2018,10,OAK,Derek Carr,2.0,1.0,0.0,0.0,0.0
2018,10,OAK,Martavis Bryant,2.0,2.0,0.0,0.0,0.0
2018,10,OAK,Johnny Townsend,42.0,42.0,0.0,0.0,0.0
2018,10,LAC,Melvin Gordon,71.0,3.9,22.0,1.2,4.0
2018,10,LAC,Austin Ekeler,12.0,4.0,7.0,2.3,0.0
2018,10,LAC,Derek Watt,2.0,1.0,0.0,0.0,0.0
2018,10,LAC,Travis Benjamin,-2.0,-2.0,0.0,0.0,0.0
2018,10,LAC,Philip Rivers,1.0,1.0,0.0,0.0,0.0
2018,10,LAC,Mike Williams,0.0,0.0,0.0,0.0,0.0
2018,10,GB,Aaron Jones,111.0,7.4,34.0,2.3,0.0
2018,10,GB,Aaron Rodgers,21.0,3.5,0.0,0.0,0.0
2018,10,GB,Jamaal Williams,1.0,0.3,2.0,0.7,0.0
2018,10,GB,Raven Greene,26.0,26.0,0.0,0.0,0.0
2018,10,MIA,Frank Gore,33.0,2.5,57.0,4.4,4.0
2018,10,MIA,Kenyan Drake,10.0,1.3,17.0,2.1,0.0
2018,10,MIA,Leonte Carroo,14.0,14.0,0.0,0.0,0.0
2018,10,MIA,Brock Osweiler,0.0,0.0,0.0,0.0,0.0
2018,10,LA,Todd Gurley,78.0,4.9,42.0,2.6,1.0
2018,10,LA,Jared Goff,3.0,1.0,0.0,0.0,0.0
2018,10,LA,Robert Woods,10.0,3.3,7.0,2.3,0.0
2018,10,LA,Brandin Cooks,9.0,9.0,0.0,0.0,0.0
2018,10,SEA,Rashaad Penny,101.0,8.4,7.0,0.6,1.0
2018,10,SEA,Mike Davis,25.0,2.3,33.0,3.0,2.0
2018,10,SEA,Russell Wilson,88.0,9.8,4.0,0.4,0.0
2018,10,SEA,Tyler Lockett,3.0,3.0,15.0,15.0,1.0
2018,10,SEA,C.J. Prosise,-3.0,-3.0,0.0,0.0,0.0
2018,10,PHI,Josh Adams,20.0,2.9,27.0,3.9,1.0
2018,10,PHI,Corey Clement,5.0,1.0,8.0,1.6,0.0
2018,10,PHI,Wendell Smallwood,1.0,0.5,3.0,1.5,0.0
2018,10,PHI,Carson Wentz,7.0,3.5,0.0,0.0,0.0
2018,10,DAL,Ezekiel Elliott,76.0,4.0,75.0,3.9,2.0
2018,10,DAL,Dak Prescott,4.0,0.7,5.0,0.8,0.0
2018,10,DAL,Rod Smith,1.0,0.5,7.0,3.5,0.0
2018,10,DAL,Jeff Heath,3.0,3.0,0.0,0.0,0.0
2018,10,SF,Matt Breida,77.0,4.5,24.0,1.4,2.0
2018,10,SF,Alfred Morris,11.0,1.2,8.0,0.9,0.0
2018,10,SF,Nick Mullens,1.0,0.5,0.0,0.0,0.0
2018,10,SF,Kyle Juszczyk,0.0,0.0,3.0,3.0,0.0
2018,10,NYG,Saquon Barkley,33.0,1.7,34.0,1.7,4.0
2018,10,NYG,Wayne Gallman,2.0,1.0,1.0,0.5,1.0
2018,10,NYG,Sterling Shepard,27.0,27.0,0.0,0.0,0.0
2018,11,SEA,Chris Carson,32.0,1.9,51.0,3.0,0.0
2018,11,SEA,Rashaad Penny,4.0,0.5,42.0,5.3,1.0
2018,11,SEA,Russell Wilson,17.0,3.4,0.0,0.0,0.0
2018,11,SEA,Mike Davis,24.0,6.0,2.0,0.5,0.0
2018,11,SEA,Tyler Lockett,1.0,1.0,0.0,0.0,0.0
2018,11,GB,Aaron Jones,26.0,2.4,14.0,1.3,0.0
2018,11,GB,Aaron Rodgers,3.0,3.0,0.0,0.0,0.0
2018,11,GB,Jamaal Williams,3.0,3.0,2.0,2.0,0.0
2018,11,ATL,Tevin Coleman,46.0,5.8,12.0,1.5,1.0
2018,11,ATL,Ito Smith,5.0,0.8,5.0,0.8,0.0
2018,11,ATL,Marvin Hall,3.0,3.0,0.0,0.0,0.0
2018,11,ATL,Calvin Ridley,5.0,5.0,0.0,0.0,0.0
2018,11,ATL,Matt Ryan,1.0,1.0,0.0,0.0,0.0
2018,11,ATL,Mohamed Sanu,3.0,3.0,0.0,0.0,0.0
2018,11,DAL,Ezekiel Elliott,79.0,3.4,43.0,1.9,4.0
2018,11,DAL,Dak Prescott,2.0,0.5,3.0,0.8,0.0
2018,11,DAL,Jourdan Lewis,5.0,5.0,0.0,0.0,0.0
2018,11,DAL,Rod Smith,0.0,0.0,0.0,0.0,0.0
2018,11,BAL,Lamar Jackson,98.0,3.8,21.0,0.8,1.0
2018,11,BAL,Gus Edwards,52.0,3.1,63.0,3.7,2.0
2018,11,BAL,Alex Collins,12.0,1.7,6.0,0.9,0.0
2018,11,BAL,Javorius Allen,0.0,0.0,2.0,2.0,0.0
2018,11,BAL,John Brown,0.0,0.0,0.0,0.0,0.0
2018,11,BAL,Chris Moore,8.0,8.0,0.0,0.0,0.0
2018,11,BAL,Ty Montgomery,2.0,,3.0,,0.0
2018,11,CIN,Joe Mixon,5.0,0.4,9.0,0.8,0.0
2018,11,CIN,Giovani Bernard,5.0,2.5,0.0,0.0,0.0
2018,11,CIN,Andy Dalton,29.0,14.5,0.0,0.0,0.0
2018,11,DET,Kerryon Johnson,29.0,1.9,58.0,3.9,3.0
2018,11,DET,LeGarrette Blount,-6.0,-0.9,7.0,1.0,0.0
2018,11,DET,Matthew Stafford,6.0,2.0,0.0,0.0,0.0
2018,11,DET,Theo Riddick,0.0,0.0,0.0,0.0,0.0
2018,11,CAR,Christian McCaffrey,28.0,2.2,25.0,1.9,0.0
2018,11,CAR,Cam Newton,2.0,1.0,0.0,0.0,0.0
2018,11,CAR,Cameron Artis-Payne,0.0,0.0,1.0,1.0,0.0
2018,11,IND,Marlon Mack,34.0,2.1,27.0,1.7,1.0
2018,11,IND,Nyheim Hines,4.0,0.8,10.0,2.0,1.0
2018,11,IND,Jordan Wilkins,20.0,5.0,10.0,2.5,1.0
2018,11,IND,Jacoby Brissett,-3.0,-1.0,0.0,0.0,0.0
2018,11,TEN,Dion Lewis,13.0,1.3,11.0,1.1,0.0
2018,11,TEN,Derrick Henry,4.0,0.4,42.0,4.7,4.0
2018,11,TEN,Marcus Mariota,15.0,3.8,2.0,0.5,0.0
2018,11,TEN,Cameron Batson,-4.0,-4.0,5.0,5.0,0.0
2018,11,TEN,Corey Davis,-1.0,-1.0,0.0,0.0,0.0
2018,11,JAX,Leonard Fournette,35.0,1.3,60.0,2.1,0.0
2018,11,JAX,Carlos Hyde,23.0,2.9,21.0,2.6,0.0
2018,11,JAX,T.J. Yeldon,13.0,2.6,10.0,2.0,0.0
2018,11,JAX,Blake Bortles,15.0,7.5,2.0,1.0,0.0
2018,11,PIT,James Conner,7.0,0.8,18.0,2.0,0.0
2018,11,PIT,Ben Roethlisberger,-1.0,-0.5,2.0,1.0,0.0
2018,11,NYG,Saquon Barkley,26.0,1.0,116.0,4.3,5.0
2018,11,NYG,Wayne Gallman,5.0,2.5,6.0,3.0,0.0
2018,11,NYG,Odell Beckham Jr.,11.0,11.0,0.0,0.0,0.0
2018,11,NYG,Eli Manning,-1.0,-1.0,0.0,0.0,0.0
2018,11,TB,Peyton Barber,59.0,3.3,47.0,2.6,1.0
2018,11,TB,Jameis Winston,13.0,2.6,3.0,0.6,0.0
2018,11,TB,Ryan Fitzpatrick,14.0,3.5,0.0,0.0,0.0
2018,11,TB,Jacquizz Rodgers,8.0,2.7,7.0,2.3,0.0
2018,11,WAS,Adrian Peterson,28.0,1.8,23.0,1.4,0.0
2018,11,WAS,Colt McCoy,31.0,6.2,4.0,0.8,0.0
2018,11,WAS,Alex Smith,32.0,8.0,1.0,0.3,0.0
2018,11,WAS,Byron Marshall,4.0,2.0,1.0,0.5,0.0
2018,11,WAS,Kapri Bibbs,0.0,0.0,0.0,0.0,0.0
2018,11,WAS,Trey Quinn,0.0,0.0,0.0,0.0,0.0
2018,11,HOU,Lamar Miller,56.0,2.8,30.0,1.5,0.0
2018,11,HOU,Alfred Blue,34.0,4.3,12.0,1.5,0.0
2018,11,HOU,Deshaun Watson,3.0,1.0,4.0,1.3,1.0
2018,11,ARI,David Johnson,76.0,3.0,61.0,2.4,1.0
2018,11,ARI,Chase Edmonds,6.0,1.2,11.0,2.2,0.0
2018,11,ARI,Josh Rosen,0.0,0.0,0.0,0.0,0.0
2018,11,OAK,DeAndre Washington,17.0,1.4,22.0,1.8,0.0
2018,11,OAK,Jalen Richard,38.0,3.5,23.0,2.1,2.0
2018,11,OAK,Doug Martin,22.0,2.2,30.0,3.0,0.0
2018,11,LAC,Melvin Gordon,23.0,1.3,46.0,2.6,0.0
2018,11,LAC,Austin Ekeler,19.0,3.2,10.0,1.7,0.0
2018,11,LAC,Keenan Allen,1.0,1.0,0.0,0.0,0.0
2018,11,LAC,Philip Rivers,-4.0,-4.0,0.0,0.0,0.0
2018,11,DEN,Phillip Lindsay,57.0,5.2,22.0,2.0,0.0
2018,11,DEN,Royce Freeman,11.0,1.6,12.0,1.7,0.0
2018,11,DEN,Emmanuel Sanders,6.0,6.0,0.0,0.0,0.0
2018,11,NO,Mark Ingram,43.0,2.7,60.0,3.8,3.0
2018,11,NO,Alvin Kamara,47.0,3.6,24.0,1.8,3.0
2018,11,NO,Taysom Hill,-2.0,-0.7,6.0,2.0,1.0
2018,11,NO,Dwayne Washington,-5.0,-1.7,2.0,0.7,0.0
2018,11,NO,Teddy Bridgewater,-1.0,-1.0,0.0,0.0,0.0
2018,11,NO,Zach Line,-1.0,-1.0,0.0,0.0,0.0
2018,11,PHI,Josh Adams,44.0,6.3,9.0,1.3,0.0
2018,11,PHI,Corey Clement,8.0,4.0,3.0,1.5,0.0
2018,11,PHI,Wendell Smallwood,-4.0,-4.0,0.0,0.0,0.0
2018,11,PHI,Golden Tate,-8.0,-8.0,0.0,0.0,0.0
2018,11,PHI,Carson Wentz,6.0,6.0,0.0,0.0,0.0
2018,11,CHI,Jordan Howard,26.0,1.4,37.0,2.1,0.0
2018,11,CHI,Mitchell Trubisky,38.0,3.8,5.0,0.5,0.0
2018,11,CHI,Tarik Cohen,20.0,2.9,7.0,1.0,1.0
2018,11,CHI,Taylor Gabriel,13.0,6.5,4.0,2.0,0.0
2018,11,CHI,Anthony Miller,-1.0,-1.0,0.0,0.0,0.0
2018,11,CHI,Taquan Mizzell,-1.0,-1.0,0.0,0.0,0.0
2018,11,MIN,Dalvin Cook,1.0,0.1,11.0,1.2,0.0
2018,11,MIN,Latavius Murray,3.0,0.8,2.0,0.5,0.0
2018,11,MIN,Kirk Cousins,5.0,5.0,0.0,0.0,0.0
2018,11,LA,Todd Gurley,45.0,3.8,10.0,0.8,0.0
2018,11,LA,Malcolm Brown,6.0,1.5,9.0,2.3,1.0
2018,11,LA,Jared Goff,6.0,1.5,0.0,0.0,0.0
2018,11,LA,Brandin Cooks,0.0,0.0,0.0,0.0,0.0
2018,11,KC,Kareem Hunt,43.0,3.1,27.0,1.9,1.0
2018,11,KC,Patrick Mahomes,28.0,4.7,0.0,0.0,0.0
2018,12,DET,LeGarrette Blount,28.0,1.5,60.0,3.2,1.0
2018,12,DET,Theo Riddick,7.0,3.5,5.0,2.5,0.0
2018,12,DET,Zach Zenner,8.0,4.0,1.0,0.5,0.0
2018,12,DET,Bruce Ellington,2.0,2.0,0.0,0.0,0.0
2018,12,CHI,Jordan Howard,6.0,0.9,7.0,1.0,0.0
2018,12,CHI,Chase Daniel,4.0,1.0,0.0,0.0,0.0
2018,12,CHI,Tarik Cohen,8.0,2.7,6.0,2.0,0.0
2018,12,CHI,Taquan Mizzell,4.0,4.0,3.0,3.0,0.0
2018,12,DAL,Ezekiel Elliott,87.0,3.3,34.0,1.3,0.0
2018,12,DAL,Dak Prescott,1.0,0.2,17.0,2.8,2.0
2018,12,DAL,Rod Smith,2.0,1.0,5.0,2.5,0.0
2018,12,WAS,Adrian Peterson,24.0,2.0,11.0,0.9,0.0
2018,12,WAS,Colt McCoy,25.0,5.0,3.0,0.6,0.0
2018,12,WAS,Kapri Bibbs,7.0,2.3,10.0,3.3,0.0
2018,12,NO,Alvin Kamara,61.0,4.4,28.0,2.0,3.0
2018,12,NO,Mark Ingram,32.0,2.9,20.0,1.8,1.0
2018,12,NO,Drew Brees,-4.0,-1.0,0.0,0.0,0.0
2018,12,NO,Taysom Hill,2.0,1.0,11.0,5.5,0.0
2018,12,ATL,Tevin Coleman,6.0,0.8,0.0,0.0,0.0
2018,12,ATL,Ito Smith,0.0,0.0,0.0,0.0,0.0
2018,12,ATL,Matt Ryan,16.0,8.0,0.0,0.0,0.0
2018,12,ATL,Julio Jones,1.0,1.0,0.0,0.0,0.0
2018,12,ATL,Mohamed Sanu,3.0,3.0,0.0,0.0,0.0
2018,12,BAL,Gus Edwards,58.0,2.5,60.0,2.6,1.0
2018,12,BAL,Lamar Jackson,68.0,6.2,3.0,0.3,0.0
2018,12,BAL,Ty Montgomery,18.0,2.3,33.0,4.1,1.0
2018,12,BAL,Javorius Allen,2.0,2.0,0.0,0.0,0.0
2018,12,OAK,Doug Martin,27.0,2.5,24.0,2.2,0.0
2018,12,OAK,DeAndre Washington,2.0,0.7,6.0,2.0,0.0
2018,12,OAK,A.J. McCarron,-2.0,-1.0,0.0,0.0,0.0
2018,12,OAK,Jordy Nelson,-2.0,-2.0,0.0,0.0,0.0
2018,12,OAK,Jalen Richard,1.0,1.0,0.0,0.0,0.0
2018,12,OAK,Seth Roberts,10.0,10.0,1.0,1.0,0.0
2018,12,BUF,LeSean McCoy,23.0,1.4,23.0,1.4,0.0
2018,12,BUF,Josh Allen,60.0,4.6,39.0,3.0,0.0
2018,12,BUF,Chris Ivory,7.0,2.3,7.0,2.3,0.0
2018,12,BUF,Isaiah McKenzie,8.0,4.0,0.0,0.0,0.0
2018,12,JAX,Leonard Fournette,38.0,2.1,57.0,3.2,0.0
2018,12,JAX,Carlos Hyde,27.0,2.7,6.0,0.6,1.0
2018,12,JAX,Blake Bortles,26.0,4.3,13.0,2.2,0.0
2018,12,JAX,T.J. Yeldon,1.0,0.3,15.0,5.0,1.0
2018,12,JAX,Tommy Bohanon,0.0,0.0,0.0,0.0,0.0
2018,12,JAX,Dede Westbrook,43.0,43.0,0.0,0.0,0.0
2018,12,CAR,Christian McCaffrey,102.0,6.0,23.0,1.4,0.0
2018,12,CAR,Cam Newton,47.0,5.9,16.0,2.0,0.0
2018,12,CAR,D.J. Moore,7.0,7.0,0.0,0.0,0.0
2018,12,CAR,Curtis Samuel,25.0,25.0,0.0,0.0,0.0
2018,12,SEA,Chris Carson,5.0,0.3,50.0,3.1,2.0
2018,12,SEA,Mike Davis,8.0,2.0,6.0,1.5,0.0
2018,12,SEA,Rashaad Penny,2.0,0.5,2.0,0.5,0.0
2018,12,SEA,Russell Wilson,4.0,1.3,0.0,0.0,0.0
2018,12,SEA,Tyler Lockett,-2.0,-2.0,0.0,0.0,0.0
2018,12,CIN,Joe Mixon,65.0,4.6,24.0,1.7,0.0
2018,12,CIN,Jeff Driskel,8.0,2.7,1.0,0.3,0.0
2018,12,CIN,Andy Dalton,-11.0,-5.5,32.0,16.0,1.0
2018,12,CIN,Giovani Bernard,2.0,2.0,8.0,8.0,0.0
2018,12,CLE,Nick Chubb,26.0,0.9,58.0,2.1,0.0
2018,12,CLE,Baker Mayfield,-4.0,-1.0,0.0,0.0,0.0
2018,12,CLE,Duke Johnson,14.0,7.0,2.0,1.0,0.0
2018,12,CLE,Breshad Perriman,-12.0,-12.0,0.0,0.0,0.0
2018,12,NYJ,Isaiah Crowell,23.0,3.8,7.0,1.2,0.0
2018,12,NYJ,Elijah McGuire,16.0,2.7,3.0,0.5,0.0
2018,12,NYJ,Josh McCown,23.0,7.7,2.0,0.7,0.0
2018,12,NE,Sony Michel,86.0,4.1,47.0,2.2,2.0
2018,12,NE,James White,65.0,7.2,8.0,0.9,0.0
2018,12,NE,Cordarrelle Patterson,-2.0,-0.4,12.0,2.4,0.0
2018,12,NE,Tom Brady,-1.0,-1.0,0.0,0.0,0.0
2018,12,PHI,Josh Adams,25.0,1.1,59.0,2.7,2.0
2018,12,PHI,Corey Clement,9.0,1.8,36.0,7.2,0.0
2018,12,PHI,Carson Wentz,-2.0,-1.0,0.0,0.0,0.0
2018,12,NYG,Saquon Barkley,11.0,0.8,90.0,6.9,5.0
2018,12,NYG,Wayne Gallman,6.0,1.2,19.0,3.8,2.0
2018,12,TB,Peyton Barber,16.0,0.9,31.0,1.7,0.0
2018,12,TB,Jameis Winston,8.0,1.1,16.0,2.3,0.0
2018,12,TB,Jacquizz Rodgers,26.0,5.2,5.0,1.0,0.0
2018,12,TB,DeSean Jackson,6.0,6.0,0.0,0.0,0.0
2018,12,SF,Matt Breida,76.0,5.4,30.0,2.1,1.0
2018,12,SF,Jeff Wilson,2.0,0.3,31.0,4.4,0.0
2018,12,SF,Nick Mullens,-1.0,-0.5,0.0,0.0,0.0
2018,12,SF,George Kittle,10.0,10.0,0.0,0.0,0.0
2018,12,LAC,Melvin Gordon,13.0,1.3,48.0,4.8,2.0
2018,12,LAC,Justin Jackson,33.0,4.7,24.0,3.4,1.0
2018,12,LAC,Austin Ekeler,15.0,3.0,20.0,4.0,0.0
2018,12,LAC,Detrez Newsome,7.0,1.8,8.0,2.0,0.0
2018,12,LAC,Geno Smith,7.0,2.3,0.0,0.0,0.0
2018,12,LAC,Philip Rivers,1.0,1.0,2.0,2.0,0.0
2018,12,ARI,David Johnson,37.0,2.2,26.0,1.5,1.0
2018,12,ARI,Chase Edmonds,-5.0,-1.0,5.0,1.0,1.0
2018,12,ARI,Josh Rosen,-1.0,-0.5,0.0,0.0,0.0
2018,12,DEN,Phillip Lindsay,99.0,7.1,11.0,0.8,0.0
2018,12,DEN,Royce Freeman,11.0,1.8,6.0,1.0,0.0
2018,12,DEN,Case Keenum,-3.0,-1.0,0.0,0.0,0.0
2018,12,PIT,James Conner,38.0,2.9,15.0,1.2,2.0
2018,12,PIT,Ben Roethlisberger,18.0,9.0,0.0,0.0,0.0
2018,12,PIT,Ryan Switzer,2.0,2.0,2.0,2.0,0.0
2018,12,IND,Marlon Mack,65.0,4.3,20.0,1.3,0.0
2018,12,IND,Nyheim Hines,20.0,2.2,8.0,0.9,0.0
2018,12,IND,Andrew Luck,5.0,2.5,0.0,0.0,0.0
2018,12,MIA,Frank Gore,48.0,3.4,19.0,1.4,2.0
2018,12,MIA,Kenyan Drake,28.0,3.5,4.0,0.5,2.0
2018,12,MIA,Ryan Tannehill,14.0,4.7,0.0,0.0,0.0
2018,12,MIN,Latavius Murray,16.0,1.5,17.0,1.5,0.0
2018,12,MIN,Dalvin Cook,10.0,1.0,19.0,1.9,1.0
2018,12,MIN,Kirk Cousins,15.0,2.5,2.0,0.3,0.0
2018,12,MIN,Stefon Diggs,10.0,10.0,2.0,2.0,0.0
2018,12,MIN,C.J. Ham,0.0,0.0,0.0,0.0,0.0
2018,12,GB,Aaron Jones,39.0,2.3,33.0,1.9,1.0
2018,12,GB,Equanimeous St. Brown,1.0,1.0,4.0,4.0,0.0
2018,12,GB,Jamaal Williams,1.0,1.0,4.0,4.0,0.0
2018,12,HOU,Alfred Blue,47.0,3.6,2.0,0.2,0.0
2018,12,HOU,Lamar Miller,53.0,4.4,109.0,9.1,3.0
2018,12,HOU,Deshaun Watson,60.0,6.7,10.0,1.1,2.0
2018,12,TEN,Derrick Henry,14.0,1.8,16.0,2.0,2.0
2018,12,TEN,Dion Lewis,10.0,1.4,-2.0,-0.3,1.0
2018,12,TEN,Marcus Mariota,4.0,0.7,24.0,4.0,2.0
2018,12,TEN,Corey Davis,39.0,39.0,0.0,0.0,0.0
2018,12,TEN,Luke Stocker,0.0,0.0,0.0,0.0,0.0
2018,13,DAL,Ezekiel Elliott,45.0,2.0,30.0,1.3,0.0
2018,13,DAL,Dak Prescott,8.0,1.6,14.0,2.8,0.0
2018,13,DAL,Rod Smith,2.0,0.7,0.0,0.0,0.0
2018,13,NO,Alvin Kamara,22.0,2.0,14.0,1.3,1.0
2018,13,NO,Mark Ingram,19.0,2.7,8.0,1.1,0.0
2018,13,NO,Drew Brees,2.0,2.0,0.0,0.0,0.0
2018,13,ATL,Ito Smith,12.0,1.7,10.0,1.4,1.0
2018,13,ATL,Tevin Coleman,8.0,1.3,0.0,0.0,0.0
2018,13,ATL,Matt Ryan,4.0,2.0,0.0,0.0,0.0
2018,13,BAL,Gus Edwards,47.0,2.2,35.0,1.7,0.0
2018,13,BAL,Lamar Jackson,58.0,3.4,17.0,1.0,1.0
2018,13,BAL,Kenneth Dixon,22.0,2.8,15.0,1.9,1.0
2018,13,BAL,Ty Montgomery,11.0,3.7,2.0,0.7,0.0
2018,13,CIN,Joe Mixon,39.0,3.3,43.0,3.6,0.0
2018,13,CIN,Giovani Bernard,7.0,1.4,7.0,1.4,0.0
2018,13,CIN,Jeff Driskel,-1.0,-0.3,4.0,1.3,0.0
2018,13,CIN,Alex Erickson,-1.0,-1.0,1.0,1.0,0.0
2018,13,CIN,John Ross,2.0,2.0,0.0,0.0,0.0
2018,13,CIN,Mark Walton,7.0,7.0,3.0,3.0,0.0
2018,13,DEN,Phillip Lindsay,132.0,6.9,25.0,1.3,0.0
2018,13,DEN,Royce Freeman,13.0,1.1,35.0,2.9,1.0
2018,13,DEN,Case Keenum,9.0,4.5,0.0,0.0,0.0
2018,13,DEN,Devontae Booker,3.0,3.0,1.0,1.0,0.0
2018,13,DET,LeGarrette Blount,30.0,1.9,31.0,1.9,1.0
2018,13,DET,Theo Riddick,15.0,1.9,17.0,2.1,2.0
2018,13,DET,Matthew Stafford,2.0,2.0,0.0,0.0,0.0
2018,13,DET,Zach Zenner,7.0,7.0,0.0,0.0,0.0
2018,13,LA,Todd Gurley,65.0,2.8,67.0,2.9,2.0
2018,13,LA,Malcolm Brown,2.0,1.0,6.0,3.0,1.0
2018,13,LA,Jared Goff,-2.0,-1.0,0.0,0.0,0.0
2018,13,LA,Robert Woods,11.0,5.5,0.0,0.0,0.0
2018,13,GB,Aaron Jones,9.0,0.8,27.0,2.5,2.0
2018,13,GB,Jamaal Williams,5.0,0.7,8.0,1.1,0.0
2018,13,GB,Aaron Rodgers,20.0,6.7,0.0,0.0,0.0
2018,13,GB,Marquez Valdes-Scantling,29.0,14.5,0.0,0.0,0.0
2018,13,ARI,David Johnson,22.0,1.1,47.0,2.4,2.0
2018,13,ARI,Chase Edmonds,30.0,6.0,23.0,4.6,1.0
2018,13,ARI,Josh Rosen,-8.0,-4.0,40.0,20.0,0.0
2018,13,ARI,Christian Kirk,23.0,23.0,0.0,0.0,0.0
2018,13,ARI,T.J. Logan,3.0,3.0,2.0,2.0,0.0
2018,13,HOU,Lamar Miller,77.0,4.1,26.0,1.4,0.0
2018,13,HOU,Alfred Blue,6.0,0.5,48.0,3.7,2.0
2018,13,HOU,Deshaun Watson,21.0,3.0,9.0,1.3,0.0
2018,13,CLE,Nick Chubb,4.0,0.4,27.0,3.0,4.0
2018,13,JAX,Carlos Hyde,19.0,1.5,17.0,1.3,2.0
2018,13,JAX,T.J. Yeldon,7.0,0.9,9.0,1.1,0.0
2018,13,JAX,Cody Kessler,11.0,2.2,17.0,3.4,0.0
2018,13,JAX,Dede Westbrook,-1.0,-1.0,0.0,0.0,0.0
2018,13,IND,Marlon Mack,17.0,2.1,10.0,1.3,2.0
2018,13,IND,Nyheim Hines,2.0,0.5,3.0,0.8,0.0
2018,13,IND,Andrew Luck,16.0,8.0,0.0,0.0,0.0
2018,13,IND,Eric Ebron,-9.0,-9.0,0.0,0.0,0.0
2018,13,IND,Zach Pascal,2.0,2.0,0.0,0.0,0.0
2018,13,MIA,Frank Gore,6.0,0.8,15.0,1.9,0.0
2018,13,MIA,Kenyan Drake,2.0,0.3,29.0,4.1,1.0
2018,13,MIA,Kalen Ballage,-3.0,-0.8,6.0,1.5,0.0
2018,13,MIA,Ryan Tannehill,-5.0,-1.7,0.0,0.0,0.0
2018,13,MIA,Brandon Bolden,6.0,6.0,4.0,4.0,0.0
2018,13,BUF,LeSean McCoy,14.0,0.9,38.0,2.5,0.0
2018,13,BUF,Josh Allen,80.0,8.9,55.0,6.1,0.0
2018,13,BUF,Chris Ivory,-5.0,-0.8,9.0,1.5,0.0
2018,13,BUF,Marcus Murphy,5.0,5.0,2.0,2.0,0.0
2018,13,NYG,Saquon Barkley,81.0,3.4,44.0,1.8,1.0
2018,13,NYG,Wayne Gallman,8.0,1.6,8.0,1.6,0.0
2018,13,CHI,Jordan Howard,56.0,3.5,20.0,1.3,0.0
2018,13,CHI,Tarik Cohen,20.0,2.5,10.0,1.3,1.0
2018,13,CHI,Chase Daniel,4.0,1.0,0.0,0.0,0.0
2018,13,CHI,Taquan Mizzell,4.0,1.3,3.0,1.0,0.0
2018,13,CHI,Akiem Hicks,1.0,1.0,0.0,0.0,0.0
2018,13,TB,Peyton Barber,20.0,1.3,25.0,1.6,0.0
2018,13,TB,Jameis Winston,30.0,6.0,18.0,3.6,0.0
2018,13,TB,Ronald Jones II,0.0,0.0,2.0,0.5,0.0
2018,13,CAR,Christian McCaffrey,40.0,4.0,66.0,6.6,0.0
2018,13,CAR,Cam Newton,27.0,4.5,6.0,1.0,0.0
2018,13,CAR,D.J. Moore,18.0,9.0,3.0,1.5,0.0
2018,13,CAR,Curtis Samuel,8.0,8.0,0.0,0.0,0.0
2018,13,OAK,Doug Martin,37.0,2.1,24.0,1.3,0.0
2018,13,OAK,Jalen Richard,40.0,6.7,55.0,9.2,1.0
2018,13,OAK,DeAndre Washington,3.0,1.0,4.0,1.3,0.0
2018,13,OAK,Derek Carr,8.0,8.0,0.0,0.0,0.0
2018,13,KC,Spencer Ware,29.0,2.1,18.0,1.3,0.0
2018,13,KC,Patrick Mahomes,51.0,5.7,1.0,0.1,0.0
2018,13,KC,Damien Williams,33.0,6.6,5.0,1.0,0.0
2018,13,KC,Tyreek Hill,35.0,17.5,2.0,1.0,0.0
2018,13,TEN,Derrick Henry,12.0,1.2,28.0,2.8,1.0
2018,13,TEN,Dion Lewis,20.0,3.3,16.0,2.7,1.0
2018,13,TEN,Marcus Mariota,34.0,8.5,9.0,2.3,0.0
2018,13,TEN,Corey Davis,12.0,12.0,0.0,0.0,0.0
2018,13,TEN,Blaine Gabbert,-1.0,-1.0,0.0,0.0,0.0
2018,13,NYJ,Isaiah Crowell,44.0,2.1,54.0,2.6,0.0
2018,13,NYJ,Elijah McGuire,7.0,1.2,12.0,2.0,0.0
2018,13,NYJ,Trenton Cannon,6.0,1.5,12.0,3.0,0.0
2018,13,NYJ,Josh McCown,3.0,3.0,0.0,0.0,0.0
2018,13,NYJ,Andre Roberts,16.0,16.0,2.0,2.0,0.0
2018,13,NE,Sony Michel,44.0,2.6,19.0,1.1,0.0
2018,13,NE,Rex Burkhead,8.0,1.1,12.0,1.7,0.0
2018,13,NE,James White,10.0,1.7,16.0,2.7,1.0
2018,13,NE,James Develin,5.0,1.3,0.0,0.0,0.0
2018,13,NE,Tom Brady,5.0,2.5,0.0,0.0,0.0
2018,13,NE,Julian Edelman,31.0,15.5,4.0,2.0,0.0
2018,13,NE,Cordarrelle Patterson,4.0,4.0,2.0,2.0,0.0
2018,13,MIN,Dalvin Cook,49.0,5.4,35.0,3.9,2.0
2018,13,MIN,Latavius Murray,6.0,1.5,5.0,1.3,0.0
2018,13,SEA,Chris Carson,33.0,2.5,36.0,2.8,1.0
2018,13,SEA,Rashaad Penny,43.0,6.1,22.0,3.1,1.0
2018,13,SEA,Mike Davis,1.0,0.3,9.0,2.3,0.0
2018,13,SEA,Russell Wilson,12.0,3.0,2.0,0.5,0.0
2018,13,SEA,Tyler Lockett,10.0,10.0,0.0,0.0,0.0
2018,13,SF,Jeff Wilson,33.0,2.2,28.0,1.9,0.0
2018,13,SF,Matt Breida,3.0,0.6,3.0,0.6,0.0
2018,13,SF,Nick Mullens,1.0,0.5,0.0,0.0,0.0
2018,13,SF,Dante Pettis,-2.0,-2.0,0.0,0.0,0.0
2018,13,PIT,James Conner,44.0,2.9,16.0,1.1,0.0
2018,13,PIT,Jaylen Samuels,3.0,1.5,2.0,1.0,0.0
2018,13,LAC,Austin Ekeler,8.0,0.6,13.0,1.0,0.0
2018,13,LAC,Justin Jackson,37.0,4.6,26.0,3.3,1.0
2018,13,LAC,Travis Benjamin,0.0,0.0,1.0,1.0,0.0
2018,13,PHI,Josh Adams,62.0,3.1,23.0,1.2,2.0
2018,13,PHI,Corey Clement,23.0,4.6,4.0,0.8,0.0
2018,13,PHI,Darren Sproles,13.0,3.3,9.0,2.3,1.0
2018,13,PHI,Carson Wentz,-4.0,-1.0,0.0,0.0,0.0
2018,13,WAS,Adrian Peterson,91.0,10.1,7.0,0.8,2.0
2018,13,WAS,Chris Thompson,3.0,1.0,0.0,0.0,0.0
2018,13,WAS,Jamison Crowder,-5.0,-5.0,0.0,0.0,0.0
2018,13,WAS,Mark Sanchez,8.0,8.0,0.0,0.0,0.0
2018,14,TEN,Derrick Henry,111.0,6.5,127.0,7.5,11.0
2018,14,TEN,Dion Lewis,5.0,0.5,8.0,0.8,0.0
2018,14,TEN,Marcus Mariota,12.0,3.0,1.0,0.3,0.0
2018,14,TEN,Corey Davis,-1.0,-1.0,1.0,1.0,0.0
2018,14,JAX,Leonard Fournette,21.0,1.5,15.0,1.1,0.0
2018,14,JAX,Cody Kessler,1.0,0.2,16.0,3.2,1.0
2018,14,JAX,T.J. Yeldon,4.0,4.0,3.0,3.0,0.0
2018,14,BUF,Chris Ivory,7.0,0.6,35.0,2.9,1.0
2018,14,BUF,Josh Allen,27.0,3.0,74.0,8.2,1.0
2018,14,BUF,Isaiah McKenzie,18.0,4.5,4.0,1.0,0.0
2018,14,BUF,Marcus Murphy,3.0,0.8,7.0,1.8,2.0
2018,14,BUF,LeSean McCoy,-1.0,-0.5,2.0,1.0,0.0
2018,14,NYJ,Elijah McGuire,-6.0,-0.4,66.0,3.9,2.0
2018,14,NYJ,Trenton Cannon,-4.0,-0.8,7.0,1.4,1.0
2018,14,NYJ,Sam Darnold,3.0,0.8,7.0,1.8,0.0
2018,14,NYJ,Isaiah Crowell,0.0,0.0,5.0,2.5,1.0
2018,14,CLE,Nick Chubb,23.0,1.8,43.0,3.3,1.0
2018,14,CLE,Baker Mayfield,2.0,0.5,0.0,0.0,0.0
2018,14,CLE,Duke Johnson,-7.0,-3.5,1.0,0.5,2.0
2018,14,CLE,Jarvis Landry,32.0,16.0,22.0,11.0,0.0
2018,14,CAR,Christian McCaffrey,9.0,0.6,54.0,3.4,1.0
2018,14,CAR,Cam Newton,12.0,2.4,11.0,2.2,0.0
2018,14,CAR,Alex Armah,0.0,0.0,0.0,0.0,0.0
2018,14,CAR,Cameron Artis-Payne,1.0,1.0,4.0,4.0,0.0
2018,14,CAR,D.J. Moore,0.0,0.0,0.0,0.0,0.0
2018,14,CAR,Jarius Wright,2.0,2.0,3.0,3.0,0.0
2018,14,GB,Aaron Jones,52.0,3.1,26.0,1.5,0.0
2018,14,GB,Jamaal Williams,8.0,2.0,9.0,2.3,0.0
2018,14,GB,Aaron Rodgers,44.0,14.7,0.0,0.0,1.0
2018,14,GB,DeShone Kizer,-1.0,-1.0,0.0,0.0,0.0
2018,14,ATL,Ito Smith,41.0,3.7,19.0,1.7,3.0
2018,14,ATL,Tevin Coleman,32.0,3.2,13.0,1.3,0.0
2018,14,ATL,Marvin Hall,-3.0,-3.0,0.0,0.0,0.0
2018,14,ATL,Brian Hill,5.0,5.0,0.0,0.0,0.0
2018,14,ATL,Matt Ryan,0.0,0.0,0.0,0.0,0.0
2018,14,HOU,Lamar Miller,8.0,0.6,25.0,1.8,2.0
2018,14,HOU,Alfred Blue,7.0,1.2,14.0,2.3,1.0
2018,14,HOU,Deshaun Watson,26.0,5.2,9.0,1.8,0.0
2018,14,IND,Marlon Mack,-3.0,-0.2,36.0,2.6,1.0
2018,14,IND,Andrew Luck,-18.0,-3.0,34.0,5.7,0.0
2018,14,IND,Nyheim Hines,-4.0,-1.3,5.0,1.7,0.0
2018,14,KC,Spencer Ware,42.0,2.8,33.0,2.2,1.0
2018,14,KC,Damien Williams,8.0,1.0,6.0,0.8,0.0
2018,14,KC,Patrick Mahomes,-3.0,-1.5,0.0,0.0,0.0
2018,14,KC,Tyreek Hill,6.0,6.0,0.0,0.0,0.0
2018,14,KC,Anthony Sherman,1.0,1.0,1.0,1.0,0.0
2018,14,BAL,Gus Edwards,36.0,2.3,31.0,1.9,1.0
2018,14,BAL,Lamar Jackson,56.0,4.0,11.0,0.8,0.0
2018,14,BAL,Kenneth Dixon,27.0,3.4,32.0,4.0,2.0
2018,14,BAL,Ty Montgomery,0.0,0.0,1.0,0.5,0.0
2018,14,MIA,Frank Gore,49.0,4.1,43.0,3.6,0.0
2018,14,MIA,Kenyan Drake,15.0,2.5,9.0,1.5,0.0
2018,14,MIA,Brandon Bolden,59.0,29.5,1.0,0.5,0.0
2018,14,MIA,Ryan Tannehill,8.0,8.0,5.0,5.0,0.0
2018,14,NE,Sony Michel,30.0,1.5,27.0,1.4,1.0
2018,14,NE,Rex Burkhead,1.0,0.3,1.0,0.3,0.0
2018,14,NE,James White,10.0,2.5,3.0,0.8,0.0
2018,14,NE,Tom Brady,3.0,3.0,0.0,0.0,0.0
2018,14,NE,James Develin,1.0,1.0,1.0,1.0,0.0
2018,14,TB,Peyton Barber,17.0,1.2,25.0,1.8,1.0
2018,14,TB,Jameis Winston,10.0,2.0,37.0,7.4,1.0
2018,14,TB,Jacquizz Rodgers,8.0,2.0,8.0,2.0,1.0
2018,14,NO,Mark Ingram,14.0,1.1,38.0,2.9,5.0
2018,14,NO,Alvin Kamara,12.0,1.0,39.0,3.3,1.0
2018,14,NO,Drew Brees,-1.0,-0.3,0.0,0.0,0.0
2018,14,NO,Taysom Hill,-6.0,-6.0,0.0,0.0,0.0
2018,14,NO,Zach Line,3.0,3.0,1.0,1.0,0.0
2018,14,WAS,Adrian Peterson,4.0,0.4,12.0,1.2,2.0
2018,14,WAS,Josh Johnson,38.0,5.4,7.0,1.0,0.0
2018,14,WAS,Chris Thompson,16.0,5.3,7.0,2.3,0.0
2018,14,WAS,Jehu Chesson,-4.0,-4.0,0.0,0.0,0.0
2018,14,WAS,Byron Marshall,4.0,4.0,0.0,0.0,0.0
2018,14,NYG,Saquon Barkley,137.0,9.8,33.0,2.4,2.0
2018,14,NYG,Wayne Gallman,26.0,1.9,12.0,0.9,0.0
2018,14,NYG,Elijhaa Penny,7.0,1.4,14.0,2.8,0.0
2018,14,NYG,Kyle Lauletta,-2.0,-2.0,0.0,0.0,0.0
2018,14,LAC,Austin Ekeler,35.0,2.3,31.0,2.1,0.0
2018,14,LAC,Justin Jackson,6.0,0.9,6.0,0.9,1.0
2018,14,LAC,Philip Rivers,4.0,2.0,3.0,1.5,0.0
2018,14,LAC,Keenan Allen,0.0,0.0,0.0,0.0,0.0
2018,14,CIN,Joe Mixon,50.0,1.9,61.0,2.3,0.0
2018,14,CIN,Giovani Bernard,5.0,1.7,2.0,0.7,0.0
2018,14,CIN,Jeff Driskel,10.0,5.0,2.0,1.0,0.0
2018,14,CIN,Alex Erickson,11.0,11.0,3.0,3.0,0.0
2018,14,SF,Jeff Wilson,66.0,2.9,24.0,1.0,0.0
2018,14,SF,Nick Mullens,-10.0,-2.0,0.0,0.0,0.0
2018,14,SF,Alfred Morris,4.0,2.0,0.0,0.0,0.0
2018,14,DEN,Phillip Lindsay,20.0,1.4,10.0,0.7,0.0
2018,14,DEN,Royce Freeman,13.0,2.2,23.0,3.8,0.0
2018,14,DEN,Case Keenum,19.0,4.8,5.0,1.3,0.0
2018,14,DEN,Andy Janovich,0.0,0.0,3.0,3.0,0.0
2018,14,DEN,Tim Patrick,11.0,11.0,0.0,0.0,0.0
2018,14,DEN,Courtland Sutton,-1.0,-1.0,0.0,0.0,0.0
2018,14,ARI,David Johnson,20.0,1.3,29.0,1.9,0.0
2018,14,ARI,Chase Edmonds,9.0,3.0,5.0,1.7,0.0
2018,14,ARI,Josh Rosen,1.0,0.5,2.0,1.0,0.0
2018,14,ARI,JJ Nelson,-5.0,-5.0,0.0,0.0,0.0
2018,14,DET,LeGarrette Blount,20.0,1.7,13.0,1.1,0.0
2018,14,DET,Zach Zenner,28.0,2.3,26.0,2.2,1.0
2018,14,DET,Theo Riddick,16.0,2.7,12.0,2.0,0.0
2018,14,DET,Matthew Stafford,7.0,7.0,0.0,0.0,0.0
2018,14,DAL,Ezekiel Elliott,40.0,1.4,73.0,2.6,3.0
2018,14,DAL,Dak Prescott,-1.0,-0.3,3.0,0.8,0.0
2018,14,DAL,Rod Smith,18.0,4.5,9.0,2.3,0.0
2018,14,PHI,Josh Adams,-8.0,-1.1,44.0,6.3,1.0
2018,14,PHI,Carson Wentz,-12.0,-3.0,9.0,2.3,0.0
2018,14,PHI,Corey Clement,-4.0,-4.0,0.0,0.0,0.0
2018,14,PHI,Wendell Smallwood,3.0,3.0,0.0,0.0,0.0
2018,14,PHI,Darren Sproles,0.0,0.0,2.0,2.0,0.0
2018,14,OAK,Doug Martin,22.0,1.4,10.0,0.6,0.0
2018,14,OAK,Jalen Richard,12.0,1.5,12.0,1.5,1.0
2018,14,OAK,Derek Carr,-1.0,-1.0,0.0,0.0,0.0
2018,14,PIT,Jaylen Samuels,17.0,1.5,11.0,1.0,0.0
2018,14,PIT,Stevan Ridley,3.0,0.6,1.0,0.2,0.0
2018,14,PIT,Joshua Dobbs,15.0,7.5,0.0,0.0,0.0
2018,14,PIT,Darrius Heyward-Bey,-7.0,-7.0,0.0,0.0,0.0
2018,14,CHI,Jordan Howard,50.0,2.6,51.0,2.7,0.0
2018,14,CHI,Tarik Cohen,58.0,6.4,11.0,1.2,0.0
2018,14,CHI,Mitchell Trubisky,23.0,3.8,0.0,0.0,0.0
2018,14,CHI,Taquan Mizzell,1.0,1.0,0.0,0.0,0.0
2018,14,LA,Todd Gurley,5.0,0.5,23.0,2.1,2.0
2018,14,LA,Justin Davis,16.0,16.0,3.0,3.0,0.0
2018,14,LA,Jared Goff,5.0,5.0,0.0,0.0,0.0
2018,14,SEA,Chris Carson,69.0,3.1,21.0,1.0,1.0
2018,14,SEA,Rashaad Penny,36.0,4.5,8.0,1.0,2.0
2018,14,SEA,Russell Wilson,61.0,8.7,0.0,0.0,0.0
2018,14,SEA,Mike Davis,22.0,7.3,0.0,0.0,0.0
2018,14,SEA,Tyler Lockett,-3.0,-1.5,0.0,0.0,0.0
2018,14,MIN,Dalvin Cook,34.0,2.6,21.0,1.6,1.0
2018,14,MIN,Kirk Cousins,5.0,1.7,0.0,0.0,0.0
2018,14,MIN,Latavius Murray,1.0,0.3,3.0,1.0,0.0
2018,14,MIN,Stefon Diggs,5.0,5.0,0.0,0.0,0.0
2018,14,MIN,Adam Thielen,8.0,8.0,0.0,0.0,0.0
2018,15,KC,Damien Williams,38.0,3.8,11.0,1.1,0.0
2018,15,KC,Tyreek Hill,-6.0,-2.0,1.0,0.3,0.0
2018,15,KC,Patrick Mahomes,3.0,1.5,0.0,0.0,0.0
2018,15,KC,Darrel Williams,5.0,2.5,8.0,4.0,1.0
2018,15,LAC,Justin Jackson,23.0,1.4,35.0,2.2,1.0
2018,15,LAC,Detrez Newsome,16.0,2.7,18.0,3.0,1.0
2018,15,LAC,Travis Benjamin,8.0,8.0,0.0,0.0,0.0
2018,15,LAC,Mike Williams,17.0,17.0,2.0,2.0,0.0
2018,15,NYJ,Elijah McGuire,4.0,0.2,38.0,2.1,3.0
2018,15,NYJ,Trenton Cannon,-1.0,-0.1,14.0,2.0,1.0
2018,15,NYJ,Sam Darnold,21.0,3.5,14.0,2.3,0.0
2018,15,HOU,Alfred Blue,-3.0,-0.3,9.0,1.0,0.0
2018,15,HOU,Deshaun Watson,21.0,5.3,5.0,1.3,0.0
2018,15,HOU,Lamar Miller,1.0,0.3,7.0,2.3,0.0
2018,15,HOU,DeAndre Carter,5.0,5.0,2.0,2.0,0.0
2018,15,DEN,Phillip Lindsay,8.0,0.6,16.0,1.1,2.0
2018,15,DEN,Royce Freeman,4.0,1.0,3.0,0.8,0.0
2018,15,DEN,Case Keenum,1.0,0.5,0.0,0.0,0.0
2018,15,CLE,Nick Chubb,70.0,3.5,30.0,1.5,2.0
2018,15,CLE,Duke Johnson,11.0,2.8,17.0,4.3,2.0
2018,15,CLE,Baker Mayfield,2.0,0.5,4.0,1.0,1.0
2018,15,ATL,Tevin Coleman,102.0,9.3,43.0,3.9,1.0
2018,15,ATL,Ito Smith,14.0,1.6,20.0,2.2,1.0
2018,15,ATL,Brian Hill,4.0,1.3,3.0,1.0,0.0
2018,15,ATL,Matt Ryan,18.0,6.0,0.0,0.0,0.0
2018,15,ATL,Mohamed Sanu,11.0,11.0,0.0,0.0,0.0
2018,15,ARI,David Johnson,32.0,2.9,1.0,0.1,0.0
2018,15,ARI,Chase Edmonds,11.0,1.4,11.0,1.4,2.0
2018,15,ARI,Josh Rosen,8.0,4.0,0.0,0.0,0.0
2018,15,ARI,T.J. Logan,-3.0,-3.0,0.0,0.0,0.0
2018,15,BAL,Gus Edwards,49.0,2.6,55.0,2.9,0.0
2018,15,BAL,Lamar Jackson,69.0,3.8,26.0,1.4,0.0
2018,15,BAL,Kenneth Dixon,15.0,1.4,33.0,3.0,3.0
2018,15,BAL,Chris Moore,-8.0,-8.0,3.0,3.0,1.0
2018,15,TB,Peyton Barber,50.0,2.6,35.0,1.8,0.0
2018,15,TB,Jameis Winston,0.0,0.0,0.0,0.0,0.0
2018,15,BUF,Keith Ford,35.0,2.5,11.0,0.8,0.0
2018,15,BUF,Marcus Murphy,13.0,1.2,22.0,2.0,7.0
2018,15,BUF,Josh Allen,13.0,1.4,3.0,0.3,0.0
2018,15,BUF,Patrick DiMarco,6.0,6.0,3.0,3.0,0.0
2018,15,BUF,Ray-Ray McCloud,4.0,4.0,3.0,3.0,0.0
2018,15,BUF,Isaiah McKenzie,4.0,4.0,0.0,0.0,0.0
2018,15,DET,Zach Zenner,13.0,1.3,32.0,3.2,0.0
2018,15,DET,Theo Riddick,27.0,3.4,20.0,2.5,1.0
2018,15,DET,LeGarrette Blount,-5.0,-0.7,14.0,2.0,1.0
2018,15,DET,Brandon Powell,2.0,2.0,2.0,2.0,0.0
2018,15,CHI,Jordan Howard,26.0,1.4,34.0,1.8,2.0
2018,15,CHI,Tarik Cohen,16.0,3.2,8.0,1.6,0.0
2018,15,CHI,Mitchell Trubisky,16.0,5.3,0.0,0.0,0.0
2018,15,CHI,Benny Cunningham,-1.0,-1.0,0.0,0.0,0.0
2018,15,CHI,Taquan Mizzell,-1.0,-1.0,2.0,2.0,0.0
2018,15,GB,Jamaal Williams,36.0,3.0,19.0,1.6,0.0
2018,15,GB,Aaron Jones,2.0,0.5,6.0,1.5,0.0
2018,15,GB,Aaron Rodgers,25.0,8.3,0.0,0.0,0.0
2018,15,CIN,Joe Mixon,46.0,1.7,83.0,3.1,0.0
2018,15,CIN,Jeff Driskel,15.0,2.1,17.0,2.4,0.0
2018,15,CIN,Giovani Bernard,-1.0,-0.2,8.0,1.3,0.0
2018,15,CIN,John Ross,1.0,1.0,2.0,2.0,0.0
2018,15,OAK,Doug Martin,21.0,2.3,18.0,2.0,1.0
2018,15,OAK,Jalen Richard,5.0,1.3,4.0,1.0,0.0
2018,15,OAK,Seth Roberts,-4.0,-4.0,2.0,2.0,0.0
2018,15,OAK,Darren Waller,16.0,16.0,5.0,5.0,0.0
2018,15,OAK,DeAndre Washington,-1.0,-1.0,2.0,2.0,0.0
2018,15,IND,Marlon Mack,73.0,2.7,66.0,2.4,4.0
2018,15,IND,Nyheim Hines,10.0,1.7,9.0,1.5,1.0
2018,15,IND,Andrew Luck,20.0,3.3,0.0,0.0,0.0
2018,15,DAL,Ezekiel Elliott,69.0,3.8,18.0,1.0,1.0
2018,15,DAL,Rod Smith,6.0,2.0,8.0,2.7,1.0
2018,15,DAL,Amari Cooper,8.0,8.0,3.0,3.0,0.0
2018,15,JAX,Leonard Fournette,33.0,3.0,13.0,1.2,0.0
2018,15,JAX,Cody Kessler,54.0,9.0,14.0,2.3,0.0
2018,15,JAX,David Williams,25.0,5.0,7.0,1.4,0.0
2018,15,JAX,T.J. Yeldon,3.0,1.0,3.0,1.0,0.0
2018,15,JAX,Dede Westbrook,15.0,15.0,5.0,5.0,1.0
2018,15,WAS,Adrian Peterson,19.0,1.0,32.0,1.7,2.0
2018,15,WAS,Josh Johnson,39.0,4.3,10.0,1.1,0.0
2018,15,WAS,Chris Thompson,2.0,0.4,7.0,1.4,0.0
2018,15,MIN,Dalvin Cook,75.0,3.9,61.0,3.2,1.0
2018,15,MIN,Latavius Murray,38.0,2.5,30.0,2.0,0.0
2018,15,MIN,Kirk Cousins,4.0,0.8,3.0,0.6,0.0
2018,15,MIN,Stefon Diggs,9.0,9.0,0.0,0.0,0.0
2018,15,MIA,Kalen Ballage,103.0,8.6,20.0,1.7,0.0
2018,15,MIA,Frank Gore,6.0,1.2,8.0,1.6,0.0
2018,15,MIA,Brandon Bolden,12.0,12.0,0.0,0.0,0.0
2018,15,MIA,Kenyan Drake,2.0,2.0,4.0,4.0,0.0
2018,15,MIA,Ryan Tannehill,1.0,1.0,0.0,0.0,0.0
2018,15,NYG,Saquon Barkley,2.0,0.1,29.0,2.1,0.0
2018,15,NYG,Riley Dixon,14.0,14.0,0.0,0.0,0.0
2018,15,NYG,Elijhaa Penny,2.0,2.0,0.0,0.0,0.0
2018,15,TEN,Derrick Henry,54.0,1.6,116.0,3.5,2.0
2018,15,TEN,Dion Lewis,18.0,2.6,17.0,2.4,0.0
2018,15,TEN,Blaine Gabbert,-1.0,-0.3,0.0,0.0,0.0
2018,15,TEN,Marcus Mariota,9.0,4.5,2.0,1.0,0.0
2018,15,SF,Matt Breida,24.0,1.4,26.0,1.5,1.0
2018,15,SF,Jeff Wilson,22.0,3.1,24.0,3.4,0.0
2018,15,SF,Nick Mullens,-2.0,-1.0,0.0,0.0,0.0
2018,15,SEA,Chris Carson,76.0,3.5,43.0,2.0,3.0
2018,15,SEA,Mike Davis,11.0,2.2,10.0,2.0,1.0
2018,15,SEA,Russell Wilson,15.0,3.0,0.0,0.0,0.0
2018,15,SEA,J.D. McKissic,1.0,0.5,1.0,0.5,0.0
2018,15,SEA,Tyler Lockett,11.0,11.0,0.0,0.0,0.0
2018,15,PIT,Jaylen Samuels,85.0,4.5,57.0,3.0,0.0
2018,15,PIT,Stevan Ridley,8.0,2.7,8.0,2.7,0.0
2018,15,PIT,Ben Roethlisberger,-3.0,-1.5,0.0,0.0,0.0
2018,15,PIT,Ryan Switzer,1.0,1.0,2.0,2.0,0.0
2018,15,NE,Sony Michel,26.0,2.0,33.0,2.5,1.0
2018,15,NE,Rex Burkhead,12.0,3.0,13.0,3.3,1.0
2018,15,NE,James White,6.0,3.0,6.0,3.0,0.0
2018,15,LA,Todd Gurley,20.0,1.7,28.0,2.3,0.0
2018,15,LA,Jared Goff,11.0,5.5,0.0,0.0,0.0
2018,15,LA,John Kelly,0.0,0.0,4.0,2.0,0.0
2018,15,LA,Justin Davis,0.0,0.0,0.0,0.0,0.0
2018,15,LA,Robert Woods,13.0,13.0,6.0,6.0,0.0
2018,15,PHI,Josh Adams,8.0,0.5,20.0,1.3,0.0
2018,15,PHI,Wendell Smallwood,32.0,3.2,16.0,1.6,1.0
2018,15,PHI,Darren Sproles,25.0,8.3,5.0,1.7,0.0
2018,15,PHI,Nick Foles,-1.0,-0.5,6.0,3.0,0.0
2018,15,CAR,Christian McCaffrey,27.0,1.8,26.0,1.7,2.0
2018,15,CAR,Cam Newton,-2.0,-0.4,17.0,3.4,1.0
2018,15,CAR,Curtis Samuel,6.0,3.0,2.0,1.0,0.0
2018,15,CAR,D.J. Moore,4.0,4.0,18.0,18.0,1.0
2018,15,NO,Alvin Kamara,41.0,2.9,26.0,1.9,1.0
2018,15,NO,Mark Ingram,27.0,2.3,36.0,3.0,3.0
2018,15,NO,Drew Brees,-2.0,-1.0,0.0,0.0,0.0
2018,15,NO,Zach Line,3.0,1.5,3.0,1.5,0.0
2018,15,NO,Taysom Hill,7.0,7.0,10.0,10.0,1.0
2018,15,NO,Tommylee Lewis,-2.0,-2.0,6.0,6.0,0.0
2018,16,TEN,Derrick Henry,60.0,2.9,24.0,1.1,0.0
2018,16,TEN,Dion Lewis,5.0,1.7,0.0,0.0,0.0
2018,16,TEN,Corey Davis,-3.0,-3.0,4.0,4.0,1.0
2018,16,TEN,Darius Jennings,-1.0,-1.0,3.0,3.0,0.0
2018,16,TEN,Marcus Mariota,7.0,7.0,0.0,0.0,0.0
2018,16,WAS,Adrian Peterson,77.0,3.0,42.0,1.6,1.0
2018,16,WAS,Josh Johnson,20.0,5.0,2.0,0.5,0.0
2018,16,WAS,Chris Thompson,18.0,4.5,2.0,0.5,0.0
2018,16,LAC,Melvin Gordon,18.0,1.5,23.0,1.9,0.0
2018,16,LAC,Travis Benjamin,2.0,2.0,4.0,4.0,0.0
2018,16,LAC,Justin Jackson,-3.0,-3.0,2.0,2.0,1.0
2018,16,LAC,Philip Rivers,0.0,0.0,1.0,1.0,0.0
2018,16,LAC,Mike Williams,4.0,4.0,0.0,0.0,0.0
2018,16,BAL,Gus Edwards,56.0,4.0,36.0,2.6,1.0
2018,16,BAL,Lamar Jackson,4.0,0.3,35.0,2.7,0.0
2018,16,BAL,Kenneth Dixon,16.0,2.0,12.0,1.5,0.0
2018,16,CAR,Christian McCaffrey,57.0,2.7,44.0,2.1,2.0
2018,16,CAR,Taylor Heinicke,33.0,11.0,0.0,0.0,0.0
2018,16,CAR,Cameron Artis-Payne,4.0,4.0,3.0,3.0,0.0
2018,16,ATL,Tevin Coleman,21.0,2.1,30.0,3.0,1.0
2018,16,ATL,Brian Hill,100.0,12.5,15.0,1.9,1.0
2018,16,ATL,Mohamed Sanu,26.0,13.0,3.0,1.5,0.0
2018,16,ATL,Matt Ryan,-1.0,-1.0,0.0,0.0,0.0
2018,16,CLE,Nick Chubb,40.0,2.1,72.0,3.8,1.0
2018,16,CLE,Baker Mayfield,12.0,2.0,4.0,0.7,0.0
2018,16,CLE,Duke Johnson,3.0,1.5,9.0,4.5,0.0
2018,16,CLE,Jarvis Landry,5.0,5.0,1.0,1.0,0.0
2018,16,CIN,Joe Mixon,36.0,2.1,32.0,1.9,1.0
2018,16,CIN,Jeff Driskel,7.0,1.4,14.0,2.8,0.0
2018,16,CIN,Clayton Fejedelem,6.0,6.0,0.0,0.0,0.0
2018,16,CIN,John Ross,3.0,3.0,4.0,4.0,0.0
2018,16,DAL,Ezekiel Elliott,29.0,1.6,56.0,3.1,1.0
2018,16,DAL,Dak Prescott,2.0,0.5,0.0,0.0,0.0
2018,16,DAL,Rod Smith,-3.0,-1.5,-4.0,-2.0,0.0
2018,16,TB,Peyton Barber,25.0,1.5,18.0,1.1,2.0
2018,16,TB,Jameis Winston,4.0,1.0,10.0,2.5,0.0
2018,16,TB,Jacquizz Rodgers,0.0,0.0,2.0,1.0,0.0
2018,16,TB,DeSean Jackson,2.0,2.0,2.0,2.0,0.0
2018,16,DET,LeGarrette Blount,11.0,1.0,18.0,1.6,0.0
2018,16,DET,Zach Zenner,11.0,1.4,34.0,4.3,0.0
2018,16,DET,Theo Riddick,-2.0,-0.7,0.0,0.0,0.0
2018,16,DET,Matt Cassel,-5.0,-5.0,19.0,19.0,0.0
2018,16,MIN,Dalvin Cook,37.0,2.3,36.0,2.3,1.0
2018,16,MIN,Latavius Murray,14.0,1.6,8.0,0.9,0.0
2018,16,MIN,Kirk Cousins,1.0,1.0,0.0,0.0,0.0
2018,16,MIN,C.J. Ham,0.0,0.0,1.0,1.0,0.0
2018,16,MIN,Adam Thielen,0.0,0.0,3.0,3.0,0.0
2018,16,IND,Marlon Mack,28.0,2.3,6.0,0.5,0.0
2018,16,IND,Nyheim Hines,1.0,0.5,1.0,0.5,0.0
2018,16,IND,Andrew Luck,8.0,4.0,5.0,2.5,1.0
2018,16,NYG,Saquon Barkley,35.0,1.7,8.0,0.4,1.0
2018,16,NYG,Evan Engram,24.0,12.0,2.0,1.0,0.0
2018,16,NYG,Wayne Gallman,8.0,4.0,4.0,2.0,0.0
2018,16,NYG,Eli Manning,-1.0,-0.5,1.0,0.5,0.0
2018,16,NYG,Corey Coleman,5.0,5.0,0.0,0.0,0.0
2018,16,NYG,Sterling Shepard,-3.0,-3.0,0.0,0.0,0.0
2018,16,MIA,Kenyan Drake,13.0,2.2,10.0,1.7,0.0
2018,16,MIA,Kalen Ballage,6.0,1.5,4.0,1.0,0.0
2018,16,MIA,Brandon Bolden,7.0,1.8,2.0,0.5,0.0
2018,16,MIA,Ryan Tannehill,22.0,7.3,0.0,0.0,0.0
2018,16,MIA,Danny Amendola,-2.0,-2.0,0.0,0.0,0.0
2018,16,JAX,Leonard Fournette,19.0,1.1,24.0,1.3,3.0
2018,16,JAX,Carlos Hyde,24.0,3.0,23.0,2.9,0.0
2018,16,JAX,Blake Bortles,20.0,5.0,5.0,1.3,0.0
2018,16,JAX,Cody Kessler,1.0,1.0,1.0,1.0,0.0
2018,16,JAX,Dede Westbrook,4.0,4.0,5.0,5.0,0.0
2018,16,NE,Sony Michel,56.0,3.1,60.0,3.3,1.0
2018,16,NE,Rex Burkhead,15.0,1.2,24.0,1.8,0.0
2018,16,NE,James White,27.0,3.4,14.0,1.8,0.0
2018,16,NE,Cordarrelle Patterson,46.0,11.5,20.0,5.0,0.0
2018,16,NE,Phillip Dorsett,10.0,5.0,3.0,1.5,0.0
2018,16,NE,Brian Hoyer,-2.0,-1.0,0.0,0.0,0.0
2018,16,BUF,Keith Ford,16.0,2.3,17.0,2.4,0.0
2018,16,BUF,LeSean McCoy,4.0,0.7,5.0,0.8,0.0
2018,16,BUF,Josh Allen,14.0,2.8,16.0,3.2,1.0
2018,16,NYJ,Elijah McGuire,18.0,1.3,17.0,1.2,0.0
2018,16,NYJ,Sam Darnold,4.0,1.3,0.0,0.0,0.0
2018,16,NYJ,Trenton Cannon,-4.0,-2.0,8.0,4.0,0.0
2018,16,NYJ,Rontez Miles,4.0,4.0,0.0,0.0,0.0
2018,16,GB,Jamaal Williams,37.0,2.5,58.0,3.9,2.0
2018,16,GB,Aaron Rodgers,30.0,6.0,2.0,0.4,0.0
2018,16,PHI,Josh Adams,13.0,1.2,8.0,0.7,0.0
2018,16,PHI,Darren Sproles,32.0,3.6,0.0,0.0,0.0
2018,16,PHI,Nick Foles,0.0,0.0,1.0,1.0,0.0
2018,16,PHI,Wendell Smallwood,3.0,3.0,0.0,0.0,0.0
2018,16,HOU,Deshaun Watson,49.0,6.1,0.0,0.0,0.0
2018,16,HOU,D'Onta Foreman,-1.0,-0.1,0.0,0.0,0.0
2018,16,HOU,Alfred Blue,14.0,3.5,0.0,0.0,0.0
2018,16,ARI,David Johnson,20.0,2.0,15.0,1.5,1.0
2018,16,ARI,Chase Edmonds,20.0,5.0,0.0,0.0,0.0
2018,16,ARI,Josh Rosen,38.0,9.5,11.0,2.8,0.0
2018,16,LA,C.J. Anderson,52.0,2.6,115.0,5.8,1.0
2018,16,LA,John Kelly,18.0,1.8,22.0,2.2,1.0
2018,16,LA,Brandin Cooks,25.0,8.3,2.0,0.7,0.0
2018,16,LA,Gerald Everett,12.0,6.0,4.0,2.0,1.0
2018,16,LA,Jared Goff,4.0,2.0,2.0,1.0,0.0
2018,16,LA,Sean Mannion,-2.0,-1.0,0.0,0.0,0.0
2018,16,LA,Robert Woods,14.0,7.0,1.0,0.5,0.0
2018,16,SF,Jeff Wilson,1.0,0.1,26.0,2.4,4.0
2018,16,SF,Matt Breida,13.0,3.3,7.0,1.8,0.0
2018,16,CHI,Jordan Howard,31.0,2.4,22.0,1.7,0.0
2018,16,CHI,Tarik Cohen,-8.0,-1.3,20.0,3.3,3.0
2018,16,CHI,Mitchell Trubisky,3.0,0.6,0.0,0.0,0.0
2018,16,CHI,Taylor Gabriel,4.0,4.0,4.0,4.0,0.0
2018,16,CHI,Anthony Miller,4.0,4.0,0.0,0.0,0.0
2018,16,CHI,Taquan Mizzell,0.0,0.0,1.0,1.0,0.0
2018,16,CHI,Allen Robinson,6.0,6.0,3.0,3.0,0.0
2018,16,NO,Mark Ingram,13.0,1.2,22.0,2.0,0.0
2018,16,NO,Alvin Kamara,6.0,0.9,17.0,2.4,1.0
2018,16,NO,Drew Brees,-1.0,-1.0,0.0,0.0,0.0
2018,16,PIT,Jaylen Samuels,31.0,2.6,22.0,1.8,1.0
2018,16,PIT,Stevan Ridley,0.0,0.0,4.0,1.3,1.0
2018,16,PIT,Ben Roethlisberger,-7.0,-3.5,11.0,5.5,0.0
2018,16,PIT,Roosevelt Nix,4.0,4.0,0.0,0.0,0.0
2018,16,SEA,Chris Carson,49.0,1.8,67.0,2.5,3.0
2018,16,SEA,Russell Wilson,19.0,2.4,38.0,4.8,1.0
2018,16,SEA,Mike Davis,23.0,3.3,8.0,1.1,0.0
2018,16,SEA,J.D. McKissic,4.0,4.0,2.0,2.0,0.0
2018,16,KC,Damien Williams,36.0,2.8,67.0,5.2,0.0
2018,16,KC,Patrick Mahomes,6.0,2.0,27.0,9.0,0.0
2018,16,KC,Tyreek Hill,13.0,6.5,4.0,2.0,0.0
2018,16,KC,Charcandrick West,1.0,1.0,0.0,0.0,0.0
2018,16,OAK,Doug Martin,57.0,2.7,50.0,2.4,4.0
2018,16,OAK,Derek Carr,-3.0,-0.8,0.0,0.0,0.0
2018,16,OAK,Jalen Richard,7.0,1.8,4.0,1.0,2.0
2018,16,OAK,DeAndre Washington,-1.0,-1.0,0.0,0.0,0.0
2018,16,DEN,Phillip Lindsay,25.0,2.5,21.0,2.1,2.0
2018,16,DEN,Royce Freeman,11.0,1.6,10.0,1.4,0.0
2018,16,DEN,Devontae Booker,9.0,3.0,12.0,4.0,1.0
2018,16,DEN,Case Keenum,-5.0,-1.7,24.0,8.0,2.0
2018,16,DEN,Tim Patrick,-9.0,-9.0,2.0,2.0,2.0
2018,17,BUF,Chris Ivory,25.0,1.8,20.0,1.4,0.0
2018,17,BUF,LeSean McCoy,4.0,0.4,22.0,2.2,1.0
2018,17,BUF,Josh Allen,66.0,7.3,29.0,3.2,0.0
2018,17,MIA,Kalen Ballage,24.0,2.0,23.0,1.9,0.0
2018,17,MIA,Kenyan Drake,19.0,1.7,24.0,2.2,1.0
2018,17,MIA,Ryan Tannehill,9.0,4.5,0.0,0.0,0.0
2018,17,GB,Jamaal Williams,-4.0,-0.5,8.0,1.0,0.0
2018,17,GB,DeShone Kizer,19.0,4.8,21.0,5.3,1.0
2018,17,GB,Kapri Bibbs,0.0,0.0,2.0,2.0,0.0
2018,17,DET,Zach Zenner,37.0,1.8,56.0,2.7,1.0
2018,17,DET,LeGarrette Blount,3.0,0.3,12.0,1.1,0.0
2018,17,DET,Theo Riddick,9.0,2.3,15.0,3.8,0.0
2018,17,DET,Matthew Stafford,-2.0,-1.0,0.0,0.0,0.0
2018,17,HOU,Lamar Miller,33.0,1.9,23.0,1.4,1.0
2018,17,HOU,Deshaun Watson,48.0,3.7,18.0,1.4,1.0
2018,17,HOU,Alfred Blue,6.0,2.0,6.0,2.0,0.0
2018,17,JAX,Carlos Hyde,6.0,0.6,7.0,0.7,2.0
2018,17,JAX,Blake Bortles,10.0,2.5,5.0,1.3,0.0
2018,17,JAX,David Williams,1.0,0.5,1.0,0.5,0.0
2018,17,NE,Sony Michel,28.0,2.0,22.0,1.6,1.0
2018,17,NE,Rex Burkhead,9.0,1.8,5.0,1.0,0.0
2018,17,NE,James White,22.0,5.5,8.0,2.0,0.0
2018,17,NE,Brian Hoyer,-3.0,-1.0,0.0,0.0,0.0
2018,17,NE,Phillip Dorsett,16.0,8.0,0.0,0.0,0.0
2018,17,NE,Julian Edelman,24.0,12.0,0.0,0.0,0.0
2018,17,NYJ,Elijah McGuire,33.0,1.8,8.0,0.4,0.0
2018,17,NYJ,Trenton Cannon,12.0,6.0,4.0,2.0,0.0
2018,17,NYJ,De'Angelo Henderson,19.0,9.5,0.0,0.0,0.0
2018,17,NYJ,Sam Darnold,28.0,28.0,0.0,0.0,0.0
2018,17,NO,Dwayne Washington,70.0,6.4,38.0,3.5,1.0
2018,17,NO,Mark Ingram,7.0,1.4,21.0,4.2,0.0
2018,17,NO,Teddy Bridgewater,-1.0,-0.3,13.0,3.3,0.0
2018,17,NO,Taysom Hill,-2.0,-0.7,13.0,4.3,1.0
2018,17,NO,Zach Line,10.0,3.3,9.0,3.0,0.0
2018,17,NO,Tommylee Lewis,4.0,4.0,2.0,2.0,0.0
2018,17,CAR,Cameron Artis-Payne,23.0,1.4,33.0,2.1,0.0
2018,17,CAR,Travaris Cadet,-2.0,-0.2,19.0,1.7,0.0
2018,17,CAR,Kyle Allen,14.0,2.8,5.0,1.0,0.0
2018,17,CAR,Christian McCaffrey,9.0,2.3,9.0,2.3,0.0
2018,17,CAR,Alex Armah,0.0,0.0,1.0,1.0,0.0
2018,17,NYG,Saquon Barkley,13.0,0.8,96.0,5.6,1.0
2018,17,NYG,Wayne Gallman,5.0,0.8,18.0,3.0,0.0
2018,17,NYG,Eli Manning,1.0,1.0,1.0,1.0,0.0
2018,17,NYG,Sterling Shepard,9.0,9.0,0.0,0.0,0.0
2018,17,DAL,Rod Smith,14.0,1.2,21.0,1.8,1.0
2018,17,DAL,Darius Jackson,13.0,2.2,3.0,0.5,0.0
2018,17,DAL,Dak Prescott,0.0,0.0,0.0,0.0,0.0
2018,17,TB,Peyton Barber,28.0,1.9,38.0,2.5,3.0
2018,17,TB,Jacquizz Rodgers,1.0,0.3,2.0,0.7,0.0
2018,17,TB,Jameis Winston,18.0,9.0,5.0,2.5,0.0
2018,17,ATL,Jeremy Langford,-2.0,-0.2,27.0,3.0,0.0
2018,17,ATL,Tevin Coleman,11.0,1.4,34.0,4.3,1.0
2018,17,ATL,Brian Hill,16.0,2.0,14.0,1.8,0.0
2018,17,ATL,Matt Ryan,6.0,1.5,1.0,0.3,0.0
2018,17,ATL,Mohamed Sanu,0.0,0.0,2.0,2.0,0.0
2018,17,BAL,Lamar Jackson,72.0,3.6,18.0,0.9,0.0
2018,17,BAL,Kenneth Dixon,29.0,2.4,88.0,7.3,1.0
2018,17,BAL,Gus Edwards,29.0,2.4,47.0,3.9,1.0
2018,17,BAL,Ty Montgomery,11.0,5.5,2.0,1.0,0.0
2018,17,BAL,Maxx Williams,0.0,0.0,0.0,0.0,0.0
2018,17,CLE,Nick Chubb,4.0,0.4,20.0,2.2,2.0
2018,17,CLE,Duke Johnson,16.0,4.0,5.0,1.3,0.0
2018,17,CLE,Breshad Perriman,5.0,5.0,0.0,0.0,0.0
2018,17,DEN,Royce Freeman,27.0,1.6,33.0,1.9,0.0
2018,17,DEN,Devontae Booker,3.0,0.6,11.0,2.2,0.0
2018,17,DEN,Case Keenum,8.0,2.7,0.0,0.0,0.0
2018,17,LAC,Melvin Gordon,31.0,3.1,11.0,1.1,0.0
2018,17,LAC,Austin Ekeler,0.0,0.0,58.0,7.3,0.0
2018,17,LAC,Justin Jackson,5.0,0.8,5.0,0.8,0.0
2018,17,LAC,Geno Smith,-2.0,-1.0,0.0,0.0,0.0
2018,17,LAC,Travis Benjamin,11.0,11.0,0.0,0.0,0.0
2018,17,LAC,Philip Rivers,0.0,0.0,0.0,0.0,0.0
2018,17,LAC,Derek Watt,2.0,2.0,6.0,6.0,1.0
2018,17,LAC,Mike Williams,-11.0,-11.0,0.0,0.0,0.0
2018,17,KC,Damien Williams,39.0,3.5,12.0,1.1,1.0
2018,17,KC,Darrel Williams,8.0,0.7,23.0,2.1,4.0
2018,17,KC,Patrick Mahomes,1.0,0.5,0.0,0.0,0.0
2018,17,KC,Chad Henne,2.0,2.0,1.0,1.0,0.0
2018,17,KC,Tyreek Hill,15.0,15.0,0.0,0.0,0.0
2018,17,KC,Charcandrick West,-2.0,-2.0,0.0,0.0,1.0
2018,17,OAK,Doug Martin,36.0,1.7,64.0,3.0,5.0
2018,17,OAK,DeAndre Washington,15.0,3.8,15.0,3.8,1.0
2018,17,OAK,Jalen Richard,-5.0,-1.7,6.0,2.0,1.0
2018,17,OAK,Seth Roberts,-4.0,-4.0,0.0,0.0,0.0
2018,17,LA,C.J. Anderson,68.0,3.0,64.0,2.8,0.0
2018,17,LA,John Kelly,2.0,0.1,28.0,1.9,0.0
2018,17,LA,Sean Mannion,-8.0,-4.0,0.0,0.0,0.0
2018,17,LA,Jared Goff,0.0,0.0,0.0,0.0,0.0
2018,17,LA,Robert Woods,1.0,1.0,0.0,0.0,0.0
2018,17,SF,Alfred Morris,43.0,2.7,68.0,4.3,3.0
2018,17,SF,Jeff Wilson,7.0,2.3,2.0,0.7,0.0
2018,17,SF,Kyle Juszczyk,7.0,3.5,2.0,1.0,0.0
2018,17,SF,Nick Mullens,-2.0,-2.0,0.0,0.0,0.0
2018,17,MIN,Dalvin Cook,23.0,2.1,16.0,1.5,0.0
2018,17,MIN,Latavius Murray,8.0,4.0,10.0,5.0,1.0
2018,17,MIN,Kirk Cousins,7.0,7.0,0.0,0.0,0.0
2018,17,MIN,Adam Thielen,-2.0,-2.0,1.0,1.0,0.0
2018,17,CHI,Jordan Howard,30.0,1.4,79.0,3.8,2.0
2018,17,CHI,Benny Cunningham,3.0,0.5,10.0,1.7,1.0
2018,17,CHI,Tarik Cohen,11.0,2.2,13.0,2.6,1.0
2018,17,CHI,Mitchell Trubisky,4.0,1.3,12.0,4.0,1.0
2018,17,CHI,Anthony Miller,7.0,3.5,0.0,0.0,0.0
2018,17,PIT,James Conner,29.0,2.1,35.0,2.5,0.0
2018,17,PIT,Ben Roethlisberger,3.0,1.0,0.0,0.0,0.0
2018,17,PIT,Jaylen Samuels,0.0,0.0,2.0,1.0,0.0
2018,17,PIT,Eli Rogers,-6.0,-6.0,2.0,2.0,0.0
2018,17,CIN,Joe Mixon,43.0,3.3,62.0,4.8,1.0
2018,17,CIN,Giovani Bernard,4.0,1.3,3.0,1.0,0.0
2018,17,CIN,Jeff Driskel,2.0,1.0,11.0,5.5,1.0
2018,17,SEA,Chris Carson,72.0,3.8,50.0,2.6,0.0
2018,17,SEA,Mike Davis,34.0,4.9,10.0,1.4,0.0
2018,17,SEA,Rashaad Penny,2.0,0.5,4.0,1.0,0.0
2018,17,SEA,Russell Wilson,-2.0,-1.0,0.0,0.0,0.0
2018,17,SEA,Ed Dickson,2.0,2.0,7.0,7.0,0.0
2018,17,SEA,Tyler Lockett,3.0,3.0,0.0,0.0,0.0
2018,17,ARI,David Johnson,38.0,2.2,24.0,1.4,0.0
2018,17,ARI,Chase Edmonds,6.0,1.0,8.0,1.3,0.0
2018,17,ARI,Chad Williams,6.0,6.0,3.0,3.0,0.0
2018,17,WAS,Adrian Peterson,-3.0,-0.8,3.0,0.8,0.0
2018,17,WAS,Josh Johnson,0.0,0.0,4.0,1.3,0.0
2018,17,WAS,Samaje Perine,1.0,0.3,6.0,2.0,0.0
2018,17,WAS,Chris Thompson,7.0,3.5,3.0,1.5,0.0
2018,17,PHI,Wendell Smallwood,28.0,2.3,25.0,2.1,0.0
2018,17,PHI,Josh Adams,33.0,3.0,17.0,1.5,0.0
2018,17,PHI,Darren Sproles,15.0,2.1,9.0,1.3,0.0
2018,17,PHI,Nick Foles,4.0,2.0,0.0,0.0,0.0
2018,17,PHI,Nate Sudfeld,-2.0,-1.0,0.0,0.0,0.0
2018,17,TEN,Derrick Henry,15.0,0.9,78.0,4.9,1.0
2018,17,IND,Marlon Mack,64.0,2.6,55.0,2.2,1.0
2018,17,IND,Andrew Luck,17.0,2.4,0.0,0.0,0.0
2018,17,IND,Jordan Wilkins,7.0,2.3,11.0,3.7,0.0
2018,17,IND,Nyheim Hines,0.0,0.0,4.0,4.0,0.0
2018,18,HOU,Deshaun Watson,60.0,7.5,16.0,2.0,1.0
2018,18,HOU,Lamar Miller,13.0,2.6,5.0,1.0,1.0
2018,18,HOU,Alfred Blue,6.0,3.0,2.0,1.0,0.0
2018,18,HOU,D'Onta Foreman,0.0,0.0,3.0,3.0,0.0
2018,18,IND,Marlon Mack,99.0,4.1,49.0,2.0,0.0
2018,18,IND,Andrew Luck,29.0,3.6,0.0,0.0,0.0
2018,18,IND,Jordan Wilkins,3.0,1.5,6.0,3.0,0.0
2018,18,IND,Zach Pascal,12.0,12.0,2.0,2.0,0.0
2018,18,DAL,Ezekiel Elliott,82.0,3.2,55.0,2.1,1.0
2018,18,DAL,Dak Prescott,15.0,2.5,14.0,2.3,0.0
2018,18,DAL,Tavon Austin,-3.0,-3.0,0.0,0.0,0.0
2018,18,DAL,Rod Smith,-1.0,-1.0,2.0,2.0,0.0
2018,18,SEA,Chris Carson,3.0,0.2,17.0,1.3,0.0
2018,18,SEA,Mike Davis,7.0,1.8,3.0,0.8,0.0
2018,18,SEA,Rashaad Penny,21.0,5.3,8.0,2.0,0.0
2018,18,SEA,Russell Wilson,10.0,3.3,4.0,1.3,0.0
2018,18,BAL,Lamar Jackson,24.0,2.7,30.0,3.3,0.0
2018,18,BAL,Gus Edwards,5.0,0.6,18.0,2.3,0.0
2018,18,BAL,Kenneth Dixon,5.0,0.8,8.0,1.3,0.0
2018,18,LAC,Melvin Gordon,15.0,0.9,25.0,1.5,0.0
2018,18,LAC,Austin Ekeler,13.0,1.2,16.0,1.5,0.0
2018,18,LAC,Philip Rivers,12.0,4.0,3.0,1.0,0.0
2018,18,LAC,Justin Jackson,4.0,2.0,1.0,0.5,0.0
2018,18,CHI,Jordan Howard,13.0,1.3,22.0,2.2,0.0
2018,18,CHI,Mitchell Trubisky,9.0,3.0,0.0,0.0,0.0
2018,18,CHI,Taylor Gabriel,16.0,8.0,4.0,2.0,0.0
2018,18,CHI,Tarik Cohen,0.0,0.0,0.0,0.0,0.0
2018,18,CHI,Benny Cunningham,0.0,0.0,2.0,2.0,0.0
2018,18,CHI,Taquan Mizzell,-2.0,-2.0,1.0,1.0,0.0
2018,18,PHI,Darren Sproles,10.0,0.8,11.0,0.8,0.0
2018,18,PHI,Wendell Smallwood,3.0,0.4,17.0,2.1,2.0
2018,18,PHI,Josh Adams,1.0,1.0,1.0,1.0,0.0
2018,18,PHI,Nick Foles,-1.0,-1.0,0.0,0.0,0.0
2018,19,KC,Damien Williams,76.0,3.0,53.0,2.1,1.0
2018,19,KC,Patrick Mahomes,4.0,1.3,4.0,1.3,0.0
2018,19,KC,Darrel Williams,6.0,2.0,3.0,1.0,0.0
2018,19,KC,Tyreek Hill,34.0,34.0,2.0,2.0,0.0
2018,19,KC,Sammy Watkins,-2.0,-2.0,0.0,0.0,0.0
2018,19,IND,Marlon Mack,28.0,3.1,18.0,2.0,0.0
2018,19,IND,Nyheim Hines,12.0,4.0,12.0,4.0,0.0
2018,19,IND,Andrew Luck,17.0,8.5,0.0,0.0,0.0
2018,19,LA,C.J. Anderson,75.0,3.3,48.0,2.1,0.0
2018,19,LA,Todd Gurley,92.0,5.8,23.0,1.4,1.0
2018,19,LA,Jared Goff,12.0,2.0,0.0,0.0,0.0
2018,19,LA,Brandin Cooks,5.0,5.0,0.0,0.0,0.0
2018,19,LA,Josh Reynolds,7.0,7.0,2.0,2.0,0.0
2018,19,LA,Robert Woods,5.0,5.0,4.0,4.0,0.0
2018,19,DAL,Ezekiel Elliott,14.0,0.7,33.0,1.7,1.0
2018,19,DAL,Dak Prescott,2.0,1.0,1.0,0.5,0.0
2018,19,NE,Sony Michel,82.0,3.4,47.0,2.0,0.0
2018,19,NE,Rex Burkhead,9.0,2.3,3.0,0.8,0.0
2018,19,NE,Tom Brady,-1.0,-0.5,0.0,0.0,0.0
2018,19,NE,James Develin,3.0,1.5,2.0,1.0,0.0
2018,19,NE,Julian Edelman,6.0,6.0,1.0,1.0,0.0
2018,19,NE,Cordarrelle Patterson,3.0,3.0,0.0,0.0,0.0
2018,19,LAC,Melvin Gordon,7.0,0.8,8.0,0.9,0.0
2018,19,LAC,Justin Jackson,2.0,2.0,2.0,2.0,0.0
2018,19,NO,Alvin Kamara,30.0,1.9,41.0,2.6,1.0
2018,19,NO,Mark Ingram,7.0,0.8,46.0,5.1,0.0
2018,19,NO,Drew Brees,0.0,0.0,0.0,0.0,0.0
2018,19,NO,Taysom Hill,6.0,3.0,2.0,1.0,0.0
2018,19,NO,Tre'Quan Smith,-4.0,-4.0,9.0,9.0,0.0
2018,19,PHI,Wendell Smallwood,14.0,1.4,19.0,1.9,0.0
2018,19,PHI,Darren Sproles,0.0,0.0,4.0,1.3,0.0
2018,19,PHI,Nick Foles,0.0,0.0,0.0,0.0,0.0
2018,19,PHI,Nelson Agholor,11.0,11.0,1.0,1.0,0.0
2018,20,NO,Mark Ingram,23.0,2.6,8.0,0.9,1.0
2018,20,NO,Alvin Kamara,0.0,0.0,15.0,1.9,0.0
2018,20,NO,Drew Brees,-2.0,-1.0,0.0,0.0,0.0
2018,20,NO,Taysom Hill,0.0,0.0,0.0,0.0,0.0
2018,20,NO,Zach Line,1.0,1.0,3.0,3.0,0.0
2018,20,LA,C.J. Anderson,12.0,0.8,32.0,2.0,1.0
2018,20,LA,Todd Gurley,5.0,1.3,5.0,1.3,0.0
2018,20,LA,Jared Goff,8.0,2.7,2.0,0.7,0.0
2018,20,LA,Robert Woods,-4.0,-2.0,1.0,0.5,0.0
2018,20,LA,Josh Reynolds,13.0,13.0,3.0,3.0,0.0
2018,20,KC,Damien Williams,12.0,1.2,18.0,1.8,0.0
2018,20,KC,Patrick Mahomes,10.0,5.0,1.0,0.5,0.0
2018,20,NE,Sony Michel,58.0,2.0,55.0,1.9,0.0
2018,20,NE,Rex Burkhead,28.0,2.3,13.0,1.1,1.0
2018,20,NE,James White,18.0,3.0,5.0,0.8,0.0
2018,20,NE,Tom Brady,-1.0,-1.0,0.0,0.0,0.0
2018,21,LA,Todd Gurley,21.0,2.1,14.0,1.4,0.0
2018,21,LA,C.J. Anderson,12.0,1.7,10.0,1.4,0.0
2018,21,LA,Robert Woods,3.0,3.0,2.0,2.0,0.0
2018,21,NE,Sony Michel,45.0,2.5,49.0,2.7,1.0
2018,21,NE,Rex Burkhead,16.0,2.3,27.0,3.9,0.0
2018,21,NE,Tom Brady,-2.0,-1.0,0.0,0.0,0.0
2018,21,NE,Cordarrelle Patterson,-7.0,-3.5,14.0,7.0,0.0
2018,21,NE,James White,2.0,1.0,2.0,1.0,0.0
2018,21,NE,Julian Edelman,4.0,4.0,4.0,4.0,0.0
2019,1,CHI,David Montgomery,11.0,1.8,7.0,1.2,0.0
2019,1,CHI,Mike Davis,16.0,3.2,3.0,0.6,0.0
2019,1,CHI,Mitchell Trubisky,8.0,2.7,3.0,1.0,0.0
2019,1,CHI,Cordarrelle Patterson,-2.0,-2.0,0.0,0.0,0.0
2019,1,GB,Aaron Jones,21.0,1.6,18.0,1.4,1.0
2019,1,GB,Jamaal Williams,0.0,0.0,0.0,0.0,0.0
2019,1,GB,Aaron Rodgers,6.0,2.0,2.0,0.7,0.0
2019,1,GB,Marquez Valdes-Scantling,0.0,0.0,0.0,0.0,0.0
2019,1,CAR,Christian McCaffrey,60.0,3.2,68.0,3.6,4.0
2019,1,CAR,Cam Newton,-2.0,-0.7,0.0,0.0,0.0
2019,1,CAR,Alex Armah,1.0,1.0,0.0,0.0,0.0
2019,1,LA,Todd Gurley,30.0,2.1,67.0,4.8,3.0
2019,1,LA,Malcolm Brown,-2.0,-0.2,55.0,5.0,5.0
2019,1,LA,Jared Goff,0.0,0.0,0.0,0.0,0.0
2019,1,LA,Robert Woods,14.0,7.0,2.0,1.0,0.0
2019,1,LA,Darrell Henderson,-2.0,-2.0,2.0,2.0,0.0
2019,1,CLE,Nick Chubb,27.0,1.6,48.0,2.8,1.0
2019,1,CLE,Dontrell Hilliard,2.0,2.0,2.0,2.0,0.0
2019,1,CLE,D'Ernest Johnson,10.0,10.0,3.0,3.0,0.0
2019,1,CLE,Jarvis Landry,9.0,9.0,1.0,1.0,0.0
2019,1,TEN,Derrick Henry,41.0,2.2,43.0,2.3,1.0
2019,1,TEN,Dion Lewis,4.0,1.3,3.0,1.0,0.0
2019,1,TEN,Marcus Mariota,21.0,7.0,3.0,1.0,0.0
2019,1,TEN,Ryan Tannehill,-2.0,-1.0,0.0,0.0,0.0
2019,1,TEN,Jonnu Smith,0.0,0.0,10.0,10.0,1.0
2019,1,JAX,Leonard Fournette,23.0,1.8,43.0,3.3,1.0
2019,1,JAX,Ryquell Armstead,2.0,2.0,5.0,5.0,0.0
2019,1,JAX,Gardner Minshew II,6.0,6.0,0.0,0.0,0.0
2019,1,JAX,Dede Westbrook,0.0,0.0,2.0,2.0,0.0
2019,1,KC,Damien Williams,3.0,0.2,23.0,1.8,1.0
2019,1,KC,LeSean McCoy,49.0,4.9,32.0,3.2,1.0
2019,1,KC,Tyreek Hill,2.0,2.0,3.0,3.0,0.0
2019,1,KC,Patrick Mahomes,2.0,2.0,0.0,0.0,0.0
2019,1,KC,Matt Moore,-1.0,-1.0,0.0,0.0,0.0
2019,1,MIA,Kalen Ballage,-3.0,-0.6,2.0,0.4,0.0
2019,1,MIA,Kenyan Drake,6.0,1.5,6.0,1.5,0.0
2019,1,MIA,Ryan Fitzpatrick,8.0,8.0,0.0,0.0,0.0
2019,1,MIA,Mark Walton,0.0,0.0,1.0,1.0,0.0
2019,1,MIA,Albert Wilson,1.0,1.0,0.0,0.0,0.0
2019,1,BAL,Gus Edwards,30.0,1.8,26.0,1.5,1.0
2019,1,BAL,Mark Ingram,41.0,2.9,66.0,4.7,2.0
2019,1,BAL,Justice Hill,19.0,2.7,8.0,1.1,0.0
2019,1,BAL,Robert Griffin III,3.0,0.8,6.0,1.5,1.0
2019,1,BAL,Lamar Jackson,4.0,1.3,2.0,0.7,0.0
2019,1,BAL,Anthony Levine,60.0,60.0,0.0,0.0,0.0
2019,1,MIN,Dalvin Cook,41.0,2.0,70.0,3.3,2.0
2019,1,MIN,Alexander Mattison,27.0,3.0,22.0,2.4,1.0
2019,1,MIN,Kirk Cousins,1.0,0.2,3.0,0.5,0.0
2019,1,MIN,Ameer Abdullah,6.0,3.0,2.0,1.0,0.0
2019,1,ATL,Devonta Freeman,8.0,1.0,11.0,1.4,0.0
2019,1,ATL,Ito Smith,20.0,3.3,11.0,1.8,1.0
2019,1,ATL,Matt Ryan,21.0,10.5,3.0,1.5,0.0
2019,1,ATL,Russell Gage,-1.0,-1.0,0.0,0.0,1.0
2019,1,NYJ,Le'Veon Bell,9.0,0.5,51.0,3.0,8.0
2019,1,NYJ,Ty Montgomery,4.0,2.0,0.0,0.0,0.0
2019,1,NYJ,Jamison Crowder,0.0,0.0,4.0,4.0,1.0
2019,1,NYJ,Sam Darnold,0.0,0.0,0.0,0.0,0.0
2019,1,BUF,Frank Gore,5.0,0.5,15.0,1.4,1.0
2019,1,BUF,Josh Allen,22.0,2.2,16.0,1.6,0.0
2019,1,BUF,Devin Singletary,62.0,15.5,8.0,2.0,0.0
2019,1,PHI,Miles Sanders,3.0,0.3,22.0,2.0,0.0
2019,1,PHI,Darren Sproles,29.0,3.2,18.0,2.0,0.0
2019,1,PHI,Jordan Howard,21.0,3.5,23.0,3.8,0.0
2019,1,PHI,Carson Wentz,2.0,0.5,3.0,0.8,0.0
2019,1,PHI,Alshon Jeffery,1.0,1.0,1.0,1.0,0.0
2019,1,WAS,Derrius Guice,2.0,0.2,16.0,1.6,0.0
2019,1,WAS,Chris Thompson,7.0,2.3,3.0,1.0,0.0
2019,1,LAC,Austin Ekeler,16.0,1.3,42.0,3.5,1.0
2019,1,LAC,Justin Jackson,42.0,7.0,15.0,2.5,0.0
2019,1,LAC,Derek Watt,4.0,2.0,0.0,0.0,0.0
2019,1,LAC,Philip Rivers,6.0,6.0,0.0,0.0,0.0
2019,1,IND,Marlon Mack,99.0,4.0,75.0,3.0,0.0
2019,1,IND,Nyheim Hines,11.0,2.8,2.0,0.5,0.0
2019,1,IND,Jacoby Brissett,9.0,3.0,0.0,0.0,0.0
2019,1,IND,Parris Campbell,5.0,5.0,2.0,2.0,0.0
2019,1,SEA,Chris Carson,24.0,1.6,22.0,1.5,2.0
2019,1,SEA,Rashaad Penny,18.0,3.0,0.0,0.0,0.0
2019,1,SEA,Russell Wilson,8.0,2.0,0.0,0.0,0.0
2019,1,CIN,Giovani Bernard,5.0,0.7,16.0,2.3,1.0
2019,1,CIN,Joe Mixon,8.0,1.3,2.0,0.3,0.0
2019,1,CIN,Tyler Boyd,3.0,3.0,0.0,0.0,0.0
2019,1,ARI,David Johnson,42.0,2.3,40.0,2.2,1.0
2019,1,ARI,Kyler Murray,13.0,4.3,0.0,0.0,0.0
2019,1,ARI,Chase Edmonds,3.0,3.0,2.0,2.0,0.0
2019,1,ARI,Christian Kirk,0.0,0.0,12.0,12.0,1.0
2019,1,DET,Kerryon Johnson,6.0,0.4,43.0,2.7,1.0
2019,1,DET,C.J. Anderson,6.0,0.5,29.0,2.6,0.0
2019,1,DET,Matthew Stafford,22.0,7.3,0.0,0.0,0.0
2019,1,DET,Ty Johnson,3.0,3.0,3.0,3.0,0.0
2019,1,DET,Marvin Jones,3.0,3.0,1.0,1.0,0.0
2019,1,DAL,Ezekiel Elliott,20.0,1.5,33.0,2.5,1.0
2019,1,DAL,Tony Pollard,3.0,0.2,21.0,1.6,1.0
2019,1,DAL,Dak Prescott,11.0,2.8,1.0,0.3,0.0
2019,1,NYG,Saquon Barkley,78.0,7.1,42.0,3.8,4.0
2019,1,NYG,Wayne Gallman,15.0,7.5,2.0,1.0,0.0
2019,1,NYG,Elijhaa Penny,1.0,0.5,2.0,1.0,0.0
2019,1,NYG,Daniel Jones,5.0,5.0,0.0,0.0,0.0
2019,1,NYG,Eli Manning,6.0,6.0,0.0,0.0,0.0
2019,1,TB,Ronald Jones II,61.0,4.7,14.0,1.1,1.0
2019,1,TB,Peyton Barber,27.0,3.4,6.0,0.8,0.0
2019,1,TB,Jameis Winston,13.0,2.6,0.0,0.0,0.0
2019,1,SF,Matt Breida,28.0,1.9,9.0,0.6,0.0
2019,1,SF,Raheem Mostert,19.0,2.1,21.0,2.3,2.0
2019,1,SF,Tevin Coleman,12.0,2.0,11.0,1.8,0.0
2019,1,SF,Jimmy Garoppolo,-2.0,-1.0,0.0,0.0,0.0
2019,1,NE,Sony Michel,7.0,0.5,7.0,0.5,0.0
2019,1,NE,Rex Burkhead,32.0,4.0,12.0,1.5,0.0
2019,1,NE,James White,22.0,5.5,4.0,1.0,0.0
2019,1,NE,Brandon Bolden,7.0,7.0,0.0,0.0,0.0
2019,1,NE,Julian Edelman,5.0,5.0,3.0,3.0,0.0
2019,1,PIT,James Conner,15.0,1.5,6.0,0.6,0.0
2019,1,PIT,Jaylen Samuels,1.0,0.5,3.0,1.5,0.0
2019,1,PIT,Ben Roethlisberger,7.0,7.0,0.0,0.0,0.0
2019,1,NO,Alvin Kamara,76.0,5.8,21.0,1.6,3.0
2019,1,NO,Latavius Murray,37.0,6.2,6.0,1.0,1.0
2019,1,NO,Taysom Hill,5.0,2.5,3.0,1.5,1.0
2019,1,HOU,Carlos Hyde,59.0,5.9,24.0,2.4,1.0
2019,1,HOU,Duke Johnson,33.0,3.7,24.0,2.7,1.0
2019,1,HOU,Deshaun Watson,40.0,10.0,0.0,0.0,0.0
2019,1,OAK,Josh Jacobs,49.0,2.1,36.0,1.6,2.0
2019,1,OAK,Derek Carr,2.0,1.0,0.0,0.0,0.0
2019,1,OAK,DeAndre Washington,5.0,2.5,3.0,1.5,0.0
2019,1,OAK,Jalen Richard,2.0,2.0,1.0,1.0,0.0
2019,1,DEN,Phillip Lindsay,19.0,1.7,24.0,2.2,3.0
2019,1,DEN,Royce Freeman,17.0,1.7,39.0,3.9,1.0
2019,1,DEN,Noah Fant,-5.0,-5.0,0.0,0.0,0.0
2019,1,DEN,Joe Flacco,0.0,0.0,1.0,1.0,0.0
2019,2,CAR,Christian McCaffrey,10.0,0.6,27.0,1.7,3.0
2019,2,CAR,Cam Newton,0.0,0.0,0.0,0.0,0.0
2019,2,CAR,Curtis Samuel,-1.0,-1.0,3.0,3.0,1.0
2019,2,TB,Peyton Barber,33.0,1.4,49.0,2.1,2.0
2019,2,TB,Ronald Jones II,-6.0,-1.5,15.0,3.8,3.0
2019,2,TB,Jameis Winston,7.0,1.8,2.0,0.5,0.0
2019,2,BAL,Lamar Jackson,86.0,5.4,34.0,2.1,1.0
2019,2,BAL,Mark Ingram,21.0,1.6,26.0,2.0,3.0
2019,2,BAL,Gus Edwards,5.0,1.7,6.0,2.0,0.0
2019,2,BAL,Justice Hill,2.0,2.0,2.0,2.0,0.0
2019,2,ARI,David Johnson,3.0,0.4,11.0,1.6,0.0
2019,2,ARI,Kyler Murray,4.0,1.3,0.0,0.0,0.0
2019,2,ARI,Chase Edmonds,0.0,0.0,2.0,2.0,0.0
2019,2,CIN,Joe Mixon,7.0,0.6,10.0,0.9,0.0
2019,2,CIN,Giovani Bernard,5.0,0.8,1.0,0.2,0.0
2019,2,CIN,Andy Dalton,2.0,1.0,0.0,0.0,0.0
2019,2,SF,Raheem Mostert,34.0,2.6,49.0,3.8,1.0
2019,2,SF,Matt Breida,62.0,5.2,59.0,4.9,0.0
2019,2,SF,Jeff Wilson,27.0,2.7,7.0,0.7,0.0
2019,2,SF,Jimmy Garoppolo,6.0,1.5,2.0,0.5,0.0
2019,2,SF,Deebo Samuel,5.0,2.5,2.0,1.0,0.0
2019,2,SF,Kyle Juszczyk,3.0,3.0,3.0,3.0,0.0
2019,2,DET,Kerryon Johnson,13.0,1.1,28.0,2.3,0.0
2019,2,DET,C.J. Anderson,0.0,0.0,8.0,1.6,1.0
2019,2,DET,Ty Johnson,11.0,2.2,19.0,3.8,1.0
2019,2,DET,Matthew Stafford,11.0,2.8,2.0,0.5,0.0
2019,2,DET,J.D. McKissic,-2.0,-1.0,4.0,2.0,0.0
2019,2,LAC,Austin Ekeler,13.0,0.8,53.0,3.1,2.0
2019,2,LAC,Justin Jackson,11.0,1.6,48.0,6.9,0.0
2019,2,LAC,Philip Rivers,12.0,12.0,0.0,0.0,0.0
2019,2,GB,Aaron Jones,94.0,4.1,22.0,1.0,1.0
2019,2,GB,Jamaal Williams,21.0,2.3,7.0,0.8,0.0
2019,2,GB,Aaron Rodgers,0.0,0.0,0.0,0.0,0.0
2019,2,MIN,Dalvin Cook,58.0,2.9,96.0,4.8,2.0
2019,2,MIN,Alexander Mattison,11.0,2.8,14.0,3.5,2.0
2019,2,MIN,Kirk Cousins,14.0,7.0,3.0,1.5,0.0
2019,2,MIN,Ameer Abdullah,2.0,2.0,0.0,0.0,0.0
2019,2,HOU,Carlos Hyde,25.0,1.3,65.0,3.3,3.0
2019,2,HOU,Duke Johnson,9.0,1.5,22.0,3.7,1.0
2019,2,HOU,Deshaun Watson,4.0,1.0,1.0,0.3,0.0
2019,2,JAX,Leonard Fournette,11.0,0.7,36.0,2.4,1.0
2019,2,JAX,Gardner Minshew II,52.0,8.7,4.0,0.7,1.0
2019,2,MIA,Kenyan Drake,16.0,2.7,3.0,0.5,0.0
2019,2,MIA,Kalen Ballage,6.0,1.5,0.0,0.0,1.0
2019,2,MIA,Mark Walton,11.0,3.7,4.0,1.3,0.0
2019,2,MIA,Ryan Fitzpatrick,6.0,6.0,0.0,0.0,0.0
2019,2,MIA,Jakeem Grant,-4.0,-4.0,0.0,0.0,0.0
2019,2,NE,Sony Michel,61.0,2.9,22.0,1.0,0.0
2019,2,NE,Rex Burkhead,14.0,2.8,7.0,1.4,1.0
2019,2,NE,James White,10.0,3.3,0.0,0.0,0.0
2019,2,NE,Tom Brady,1.0,0.5,0.0,0.0,0.0
2019,2,NE,James Develin,3.0,1.5,0.0,0.0,0.0
2019,2,NE,Antonio Brown,5.0,5.0,0.0,0.0,0.0
2019,2,NE,Julian Edelman,1.0,1.0,0.0,0.0,0.0
2019,2,NYG,Saquon Barkley,56.0,3.1,51.0,2.8,0.0
2019,2,NYG,Bennie Fowler,17.0,17.0,3.0,3.0,0.0
2019,2,NYG,Eli Manning,0.0,0.0,2.0,2.0,0.0
2019,2,BUF,Frank Gore,31.0,1.6,37.0,1.9,0.0
2019,2,BUF,Josh Allen,15.0,2.1,6.0,0.9,0.0
2019,2,BUF,Devin Singletary,30.0,5.0,27.0,4.5,2.0
2019,2,BUF,Patrick DiMarco,-1.0,-1.0,2.0,2.0,0.0
2019,2,BUF,Isaiah McKenzie,2.0,2.0,2.0,2.0,0.0
2019,2,PIT,James Conner,4.0,0.4,29.0,2.6,1.0
2019,2,PIT,Jaylen Samuels,8.0,2.7,10.0,3.3,0.0
2019,2,PIT,Mason Rudolph,2.0,2.0,5.0,5.0,0.0
2019,2,PIT,Benny Snell Jr.,1.0,1.0,22.0,22.0,0.0
2019,2,SEA,Chris Carson,33.0,2.2,27.0,1.8,0.0
2019,2,SEA,Rashaad Penny,8.0,0.8,54.0,5.4,0.0
2019,2,SEA,Russell Wilson,7.0,1.2,15.0,2.5,0.0
2019,2,SEA,C.J. Prosise,1.0,0.5,6.0,3.0,0.0
2019,2,TEN,Derrick Henry,5.0,0.3,77.0,5.1,1.0
2019,2,TEN,Marcus Mariota,25.0,5.0,7.0,1.4,0.0
2019,2,TEN,Dion Lewis,0.0,0.0,9.0,3.0,0.0
2019,2,TEN,Adam Humphries,1.0,1.0,0.0,0.0,0.0
2019,2,IND,Marlon Mack,10.0,0.5,41.0,2.1,1.0
2019,2,IND,Jacoby Brissett,8.0,1.1,17.0,2.4,0.0
2019,2,IND,Jordan Wilkins,17.0,3.4,65.0,13.0,0.0
2019,2,IND,Nyheim Hines,6.0,3.0,3.0,1.5,0.0
2019,2,WAS,Adrian Peterson,1.0,0.1,24.0,2.4,0.0
2019,2,WAS,Steven Sims,15.0,5.0,1.0,0.3,0.0
2019,2,WAS,Chris Thompson,0.0,0.0,3.0,1.5,0.0
2019,2,WAS,Case Keenum,-1.0,-1.0,0.0,0.0,0.0
2019,2,WAS,Wendell Smallwood,0.0,0.0,4.0,4.0,0.0
2019,2,DAL,Ezekiel Elliott,56.0,2.4,55.0,2.4,1.0
2019,2,DAL,Dak Prescott,59.0,11.8,10.0,2.0,0.0
2019,2,DAL,Tony Pollard,10.0,2.5,12.0,3.0,0.0
2019,2,DAL,Randall Cobb,6.0,3.0,5.0,2.5,0.0
2019,2,OAK,Josh Jacobs,27.0,2.3,72.0,6.0,0.0
2019,2,OAK,DeAndre Washington,1.0,0.3,8.0,2.7,0.0
2019,2,OAK,Derek Carr,18.0,9.0,0.0,0.0,0.0
2019,2,OAK,Jalen Richard,3.0,1.5,0.0,0.0,0.0
2019,2,KC,LeSean McCoy,14.0,1.3,9.0,0.8,1.0
2019,2,KC,Damien Williams,-3.0,-0.3,11.0,1.2,0.0
2019,2,KC,Patrick Mahomes,-1.0,-1.0,0.0,0.0,0.0
2019,2,KC,Darwin Thompson,0.0,0.0,1.0,1.0,0.0
2019,2,DEN,Phillip Lindsay,23.0,1.8,13.0,1.0,3.0
2019,2,DEN,Royce Freeman,43.0,3.9,11.0,1.0,0.0
2019,2,CHI,David Montgomery,41.0,2.3,21.0,1.2,2.0
2019,2,CHI,Tarik Cohen,13.0,3.3,5.0,1.3,0.0
2019,2,CHI,Mike Davis,-1.0,-0.3,2.0,0.7,0.0
2019,2,CHI,Cordarrelle Patterson,50.0,25.0,0.0,0.0,0.0
2019,2,CHI,Taylor Gabriel,14.0,14.0,0.0,0.0,0.0
2019,2,CHI,Mitchell Trubisky,8.0,8.0,0.0,0.0,0.0
2019,2,LA,Todd Gurley,42.0,2.6,21.0,1.3,0.0
2019,2,LA,Malcolm Brown,19.0,3.2,18.0,3.0,2.0
2019,2,LA,Jared Goff,-2.0,-0.5,0.0,0.0,0.0
2019,2,LA,Brandin Cooks,2.0,2.0,0.0,0.0,0.0
2019,2,LA,Gerald Everett,0.0,0.0,0.0,0.0,0.0
2019,2,LA,Cooper Kupp,6.0,6.0,0.0,0.0,0.0
2019,2,LA,Robert Woods,4.0,4.0,5.0,5.0,0.0
2019,2,NO,Alvin Kamara,18.0,1.4,27.0,2.1,1.0
2019,2,NO,Latavius Murray,1.0,0.2,6.0,1.2,0.0
2019,2,NO,Teddy Bridgewater,4.0,2.0,1.0,0.5,0.0
2019,2,ATL,Devonta Freeman,16.0,1.5,6.0,0.5,0.0
2019,2,ATL,Ito Smith,28.0,7.0,4.0,1.0,0.0
2019,2,ATL,Matt Ryan,3.0,1.5,0.0,0.0,0.0
2019,2,PHI,Miles Sanders,19.0,1.9,9.0,0.9,0.0
2019,2,PHI,Jordan Howard,8.0,1.0,10.0,1.3,1.0
2019,2,PHI,Carson Wentz,3.0,1.0,0.0,0.0,0.0
2019,2,NYJ,Le'Veon Bell,37.0,1.8,31.0,1.5,2.0
2019,2,NYJ,Ty Montgomery,25.0,8.3,0.0,0.0,0.0
2019,2,CLE,Nick Chubb,34.0,1.9,28.0,1.6,5.0
2019,2,CLE,D'Ernest Johnson,8.0,2.7,0.0,0.0,0.0
2019,3,JAX,Leonard Fournette,-6.0,-0.4,72.0,4.8,1.0
2019,3,JAX,Gardner Minshew II,12.0,3.0,6.0,1.5,1.0
2019,3,JAX,Dede Westbrook,4.0,4.0,0.0,0.0,0.0
2019,3,TEN,Derrick Henry,-4.0,-0.2,48.0,2.8,1.0
2019,3,TEN,Marcus Mariota,22.0,3.7,12.0,2.0,1.0
2019,3,TEN,Dion Lewis,8.0,2.7,5.0,1.7,0.0
2019,3,BUF,Frank Gore,39.0,2.8,37.0,2.6,1.0
2019,3,BUF,Josh Allen,11.0,1.2,35.0,3.9,1.0
2019,3,BUF,T.J. Yeldon,9.0,1.1,21.0,2.6,0.0
2019,3,BUF,Isaiah McKenzie,6.0,2.0,4.0,1.3,0.0
2019,3,BUF,John Brown,2.0,2.0,2.0,2.0,0.0
2019,3,BUF,Dawson Knox,6.0,6.0,3.0,3.0,0.0
2019,3,CIN,Joe Mixon,24.0,1.6,36.0,2.4,1.0
2019,3,CIN,Giovani Bernard,0.0,0.0,5.0,1.7,0.0
2019,3,CIN,Andy Dalton,1.0,1.0,0.0,0.0,0.0
2019,3,DAL,Ezekiel Elliott,90.0,4.7,35.0,1.8,0.0
2019,3,DAL,Tony Pollard,50.0,3.8,53.0,4.1,0.0
2019,3,DAL,Dak Prescott,7.0,3.5,0.0,0.0,0.0
2019,3,MIA,Kenyan Drake,16.0,1.3,22.0,1.8,0.0
2019,3,MIA,Kalen Ballage,6.0,0.8,11.0,1.4,0.0
2019,3,MIA,Josh Rosen,13.0,4.3,0.0,0.0,0.0
2019,3,MIA,Jakeem Grant,4.0,4.0,0.0,0.0,0.0
2019,3,GB,Jamaal Williams,29.0,2.4,30.0,2.5,1.0
2019,3,GB,Aaron Jones,12.0,1.2,7.0,0.7,0.0
2019,3,GB,Aaron Rodgers,-1.0,-1.0,0.0,0.0,0.0
2019,3,DEN,Phillip Lindsay,64.0,3.0,17.0,0.8,2.0
2019,3,DEN,Royce Freeman,25.0,1.7,38.0,2.5,2.0
2019,3,DEN,Joe Flacco,5.0,2.5,0.0,0.0,0.0
2019,3,IND,Marlon Mack,33.0,2.1,41.0,2.6,1.0
2019,3,IND,Jacoby Brissett,-2.0,-0.7,6.0,2.0,0.0
2019,3,IND,Jordan Wilkins,-3.0,-1.0,1.0,0.3,0.0
2019,3,IND,Nyheim Hines,1.0,0.5,2.0,1.0,0.0
2019,3,ATL,Devonta Freeman,51.0,3.2,37.0,2.3,4.0
2019,3,ATL,Matt Ryan,3.0,1.5,0.0,0.0,0.0
2019,3,ATL,Mohamed Sanu,0.0,0.0,2.0,2.0,0.0
2019,3,ATL,Ito Smith,0.0,0.0,0.0,0.0,0.0
2019,3,KC,Darrel Williams,43.0,4.8,19.0,2.1,0.0
2019,3,KC,LeSean McCoy,18.0,2.3,36.0,4.5,0.0
2019,3,KC,Patrick Mahomes,8.0,2.0,1.0,0.3,0.0
2019,3,KC,Darwin Thompson,1.0,0.3,7.0,2.3,0.0
2019,3,KC,Mecole Hardman,6.0,6.0,1.0,1.0,0.0
2019,3,BAL,Mark Ingram,38.0,2.4,65.0,4.1,0.0
2019,3,BAL,Lamar Jackson,29.0,3.6,17.0,2.1,0.0
2019,3,BAL,Gus Edwards,16.0,2.3,37.0,5.3,0.0
2019,3,BAL,Justice Hill,0.0,0.0,1.0,1.0,0.0
2019,3,MIN,Dalvin Cook,79.0,4.9,31.0,1.9,2.0
2019,3,MIN,Alexander Mattison,39.0,3.3,19.0,1.6,0.0
2019,3,MIN,Kirk Cousins,16.0,4.0,0.0,0.0,0.0
2019,3,MIN,Mike Boone,22.0,7.3,6.0,2.0,0.0
2019,3,MIN,Sean Mannion,-2.0,-1.0,0.0,0.0,0.0
2019,3,MIN,Adam Thielen,0.0,0.0,1.0,1.0,1.0
2019,3,OAK,Josh Jacobs,21.0,2.1,23.0,2.3,1.0
2019,3,OAK,DeAndre Washington,8.0,1.3,14.0,2.3,2.0
2019,3,OAK,Jalen Richard,11.0,5.5,4.0,2.0,0.0
2019,3,OAK,Derek Carr,0.0,0.0,0.0,0.0,0.0
2019,3,OAK,Darren Waller,4.0,4.0,3.0,3.0,0.0
2019,3,NE,Rex Burkhead,26.0,2.4,21.0,1.9,1.0
2019,3,NE,Sony Michel,5.0,0.6,6.0,0.7,1.0
2019,3,NE,Brandon Bolden,-3.0,-1.5,1.0,0.5,0.0
2019,3,NE,Tom Brady,-1.0,-0.5,0.0,0.0,0.0
2019,3,NE,Phillip Dorsett,11.0,5.5,1.0,0.5,0.0
2019,3,NE,Josh Gordon,1.0,1.0,0.0,0.0,0.0
2019,3,NYJ,Le'Veon Bell,6.0,0.3,29.0,1.6,0.0
2019,3,NYJ,Ty Montgomery,0.0,0.0,1.0,0.5,0.0
2019,3,PHI,Miles Sanders,9.0,0.7,44.0,3.4,3.0
2019,3,PHI,Jordan Howard,10.0,0.9,27.0,2.5,1.0
2019,3,PHI,Carson Wentz,19.0,4.8,14.0,3.5,2.0
2019,3,PHI,Darren Sproles,0.0,0.0,4.0,2.0,0.0
2019,3,DET,Kerryon Johnson,3.0,0.2,33.0,1.7,4.0
2019,3,DET,Ty Johnson,-2.0,-0.5,7.0,1.8,1.0
2019,3,DET,Matthew Stafford,1.0,0.3,0.0,0.0,0.0
2019,3,DET,J.D. McKissic,30.0,30.0,14.0,14.0,1.0
2019,3,ARI,David Johnson,16.0,1.5,21.0,1.9,1.0
2019,3,ARI,Kyler Murray,68.0,8.5,1.0,0.1,0.0
2019,3,ARI,Chase Edmonds,6.0,2.0,9.0,3.0,0.0
2019,3,CAR,Christian McCaffrey,78.0,3.3,75.0,3.1,0.0
2019,3,CAR,Kyle Allen,-1.0,-0.3,0.0,0.0,0.0
2019,3,CAR,Reggie Bonnafon,0.0,0.0,5.0,2.5,0.0
2019,3,CAR,Alex Armah,2.0,2.0,2.0,2.0,0.0
2019,3,CAR,D.J. Moore,8.0,8.0,4.0,4.0,0.0
2019,3,TB,Ronald Jones II,56.0,4.0,24.0,1.7,0.0
2019,3,TB,Peyton Barber,24.0,1.8,24.0,1.8,2.0
2019,3,TB,Jameis Winston,3.0,0.8,0.0,0.0,0.0
2019,3,TB,Breshad Perriman,13.0,13.0,0.0,0.0,0.0
2019,3,NYG,Saquon Barkley,3.0,0.4,7.0,0.9,0.0
2019,3,NYG,Wayne Gallman,4.0,0.8,9.0,1.8,0.0
2019,3,NYG,Daniel Jones,26.0,6.5,2.0,0.5,0.0
2019,3,NYG,Sterling Shepard,21.0,10.5,0.0,0.0,0.0
2019,3,LAC,Austin Ekeler,32.0,3.6,4.0,0.4,1.0
2019,3,LAC,Justin Jackson,18.0,3.6,8.0,1.6,3.0
2019,3,LAC,Philip Rivers,9.0,4.5,0.0,0.0,0.0
2019,3,LAC,Keenan Allen,3.0,3.0,0.0,0.0,0.0
2019,3,LAC,Derek Watt,-1.0,-1.0,0.0,0.0,0.0
2019,3,HOU,Carlos Hyde,6.0,0.6,13.0,1.3,1.0
2019,3,HOU,Deshaun Watson,14.0,2.0,4.0,0.6,2.0
2019,3,HOU,Duke Johnson,0.0,0.0,2.0,1.0,2.0
2019,3,SEA,Chris Carson,28.0,1.9,24.0,1.6,0.0
2019,3,SEA,Russell Wilson,39.0,5.6,12.0,1.7,1.0
2019,3,SEA,C.J. Prosise,3.0,0.8,2.0,0.5,0.0
2019,3,NO,Alvin Kamara,19.0,1.2,50.0,3.1,4.0
2019,3,NO,Teddy Bridgewater,6.0,2.0,6.0,2.0,0.0
2019,3,NO,Latavius Murray,-2.0,-1.0,4.0,2.0,1.0
2019,3,NO,Taysom Hill,2.0,2.0,3.0,3.0,0.0
2019,3,NO,Zach Line,0.0,0.0,0.0,0.0,0.0
2019,3,SF,Matt Breida,33.0,2.4,35.0,2.5,1.0
2019,3,SF,Raheem Mostert,50.0,4.2,29.0,2.4,0.0
2019,3,SF,Jeff Wilson,9.0,1.1,9.0,1.1,0.0
2019,3,SF,Jimmy Garoppolo,3.0,0.5,0.0,0.0,0.0
2019,3,PIT,James Conner,9.0,0.7,34.0,2.6,1.0
2019,3,PIT,Mason Rudolph,9.0,2.3,6.0,1.5,1.0
2019,3,PIT,Benny Snell Jr.,1.0,0.3,5.0,1.7,0.0
2019,3,PIT,Johnny Holton,7.0,7.0,2.0,2.0,0.0
2019,3,PIT,Diontae Johnson,3.0,3.0,3.0,3.0,0.0
2019,3,CLE,Nick Chubb,52.0,2.3,44.0,1.9,0.0
2019,3,CLE,Baker Mayfield,-1.0,-1.0,0.0,0.0,0.0
2019,3,LA,Todd Gurley,15.0,1.1,28.0,2.0,1.0
2019,3,LA,Jared Goff,10.0,2.5,4.0,1.0,0.0
2019,3,LA,Malcolm Brown,2.0,0.7,5.0,1.7,0.0
2019,3,LA,Robert Woods,11.0,5.5,7.0,3.5,1.0
2019,3,LA,Brandin Cooks,6.0,6.0,2.0,2.0,0.0
2019,3,WAS,Adrian Peterson,33.0,2.8,4.0,0.3,0.0
2019,3,WAS,Chris Thompson,29.0,4.1,0.0,0.0,0.0
2019,3,WAS,Case Keenum,3.0,1.5,0.0,0.0,0.0
2019,3,CHI,David Montgomery,45.0,3.5,22.0,1.7,3.0
2019,3,CHI,Tarik Cohen,-6.0,-1.5,4.0,1.0,1.0
2019,3,CHI,Cordarrelle Patterson,14.0,3.5,0.0,0.0,0.0
2019,3,CHI,Mike Davis,0.0,0.0,2.0,2.0,0.0
2019,3,CHI,Taylor Gabriel,7.0,7.0,0.0,0.0,0.0
2019,3,CHI,Mitchell Trubisky,2.0,2.0,0.0,0.0,0.0
2019,4,GB,Aaron Jones,-4.0,-0.3,25.0,1.9,2.0
2019,4,GB,Aaron Rodgers,32.0,6.4,14.0,2.8,0.0
2019,4,GB,Geronimo Allison,5.0,5.0,2.0,2.0,0.0
2019,4,GB,Danny Vitale,2.0,2.0,1.0,1.0,0.0
2019,4,PHI,Jordan Howard,35.0,2.3,52.0,3.5,1.0
2019,4,PHI,Miles Sanders,48.0,4.4,24.0,2.2,1.0
2019,4,PHI,Carson Wentz,10.0,1.7,3.0,0.5,0.0
2019,4,PHI,Darren Sproles,3.0,3.0,1.0,1.0,0.0
2019,4,ATL,Devonta Freeman,14.0,1.2,14.0,1.2,0.0
2019,4,ATL,Matt Ryan,18.0,9.0,0.0,0.0,0.0
2019,4,ATL,Ito Smith,3.0,1.5,8.0,4.0,1.0
2019,4,ATL,Julio Jones,0.0,0.0,1.0,1.0,0.0
2019,4,TEN,Derrick Henry,32.0,1.2,68.0,2.5,2.0
2019,4,TEN,Dion Lewis,7.0,1.8,9.0,2.3,1.0
2019,4,TEN,Marcus Mariota,20.0,6.7,2.0,0.7,0.0
2019,4,BAL,Mark Ingram,34.0,2.8,37.0,3.1,1.0
2019,4,BAL,Lamar Jackson,44.0,4.9,22.0,2.4,0.0
2019,4,BAL,Gus Edwards,6.0,1.0,22.0,3.7,1.0
2019,4,BAL,Justice Hill,6.0,3.0,2.0,1.0,0.0
2019,4,CLE,Nick Chubb,132.0,6.6,33.0,1.7,2.0
2019,4,CLE,Dontrell Hilliard,21.0,3.5,6.0,1.0,0.0
2019,4,CLE,Baker Mayfield,0.0,0.0,1.0,0.3,0.0
2019,4,BUF,Frank Gore,44.0,2.6,65.0,3.8,2.0
2019,4,BUF,Josh Allen,15.0,3.0,11.0,2.2,0.0
2019,4,NE,Sony Michel,37.0,2.2,26.0,1.5,1.0
2019,4,NE,Tom Brady,-3.0,-1.0,0.0,0.0,0.0
2019,4,NE,Brandon Bolden,4.0,4.0,0.0,0.0,0.0
2019,4,NE,Phillip Dorsett,7.0,7.0,2.0,2.0,0.0
2019,4,NE,James White,0.0,0.0,1.0,1.0,0.0
2019,4,DET,Kerryon Johnson,79.0,3.0,46.0,1.8,1.0
2019,4,DET,J.D. McKissic,7.0,1.8,23.0,5.8,0.0
2019,4,DET,Ty Johnson,11.0,3.7,2.0,0.7,0.0
2019,4,DET,Matthew Stafford,9.0,4.5,9.0,4.5,1.0
2019,4,KC,LeSean McCoy,31.0,2.8,25.0,2.3,0.0
2019,4,KC,Darrel Williams,8.0,1.0,5.0,0.6,0.0
2019,4,KC,Patrick Mahomes,54.0,9.0,0.0,0.0,0.0
2019,4,HOU,Carlos Hyde,36.0,3.0,22.0,1.8,1.0
2019,4,HOU,Duke Johnson,14.0,2.3,42.0,7.0,0.0
2019,4,HOU,Deshaun Watson,12.0,4.0,0.0,0.0,0.0
2019,4,HOU,Keke Coutee,10.0,10.0,0.0,0.0,0.0
2019,4,CAR,Christian McCaffrey,37.0,1.4,56.0,2.1,1.0
2019,4,CAR,Curtis Samuel,1.0,1.0,0.0,0.0,0.0
2019,4,IND,Marlon Mack,26.0,2.4,13.0,1.2,0.0
2019,4,IND,Jacoby Brissett,18.0,3.6,1.0,0.2,0.0
2019,4,IND,Jordan Wilkins,5.0,1.3,12.0,3.0,0.0
2019,4,IND,Nyheim Hines,1.0,0.3,5.0,1.7,0.0
2019,4,OAK,Josh Jacobs,26.0,1.5,53.0,3.1,1.0
2019,4,OAK,DeAndre Washington,11.0,1.8,7.0,1.2,0.0
2019,4,OAK,Jalen Richard,11.0,2.8,6.0,1.5,0.0
2019,4,OAK,Derek Carr,-1.0,-0.5,0.0,0.0,0.0
2019,4,OAK,Trevor Davis,74.0,37.0,0.0,0.0,0.0
2019,4,OAK,Alec Ingold,0.0,0.0,1.0,1.0,0.0
2019,4,MIA,Kenyan Drake,23.0,2.6,21.0,2.3,2.0
2019,4,MIA,Mark Walton,13.0,2.2,10.0,1.7,0.0
2019,4,MIA,Kalen Ballage,4.0,2.0,3.0,1.5,0.0
2019,4,MIA,Jakeem Grant,-2.0,-2.0,0.0,0.0,0.0
2019,4,LAC,Austin Ekeler,10.0,0.6,50.0,2.8,0.0
2019,4,LAC,Troymaine Pope,11.0,1.1,9.0,0.9,0.0
2019,4,LAC,Tyrod Taylor,-4.0,-1.0,3.0,0.8,0.0
2019,4,LAC,Philip Rivers,0.0,0.0,0.0,0.0,0.0
2019,4,NYG,Wayne Gallman,43.0,2.4,20.0,1.1,0.0
2019,4,NYG,Jon Hilliman,19.0,1.9,14.0,1.4,0.0
2019,4,NYG,Daniel Jones,33.0,6.6,0.0,0.0,0.0
2019,4,NYG,Elijhaa Penny,8.0,2.7,4.0,1.3,0.0
2019,4,NYG,Sterling Shepard,21.0,21.0,2.0,2.0,0.0
2019,4,WAS,Adrian Peterson,5.0,0.5,23.0,2.1,1.0
2019,4,WAS,Chris Thompson,3.0,0.8,1.0,0.3,0.0
2019,4,WAS,Dwayne Haskins,19.0,9.5,4.0,2.0,0.0
2019,4,ARI,David Johnson,24.0,2.2,16.0,1.5,0.0
2019,4,ARI,Chase Edmonds,21.0,3.5,16.0,2.7,1.0
2019,4,ARI,Kyler Murray,16.0,4.0,11.0,2.8,1.0
2019,4,ARI,Andy Isabella,3.0,3.0,2.0,2.0,0.0
2019,4,ARI,Christian Kirk,5.0,5.0,1.0,1.0,0.0
2019,4,SEA,Chris Carson,26.0,1.2,78.0,3.5,6.0
2019,4,SEA,C.J. Prosise,-5.0,-1.7,9.0,3.0,1.0
2019,4,SEA,Russell Wilson,1.0,0.5,6.0,3.0,0.0
2019,4,LA,Malcolm Brown,3.0,0.6,11.0,2.2,0.0
2019,4,LA,Todd Gurley,4.0,0.8,12.0,2.4,1.0
2019,4,LA,Cooper Kupp,-2.0,-2.0,0.0,0.0,0.0
2019,4,TB,Ronald Jones II,16.0,0.8,54.0,2.8,4.0
2019,4,TB,Peyton Barber,5.0,0.6,14.0,1.6,0.0
2019,4,TB,Dare Ogunbowale,-1.0,-1.0,1.0,1.0,0.0
2019,4,TB,Jameis Winston,-1.0,-1.0,0.0,0.0,0.0
2019,4,CHI,David Montgomery,23.0,1.1,30.0,1.4,1.0
2019,4,CHI,Tarik Cohen,5.0,1.0,6.0,1.2,1.0
2019,4,CHI,Chase Daniel,0.0,0.0,4.0,0.8,0.0
2019,4,CHI,Cordarrelle Patterson,2.0,1.0,2.0,1.0,0.0
2019,4,MIN,Dalvin Cook,12.0,0.9,23.0,1.6,2.0
2019,4,MIN,Alexander Mattison,3.0,1.5,2.0,1.0,0.0
2019,4,DEN,Phillip Lindsay,34.0,3.8,19.0,2.1,0.0
2019,4,DEN,Royce Freeman,2.0,0.3,14.0,2.3,1.0
2019,4,DEN,Joe Flacco,-1.0,-1.0,0.0,0.0,0.0
2019,4,JAX,Leonard Fournette,98.0,3.4,127.0,4.4,5.0
2019,4,JAX,Ryquell Armstead,10.0,1.3,32.0,4.0,1.0
2019,4,JAX,Gardner Minshew II,1.0,1.0,1.0,1.0,0.0
2019,4,NO,Alvin Kamara,29.0,1.7,40.0,2.4,11.0
2019,4,NO,Latavius Murray,12.0,3.0,2.0,0.5,0.0
2019,4,NO,Teddy Bridgewater,7.0,2.3,1.0,0.3,0.0
2019,4,NO,Taysom Hill,11.0,5.5,5.0,2.5,0.0
2019,4,NO,Deonte Harris,10.0,10.0,0.0,0.0,0.0
2019,4,DAL,Ezekiel Elliott,11.0,0.6,24.0,1.3,0.0
2019,4,DAL,Tavon Austin,3.0,3.0,0.0,0.0,0.0
2019,4,DAL,Dak Prescott,7.0,7.0,0.0,0.0,0.0
2019,4,PIT,James Conner,21.0,2.1,21.0,2.1,1.0
2019,4,PIT,Jaylen Samuels,9.0,0.9,17.0,1.7,1.0
2019,4,PIT,Mason Rudolph,-3.0,-1.0,0.0,0.0,0.0
2019,4,PIT,Benny Snell Jr.,-2.0,-1.0,3.0,1.5,0.0
2019,4,CIN,Joe Mixon,28.0,1.9,34.0,2.3,0.0
2019,4,CIN,Andy Dalton,7.0,2.3,1.0,0.3,0.0
2019,4,CIN,Giovani Bernard,-1.0,-1.0,4.0,4.0,0.0
2019,5,SEA,Chris Carson,36.0,1.3,82.0,3.0,3.0
2019,5,SEA,Russell Wilson,29.0,3.6,3.0,0.4,0.0
2019,5,SEA,Rashaad Penny,15.0,2.5,3.0,0.5,0.0
2019,5,SEA,Will Dissly,5.0,5.0,2.0,2.0,0.0
2019,5,SEA,Tyler Lockett,-8.0,-8.0,0.0,0.0,0.0
2019,5,LA,Todd Gurley,35.0,2.3,16.0,1.1,1.0
2019,5,LA,Malcolm Brown,2.0,2.0,1.0,1.0,0.0
2019,5,LA,Brandin Cooks,27.0,27.0,0.0,0.0,0.0
2019,5,LA,Jared Goff,1.0,1.0,0.0,0.0,0.0
2019,5,CAR,Christian McCaffrey,134.0,7.1,42.0,2.2,1.0
2019,5,CAR,Reggie Bonnafon,74.0,14.8,6.0,1.2,0.0
2019,5,CAR,Curtis Samuel,25.0,12.5,0.0,0.0,0.0
2019,5,CAR,Kyle Allen,0.0,0.0,4.0,4.0,0.0
2019,5,JAX,Leonard Fournette,36.0,1.6,72.0,3.1,0.0
2019,5,JAX,Gardner Minshew II,42.0,6.0,0.0,0.0,0.0
2019,5,JAX,Ryquell Armstead,-1.0,-1.0,0.0,0.0,0.0
2019,5,CIN,Joe Mixon,45.0,2.4,48.0,2.5,1.0
2019,5,CIN,Giovani Bernard,0.0,0.0,10.0,5.0,1.0
2019,5,CIN,Andy Dalton,5.0,2.5,0.0,0.0,0.0
2019,5,ARI,David Johnson,62.0,3.6,29.0,1.7,0.0
2019,5,ARI,Kyler Murray,77.0,7.7,16.0,1.6,1.0
2019,5,ARI,Chase Edmonds,30.0,3.8,38.0,4.8,0.0
2019,5,ARI,Andy Isabella,9.0,4.5,2.0,1.0,0.0
2019,5,ARI,KeeSean Johnson,3.0,3.0,0.0,0.0,0.0
2019,5,HOU,Carlos Hyde,23.0,1.1,37.0,1.8,0.0
2019,5,HOU,Duke Johnson,37.0,4.1,22.0,2.4,1.0
2019,5,HOU,Deshaun Watson,45.0,11.3,2.0,0.5,0.0
2019,5,ATL,Devonta Freeman,18.0,1.6,12.0,1.1,0.0
2019,5,ATL,Ito Smith,14.0,2.8,5.0,1.0,0.0
2019,5,ATL,Matt Ryan,6.0,2.0,1.0,0.3,0.0
2019,5,ATL,Mohamed Sanu,0.0,0.0,1.0,1.0,0.0
2019,5,NO,Alvin Kamara,14.0,0.9,48.0,3.0,1.0
2019,5,NO,Latavius Murray,11.0,1.6,17.0,2.4,0.0
2019,5,NO,Teddy Bridgewater,1.0,0.2,6.0,1.2,0.0
2019,5,NO,Taysom Hill,13.0,6.5,1.0,0.5,0.0
2019,5,NO,Ted Ginn Jr.,0.0,0.0,1.0,1.0,0.0
2019,5,TB,Ronald Jones II,15.0,1.7,20.0,2.2,0.0
2019,5,TB,Peyton Barber,13.0,1.6,19.0,2.4,0.0
2019,5,TB,Jameis Winston,13.0,4.3,0.0,0.0,0.0
2019,5,TB,Scott Miller,8.0,8.0,10.0,10.0,0.0
2019,5,TB,Dare Ogunbowale,-4.0,-4.0,0.0,0.0,0.0
2019,5,NYG,Jon Hilliman,6.0,0.7,14.0,1.6,0.0
2019,5,NYG,Daniel Jones,6.0,2.0,6.0,2.0,0.0
2019,5,NYG,Elijhaa Penny,8.0,2.7,7.0,2.3,0.0
2019,5,NYG,Evan Engram,4.0,2.0,1.0,0.5,0.0
2019,5,NYG,Wayne Gallman,9.0,4.5,5.0,2.5,0.0
2019,5,NYG,Sterling Shepard,-2.0,-2.0,0.0,0.0,0.0
2019,5,MIN,Dalvin Cook,59.0,2.8,73.0,3.5,4.0
2019,5,MIN,Alexander Mattison,40.0,5.7,12.0,1.7,2.0
2019,5,MIN,Ameer Abdullah,18.0,6.0,6.0,2.0,0.0
2019,5,MIN,Kirk Cousins,3.0,1.0,0.0,0.0,0.0
2019,5,OAK,Josh Jacobs,61.0,2.3,62.0,2.4,5.0
2019,5,OAK,DeAndre Washington,8.0,1.3,9.0,1.5,0.0
2019,5,OAK,Derek Carr,8.0,2.7,0.0,0.0,0.0
2019,5,OAK,Jalen Richard,13.0,6.5,1.0,0.5,0.0
2019,5,OAK,Erik Harris,4.0,4.0,0.0,0.0,0.0
2019,5,OAK,Alec Ingold,2.0,2.0,1.0,1.0,0.0
2019,5,CHI,David Montgomery,14.0,1.3,11.0,1.0,2.0
2019,5,CHI,Tarik Cohen,8.0,2.0,2.0,0.5,0.0
2019,5,CHI,Chase Daniel,2.0,2.0,0.0,0.0,0.0
2019,5,CHI,Cordarrelle Patterson,5.0,5.0,0.0,0.0,0.0
2019,5,PHI,Jordan Howard,28.0,2.2,34.0,2.6,0.0
2019,5,PHI,Miles Sanders,7.0,0.8,8.0,0.9,0.0
2019,5,PHI,Darren Sproles,3.0,1.0,1.0,0.3,0.0
2019,5,PHI,Josh McCown,-2.0,-1.0,0.0,0.0,0.0
2019,5,PHI,Carson Wentz,-2.0,-1.0,7.0,3.5,0.0
2019,5,NYJ,Le'Veon Bell,22.0,1.5,21.0,1.4,0.0
2019,5,NYJ,Ty Montgomery,1.0,0.5,0.0,0.0,0.0
2019,5,NYJ,Bilal Powell,4.0,4.0,0.0,0.0,0.0
2019,5,NYJ,Vyncint Smith,19.0,19.0,0.0,0.0,0.0
2019,5,PIT,James Conner,18.0,1.3,37.0,2.6,0.0
2019,5,PIT,Jaylen Samuels,-2.0,-0.7,4.0,1.3,0.0
2019,5,PIT,Devlin Hodges,20.0,10.0,0.0,0.0,0.0
2019,5,BAL,Mark Ingram,13.0,0.7,31.0,1.6,0.0
2019,5,BAL,Lamar Jackson,60.0,4.3,10.0,0.7,0.0
2019,5,BAL,Gus Edwards,7.0,1.4,10.0,2.0,0.0
2019,5,BAL,Justice Hill,1.0,0.5,6.0,3.0,0.0
2019,5,TEN,Derrick Henry,24.0,1.2,54.0,2.7,3.0
2019,5,TEN,Marcus Mariota,10.0,2.0,3.0,0.6,0.0
2019,5,TEN,Dion Lewis,5.0,2.5,6.0,3.0,0.0
2019,5,BUF,Frank Gore,18.0,1.3,42.0,3.0,2.0
2019,5,BUF,Josh Allen,14.0,1.4,13.0,1.3,1.0
2019,5,BUF,T.J. Yeldon,4.0,2.0,11.0,5.5,0.0
2019,5,BUF,Andre Roberts,5.0,5.0,2.0,2.0,0.0
2019,5,WAS,Adrian Peterson,4.0,0.6,14.0,2.0,0.0
2019,5,WAS,Wendell Smallwood,17.0,2.8,10.0,1.7,0.0
2019,5,WAS,Chris Thompson,14.0,3.5,7.0,1.8,1.0
2019,5,WAS,Colt McCoy,14.0,7.0,0.0,0.0,0.0
2019,5,WAS,Steven Sims,11.0,11.0,54.0,54.0,2.0
2019,5,NE,Sony Michel,71.0,4.4,20.0,1.3,1.0
2019,5,NE,James White,15.0,2.5,11.0,1.8,0.0
2019,5,NE,Brandon Bolden,12.0,2.4,1.0,0.2,0.0
2019,5,LAC,Melvin Gordon,14.0,1.2,17.0,1.4,1.0
2019,5,LAC,Austin Ekeler,5.0,1.7,2.0,0.7,0.0
2019,5,LAC,Philip Rivers,-3.0,-3.0,0.0,0.0,0.0
2019,5,DEN,Phillip Lindsay,59.0,3.9,55.0,3.7,4.0
2019,5,DEN,Royce Freeman,32.0,2.5,29.0,2.2,0.0
2019,5,DEN,Joe Flacco,7.0,2.3,0.0,0.0,0.0
2019,5,DEN,Diontae Spencer,7.0,7.0,2.0,2.0,0.0
2019,5,DAL,Ezekiel Elliott,26.0,2.2,36.0,3.0,0.0
2019,5,DAL,Tony Pollard,10.0,2.5,9.0,2.3,0.0
2019,5,DAL,Dak Prescott,14.0,3.5,13.0,3.3,3.0
2019,5,DAL,Tavon Austin,9.0,9.0,5.0,5.0,0.0
2019,5,GB,Aaron Jones,74.0,3.9,33.0,1.7,3.0
2019,5,GB,Tra Carson,3.0,0.5,11.0,1.8,0.0
2019,5,GB,Aaron Rodgers,-1.0,-0.3,0.0,0.0,0.0
2019,5,KC,Damien Williams,18.0,2.0,5.0,0.6,0.0
2019,5,KC,Patrick Mahomes,17.0,5.7,0.0,0.0,0.0
2019,5,KC,Mecole Hardman,-6.0,-6.0,0.0,0.0,0.0
2019,5,KC,Anthony Sherman,2.0,2.0,0.0,0.0,0.0
2019,5,IND,Marlon Mack,65.0,2.2,67.0,2.3,2.0
2019,5,IND,Jordan Wilkins,18.0,2.6,10.0,1.4,0.0
2019,5,IND,Jacoby Brissett,9.0,1.5,0.0,0.0,0.0
2019,5,IND,Nyheim Hines,-1.0,-0.5,0.0,0.0,0.0
2019,5,IND,Zach Pascal,8.0,8.0,4.0,4.0,0.0
2019,5,SF,Tevin Coleman,70.0,4.4,27.0,1.7,1.0
2019,5,SF,Matt Breida,100.0,9.1,14.0,1.3,0.0
2019,5,SF,Raheem Mostert,15.0,2.1,19.0,2.7,1.0
2019,5,SF,Jimmy Garoppolo,-3.0,-0.8,0.0,0.0,0.0
2019,5,SF,Marquise Goodwin,15.0,15.0,0.0,0.0,0.0
2019,5,SF,George Kittle,18.0,18.0,0.0,0.0,0.0
2019,5,CLE,Nick Chubb,65.0,4.1,22.0,1.4,2.0
2019,5,CLE,Odell Beckham Jr.,9.0,4.5,6.0,3.0,1.0
2019,6,NE,Sony Michel,48.0,2.2,38.0,1.7,1.0
2019,6,NE,Tom Brady,5.0,0.7,1.0,0.1,0.0
2019,6,NE,Brandon Bolden,14.0,4.7,9.0,3.0,0.0
2019,6,NE,James White,-1.0,-0.5,0.0,0.0,2.0
2019,6,NYG,Jon Hilliman,20.0,1.8,18.0,1.6,0.0
2019,6,NYG,Elijhaa Penny,-2.0,-0.7,8.0,2.7,1.0
2019,6,NYG,Daniel Jones,8.0,4.0,0.0,0.0,0.0
2019,6,TB,Peyton Barber,4.0,0.5,24.0,3.0,0.0
2019,6,TB,Ronald Jones II,0.0,0.0,10.0,2.5,0.0
2019,6,TB,Dare Ogunbowale,-1.0,-1.0,4.0,4.0,0.0
2019,6,TB,Jameis Winston,-2.0,-2.0,3.0,3.0,0.0
2019,6,CAR,Christian McCaffrey,0.0,0.0,31.0,1.4,0.0
2019,6,CAR,Kyle Allen,3.0,1.0,0.0,0.0,0.0
2019,6,CAR,Alex Armah,2.0,1.0,2.0,1.0,0.0
2019,6,CAR,D.J. Moore,10.0,10.0,3.0,3.0,0.0
2019,6,CAR,Curtis Samuel,0.0,0.0,8.0,8.0,0.0
2019,6,BAL,Lamar Jackson,128.0,6.7,24.0,1.3,0.0
2019,6,BAL,Mark Ingram,11.0,0.8,41.0,3.2,1.0
2019,6,BAL,Gus Edwards,5.0,0.8,29.0,4.8,0.0
2019,6,BAL,Justice Hill,17.0,3.4,14.0,2.8,0.0
2019,6,CIN,Joe Mixon,3.0,0.4,7.0,0.9,0.0
2019,6,CIN,Giovani Bernard,1.0,0.3,3.0,0.8,0.0
2019,6,CIN,Andy Dalton,2.0,2.0,0.0,0.0,0.0
2019,6,CIN,Alex Erickson,17.0,17.0,0.0,0.0,0.0
2019,6,CLE,Nick Chubb,32.0,1.6,90.0,4.5,3.0
2019,6,CLE,Baker Mayfield,32.0,8.0,3.0,0.8,0.0
2019,6,SEA,Chris Carson,39.0,1.6,85.0,3.5,3.0
2019,6,SEA,Russell Wilson,30.0,3.3,1.0,0.1,0.0
2019,6,SEA,C.J. Prosise,1.0,0.3,7.0,2.3,0.0
2019,6,SEA,Tyler Lockett,3.0,3.0,0.0,0.0,0.0
2019,6,SEA,D.K. Metcalf,1.0,1.0,3.0,3.0,1.0
2019,6,JAX,Leonard Fournette,29.0,1.5,43.0,2.2,1.0
2019,6,JAX,Gardner Minshew II,1.0,0.5,0.0,0.0,0.0
2019,6,JAX,Ryquell Armstead,1.0,1.0,0.0,0.0,0.0
2019,6,JAX,Marqise Lee,1.0,1.0,0.0,0.0,0.0
2019,6,NO,Alvin Kamara,11.0,1.0,20.0,1.8,1.0
2019,6,NO,Latavius Murray,16.0,2.0,28.0,3.5,2.0
2019,6,NO,Teddy Bridgewater,-1.0,-0.3,1.0,0.3,0.0
2019,6,NO,Taysom Hill,11.0,3.7,6.0,2.0,0.0
2019,6,NO,Ted Ginn Jr.,12.0,12.0,0.0,0.0,0.0
2019,6,KC,LeSean McCoy,35.0,4.4,9.0,1.1,1.0
2019,6,KC,Patrick Mahomes,-1.0,-1.0,0.0,0.0,0.0
2019,6,KC,De'Anthony Thomas,2.0,2.0,2.0,2.0,0.0
2019,6,KC,Damien Williams,1.0,1.0,5.0,5.0,0.0
2019,6,HOU,Carlos Hyde,66.0,2.5,50.0,1.9,2.0
2019,6,HOU,Deshaun Watson,35.0,3.5,7.0,0.7,0.0
2019,6,HOU,Duke Johnson,21.0,4.2,13.0,2.6,0.0
2019,6,MIA,Kenyan Drake,12.0,1.2,28.0,2.8,2.0
2019,6,MIA,Mark Walton,19.0,3.2,13.0,2.2,0.0
2019,6,MIA,Kalen Ballage,7.0,2.3,0.0,0.0,0.0
2019,6,MIA,Ryan Fitzpatrick,5.0,2.5,0.0,0.0,0.0
2019,6,WAS,Adrian Peterson,46.0,2.0,72.0,3.1,1.0
2019,6,WAS,Case Keenum,10.0,2.5,0.0,0.0,0.0
2019,6,WAS,Chris Thompson,3.0,1.0,9.0,3.0,0.0
2019,6,WAS,Paul Richardson,0.0,0.0,0.0,0.0,0.0
2019,6,WAS,Steven Sims,1.0,1.0,0.0,0.0,0.0
2019,6,WAS,Wendell Smallwood,4.0,4.0,0.0,0.0,0.0
2019,6,MIN,Dalvin Cook,23.0,1.4,18.0,1.1,0.0
2019,6,MIN,Alexander Mattison,43.0,3.1,20.0,1.4,1.0
2019,6,MIN,Kirk Cousins,0.0,0.0,0.0,0.0,0.0
2019,6,MIN,Stefon Diggs,18.0,9.0,0.0,0.0,0.0
2019,6,MIN,Adam Thielen,0.0,0.0,0.0,0.0,0.0
2019,6,PHI,Jordan Howard,22.0,1.7,27.0,2.1,0.0
2019,6,PHI,Boston Scott,20.0,5.0,10.0,2.5,0.0
2019,6,PHI,Miles Sanders,3.0,1.0,3.0,1.0,0.0
2019,6,PHI,Carson Wentz,23.0,11.5,0.0,0.0,0.0
2019,6,ARI,David Johnson,14.0,1.2,20.0,1.7,0.0
2019,6,ARI,Kyler Murray,30.0,2.7,2.0,0.2,0.0
2019,6,ARI,Chase Edmonds,20.0,4.0,14.0,2.8,0.0
2019,6,ARI,Pharoh Cooper,1.0,1.0,1.0,1.0,0.0
2019,6,ATL,Devonta Freeman,29.0,1.5,59.0,3.1,0.0
2019,6,ATL,Ito Smith,1.0,0.3,5.0,1.7,0.0
2019,6,ATL,Matt Ryan,4.0,2.0,3.0,1.5,0.0
2019,6,ATL,Keith Smith,0.0,0.0,2.0,2.0,0.0
2019,6,LA,Malcolm Brown,18.0,1.6,22.0,2.0,2.0
2019,6,LA,Darrell Henderson,19.0,3.2,20.0,3.3,2.0
2019,6,LA,Brandin Cooks,11.0,5.5,3.0,1.5,0.0
2019,6,LA,Robert Woods,6.0,3.0,10.0,5.0,1.0
2019,6,LA,Jared Goff,0.0,0.0,0.0,0.0,0.0
2019,6,SF,Tevin Coleman,17.0,0.9,28.0,1.6,2.0
2019,6,SF,Matt Breida,10.0,0.8,26.0,2.0,2.0
2019,6,SF,Jimmy Garoppolo,2.0,0.4,2.0,0.4,0.0
2019,6,SF,Raheem Mostert,4.0,1.0,9.0,2.3,1.0
2019,6,SF,Deebo Samuel,1.0,1.0,0.0,0.0,0.0
2019,6,DEN,Phillip Lindsay,16.0,1.1,54.0,3.6,3.0
2019,6,DEN,Royce Freeman,9.0,0.8,25.0,2.3,1.0
2019,6,DEN,Joe Flacco,-2.0,-0.5,1.0,0.3,0.0
2019,6,TEN,Derrick Henry,6.0,0.4,22.0,1.5,1.0
2019,6,TEN,Dalyn Dawkins,1.0,0.5,1.0,0.5,0.0
2019,6,TEN,Marcus Mariota,0.0,0.0,4.0,2.0,0.0
2019,6,TEN,Dion Lewis,-2.0,-2.0,1.0,1.0,0.0
2019,6,TEN,Ryan Tannehill,6.0,6.0,0.0,0.0,0.0
2019,6,NYJ,Le'Veon Bell,21.0,1.5,29.0,2.1,0.0
2019,6,NYJ,Sam Darnold,1.0,0.2,0.0,0.0,0.0
2019,6,NYJ,Bilal Powell,2.0,2.0,3.0,3.0,0.0
2019,6,DAL,Ezekiel Elliott,59.0,2.1,46.0,1.6,0.0
2019,6,DAL,Tony Pollard,4.0,1.3,9.0,3.0,1.0
2019,6,DAL,Dak Prescott,9.0,3.0,2.0,0.7,0.0
2019,6,LAC,Melvin Gordon,10.0,1.3,8.0,1.0,0.0
2019,6,LAC,Austin Ekeler,0.0,0.0,14.0,2.8,1.0
2019,6,LAC,Philip Rivers,0.0,0.0,0.0,0.0,0.0
2019,6,PIT,Benny Snell Jr.,30.0,1.8,45.0,2.6,2.0
2019,6,PIT,James Conner,16.0,1.0,25.0,1.6,1.0
2019,6,PIT,Devlin Hodges,7.0,2.3,1.0,0.3,0.0
2019,6,GB,Jamaal Williams,90.0,6.4,14.0,1.0,0.0
2019,6,GB,Aaron Jones,39.0,3.5,8.0,0.7,0.0
2019,6,GB,Aaron Rodgers,10.0,3.3,0.0,0.0,0.0
2019,6,GB,Marquez Valdes-Scantling,6.0,6.0,3.0,3.0,0.0
2019,6,DET,Kerryon Johnson,19.0,1.5,15.0,1.2,0.0
2019,6,DET,J.D. McKissic,1.0,0.3,3.0,1.0,0.0
2019,6,DET,Matthew Stafford,9.0,3.0,0.0,0.0,0.0
2019,6,DET,Jamal Agnew,6.0,6.0,3.0,3.0,0.0
2019,7,DEN,Phillip Lindsay,36.0,3.3,0.0,0.0,0.0
2019,7,DEN,Royce Freeman,31.0,3.1,4.0,0.4,0.0
2019,7,KC,LeSean McCoy,52.0,4.3,12.0,1.0,1.0
2019,7,KC,Damien Williams,5.0,0.6,2.0,0.2,0.0
2019,7,KC,Anthony Sherman,7.0,3.5,0.0,0.0,0.0
2019,7,KC,Darrel Williams,-2.0,-1.0,3.0,1.5,1.0
2019,7,KC,Patrick Mahomes,2.0,2.0,0.0,0.0,0.0
2019,7,KC,Matt Moore,-1.0,-1.0,0.0,0.0,0.0
2019,7,ATL,Devonta Freeman,10.0,1.4,9.0,1.3,0.0
2019,7,ATL,Brian Hill,5.0,1.0,6.0,1.2,0.0
2019,7,ATL,Matt Ryan,2.0,2.0,0.0,0.0,0.0
2019,7,ATL,Matt Schaub,-1.0,-1.0,0.0,0.0,0.0
2019,7,ATL,Ito Smith,5.0,5.0,2.0,2.0,0.0
2019,7,LA,Todd Gurley,19.0,1.1,22.0,1.2,3.0
2019,7,LA,Darrell Henderson,15.0,1.4,16.0,1.5,2.0
2019,7,LA,Jared Goff,3.0,1.0,0.0,0.0,0.0
2019,7,LA,John Kelly,5.0,1.7,4.0,1.3,0.0
2019,7,LA,Robert Woods,6.0,6.0,0.0,0.0,0.0
2019,7,BUF,Frank Gore,26.0,2.4,29.0,2.6,0.0
2019,7,BUF,Devin Singletary,17.0,2.4,9.0,1.3,1.0
2019,7,BUF,Josh Allen,13.0,3.3,19.0,4.8,1.0
2019,7,BUF,Patrick DiMarco,1.0,1.0,3.0,3.0,0.0
2019,7,MIA,Mark Walton,15.0,1.1,51.0,3.6,1.0
2019,7,MIA,Kenyan Drake,10.0,1.7,11.0,1.8,0.0
2019,7,MIA,Ryan Fitzpatrick,-1.0,-0.2,14.0,2.3,1.0
2019,7,MIA,Kalen Ballage,1.0,0.3,6.0,2.0,0.0
2019,7,MIA,Matt Haack,2.0,2.0,0.0,0.0,0.0
2019,7,CIN,Joe Mixon,-11.0,-1.1,13.0,1.3,1.0
2019,7,CIN,Giovani Bernard,-2.0,-0.5,2.0,0.5,0.0
2019,7,CIN,Andy Dalton,13.0,3.3,20.0,5.0,0.0
2019,7,CIN,Alex Erickson,-11.0,-5.5,9.0,4.5,0.0
2019,7,JAX,Leonard Fournette,69.0,2.4,62.0,2.1,1.0
2019,7,JAX,Gardner Minshew II,25.0,2.8,23.0,2.6,0.0
2019,7,JAX,Ryquell Armstead,-7.0,-2.3,10.0,3.3,0.0
2019,7,JAX,Dede Westbrook,9.0,4.5,5.0,2.5,0.0
2019,7,JAX,DJ Chark,16.0,16.0,4.0,4.0,0.0
2019,7,DET,Ty Johnson,7.0,0.7,22.0,2.2,0.0
2019,7,DET,Kerryon Johnson,12.0,2.4,11.0,2.2,0.0
2019,7,DET,J.D. McKissic,25.0,5.0,4.0,0.8,0.0
2019,7,MIN,Dalvin Cook,55.0,2.2,87.0,3.5,1.0
2019,7,MIN,Alexander Mattison,9.0,1.3,9.0,1.3,0.0
2019,7,MIN,Kirk Cousins,-3.0,-0.8,0.0,0.0,0.0
2019,7,MIN,C.J. Ham,2.0,2.0,7.0,7.0,0.0
2019,7,GB,Aaron Jones,22.0,1.8,28.0,2.3,1.0
2019,7,GB,Tim Boyle,-3.0,-1.0,0.0,0.0,0.0
2019,7,GB,Dexter Williams,2.0,0.7,0.0,0.0,0.0
2019,7,GB,Jamaal Williams,2.0,0.7,3.0,1.0,0.0
2019,7,GB,Aaron Rodgers,6.0,3.0,0.0,0.0,0.0
2019,7,OAK,Josh Jacobs,37.0,1.8,87.0,4.1,2.0
2019,7,OAK,DeAndre Washington,19.0,3.2,10.0,1.7,0.0
2019,7,OAK,Derek Carr,0.0,0.0,0.0,0.0,0.0
2019,7,OAK,Jalen Richard,0.0,0.0,2.0,1.0,0.0
2019,7,IND,Marlon Mack,21.0,1.2,23.0,1.3,1.0
2019,7,IND,Jacoby Brissett,4.0,0.8,2.0,0.4,0.0
2019,7,IND,Jordan Wilkins,6.0,3.0,3.0,1.5,0.0
2019,7,IND,Nyheim Hines,2.0,2.0,1.0,1.0,0.0
2019,7,HOU,Carlos Hyde,13.0,1.1,22.0,1.8,2.0
2019,7,HOU,Duke Johnson,22.0,3.1,12.0,1.7,0.0
2019,7,HOU,Deshaun Watson,5.0,1.7,27.0,9.0,1.0
2019,7,HOU,Bryan Anger,-5.0,-5.0,0.0,0.0,0.0
2019,7,HOU,Keke Coutee,4.0,4.0,0.0,0.0,0.0
2019,7,NYG,Saquon Barkley,57.0,3.2,15.0,0.8,2.0
2019,7,NYG,Daniel Jones,33.0,8.3,2.0,0.5,0.0
2019,7,ARI,Chase Edmonds,88.0,3.3,38.0,1.4,3.0
2019,7,ARI,Kyler Murray,21.0,2.1,7.0,0.7,1.0
2019,7,ARI,David Johnson,-2.0,-2.0,4.0,4.0,0.0
2019,7,WAS,Adrian Peterson,46.0,2.3,35.0,1.8,0.0
2019,7,WAS,Wendell Smallwood,18.0,3.6,5.0,1.0,0.0
2019,7,WAS,Steven Sims,0.0,0.0,0.0,0.0,0.0
2019,7,SF,Tevin Coleman,41.0,2.1,21.0,1.1,1.0
2019,7,SF,Matt Breida,21.0,2.6,14.0,1.8,0.0
2019,7,SF,Jeff Wilson,10.0,2.0,10.0,2.0,0.0
2019,7,SF,Jimmy Garoppolo,8.0,2.0,12.0,3.0,1.0
2019,7,SF,George Kittle,-1.0,-0.5,1.0,0.5,0.0
2019,7,TEN,Derrick Henry,13.0,0.6,77.0,3.5,3.0
2019,7,TEN,Ryan Tannehill,5.0,1.0,2.0,0.4,0.0
2019,7,TEN,A.J. Brown,-2.0,-2.0,0.0,0.0,0.0
2019,7,TEN,Dion Lewis,2.0,2.0,0.0,0.0,0.0
2019,7,LAC,Melvin Gordon,3.0,0.2,29.0,1.8,1.0
2019,7,LAC,Austin Ekeler,-1.0,-0.2,8.0,1.6,2.0
2019,7,CHI,Tarik Cohen,10.0,3.3,0.0,0.0,0.0
2019,7,CHI,David Montgomery,6.0,3.0,0.0,0.0,0.0
2019,7,CHI,Anthony Miller,-1.0,-1.0,0.0,0.0,0.0
2019,7,CHI,Cordarrelle Patterson,2.0,2.0,0.0,0.0,0.0
2019,7,NO,Latavius Murray,92.0,3.4,27.0,1.0,4.0
2019,7,NO,Teddy Bridgewater,7.0,1.8,0.0,0.0,0.0
2019,7,NO,Taysom Hill,17.0,8.5,4.0,2.0,0.0
2019,7,NO,Zach Line,3.0,3.0,0.0,0.0,0.0
2019,7,NO,Zach Zenner,1.0,1.0,0.0,0.0,0.0
2019,7,SEA,Chris Carson,33.0,1.6,32.0,1.5,1.0
2019,7,SEA,Russell Wilson,27.0,9.0,0.0,0.0,0.0
2019,7,SEA,Tyler Lockett,-3.0,-3.0,0.0,0.0,0.0
2019,7,SEA,C.J. Prosise,17.0,17.0,0.0,0.0,0.0
2019,7,BAL,Lamar Jackson,93.0,6.6,23.0,1.6,0.0
2019,7,BAL,Mark Ingram,28.0,2.3,18.0,1.5,0.0
2019,7,BAL,Gus Edwards,21.0,2.6,14.0,1.8,0.0
2019,7,BAL,Willie Snead,2.0,2.0,0.0,0.0,0.0
2019,7,DAL,Ezekiel Elliott,39.0,1.8,72.0,3.3,3.0
2019,7,DAL,Tony Pollard,10.0,1.3,18.0,2.3,0.0
2019,7,DAL,Dak Prescott,24.0,4.8,6.0,1.2,0.0
2019,7,DAL,Tavon Austin,7.0,7.0,13.0,13.0,0.0
2019,7,PHI,Jordan Howard,23.0,2.1,27.0,2.5,0.0
2019,7,PHI,Boston Scott,22.0,3.1,10.0,1.4,0.0
2019,7,PHI,Miles Sanders,11.0,1.8,10.0,1.7,0.0
2019,7,PHI,Carson Wentz,9.0,2.3,3.0,0.8,0.0
2019,7,NYJ,Le'Veon Bell,34.0,2.3,36.0,2.4,1.0
2019,7,NYJ,Sam Darnold,-1.0,-0.5,0.0,0.0,0.0
2019,7,NYJ,Ty Montgomery,3.0,1.5,6.0,3.0,0.0
2019,7,NYJ,Bilal Powell,0.0,0.0,3.0,3.0,0.0
2019,7,NE,Sony Michel,28.0,1.5,14.0,0.7,0.0
2019,7,NE,James White,0.0,0.0,0.0,0.0,0.0
2019,7,NE,Damien Harris,8.0,2.0,4.0,1.0,0.0
2019,7,NE,Julian Edelman,20.0,6.7,0.0,0.0,0.0
2019,7,NE,Jarrett Stidham,-2.0,-1.0,0.0,0.0,0.0
2019,7,NE,Brandon Bolden,2.0,2.0,0.0,0.0,0.0
2019,8,MIN,Dalvin Cook,61.0,2.7,37.0,1.6,1.0
2019,8,MIN,Alexander Mattison,32.0,2.5,29.0,2.2,1.0
2019,8,MIN,Kirk Cousins,2.0,1.0,0.0,0.0,0.0
2019,8,WAS,Adrian Peterson,19.0,1.4,57.0,4.1,0.0
2019,8,WAS,Wendell Smallwood,6.0,3.0,3.0,1.5,0.0
2019,8,ATL,Devonta Freeman,10.0,0.8,29.0,2.2,0.0
2019,8,ATL,Brian Hill,-1.0,-0.3,30.0,10.0,0.0
2019,8,ATL,Kenjon Barner,0.0,0.0,1.0,1.0,0.0
2019,8,SEA,Chris Carson,2.0,0.1,88.0,4.4,1.0
2019,8,SEA,Rashaad Penny,42.0,5.3,13.0,1.6,0.0
2019,8,SEA,Russell Wilson,3.0,0.8,1.0,0.3,0.0
2019,8,SEA,David Moore,0.0,0.0,2.0,2.0,0.0
2019,8,BUF,Frank Gore,15.0,1.7,19.0,2.1,1.0
2019,8,BUF,Josh Allen,27.0,3.4,18.0,2.3,1.0
2019,8,BUF,Devin Singletary,14.0,4.7,5.0,1.7,1.0
2019,8,PHI,Jordan Howard,40.0,1.7,56.0,2.4,1.0
2019,8,PHI,Carson Wentz,27.0,3.4,8.0,1.0,0.0
2019,8,PHI,Boston Scott,-2.0,-0.4,8.0,1.6,0.0
2019,8,PHI,Miles Sanders,67.0,22.3,7.0,2.3,0.0
2019,8,PHI,Nelson Agholor,0.0,0.0,7.0,3.5,0.0
2019,8,CHI,David Montgomery,98.0,3.6,37.0,1.4,3.0
2019,8,CHI,Tarik Cohen,7.0,1.8,2.0,0.5,0.0
2019,8,CHI,Mitchell Trubisky,10.0,2.5,0.0,0.0,0.0
2019,8,CHI,Mike Davis,1.0,0.5,2.0,1.0,0.0
2019,8,CHI,Cordarrelle Patterson,3.0,3.0,2.0,2.0,0.0
2019,8,LAC,Melvin Gordon,21.0,2.6,10.0,1.3,0.0
2019,8,LAC,Austin Ekeler,3.0,1.0,0.0,0.0,0.0
2019,8,LAC,Derek Watt,1.0,1.0,1.0,1.0,0.0
2019,8,DET,Tra Carson,16.0,1.3,18.0,1.5,0.0
2019,8,DET,Ty Johnson,11.0,1.6,14.0,2.0,0.0
2019,8,DET,Paul Perkins,-3.0,-1.0,7.0,2.3,1.0
2019,8,DET,Matthew Stafford,-3.0,-1.5,0.0,0.0,0.0
2019,8,DET,J.D. McKissic,-1.0,-1.0,0.0,0.0,0.0
2019,8,NYG,Saquon Barkley,33.0,1.7,31.0,1.6,2.0
2019,8,NYG,Daniel Jones,4.0,1.0,9.0,2.3,1.0
2019,8,NYG,Elijhaa Penny,2.0,2.0,1.0,1.0,0.0
2019,8,IND,Marlon Mack,47.0,2.5,29.0,1.5,0.0
2019,8,IND,Jacoby Brissett,34.0,5.7,0.0,0.0,0.0
2019,8,IND,Nyheim Hines,6.0,1.5,6.0,1.5,0.0
2019,8,IND,Jordan Wilkins,4.0,2.0,1.0,0.5,0.0
2019,8,DEN,Phillip Lindsay,23.0,1.6,36.0,2.6,1.0
2019,8,DEN,Royce Freeman,19.0,1.6,21.0,1.8,0.0
2019,8,DEN,Joe Flacco,7.0,7.0,2.0,2.0,0.0
2019,8,DEN,Diontae Spencer,3.0,3.0,2.0,2.0,0.0
2019,8,JAX,Leonard Fournette,-11.0,-0.6,87.0,4.6,1.0
2019,8,JAX,Gardner Minshew II,17.0,2.1,11.0,1.4,0.0
2019,8,JAX,Ryquell Armstead,0.0,0.0,7.0,1.2,1.0
2019,8,JAX,DJ Chark,0.0,0.0,0.0,0.0,0.0
2019,8,NYJ,Le'Veon Bell,3.0,0.4,20.0,2.5,0.0
2019,8,NYJ,Bilal Powell,1.0,0.3,10.0,2.5,0.0
2019,8,NYJ,Sam Darnold,-1.0,-1.0,0.0,0.0,0.0
2019,8,NYJ,Vyncint Smith,6.0,6.0,7.0,7.0,0.0
2019,8,LA,Darrell Henderson,28.0,2.5,21.0,1.9,3.0
2019,8,LA,Todd Gurley,41.0,4.1,3.0,0.3,1.0
2019,8,LA,Robert Woods,6.0,1.5,0.0,0.0,1.0
2019,8,LA,Josh Reynolds,-1.0,-1.0,0.0,0.0,0.0
2019,8,CIN,Joe Mixon,41.0,2.4,25.0,1.5,3.0
2019,8,CIN,Giovani Bernard,13.0,4.3,18.0,6.0,3.0
2019,8,CIN,Tyler Boyd,3.0,3.0,0.0,0.0,0.0
2019,8,CIN,Andy Dalton,4.0,4.0,0.0,0.0,0.0
2019,8,NO,Latavius Murray,68.0,3.2,34.0,1.6,0.0
2019,8,NO,Dwayne Washington,2.0,0.7,36.0,12.0,2.0
2019,8,NO,Teddy Bridgewater,-2.0,-1.0,0.0,0.0,0.0
2019,8,NO,Zach Line,3.0,1.5,5.0,2.5,0.0
2019,8,NO,Michael Thomas,-9.0,-9.0,0.0,0.0,0.0
2019,8,ARI,Chase Edmonds,5.0,0.7,3.0,0.4,0.0
2019,8,ARI,Kyler Murray,13.0,6.5,0.0,0.0,0.0
2019,8,ARI,Christian Kirk,19.0,19.0,0.0,0.0,0.0
2019,8,ARI,Zach Zenner,0.0,0.0,0.0,0.0,0.0
2019,8,TEN,Derrick Henry,39.0,2.4,36.0,2.3,2.0
2019,8,TEN,Ryan Tannehill,-4.0,-1.0,1.0,0.3,0.0
2019,8,TEN,Brett Kern,0.0,0.0,0.0,0.0,0.0
2019,8,TB,Ronald Jones II,19.0,1.7,16.0,1.5,0.0
2019,8,TB,Peyton Barber,11.0,1.1,9.0,0.9,0.0
2019,8,TB,Jameis Winston,41.0,5.1,12.0,1.5,0.0
2019,8,TB,Dare Ogunbowale,-2.0,-2.0,0.0,0.0,0.0
2019,8,SF,Matt Breida,21.0,1.9,14.0,1.3,0.0
2019,8,SF,Tevin Coleman,89.0,8.1,16.0,1.5,0.0
2019,8,SF,Raheem Mostert,49.0,5.4,11.0,1.2,0.0
2019,8,SF,Nick Mullens,-3.0,-1.0,0.0,0.0,0.0
2019,8,SF,Deebo Samuel,29.0,14.5,0.0,0.0,0.0
2019,8,SF,Jeff Wilson,1.0,0.5,5.0,2.5,0.0
2019,8,CAR,Christian McCaffrey,93.0,6.6,24.0,1.7,1.0
2019,8,CAR,Jordan Scarlett,4.0,1.0,5.0,1.3,0.0
2019,8,CAR,Reggie Bonnafon,2.0,2.0,2.0,2.0,0.0
2019,8,HOU,Carlos Hyde,20.0,1.1,63.0,3.3,8.0
2019,8,HOU,Deshaun Watson,39.0,3.9,7.0,0.7,0.0
2019,8,HOU,Duke Johnson,-3.0,-1.0,4.0,1.3,0.0
2019,8,OAK,Josh Jacobs,29.0,1.9,37.0,2.5,1.0
2019,8,OAK,DeAndre Washington,12.0,2.4,11.0,2.2,1.0
2019,8,OAK,Trevor Davis,-1.0,-1.0,0.0,0.0,0.0
2019,8,OAK,Alec Ingold,1.0,1.0,1.0,1.0,0.0
2019,8,OAK,Jalen Richard,1.0,1.0,2.0,2.0,0.0
2019,8,NE,Sony Michel,35.0,1.7,39.0,1.9,0.0
2019,8,NE,Rex Burkhead,-3.0,-1.0,7.0,2.3,0.0
2019,8,NE,James White,1.0,0.5,3.0,1.5,0.0
2019,8,NE,Julian Edelman,-3.0,-3.0,0.0,0.0,0.0
2019,8,CLE,Nick Chubb,49.0,2.5,82.0,4.1,1.0
2019,8,CLE,Dontrell Hilliard,8.0,8.0,2.0,2.0,0.0
2019,8,CLE,Baker Mayfield,18.0,18.0,0.0,0.0,0.0
2019,8,KC,LeSean McCoy,14.0,1.6,26.0,2.9,1.0
2019,8,KC,Damien Williams,-1.0,-0.1,31.0,4.4,2.0
2019,8,KC,Darrel Williams,3.0,1.5,7.0,3.5,0.0
2019,8,KC,Tyreek Hill,5.0,5.0,0.0,0.0,0.0
2019,8,KC,Matt Moore,2.0,2.0,1.0,1.0,0.0
2019,8,GB,Aaron Jones,24.0,1.8,43.0,3.3,4.0
2019,8,GB,Jamaal Williams,4.0,0.6,18.0,2.6,0.0
2019,8,GB,Aaron Rodgers,24.0,4.0,5.0,0.8,0.0
2019,8,PIT,James Conner,81.0,3.5,64.0,2.8,1.0
2019,8,PIT,Benny Snell Jr.,7.0,1.4,6.0,1.2,1.0
2019,8,PIT,Trey Edmunds,0.0,0.0,0.0,0.0,0.0
2019,8,MIA,Mark Walton,25.0,2.3,10.0,0.9,0.0
2019,8,MIA,Ryan Fitzpatrick,11.0,2.2,6.0,1.2,0.0
2019,8,MIA,Kalen Ballage,6.0,2.0,2.0,0.7,0.0
2019,9,ARI,Kenyan Drake,45.0,3.0,65.0,4.3,1.0
2019,9,ARI,Kyler Murray,34.0,6.8,0.0,0.0,0.0
2019,9,ARI,Christian Kirk,8.0,8.0,0.0,0.0,0.0
2019,9,ARI,Alfred Morris,2.0,2.0,2.0,2.0,0.0
2019,9,ARI,Zach Zenner,-3.0,-3.0,0.0,0.0,0.0
2019,9,SF,Matt Breida,64.0,4.3,14.0,0.9,0.0
2019,9,SF,Tevin Coleman,10.0,0.8,13.0,1.1,0.0
2019,9,SF,Jimmy Garoppolo,2.0,0.7,0.0,0.0,0.0
2019,9,SF,Raheem Mostert,-2.0,-2.0,0.0,0.0,0.0
2019,9,JAX,Leonard Fournette,20.0,1.8,20.0,1.8,1.0
2019,9,JAX,Gardner Minshew II,15.0,3.8,19.0,4.8,0.0
2019,9,HOU,Carlos Hyde,103.0,5.4,57.0,3.0,1.0
2019,9,HOU,Duke Johnson,0.0,0.0,13.0,1.9,2.0
2019,9,HOU,Deshaun Watson,33.0,4.7,4.0,0.6,0.0
2019,9,HOU,DeAndre Hopkins,3.0,3.0,3.0,3.0,0.0
2019,9,BUF,Devin Singletary,61.0,3.1,34.0,1.7,1.0
2019,9,BUF,Frank Gore,7.0,0.6,8.0,0.7,0.0
2019,9,BUF,Josh Allen,10.0,1.3,2.0,0.3,0.0
2019,9,WAS,Adrian Peterson,36.0,2.0,72.0,4.0,2.0
2019,9,WAS,Dwayne Haskins,9.0,3.0,5.0,1.7,0.0
2019,9,WAS,Wendell Smallwood,1.0,0.5,4.0,2.0,0.0
2019,9,CAR,Christian McCaffrey,130.0,5.4,16.0,0.7,2.0
2019,9,CAR,Kyle Allen,-4.0,-1.3,0.0,0.0,0.0
2019,9,CAR,Reggie Bonnafon,1.0,0.3,5.0,1.7,1.0
2019,9,CAR,Colin Jones,5.0,5.0,0.0,0.0,0.0
2019,9,CAR,Curtis Samuel,10.0,10.0,0.0,0.0,0.0
2019,9,CAR,Jarius Wright,-7.0,-7.0,0.0,0.0,1.0
2019,9,TEN,Derrick Henry,56.0,4.3,7.0,0.5,0.0
2019,9,TEN,Dion Lewis,5.0,1.3,15.0,3.8,2.0
2019,9,TEN,Ryan Tannehill,35.0,8.8,3.0,0.8,1.0
2019,9,KC,Damien Williams,31.0,2.6,94.0,7.8,0.0
2019,9,KC,LeSean McCoy,4.0,1.3,5.0,1.7,0.0
2019,9,KC,Mecole Hardman,7.0,7.0,0.0,0.0,0.0
2019,9,KC,Tyreek Hill,4.0,4.0,1.0,1.0,0.0
2019,9,KC,Darrel Williams,0.0,0.0,1.0,1.0,0.0
2019,9,MIN,Dalvin Cook,15.0,0.7,56.0,2.7,0.0
2019,9,MIN,Alexander Mattison,3.0,1.0,3.0,1.0,0.0
2019,9,MIN,Ameer Abdullah,2.0,2.0,0.0,0.0,0.0
2019,9,MIN,Kirk Cousins,5.0,5.0,0.0,0.0,0.0
2019,9,MIN,Stefon Diggs,10.0,10.0,2.0,2.0,0.0
2019,9,MIA,Mark Walton,8.0,0.7,21.0,1.8,0.0
2019,9,MIA,Kalen Ballage,13.0,1.9,6.0,0.9,0.0
2019,9,MIA,Ryan Fitzpatrick,2.0,0.4,0.0,0.0,0.0
2019,9,NYJ,Le'Veon Bell,38.0,2.2,28.0,1.6,0.0
2019,9,NYJ,Sam Darnold,1.0,0.5,0.0,0.0,0.0
2019,9,NYJ,Bilal Powell,12.0,6.0,4.0,2.0,0.0
2019,9,PHI,Jordan Howard,56.0,2.9,26.0,1.4,0.0
2019,9,PHI,Miles Sanders,33.0,3.3,9.0,0.9,0.0
2019,9,PHI,Carson Wentz,12.0,3.0,3.0,0.8,0.0
2019,9,PHI,Darren Sproles,5.0,2.5,2.0,1.0,0.0
2019,9,CHI,David Montgomery,20.0,1.4,20.0,1.4,2.0
2019,9,CHI,Tarik Cohen,7.0,3.5,0.0,0.0,0.0
2019,9,CHI,Mitchell Trubisky,15.0,7.5,0.0,0.0,0.0
2019,9,PIT,Trey Edmunds,43.0,3.6,30.0,2.5,0.0
2019,9,PIT,Jaylen Samuels,-4.0,-0.5,14.0,1.8,0.0
2019,9,PIT,Mason Rudolph,5.0,1.7,0.0,0.0,0.0
2019,9,PIT,Tony Brooks-James,0.0,0.0,0.0,0.0,0.0
2019,9,PIT,Diontae Johnson,0.0,0.0,2.0,2.0,0.0
2019,9,IND,Marlon Mack,51.0,2.4,38.0,1.8,0.0
2019,9,IND,Parris Campbell,19.0,6.3,8.0,2.7,1.0
2019,9,IND,Jacoby Brissett,4.0,2.0,0.0,0.0,1.0
2019,9,IND,Nyheim Hines,2.0,2.0,5.0,5.0,0.0
2019,9,IND,Brian Hoyer,1.0,1.0,5.0,5.0,0.0
2019,9,IND,Jordan Wilkins,1.0,1.0,5.0,5.0,0.0
2019,9,OAK,Josh Jacobs,53.0,1.9,67.0,2.4,3.0
2019,9,OAK,DeAndre Washington,2.0,0.7,5.0,1.7,0.0
2019,9,OAK,Jalen Richard,6.0,3.0,6.0,3.0,0.0
2019,9,OAK,Derek Carrier,27.0,27.0,0.0,0.0,0.0
2019,9,OAK,Alec Ingold,1.0,1.0,1.0,1.0,0.0
2019,9,OAK,Zay Jones,3.0,3.0,0.0,0.0,0.0
2019,9,DET,Ty Johnson,13.0,1.4,16.0,1.8,0.0
2019,9,DET,J.D. McKissic,15.0,3.8,17.0,4.3,1.0
2019,9,DET,Matthew Stafford,5.0,1.7,1.0,0.3,0.0
2019,9,DET,Paul Perkins,11.0,5.5,5.0,2.5,0.0
2019,9,DET,Marvin Hall,4.0,4.0,3.0,3.0,0.0
2019,9,SEA,Chris Carson,12.0,0.8,93.0,5.8,6.0
2019,9,SEA,Rashaad Penny,4.0,1.0,8.0,2.0,1.0
2019,9,SEA,D.K. Metcalf,3.0,3.0,4.0,4.0,1.0
2019,9,SEA,Russell Wilson,19.0,19.0,2.0,2.0,0.0
2019,9,TB,Ronald Jones II,20.0,1.1,47.0,2.6,6.0
2019,9,TB,Peyton Barber,9.0,2.3,6.0,1.5,0.0
2019,9,TB,Jameis Winston,5.0,2.5,3.0,1.5,0.0
2019,9,TB,Chris Godwin,0.0,0.0,8.0,8.0,1.0
2019,9,TB,Dare Ogunbowale,0.0,0.0,1.0,1.0,1.0
2019,9,DEN,Phillip Lindsay,72.0,8.0,20.0,2.2,1.0
2019,9,DEN,Brandon Allen,11.0,2.2,2.0,0.4,0.0
2019,9,DEN,Royce Freeman,5.0,1.0,10.0,2.0,0.0
2019,9,DEN,Courtland Sutton,7.0,7.0,0.0,0.0,0.0
2019,9,CLE,Nick Chubb,24.0,1.2,41.0,2.1,2.0
2019,9,CLE,Dontrell Hilliard,5.0,1.0,3.0,0.6,0.0
2019,9,CLE,Baker Mayfield,21.0,7.0,1.0,0.3,0.0
2019,9,CLE,Odell Beckham Jr.,-5.0,-5.0,0.0,0.0,0.0
2019,9,LAC,Melvin Gordon,43.0,2.2,37.0,1.9,1.0
2019,9,LAC,Austin Ekeler,45.0,3.8,25.0,2.1,1.0
2019,9,LAC,Philip Rivers,0.0,0.0,0.0,0.0,0.0
2019,9,LAC,Justin Jackson,1.0,0.5,6.0,3.0,0.0
2019,9,LAC,Mike Williams,-1.0,-1.0,3.0,3.0,0.0
2019,9,GB,Aaron Jones,8.0,1.0,22.0,2.8,1.0
2019,9,GB,Jamaal Williams,7.0,3.5,3.0,1.5,0.0
2019,9,GB,Aaron Rodgers,3.0,3.0,2.0,2.0,0.0
2019,9,BAL,Lamar Jackson,51.0,3.2,10.0,0.6,0.0
2019,9,BAL,Mark Ingram,90.0,6.0,25.0,1.7,0.0
2019,9,BAL,Gus Edwards,22.0,3.1,5.0,0.7,0.0
2019,9,BAL,Justice Hill,4.0,1.3,3.0,1.0,0.0
2019,9,NE,James White,35.0,3.9,3.0,0.3,0.0
2019,9,NE,Rex Burkhead,11.0,2.8,7.0,1.8,0.0
2019,9,NE,Sony Michel,6.0,1.5,12.0,3.0,0.0
2019,9,NYG,Saquon Barkley,23.0,1.6,5.0,0.4,0.0
2019,9,NYG,Daniel Jones,54.0,9.0,0.0,0.0,0.0
2019,9,NYG,Evan Engram,2.0,2.0,0.0,0.0,0.0
2019,9,NYG,Golden Tate,12.0,12.0,4.0,4.0,0.0
2019,9,DAL,Ezekiel Elliott,108.0,4.7,31.0,1.3,0.0
2019,9,DAL,Tony Pollard,9.0,3.0,12.0,4.0,1.0
2019,9,DAL,Dak Prescott,9.0,3.0,3.0,1.0,0.0
2019,9,DAL,Randall Cobb,0.0,0.0,0.0,0.0,0.0
2019,10,OAK,Josh Jacobs,26.0,1.6,45.0,2.8,1.0
2019,10,OAK,Jalen Richard,-1.0,-0.5,1.0,0.5,0.0
2019,10,OAK,Derek Carr,4.0,4.0,0.0,0.0,0.0
2019,10,OAK,Alec Ingold,2.0,2.0,1.0,1.0,0.0
2019,10,OAK,DeAndre Washington,0.0,0.0,0.0,0.0,0.0
2019,10,LAC,Melvin Gordon,42.0,1.9,66.0,3.0,3.0
2019,10,LAC,Austin Ekeler,1.0,0.2,18.0,3.0,1.0
2019,10,LAC,Keenan Allen,15.0,15.0,3.0,3.0,0.0
2019,10,LAC,Derek Watt,0.0,0.0,1.0,1.0,0.0
2019,10,CHI,David Montgomery,33.0,1.9,27.0,1.6,3.0
2019,10,CHI,Tarik Cohen,10.0,3.3,4.0,1.3,0.0
2019,10,CHI,Mitchell Trubisky,3.0,1.0,5.0,1.7,1.0
2019,10,CHI,Taylor Gabriel,-1.0,-1.0,0.0,0.0,0.0
2019,10,DET,J.D. McKissic,19.0,1.9,17.0,1.7,1.0
2019,10,DET,Paul Perkins,8.0,1.1,1.0,0.1,0.0
2019,10,DET,Jeff Driskel,25.0,5.0,12.0,2.4,1.0
2019,10,DET,Ty Johnson,10.0,2.0,6.0,1.2,1.0
2019,10,CIN,Joe Mixon,55.0,1.8,59.0,2.0,1.0
2019,10,CIN,Ryan Finley,18.0,3.6,4.0,0.8,0.0
2019,10,CIN,Giovani Bernard,7.0,1.8,1.0,0.3,1.0
2019,10,CIN,Alex Erickson,10.0,10.0,3.0,3.0,0.0
2019,10,BAL,Mark Ingram,19.0,2.1,15.0,1.7,2.0
2019,10,BAL,Lamar Jackson,33.0,4.7,32.0,4.6,0.0
2019,10,BAL,Gus Edwards,6.0,1.5,11.0,2.8,0.0
2019,10,BAL,Justice Hill,6.0,2.0,5.0,1.7,0.0
2019,10,BAL,Robert Griffin III,9.0,,0.0,,0.0
2019,10,CLE,Nick Chubb,22.0,1.1,94.0,4.7,3.0
2019,10,CLE,Kareem Hunt,8.0,2.0,22.0,5.5,0.0
2019,10,CLE,Baker Mayfield,-2.0,-1.0,3.0,1.5,0.0
2019,10,BUF,Devin Singletary,12.0,1.5,30.0,3.8,1.0
2019,10,BUF,Josh Allen,14.0,2.3,14.0,2.3,0.0
2019,10,BUF,Frank Gore,5.0,1.0,7.0,1.4,0.0
2019,10,BUF,Patrick DiMarco,1.0,1.0,1.0,1.0,0.0
2019,10,NO,Latavius Murray,5.0,1.0,7.0,1.4,0.0
2019,10,NO,Alvin Kamara,10.0,2.5,14.0,3.5,0.0
2019,10,NO,Ted Ginn Jr.,4.0,4.0,1.0,1.0,0.0
2019,10,NO,Taysom Hill,5.0,5.0,6.0,6.0,0.0
2019,10,ATL,Brian Hill,25.0,1.3,36.0,1.8,0.0
2019,10,ATL,Devonta Freeman,17.0,1.7,21.0,2.1,0.0
2019,10,ATL,Matt Ryan,13.0,6.5,0.0,0.0,0.0
2019,10,ATL,Kenjon Barner,11.0,11.0,1.0,1.0,0.0
2019,10,ATL,Calvin Ridley,15.0,15.0,4.0,4.0,0.0
2019,10,NYJ,Le'Veon Bell,4.0,0.2,30.0,1.7,0.0
2019,10,NYJ,Bilal Powell,7.0,1.0,8.0,1.1,0.0
2019,10,NYJ,Sam Darnold,25.0,8.3,0.0,0.0,0.0
2019,10,NYJ,Trevon Wesco,-1.0,-1.0,3.0,3.0,0.0
2019,10,NYG,Saquon Barkley,-17.0,-1.3,18.0,1.4,0.0
2019,10,NYG,Daniel Jones,14.0,4.7,6.0,2.0,1.0
2019,10,NYG,Wayne Gallman,0.0,0.0,2.0,2.0,0.0
2019,10,TB,Peyton Barber,4.0,0.4,39.0,3.5,3.0
2019,10,TB,Ronald Jones II,6.0,0.5,23.0,2.1,5.0
2019,10,TB,Jameis Winston,39.0,13.0,1.0,0.3,0.0
2019,10,TB,T.J. Logan,4.0,4.0,2.0,2.0,0.0
2019,10,ARI,Kenyan Drake,19.0,1.9,16.0,1.6,1.0
2019,10,ARI,David Johnson,-7.0,-1.4,9.0,1.8,1.0
2019,10,ARI,Kyler Murray,34.0,11.3,4.0,1.3,0.0
2019,10,TEN,Derrick Henry,61.0,2.7,127.0,5.5,3.0
2019,10,TEN,Ryan Tannehill,24.0,8.0,13.0,4.3,0.0
2019,10,KC,Damien Williams,37.0,1.9,40.0,2.1,2.0
2019,10,KC,Sammy Watkins,10.0,5.0,2.0,1.0,0.0
2019,10,KC,Darrel Williams,4.0,2.0,2.0,1.0,0.0
2019,10,KC,Tyreek Hill,2.0,2.0,1.0,1.0,0.0
2019,10,KC,Darwin Thompson,-1.0,-1.0,0.0,0.0,0.0
2019,10,IND,Marlon Mack,51.0,2.7,23.0,1.2,1.0
2019,10,IND,Nyheim Hines,10.0,3.3,4.0,1.3,0.0
2019,10,IND,Jordan Wilkins,8.0,2.7,12.0,4.0,1.0
2019,10,IND,Brian Hoyer,0.0,0.0,0.0,0.0,0.0
2019,10,IND,Jonathan Williams,-1.0,-0.5,2.0,1.0,0.0
2019,10,MIA,Kalen Ballage,14.0,0.7,29.0,1.5,0.0
2019,10,MIA,Ryan Fitzpatrick,16.0,4.0,7.0,1.8,1.0
2019,10,MIA,Patrick Laird,3.0,1.5,1.0,0.5,0.0
2019,10,GB,Aaron Jones,64.0,4.9,29.0,2.2,7.0
2019,10,GB,Jamaal Williams,30.0,2.3,33.0,2.5,1.0
2019,10,GB,Aaron Rodgers,7.0,7.0,0.0,0.0,0.0
2019,10,CAR,Christian McCaffrey,87.0,4.4,21.0,1.1,0.0
2019,10,CAR,Kyle Allen,8.0,2.7,4.0,1.3,0.0
2019,10,PIT,Jaylen Samuels,14.0,1.0,15.0,1.1,0.0
2019,10,PIT,Tony Brooks-James,-7.0,-1.2,18.0,3.0,2.0
2019,10,PIT,Trey Edmunds,1.0,0.3,0.0,0.0,0.0
2019,10,PIT,Mason Rudolph,-1.0,-0.5,0.0,0.0,0.0
2019,10,PIT,Vance McDonald,0.0,0.0,2.0,2.0,0.0
2019,10,LA,Todd Gurley,50.0,4.2,23.0,1.9,0.0
2019,10,LA,Malcolm Brown,3.0,0.6,7.0,1.4,0.0
2019,10,LA,Darrell Henderson,4.0,1.0,0.0,0.0,0.0
2019,10,LA,Blake Bortles,1.0,1.0,0.0,0.0,0.0
2019,10,LA,Jared Goff,0.0,0.0,0.0,0.0,0.0
2019,10,DAL,Ezekiel Elliott,37.0,1.9,10.0,0.5,1.0
2019,10,DAL,Tavon Austin,7.0,7.0,0.0,0.0,0.0
2019,10,DAL,Tony Pollard,-4.0,-4.0,0.0,0.0,1.0
2019,10,MIN,Dalvin Cook,60.0,2.3,37.0,1.4,4.0
2019,10,MIN,Alexander Mattison,18.0,2.3,34.0,4.3,3.0
2019,10,MIN,Kirk Cousins,5.0,5.0,0.0,0.0,0.0
2019,10,MIN,C.J. Ham,-1.0,-1.0,0.0,0.0,0.0
2019,10,SF,Matt Breida,6.0,0.6,12.0,1.2,2.0
2019,10,SF,Tevin Coleman,16.0,1.8,24.0,2.7,0.0
2019,10,SF,Raheem Mostert,17.0,2.8,11.0,1.8,0.0
2019,10,SF,Jimmy Garoppolo,0.0,0.0,1.0,0.5,0.0
2019,10,SEA,Chris Carson,46.0,1.8,43.0,1.7,0.0
2019,10,SEA,Russell Wilson,52.0,8.7,1.0,0.2,0.0
2019,10,SEA,Rashaad Penny,1.0,0.5,1.0,0.5,0.0
2019,10,SEA,Tyler Lockett,3.0,3.0,0.0,0.0,0.0
2019,11,CLE,Nick Chubb,29.0,1.1,63.0,2.3,3.0
2019,11,CLE,Kareem Hunt,5.0,0.8,7.0,1.2,0.0
2019,11,CLE,Garrett Gilbert,-1.0,-1.0,0.0,0.0,0.0
2019,11,CLE,Baker Mayfield,0.0,0.0,1.0,1.0,0.0
2019,11,PIT,James Conner,4.0,0.8,6.0,1.2,0.0
2019,11,PIT,Jaylen Samuels,13.0,2.6,13.0,2.6,0.0
2019,11,PIT,Trey Edmunds,7.0,2.3,4.0,1.3,0.0
2019,11,PIT,Mason Rudolph,14.0,7.0,1.0,0.5,0.0
2019,11,PIT,Tony Brooks-James,-4.0,-4.0,0.0,0.0,0.0
2019,11,BAL,Mark Ingram,16.0,1.2,32.0,2.5,0.0
2019,11,BAL,Lamar Jackson,-4.0,-0.4,83.0,8.3,0.0
2019,11,BAL,Gus Edwards,91.0,11.4,21.0,2.6,0.0
2019,11,BAL,Justice Hill,8.0,1.6,10.0,2.0,0.0
2019,11,BAL,Robert Griffin III,-1.0,-1.0,0.0,0.0,0.0
2019,11,HOU,Carlos Hyde,45.0,5.0,20.0,2.2,0.0
2019,11,HOU,Duke Johnson,2.0,0.3,38.0,6.3,1.0
2019,11,HOU,Deshaun Watson,7.0,2.3,5.0,1.7,0.0
2019,11,HOU,Buddy Howell,2.0,1.0,3.0,1.5,0.0
2019,11,CAR,Christian McCaffrey,37.0,2.6,33.0,2.4,2.0
2019,11,CAR,Kyle Allen,7.0,7.0,0.0,0.0,0.0
2019,11,ATL,Brian Hill,8.0,0.5,22.0,1.5,2.0
2019,11,ATL,Qadree Ollison,4.0,1.0,7.0,1.8,0.0
2019,11,ATL,Kenjon Barner,11.0,5.5,4.0,2.0,0.0
2019,11,ATL,Matt Ryan,-1.0,-0.5,1.0,0.5,0.0
2019,11,ATL,Julio Jones,-4.0,-4.0,0.0,0.0,0.0
2019,11,ATL,Matt Schaub,-1.0,-1.0,0.0,0.0,0.0
2019,11,ATL,Keith Smith,0.0,0.0,3.0,3.0,0.0
2019,11,DET,Bo Scarbrough,2.0,0.1,53.0,3.8,2.0
2019,11,DET,Jeff Driskel,40.0,5.0,11.0,1.4,0.0
2019,11,DET,J.D. McKissic,10.0,3.3,3.0,1.0,0.0
2019,11,DET,Ty Johnson,3.0,1.5,3.0,1.5,0.0
2019,11,DET,Marvin Jones,-4.0,-4.0,0.0,0.0,0.0
2019,11,DAL,Ezekiel Elliott,16.0,1.0,29.0,1.8,0.0
2019,11,DAL,Dak Prescott,13.0,2.2,5.0,0.8,0.0
2019,11,DAL,Tony Pollard,6.0,3.0,6.0,3.0,0.0
2019,11,IND,Marlon Mack,68.0,4.9,41.0,2.9,5.0
2019,11,IND,Jonathan Williams,50.0,3.8,66.0,5.1,4.0
2019,11,IND,Nyheim Hines,5.0,1.7,6.0,2.0,0.0
2019,11,IND,Jacoby Brissett,12.0,6.0,0.0,0.0,0.0
2019,11,IND,Brian Hoyer,-2.0,-1.0,0.0,0.0,0.0
2019,11,IND,Quenton Nelson,0.0,0.0,0.0,0.0,0.0
2019,11,IND,Chester Rogers,18.0,18.0,0.0,0.0,0.0
2019,11,JAX,Leonard Fournette,19.0,2.4,4.0,0.5,0.0
2019,11,JAX,Ryquell Armstead,2.0,2.0,4.0,4.0,0.0
2019,11,MIA,Kalen Ballage,-6.0,-0.7,15.0,1.7,0.0
2019,11,MIA,Ryan Fitzpatrick,0.0,0.0,0.0,0.0,0.0
2019,11,MIA,Myles Gaskin,-2.0,-2.0,2.0,2.0,0.0
2019,11,MIA,Jakeem Grant,7.0,7.0,0.0,0.0,0.0
2019,11,MIA,Patrick Laird,4.0,4.0,3.0,3.0,0.0
2019,11,BUF,Devin Singletary,47.0,3.1,28.0,1.9,2.0
2019,11,BUF,Frank Gore,12.0,1.1,15.0,1.4,0.0
2019,11,BUF,Josh Allen,21.0,3.0,35.0,5.0,0.0
2019,11,BUF,Isaiah McKenzie,4.0,4.0,6.0,6.0,0.0
2019,11,MIN,Dalvin Cook,19.0,1.7,7.0,0.6,0.0
2019,11,MIN,Alexander Mattison,5.0,1.7,0.0,0.0,0.0
2019,11,MIN,Kirk Cousins,0.0,0.0,1.0,0.5,0.0
2019,11,MIN,Ameer Abdullah,5.0,5.0,0.0,0.0,0.0
2019,11,MIN,C.J. Ham,0.0,0.0,0.0,0.0,0.0
2019,11,DEN,Phillip Lindsay,51.0,3.2,16.0,1.0,0.0
2019,11,DEN,Royce Freeman,14.0,1.8,17.0,2.1,0.0
2019,11,DEN,Brandon Allen,14.0,4.7,4.0,1.3,0.0
2019,11,DEN,Noah Fant,-7.0,-3.5,0.0,0.0,0.0
2019,11,DEN,Courtland Sutton,6.0,3.0,4.0,2.0,0.0
2019,11,DEN,Devontae Booker,0.0,0.0,4.0,4.0,0.0
2019,11,DEN,Andy Janovich,0.0,0.0,1.0,1.0,0.0
2019,11,TB,Ronald Jones II,5.0,1.3,8.0,2.0,0.0
2019,11,TB,Dare Ogunbowale,0.0,0.0,0.0,0.0,0.0
2019,11,TB,Jameis Winston,23.0,11.5,0.0,0.0,0.0
2019,11,NO,Alvin Kamara,44.0,3.4,31.0,2.4,0.0
2019,11,NO,Latavius Murray,12.0,1.2,15.0,1.5,0.0
2019,11,NO,Drew Brees,0.0,0.0,0.0,0.0,0.0
2019,11,NO,Taysom Hill,1.0,1.0,1.0,1.0,0.0
2019,11,NO,Zach Line,1.0,1.0,4.0,4.0,0.0
2019,11,WAS,Adrian Peterson,1.0,0.1,24.0,2.7,0.0
2019,11,WAS,Derrius Guice,4.0,0.6,20.0,2.9,1.0
2019,11,WAS,Dwayne Haskins,2.0,0.5,3.0,0.8,0.0
2019,11,NYJ,Le'Veon Bell,23.0,1.3,36.0,2.0,0.0
2019,11,NYJ,Bilal Powell,5.0,0.7,37.0,5.3,0.0
2019,11,NYJ,Josh Adams,0.0,0.0,6.0,1.5,0.0
2019,11,NYJ,Sam Darnold,-3.0,-1.5,0.0,0.0,0.0
2019,11,NYJ,Ty Montgomery,2.0,1.0,9.0,4.5,0.0
2019,11,SF,Tevin Coleman,-1.0,-0.1,15.0,1.3,1.0
2019,11,SF,Raheem Mostert,10.0,1.7,3.0,0.5,0.0
2019,11,SF,Jimmy Garoppolo,7.0,7.0,0.0,0.0,0.0
2019,11,ARI,Kenyan Drake,46.0,2.9,21.0,1.3,1.0
2019,11,ARI,Kyler Murray,31.0,3.9,36.0,4.5,0.0
2019,11,ARI,Christian Kirk,0.0,0.0,1.0,1.0,0.0
2019,11,OAK,Josh Jacobs,50.0,2.2,62.0,2.7,3.0
2019,11,OAK,Derek Carr,1.0,0.2,0.0,0.0,0.0
2019,11,OAK,Jalen Richard,-1.0,-0.5,1.0,0.5,0.0
2019,11,OAK,DeAndre Washington,-1.0,-0.5,0.0,0.0,0.0
2019,11,OAK,Alec Ingold,1.0,1.0,2.0,2.0,0.0
2019,11,OAK,Darren Waller,-2.0,-2.0,0.0,0.0,0.0
2019,11,CIN,Joe Mixon,62.0,4.1,24.0,1.6,0.0
2019,11,CIN,Giovani Bernard,22.0,7.3,8.0,2.7,0.0
2019,11,CIN,Ryan Finley,47.0,15.7,0.0,0.0,0.0
2019,11,CIN,Tyler Boyd,10.0,10.0,0.0,0.0,0.0
2019,11,PHI,Miles Sanders,16.0,1.5,22.0,2.0,1.0
2019,11,PHI,Boston Scott,5.0,0.7,21.0,3.0,1.0
2019,11,PHI,Carson Wentz,12.0,4.0,5.0,1.7,0.0
2019,11,NE,Sony Michel,3.0,0.3,30.0,3.0,3.0
2019,11,NE,Rex Burkhead,1.0,0.2,13.0,2.6,1.0
2019,11,NE,James White,5.0,1.0,15.0,3.0,1.0
2019,11,NE,Tom Brady,-1.0,-1.0,0.0,0.0,0.0
2019,11,NE,Mohamed Sanu,6.0,6.0,2.0,2.0,0.0
2019,11,LA,Todd Gurley,86.0,3.4,11.0,0.4,0.0
2019,11,LA,Malcolm Brown,11.0,2.2,4.0,0.8,0.0
2019,11,LA,Jared Goff,3.0,1.0,0.0,0.0,0.0
2019,11,LA,Josh Reynolds,-5.0,-5.0,0.0,0.0,0.0
2019,11,CHI,David Montgomery,23.0,1.6,8.0,0.6,0.0
2019,11,CHI,Tarik Cohen,25.0,2.8,14.0,1.6,1.0
2019,11,CHI,Mitchell Trubisky,4.0,4.0,0.0,0.0,0.0
2019,11,LAC,Melvin Gordon,57.0,4.1,12.0,0.9,0.0
2019,11,LAC,Austin Ekeler,16.0,3.2,8.0,1.6,0.0
2019,11,KC,Darrel Williams,18.0,1.6,17.0,1.5,0.0
2019,11,KC,LeSean McCoy,13.0,1.9,16.0,2.3,0.0
2019,11,KC,Patrick Mahomes,40.0,8.0,19.0,3.8,0.0
2019,11,KC,Damien Williams,7.0,1.8,0.0,0.0,0.0
2019,12,HOU,Carlos Hyde,29.0,1.8,38.0,2.4,0.0
2019,12,HOU,Duke Johnson,20.0,4.0,2.0,0.4,0.0
2019,12,HOU,Deshaun Watson,8.0,2.7,2.0,0.7,0.0
2019,12,IND,Jonathan Williams,48.0,1.8,56.0,2.2,2.0
2019,12,IND,Nyheim Hines,39.0,4.3,12.0,1.3,0.0
2019,12,IND,Jacoby Brissett,17.0,4.3,3.0,0.8,0.0
2019,12,ATL,Brian Hill,5.0,0.6,9.0,1.0,0.0
2019,12,ATL,Qadree Ollison,11.0,1.4,9.0,1.1,0.0
2019,12,ATL,Calvin Ridley,15.0,15.0,0.0,0.0,0.0
2019,12,ATL,Matt Ryan,8.0,8.0,0.0,0.0,0.0
2019,12,TB,Ronald Jones II,16.0,1.3,35.0,2.9,2.0
2019,12,TB,Peyton Barber,12.0,1.1,20.0,1.8,1.0
2019,12,TB,Jameis Winston,20.0,2.5,18.0,2.3,2.0
2019,12,TB,T.J. Logan,1.0,1.0,1.0,1.0,0.0
2019,12,TB,Scott Miller,-2.0,-2.0,0.0,0.0,0.0
2019,12,TB,Dare Ogunbowale,10.0,10.0,2.0,2.0,0.0
2019,12,BUF,Devin Singletary,34.0,1.6,72.0,3.4,2.0
2019,12,BUF,Frank Gore,44.0,2.9,21.0,1.4,0.0
2019,12,BUF,Josh Allen,14.0,1.6,42.0,4.7,0.0
2019,12,BUF,Robert Foster,20.0,20.0,2.0,2.0,0.0
2019,12,BUF,Isaiah McKenzie,-5.0,-5.0,0.0,0.0,0.0
2019,12,DEN,Phillip Lindsay,34.0,2.6,23.0,1.8,1.0
2019,12,DEN,Brandon Allen,7.0,3.5,1.0,0.5,0.0
2019,12,DEN,Royce Freeman,5.0,2.5,15.0,7.5,1.0
2019,12,CHI,David Montgomery,6.0,0.5,16.0,1.2,0.0
2019,12,CHI,Mitchell Trubisky,6.0,0.9,12.0,1.7,1.0
2019,12,CHI,Tarik Cohen,16.0,2.7,9.0,1.5,0.0
2019,12,NYG,Saquon Barkley,20.0,1.2,39.0,2.3,0.0
2019,12,NYG,Daniel Jones,20.0,10.0,7.0,3.5,0.0
2019,12,NYG,Wayne Gallman,1.0,1.0,0.0,0.0,0.0
2019,12,NYG,Sterling Shepard,19.0,19.0,3.0,3.0,0.0
2019,12,CIN,Joe Mixon,32.0,1.8,47.0,2.6,1.0
2019,12,CIN,Ryan Finley,8.0,4.0,0.0,0.0,0.0
2019,12,CIN,Giovani Bernard,-1.0,-1.0,0.0,0.0,0.0
2019,12,PIT,Benny Snell Jr.,34.0,1.6,64.0,3.0,0.0
2019,12,PIT,Kerrith Whyte Jr,15.0,2.5,28.0,4.7,0.0
2019,12,PIT,Mason Rudolph,0.0,0.0,4.0,1.0,0.0
2019,12,PIT,Devlin Hodges,1.0,0.3,0.0,0.0,0.0
2019,12,PIT,Trey Edmunds,2.0,1.0,5.0,2.5,0.0
2019,12,PIT,Jaylen Samuels,-1.0,-0.5,7.0,3.5,0.0
2019,12,CLE,Nick Chubb,33.0,1.6,73.0,3.5,3.0
2019,12,CLE,Kareem Hunt,14.0,1.8,23.0,2.9,0.0
2019,12,CLE,Baker Mayfield,1.0,0.5,4.0,2.0,0.0
2019,12,CLE,Garrett Gilbert,-1.0,-1.0,0.0,0.0,0.0
2019,12,MIA,Kalen Ballage,4.0,0.6,9.0,1.3,0.0
2019,12,MIA,Ryan Fitzpatrick,36.0,7.2,9.0,1.8,0.0
2019,12,MIA,Myles Gaskin,3.0,0.8,7.0,1.8,0.0
2019,12,MIA,Patrick Laird,12.0,4.0,8.0,2.7,0.0
2019,12,MIA,Albert Wilson,3.0,3.0,1.0,1.0,0.0
2019,12,NO,Alvin Kamara,24.0,2.2,30.0,2.7,2.0
2019,12,NO,Latavius Murray,44.0,6.3,20.0,2.9,1.0
2019,12,CAR,Christian McCaffrey,33.0,1.5,31.0,1.4,0.0
2019,12,CAR,Curtis Samuel,33.0,8.3,7.0,1.8,0.0
2019,12,CAR,Kyle Allen,9.0,9.0,0.0,0.0,0.0
2019,12,CAR,Alex Armah,0.0,0.0,0.0,0.0,0.0
2019,12,CAR,D.J. Moore,6.0,6.0,2.0,2.0,0.0
2019,12,NYJ,Le'Veon Bell,22.0,1.8,27.0,2.3,1.0
2019,12,NYJ,Ty Montgomery,-3.0,-0.6,5.0,1.0,0.0
2019,12,NYJ,Bilal Powell,7.0,1.4,8.0,1.6,0.0
2019,12,NYJ,Josh Adams,5.0,1.3,1.0,0.3,0.0
2019,12,NYJ,Sam Darnold,15.0,3.8,1.0,0.3,0.0
2019,12,OAK,Josh Jacobs,16.0,1.6,18.0,1.8,2.0
2019,12,OAK,DeAndre Washington,8.0,1.3,11.0,1.8,0.0
2019,12,OAK,Mike Glennon,0.0,0.0,0.0,0.0,0.0
2019,12,OAK,Jalen Richard,1.0,0.5,3.0,1.5,0.0
2019,12,OAK,Derek Carr,10.0,10.0,1.0,1.0,0.0
2019,12,OAK,Alec Ingold,0.0,0.0,0.0,0.0,0.0
2019,12,PHI,Miles Sanders,28.0,2.3,35.0,2.9,3.0
2019,12,PHI,Jay Ajayi,0.0,0.0,16.0,2.7,4.0
2019,12,PHI,Carson Wentz,20.0,4.0,7.0,1.4,0.0
2019,12,SEA,Rashaad Penny,37.0,2.6,92.0,6.6,4.0
2019,12,SEA,Chris Carson,9.0,1.1,17.0,2.1,1.0
2019,12,SEA,Russell Wilson,15.0,5.0,0.0,0.0,0.0
2019,12,SEA,David Moore,0.0,0.0,4.0,4.0,1.0
2019,12,WAS,Derrius Guice,17.0,1.7,15.0,1.5,0.0
2019,12,WAS,Adrian Peterson,19.0,1.9,8.0,0.8,0.0
2019,12,WAS,Dwayne Haskins,11.0,3.7,17.0,5.7,0.0
2019,12,WAS,Case Keenum,-1.0,-1.0,0.0,0.0,0.0
2019,12,DET,Bo Scarbrough,67.0,3.7,31.0,1.7,1.0
2019,12,DET,Jeff Driskel,61.0,6.8,2.0,0.2,0.0
2019,12,DET,Ty Johnson,8.0,2.0,3.0,0.8,0.0
2019,12,DET,J.D. McKissic,3.0,3.0,0.0,0.0,0.0
2019,12,TEN,Derrick Henry,41.0,2.2,118.0,6.2,0.0
2019,12,TEN,Ryan Tannehill,37.0,5.3,3.0,0.4,0.0
2019,12,TEN,Dion Lewis,10.0,2.0,11.0,2.2,1.0
2019,12,TEN,Kalif Raymond,-5.0,-5.0,0.0,0.0,0.0
2019,12,TEN,Jonnu Smith,0.0,0.0,4.0,4.0,0.0
2019,12,JAX,Leonard Fournette,66.0,2.8,31.0,1.3,0.0
2019,12,JAX,Nick Foles,18.0,6.0,2.0,0.7,0.0
2019,12,NE,Sony Michel,74.0,3.7,11.0,0.6,0.0
2019,12,NE,Tom Brady,-3.0,-1.5,0.0,0.0,0.0
2019,12,NE,Rex Burkhead,2.0,1.0,1.0,0.5,0.0
2019,12,NE,James White,5.0,2.5,0.0,0.0,0.0
2019,12,NE,Brandon Bolden,3.0,3.0,8.0,8.0,2.0
2019,12,DAL,Ezekiel Elliott,61.0,2.9,25.0,1.2,1.0
2019,12,DAL,Tony Pollard,10.0,2.5,9.0,2.3,0.0
2019,12,DAL,Dak Prescott,4.0,4.0,0.0,0.0,0.0
2019,12,SF,Tevin Coleman,33.0,3.0,6.0,0.5,0.0
2019,12,SF,Raheem Mostert,33.0,5.5,12.0,2.0,2.0
2019,12,SF,Jimmy Garoppolo,1.0,0.5,0.0,0.0,0.0
2019,12,SF,Jeff Wilson,19.0,9.5,8.0,4.0,0.0
2019,12,SF,Richie James,-2.0,-2.0,2.0,2.0,1.0
2019,12,GB,Aaron Jones,35.0,2.7,3.0,0.2,0.0
2019,12,GB,Jamaal Williams,30.0,2.7,15.0,1.4,1.0
2019,12,GB,Aaron Rodgers,13.0,4.3,0.0,0.0,0.0
2019,12,GB,Allen Lazard,15.0,15.0,6.0,6.0,1.0
2019,12,LA,Todd Gurley,11.0,1.8,11.0,1.8,0.0
2019,12,LA,Malcolm Brown,0.0,0.0,0.0,0.0,0.0
2019,12,LA,Brandin Cooks,-1.0,-1.0,2.0,2.0,0.0
2019,12,LA,Jared Goff,-1.0,-1.0,0.0,0.0,0.0
2019,12,BAL,Mark Ingram,54.0,3.6,57.0,3.8,3.0
2019,12,BAL,Gus Edwards,26.0,1.9,29.0,2.1,1.0
2019,12,BAL,Justice Hill,18.0,2.3,9.0,1.1,0.0
2019,12,BAL,Lamar Jackson,53.0,6.6,42.0,5.3,0.0
2019,12,BAL,Robert Griffin III,-3.0,-1.0,0.0,0.0,0.0
2019,13,DET,Bo Scarbrough,40.0,1.9,43.0,2.0,0.0
2019,13,DET,Ty Johnson,7.0,2.3,5.0,1.7,0.0
2019,13,DET,J.D. McKissic,4.0,2.0,5.0,2.5,0.0
2019,13,DET,David Blough,1.0,1.0,0.0,0.0,0.0
2019,13,CHI,David Montgomery,37.0,2.3,38.0,2.4,1.0
2019,13,CHI,Mitchell Trubisky,4.0,1.0,0.0,0.0,0.0
2019,13,CHI,Tarik Cohen,5.0,1.7,4.0,1.3,0.0
2019,13,DAL,Ezekiel Elliott,8.0,0.7,63.0,5.3,6.0
2019,13,DAL,Dak Prescott,5.0,1.3,20.0,5.0,2.0
2019,13,DAL,Tony Pollard,0.0,0.0,7.0,2.3,0.0
2019,13,BUF,Devin Singletary,43.0,3.1,20.0,1.4,1.0
2019,13,BUF,Josh Allen,30.0,3.0,13.0,1.3,1.0
2019,13,BUF,Frank Gore,3.0,0.3,8.0,0.9,0.0
2019,13,BUF,Robert Foster,7.0,7.0,0.0,0.0,0.0
2019,13,ATL,Devonta Freeman,26.0,1.5,25.0,1.5,3.0
2019,13,ATL,Brian Hill,7.0,1.8,6.0,1.5,0.0
2019,13,ATL,Matt Ryan,15.0,5.0,6.0,2.0,0.0
2019,13,ATL,Keith Smith,1.0,0.5,3.0,1.5,0.0
2019,13,NO,Alvin Kamara,25.0,2.3,36.0,3.3,1.0
2019,13,NO,Latavius Murray,-2.0,-0.5,4.0,1.0,0.0
2019,13,NO,Taysom Hill,30.0,15.0,3.0,1.5,0.0
2019,13,NO,Drew Brees,-1.0,-1.0,0.0,0.0,0.0
2019,13,BAL,Lamar Jackson,99.0,6.2,2.0,0.1,1.0
2019,13,BAL,Mark Ingram,48.0,3.2,11.0,0.7,2.0
2019,13,BAL,Gus Edwards,14.0,2.3,1.0,0.2,0.0
2019,13,BAL,Justice Hill,2.0,2.0,1.0,1.0,0.0
2019,13,SF,Raheem Mostert,95.0,5.0,51.0,2.7,1.0
2019,13,SF,Tevin Coleman,6.0,1.2,0.0,0.0,0.0
2019,13,SF,Jimmy Garoppolo,5.0,1.7,0.0,0.0,0.0
2019,13,SF,George Kittle,-3.0,-3.0,0.0,0.0,0.0
2019,13,SF,Deebo Samuel,14.0,14.0,6.0,6.0,0.0
2019,13,CAR,Christian McCaffrey,20.0,1.4,24.0,1.7,1.0
2019,13,CAR,Kyle Allen,18.0,4.5,4.0,1.0,0.0
2019,13,CAR,Alex Armah,1.0,1.0,1.0,1.0,0.0
2019,13,CAR,D.J. Moore,-3.0,-3.0,0.0,0.0,0.0
2019,13,WAS,Adrian Peterson,27.0,2.1,72.0,5.5,0.0
2019,13,WAS,Derrius Guice,17.0,1.7,112.0,11.2,1.0
2019,13,WAS,Dwayne Haskins,5.0,1.3,1.0,0.3,0.0
2019,13,WAS,Chris Thompson,8.0,2.7,6.0,2.0,0.0
2019,13,CIN,Joe Mixon,19.0,1.0,25.0,1.3,2.0
2019,13,CIN,Andy Dalton,-4.0,-0.8,0.0,0.0,0.0
2019,13,CIN,Giovani Bernard,3.0,3.0,1.0,1.0,0.0
2019,13,NYJ,Le'Veon Bell,12.0,1.2,20.0,2.0,1.0
2019,13,NYJ,Bilal Powell,4.0,1.0,10.0,2.5,2.0
2019,13,NYJ,Sam Darnold,6.0,3.0,3.0,1.5,0.0
2019,13,NYJ,Ty Montgomery,3.0,3.0,4.0,4.0,0.0
2019,13,IND,Jordan Wilkins,34.0,3.1,13.0,1.2,1.0
2019,13,IND,Jonathan Williams,5.0,0.6,9.0,1.1,1.0
2019,13,IND,Nyheim Hines,5.0,1.3,17.0,4.3,2.0
2019,13,IND,Jacoby Brissett,-1.0,-1.0,0.0,0.0,0.0
2019,13,TEN,Derrick Henry,53.0,2.0,96.0,3.7,4.0
2019,13,TEN,Ryan Tannehill,5.0,1.3,0.0,0.0,0.0
2019,13,JAX,Leonard Fournette,10.0,0.7,28.0,2.0,2.0
2019,13,JAX,Gardner Minshew II,8.0,4.0,0.0,0.0,0.0
2019,13,JAX,Nick Foles,0.0,0.0,3.0,3.0,0.0
2019,13,TB,Peyton Barber,27.0,1.6,17.0,1.0,0.0
2019,13,TB,Ronald Jones II,3.0,0.5,5.0,0.8,0.0
2019,13,TB,Jameis Winston,13.0,2.2,7.0,1.2,0.0
2019,13,TB,T.J. Logan,1.0,1.0,1.0,1.0,0.0
2019,13,TB,Dare Ogunbowale,0.0,0.0,0.0,0.0,0.0
2019,13,MIA,Patrick Laird,-8.0,-0.8,13.0,1.3,0.0
2019,13,MIA,Kalen Ballage,-2.0,-0.7,2.0,0.7,0.0
2019,13,MIA,Ryan Fitzpatrick,1.0,0.3,1.0,0.3,0.0
2019,13,MIA,Myles Gaskin,10.0,5.0,10.0,5.0,0.0
2019,13,MIA,Albert Wilson,23.0,11.5,8.0,4.0,1.0
2019,13,PHI,Miles Sanders,47.0,2.8,36.0,2.1,0.0
2019,13,PHI,Jay Ajayi,2.0,1.0,7.0,3.5,1.0
2019,13,NYG,Saquon Barkley,28.0,1.5,55.0,2.9,2.0
2019,13,NYG,Daniel Jones,3.0,0.6,3.0,0.6,0.0
2019,13,NYG,Elijhaa Penny,1.0,0.5,1.0,0.5,0.0
2019,13,NYG,Javorius Allen,2.0,2.0,2.0,2.0,0.0
2019,13,GB,Aaron Jones,5.0,0.5,13.0,1.2,1.0
2019,13,GB,Jamaal Williams,14.0,1.4,27.0,2.7,1.0
2019,13,GB,Aaron Rodgers,19.0,6.3,5.0,1.7,0.0
2019,13,GB,Tim Boyle,-4.0,-2.0,0.0,0.0,0.0
2019,13,PIT,Benny Snell Jr.,15.0,0.9,48.0,3.0,1.0
2019,13,PIT,Jaylen Samuels,14.0,2.0,18.0,2.6,1.0
2019,13,PIT,Devlin Hodges,1.0,0.2,1.0,0.2,0.0
2019,13,PIT,Kerrith Whyte Jr,6.0,2.0,4.0,1.3,0.0
2019,13,PIT,Diontae Johnson,0.0,0.0,17.0,17.0,1.0
2019,13,CLE,Nick Chubb,24.0,1.5,34.0,2.1,0.0
2019,13,CLE,Kareem Hunt,14.0,2.0,32.0,4.6,3.0
2019,13,CLE,Baker Mayfield,1.0,1.0,1.0,1.0,0.0
2019,13,ARI,Kenyan Drake,24.0,1.8,7.0,0.5,0.0
2019,13,ARI,David Johnson,12.0,3.0,3.0,0.8,1.0
2019,13,ARI,Kyler Murray,28.0,7.0,0.0,0.0,0.0
2019,13,LA,Todd Gurley,77.0,4.1,18.0,0.9,1.0
2019,13,LA,Malcolm Brown,27.0,4.5,3.0,0.5,1.0
2019,13,LA,Darrell Henderson,17.0,4.3,0.0,0.0,0.0
2019,13,LA,Blake Bortles,-10.0,-10.0,0.0,0.0,0.0
2019,13,DEN,Phillip Lindsay,19.0,1.1,39.0,2.3,2.0
2019,13,DEN,Royce Freeman,5.0,1.0,6.0,1.2,0.0
2019,13,DEN,Drew Lock,15.0,5.0,0.0,0.0,0.0
2019,13,LAC,Melvin Gordon,43.0,2.2,56.0,2.8,0.0
2019,13,LAC,Austin Ekeler,3.0,0.3,13.0,1.4,0.0
2019,13,KC,Darwin Thompson,13.0,1.2,31.0,2.8,0.0
2019,13,KC,Darrel Williams,7.0,1.2,6.0,1.0,0.0
2019,13,KC,LeSean McCoy,2.0,0.4,8.0,1.6,0.0
2019,13,KC,Patrick Mahomes,25.0,8.3,0.0,0.0,0.0
2019,13,KC,Mecole Hardman,9.0,9.0,0.0,0.0,0.0
2019,13,KC,Tyreek Hill,-4.0,-4.0,0.0,0.0,0.0
2019,13,KC,Matt Moore,-1.0,-1.0,0.0,0.0,0.0
2019,13,KC,Anthony Sherman,0.0,0.0,0.0,0.0,0.0
2019,13,OAK,Josh Jacobs,56.0,3.3,48.0,2.8,2.0
2019,13,OAK,Derek Carr,7.0,2.3,0.0,0.0,0.0
2019,13,OAK,DeAndre Washington,4.0,2.0,1.0,0.5,0.0
2019,13,OAK,Trevor Davis,0.0,0.0,0.0,0.0,0.0
2019,13,OAK,Alec Ingold,4.0,4.0,0.0,0.0,0.0
2019,13,OAK,Jalen Richard,2.0,2.0,0.0,0.0,0.0
2019,13,HOU,Carlos Hyde,8.0,0.8,9.0,0.9,1.0
2019,13,HOU,Duke Johnson,10.0,1.1,26.0,2.9,0.0
2019,13,HOU,Deshaun Watson,-1.0,-0.3,0.0,0.0,0.0
2019,13,NE,James White,49.0,3.5,30.0,2.1,0.0
2019,13,NE,Sony Michel,26.0,2.6,19.0,1.9,0.0
2019,13,NE,Rex Burkhead,10.0,3.3,5.0,1.7,0.0
2019,13,NE,Tom Brady,13.0,13.0,0.0,0.0,0.0
2019,13,NE,Julian Edelman,-7.0,-7.0,0.0,0.0,0.0
2019,13,SEA,Chris Carson,54.0,2.3,48.0,2.1,1.0
2019,13,SEA,Rashaad Penny,61.0,4.1,13.0,0.9,0.0
2019,13,SEA,Russell Wilson,13.0,3.3,0.0,0.0,0.0
2019,13,SEA,Travis Homer,29.0,29.0,0.0,0.0,0.0
2019,13,MIN,Dalvin Cook,26.0,2.9,3.0,0.3,1.0
2019,13,MIN,Alexander Mattison,17.0,4.3,5.0,1.3,0.0
2019,13,MIN,Stefon Diggs,7.0,7.0,20.0,20.0,0.0
2019,14,CHI,David Montgomery,21.0,1.1,65.0,3.3,3.0
2019,14,CHI,Mitchell Trubisky,48.0,4.8,15.0,1.5,1.0
2019,14,CHI,Tarik Cohen,2.0,0.7,5.0,1.7,0.0
2019,14,CHI,Cordarrelle Patterson,-5.0,-5.0,0.0,0.0,0.0
2019,14,DAL,Ezekiel Elliott,23.0,1.2,58.0,3.1,1.0
2019,14,DAL,Dak Prescott,-1.0,-0.3,2.0,0.7,0.0
2019,14,ATL,Devonta Freeman,66.0,3.9,18.0,1.1,3.0
2019,14,ATL,Brian Hill,50.0,5.6,12.0,1.3,1.0
2019,14,ATL,Qadree Ollison,6.0,1.5,0.0,0.0,0.0
2019,14,ATL,Matt Ryan,8.0,8.0,0.0,0.0,0.0
2019,14,ATL,Matt Schaub,-1.0,-1.0,0.0,0.0,0.0
2019,14,CAR,Christian McCaffrey,44.0,4.0,9.0,0.8,0.0
2019,14,CAR,Kyle Allen,19.0,3.2,5.0,0.8,1.0
2019,14,CAR,Curtis Samuel,17.0,5.7,0.0,0.0,0.0
2019,14,CAR,Reggie Bonnafon,6.0,6.0,0.0,0.0,0.0
2019,14,CAR,D.J. Moore,0.0,0.0,0.0,0.0,0.0
2019,14,BUF,Devin Singletary,40.0,2.4,49.0,2.9,4.0
2019,14,BUF,Frank Gore,2.0,0.5,4.0,1.0,0.0
2019,14,BUF,Josh Allen,7.0,3.5,2.0,1.0,0.0
2019,14,BAL,Mark Ingram,24.0,1.6,26.0,1.7,3.0
2019,14,BAL,Lamar Jackson,33.0,3.0,7.0,0.6,1.0
2019,14,BAL,Gus Edwards,11.0,2.8,9.0,2.3,2.0
2019,14,BAL,Justice Hill,2.0,0.7,6.0,2.0,0.0
2019,14,CLE,Nick Chubb,13.0,0.9,93.0,6.2,4.0
2019,14,CLE,Kareem Hunt,14.0,1.6,14.0,1.6,0.0
2019,14,CLE,Baker Mayfield,9.0,4.5,4.0,2.0,0.0
2019,14,CLE,Garrett Gilbert,-1.0,-1.0,0.0,0.0,0.0
2019,14,CIN,Joe Mixon,74.0,3.2,72.0,3.1,4.0
2019,14,CIN,Giovani Bernard,2.0,0.5,13.0,3.3,0.0
2019,14,CIN,Andy Dalton,4.0,1.3,7.0,2.3,1.0
2019,14,CIN,Tyler Boyd,4.0,4.0,3.0,3.0,0.0
2019,14,GB,Aaron Jones,64.0,4.0,70.0,4.4,2.0
2019,14,GB,Jamaal Williams,12.0,1.7,12.0,1.7,0.0
2019,14,GB,Aaron Rodgers,16.0,3.2,0.0,0.0,0.0
2019,14,WAS,Adrian Peterson,43.0,2.2,33.0,1.7,1.0
2019,14,WAS,Derrius Guice,12.0,2.4,30.0,6.0,1.0
2019,14,WAS,Wendell Smallwood,1.0,0.5,3.0,1.5,0.0
2019,14,WAS,Dwayne Haskins,-2.0,-2.0,1.0,1.0,0.0
2019,14,HOU,Carlos Hyde,40.0,2.9,33.0,2.4,1.0
2019,14,HOU,Deshaun Watson,40.0,6.7,4.0,0.7,0.0
2019,14,HOU,DeAndre Hopkins,12.0,12.0,0.0,0.0,0.0
2019,14,HOU,Duke Johnson,3.0,3.0,2.0,2.0,0.0
2019,14,DEN,Phillip Lindsay,37.0,2.3,14.0,0.9,0.0
2019,14,DEN,Royce Freeman,16.0,2.0,8.0,1.0,1.0
2019,14,DEN,Drew Lock,15.0,5.0,0.0,0.0,0.0
2019,14,MIN,Dalvin Cook,25.0,1.4,37.0,2.1,0.0
2019,14,MIN,Alexander Mattison,20.0,1.4,26.0,1.9,1.0
2019,14,MIN,Mike Boone,5.0,1.0,8.0,1.6,1.0
2019,14,MIN,Kirk Cousins,-1.0,-1.0,0.0,0.0,0.0
2019,14,MIN,C.J. Ham,0.0,0.0,0.0,0.0,0.0
2019,14,DET,Bo Scarbrough,29.0,1.5,36.0,1.9,1.0
2019,14,DET,Ty Johnson,2.0,1.0,1.0,0.5,0.0
2019,14,DET,J.D. McKissic,2.0,2.0,0.0,0.0,0.0
2019,14,NO,Alvin Kamara,9.0,0.7,16.0,1.2,0.0
2019,14,NO,Latavius Murray,47.0,6.7,22.0,3.1,0.0
2019,14,NO,Taysom Hill,1.0,0.2,12.0,2.4,0.0
2019,14,NO,Drew Brees,1.0,1.0,0.0,0.0,0.0
2019,14,NO,Deonte Harris,8.0,8.0,0.0,0.0,0.0
2019,14,SF,Raheem Mostert,56.0,5.6,13.0,1.3,0.0
2019,14,SF,Matt Breida,45.0,7.5,9.0,1.5,0.0
2019,14,SF,Tevin Coleman,2.0,0.7,4.0,1.3,0.0
2019,14,SF,Jimmy Garoppolo,1.0,0.5,0.0,0.0,0.0
2019,14,SF,Deebo Samuel,26.0,13.0,7.0,3.5,0.0
2019,14,SF,Richie James,-1.0,-1.0,0.0,0.0,0.0
2019,14,NYJ,Bilal Powell,31.0,1.6,43.0,2.3,2.0
2019,14,NYJ,Ty Montgomery,23.0,2.6,8.0,0.9,0.0
2019,14,NYJ,Sam Darnold,3.0,1.0,0.0,0.0,0.0
2019,14,NYJ,Robby Anderson,4.0,4.0,0.0,0.0,0.0
2019,14,MIA,Patrick Laird,20.0,1.3,28.0,1.9,4.0
2019,14,MIA,Ryan Fitzpatrick,58.0,8.3,7.0,1.0,1.0
2019,14,MIA,Myles Gaskin,-1.0,-0.3,6.0,1.5,0.0
2019,14,MIA,Clive Walford,4.0,,0.0,,0.0
2019,14,TB,Peyton Barber,22.0,2.0,12.0,1.1,0.0
2019,14,TB,Ronald Jones II,16.0,1.5,20.0,1.8,2.0
2019,14,TB,Jameis Winston,1.0,0.2,4.0,0.7,0.0
2019,14,IND,Marlon Mack,20.0,1.5,18.0,1.4,1.0
2019,14,IND,Jacoby Brissett,23.0,5.8,3.0,0.8,0.0
2019,14,IND,Nyheim Hines,-1.0,-0.3,2.0,0.5,0.0
2019,14,IND,Jordan Wilkins,1.0,1.0,0.0,0.0,0.0
2019,14,JAX,Leonard Fournette,14.0,0.9,36.0,2.4,1.0
2019,14,JAX,Gardner Minshew II,17.0,2.8,14.0,2.3,0.0
2019,14,JAX,Ryquell Armstead,0.0,0.0,7.0,3.5,0.0
2019,14,LAC,Melvin Gordon,25.0,2.1,30.0,2.5,0.0
2019,14,LAC,Austin Ekeler,38.0,4.8,63.0,7.9,2.0
2019,14,LAC,Tyrod Taylor,9.0,2.3,1.0,0.3,0.0
2019,14,LAC,Justin Jackson,18.0,6.0,7.0,2.3,0.0
2019,14,LAC,Derek Watt,1.0,0.5,3.0,1.5,0.0
2019,14,LAC,Philip Rivers,0.0,0.0,0.0,0.0,0.0
2019,14,ARI,Kenyan Drake,21.0,1.9,16.0,1.5,0.0
2019,14,ARI,Kyler Murray,-10.0,-1.7,12.0,2.0,1.0
2019,14,ARI,David Johnson,7.0,2.3,12.0,4.0,2.0
2019,14,ARI,Chase Edmonds,9.0,9.0,0.0,0.0,0.0
2019,14,ARI,Christian Kirk,2.0,2.0,2.0,2.0,0.0
2019,14,PIT,Benny Snell Jr.,5.0,0.3,36.0,2.3,2.0
2019,14,PIT,Jaylen Samuels,-3.0,-0.4,19.0,2.7,1.0
2019,14,PIT,Devlin Hodges,33.0,6.6,1.0,0.2,0.0
2019,14,PIT,Kerrith Whyte Jr,14.0,2.8,27.0,5.4,1.0
2019,14,PIT,Jordan Berry,-8.0,-8.0,0.0,0.0,0.0
2019,14,PIT,Diontae Johnson,15.0,15.0,1.0,1.0,0.0
2019,14,NE,Rex Burkhead,-1.0,-0.1,16.0,2.3,0.0
2019,14,NE,James White,9.0,1.5,24.0,4.0,0.0
2019,14,NE,Sony Michel,2.0,0.4,6.0,1.2,0.0
2019,14,NE,Tom Brady,17.0,8.5,3.0,1.5,0.0
2019,14,NE,Brandon Bolden,7.0,7.0,3.0,3.0,0.0
2019,14,NE,Julian Edelman,5.0,5.0,3.0,3.0,0.0
2019,14,KC,LeSean McCoy,17.0,1.5,22.0,2.0,0.0
2019,14,KC,Patrick Mahomes,4.0,0.7,2.0,0.3,0.0
2019,14,KC,Spencer Ware,-1.0,-0.2,12.0,2.4,0.0
2019,14,KC,Darwin Thompson,3.0,0.8,4.0,1.0,0.0
2019,14,KC,Tyreek Hill,-1.0,-0.5,9.0,4.5,0.0
2019,14,KC,Travis Kelce,3.0,3.0,1.0,1.0,0.0
2019,14,OAK,DeAndre Washington,12.0,0.9,41.0,2.9,0.0
2019,14,OAK,Jalen Richard,5.0,0.7,23.0,3.3,0.0
2019,14,OAK,Derek Carr,17.0,8.5,0.0,0.0,0.0
2019,14,OAK,Alec Ingold,-2.0,-2.0,1.0,1.0,0.0
2019,14,TEN,Derrick Henry,27.0,1.5,76.0,4.2,2.0
2019,14,TEN,Dion Lewis,2.0,0.2,24.0,2.7,1.0
2019,14,TEN,Ryan Tannehill,16.0,4.0,3.0,0.8,0.0
2019,14,TEN,A.J. Brown,10.0,10.0,3.0,3.0,0.0
2019,14,LA,Todd Gurley,21.0,0.9,58.0,2.5,4.0
2019,14,LA,Malcolm Brown,19.0,3.8,2.0,0.4,0.0
2019,14,LA,Josh Reynolds,28.0,9.3,1.0,0.3,0.0
2019,14,LA,Jared Goff,4.0,2.0,0.0,0.0,0.0
2019,14,LA,Robert Woods,24.0,12.0,5.0,2.5,0.0
2019,14,SEA,Chris Carson,58.0,3.9,18.0,1.2,1.0
2019,14,SEA,Russell Wilson,23.0,4.6,5.0,1.0,0.0
2019,14,SEA,C.J. Prosise,1.0,1.0,1.0,1.0,0.0
2019,14,PHI,Miles Sanders,14.0,0.9,31.0,2.1,3.0
2019,14,PHI,Boston Scott,45.0,4.5,14.0,1.4,1.0
2019,14,PHI,Carson Wentz,6.0,1.2,3.0,0.6,0.0
2019,14,PHI,Jay Ajayi,2.0,1.0,3.0,1.5,0.0
2019,14,NYG,Saquon Barkley,43.0,2.5,23.0,1.4,3.0
2019,14,NYG,Eli Manning,-1.0,-0.5,0.0,0.0,0.0
2019,14,NYG,Sterling Shepard,8.0,8.0,0.0,0.0,0.0
2019,15,BAL,Mark Ingram,43.0,3.3,33.0,2.5,1.0
2019,15,BAL,Lamar Jackson,84.0,10.5,2.0,0.3,0.0
2019,15,BAL,Gus Edwards,1.0,0.2,34.0,6.8,0.0
2019,15,BAL,Robert Griffin III,3.0,0.8,3.0,0.8,0.0
2019,15,BAL,Justice Hill,8.0,2.0,7.0,1.8,0.0
2019,15,NYJ,Le'Veon Bell,41.0,2.0,46.0,2.2,0.0
2019,15,NYJ,Ty Montgomery,1.0,0.5,4.0,2.0,0.0
2019,15,NYJ,Sam Darnold,11.0,11.0,0.0,0.0,0.0
2019,15,CAR,Christian McCaffrey,65.0,3.4,22.0,1.2,0.0
2019,15,CAR,Kyle Allen,20.0,4.0,5.0,1.0,1.0
2019,15,CAR,Curtis Samuel,17.0,4.3,6.0,1.5,0.0
2019,15,CAR,D.J. Moore,8.0,8.0,2.0,2.0,0.0
2019,15,SEA,Chris Carson,78.0,3.3,55.0,2.3,2.0
2019,15,SEA,C.J. Prosise,11.0,2.2,4.0,0.8,0.0
2019,15,SEA,Russell Wilson,-1.0,-0.3,0.0,0.0,0.0
2019,15,SEA,Travis Homer,4.0,2.0,3.0,1.5,0.0
2019,15,CIN,Joe Mixon,61.0,2.4,75.0,3.0,4.0
2019,15,CIN,Giovani Bernard,13.0,2.6,14.0,2.8,0.0
2019,15,CIN,Andy Dalton,1.0,0.5,0.0,0.0,0.0
2019,15,NE,Sony Michel,40.0,2.1,49.0,2.6,2.0
2019,15,NE,Rex Burkhead,29.0,4.8,24.0,4.0,0.0
2019,15,NE,James White,9.0,3.0,4.0,1.3,0.0
2019,15,NE,Tom Brady,-2.0,-1.0,0.0,0.0,0.0
2019,15,NE,N'Keal Harry,12.0,6.0,10.0,5.0,0.0
2019,15,DET,Wes Hills,9.0,0.9,12.0,1.2,0.0
2019,15,DET,David Blough,16.0,3.2,3.0,0.6,0.0
2019,15,DET,Ty Johnson,0.0,0.0,3.0,1.5,0.0
2019,15,DET,J.D. McKissic,-1.0,-1.0,3.0,3.0,0.0
2019,15,TB,Ronald Jones II,8.0,0.7,15.0,1.4,0.0
2019,15,TB,Peyton Barber,1.0,0.1,16.0,1.6,0.0
2019,15,TB,Ryan Griffin,-1.0,-0.3,0.0,0.0,0.0
2019,15,TB,Jameis Winston,1.0,0.5,3.0,1.5,0.0
2019,15,TB,Dare Ogunbowale,3.0,3.0,0.0,0.0,0.0
2019,15,TB,Breshad Perriman,2.0,2.0,1.0,1.0,0.0
2019,15,GB,Aaron Jones,22.0,1.7,29.0,2.2,3.0
2019,15,GB,Jamaal Williams,13.0,1.6,13.0,1.6,1.0
2019,15,GB,Aaron Rodgers,23.0,7.7,0.0,0.0,0.0
2019,15,CHI,David Montgomery,19.0,1.4,20.0,1.4,0.0
2019,15,CHI,Tarik Cohen,10.0,1.3,18.0,2.3,2.0
2019,15,CHI,Mitchell Trubisky,20.0,5.0,9.0,2.3,1.0
2019,15,CHI,Cordarrelle Patterson,0.0,0.0,0.0,0.0,2.0
2019,15,KC,Darwin Thompson,32.0,4.0,6.0,0.8,1.0
2019,15,KC,Spencer Ware,19.0,2.7,7.0,1.0,0.0
2019,15,KC,LeSean McCoy,16.0,2.7,0.0,0.0,0.0
2019,15,KC,Patrick Mahomes,11.0,3.7,0.0,0.0,0.0
2019,15,KC,Tyreek Hill,1.0,1.0,0.0,0.0,0.0
2019,15,DEN,Phillip Lindsay,32.0,4.6,0.0,0.0,0.0
2019,15,DEN,Royce Freeman,12.0,2.4,0.0,0.0,0.0
2019,15,DEN,Drew Lock,1.0,0.5,2.0,1.0,1.0
2019,15,DEN,Devontae Booker,0.0,0.0,5.0,5.0,1.0
2019,15,NYG,Saquon Barkley,41.0,1.7,71.0,3.0,1.0
2019,15,NYG,Javorius Allen,-5.0,-0.6,33.0,4.1,0.0
2019,15,NYG,Elijhaa Penny,-2.0,-2.0,0.0,0.0,0.0
2019,15,MIA,Patrick Laird,29.0,2.4,17.0,1.4,0.0
2019,15,MIA,Myles Gaskin,-3.0,-0.3,46.0,5.1,0.0
2019,15,MIA,Ryan Fitzpatrick,29.0,7.3,4.0,1.0,0.0
2019,15,TEN,Derrick Henry,45.0,2.1,41.0,2.0,1.0
2019,15,TEN,Dion Lewis,5.0,1.7,5.0,1.7,0.0
2019,15,TEN,Ryan Tannehill,6.0,2.0,4.0,1.3,0.0
2019,15,TEN,Jonnu Smith,0.0,0.0,57.0,57.0,0.0
2019,15,HOU,Carlos Hyde,44.0,1.7,60.0,2.3,1.0
2019,15,HOU,Deshaun Watson,29.0,4.1,3.0,0.4,0.0
2019,15,HOU,Duke Johnson,0.0,0.0,4.0,2.0,0.0
2019,15,WAS,Adrian Peterson,39.0,2.4,27.0,1.7,2.0
2019,15,WAS,Josh Ferguson,9.0,3.0,0.0,0.0,0.0
2019,15,WAS,Dwayne Haskins,22.0,7.3,4.0,1.3,0.0
2019,15,PHI,Miles Sanders,87.0,4.6,35.0,1.8,3.0
2019,15,PHI,Boston Scott,23.0,3.8,3.0,0.5,0.0
2019,15,PHI,Carson Wentz,5.0,1.7,4.0,1.3,0.0
2019,15,ARI,Kenyan Drake,96.0,4.4,41.0,1.9,2.0
2019,15,ARI,Kyler Murray,50.0,6.3,6.0,0.8,0.0
2019,15,ARI,David Johnson,4.0,1.3,2.0,0.7,0.0
2019,15,ARI,Andy Isabella,-1.0,-1.0,0.0,0.0,0.0
2019,15,ARI,Christian Kirk,28.0,28.0,0.0,0.0,0.0
2019,15,CLE,Nick Chubb,56.0,3.3,71.0,4.2,3.0
2019,15,CLE,Kareem Hunt,6.0,1.5,8.0,2.0,0.0
2019,15,CLE,Baker Mayfield,7.0,3.5,4.0,2.0,1.0
2019,15,LAC,Austin Ekeler,7.0,1.0,12.0,1.7,0.0
2019,15,LAC,Melvin Gordon,15.0,2.1,13.0,1.9,0.0
2019,15,LAC,Justin Jackson,0.0,0.0,15.0,3.0,1.0
2019,15,MIN,Mike Boone,22.0,1.7,34.0,2.6,0.0
2019,15,MIN,Dalvin Cook,6.0,0.7,21.0,2.3,1.0
2019,15,MIN,Ameer Abdullah,14.0,2.8,11.0,2.2,0.0
2019,15,MIN,Kirk Cousins,9.0,3.0,5.0,1.7,0.0
2019,15,MIN,Sean Mannion,-3.0,-1.0,0.0,0.0,0.0
2019,15,MIN,Stefon Diggs,2.0,2.0,2.0,2.0,0.0
2019,15,MIN,C.J. Ham,-1.0,-1.0,6.0,6.0,1.0
2019,15,MIN,Olabisi Johnson,4.0,4.0,2.0,2.0,0.0
2019,15,MIN,Adam Thielen,0.0,0.0,3.0,3.0,0.0
2019,15,OAK,Josh Jacobs,16.0,0.7,73.0,3.0,3.0
2019,15,OAK,DeAndre Washington,7.0,1.2,9.0,1.5,0.0
2019,15,OAK,Derek Carr,12.0,12.0,0.0,0.0,0.0
2019,15,OAK,Jalen Richard,11.0,11.0,0.0,0.0,0.0
2019,15,JAX,Leonard Fournette,6.0,0.4,36.0,2.4,1.0
2019,15,JAX,Gardner Minshew II,18.0,3.6,9.0,1.8,0.0
2019,15,JAX,Ryquell Armstead,-1.0,-1.0,2.0,2.0,0.0
2019,15,JAX,Dede Westbrook,0.0,0.0,7.0,7.0,0.0
2019,15,DAL,Ezekiel Elliott,37.0,1.5,80.0,3.3,7.0
2019,15,DAL,Tony Pollard,14.0,1.2,117.0,9.8,5.0
2019,15,DAL,Dak Prescott,-4.0,-0.6,16.0,2.3,0.0
2019,15,DAL,Tavon Austin,2.0,1.0,1.0,0.5,0.0
2019,15,LA,Todd Gurley,0.0,0.0,20.0,1.8,4.0
2019,15,LA,Jared Goff,2.0,0.7,0.0,0.0,0.0
2019,15,SF,Raheem Mostert,32.0,2.3,22.0,1.6,0.0
2019,15,SF,Matt Breida,8.0,2.0,3.0,0.8,0.0
2019,15,SF,Tevin Coleman,33.0,8.3,7.0,1.8,0.0
2019,15,SF,Jimmy Garoppolo,6.0,3.0,0.0,0.0,0.0
2019,15,SF,Kyle Juszczyk,-1.0,-0.5,2.0,1.0,0.0
2019,15,SF,Deebo Samuel,6.0,6.0,2.0,2.0,1.0
2019,15,ATL,Devonta Freeman,28.0,2.3,11.0,0.9,1.0
2019,15,ATL,Matt Ryan,27.0,5.4,0.0,0.0,0.0
2019,15,ATL,Russell Gage,1.0,1.0,5.0,5.0,0.0
2019,15,ATL,Brian Hill,11.0,11.0,5.0,5.0,0.0
2019,15,ATL,Qadree Ollison,1.0,1.0,0.0,0.0,0.0
2019,15,PIT,James Conner,29.0,3.6,13.0,1.6,0.0
2019,15,PIT,Jaylen Samuels,-2.0,-1.0,1.0,0.5,0.0
2019,15,PIT,Benny Snell Jr.,0.0,0.0,1.0,0.5,0.0
2019,15,PIT,Devlin Hodges,3.0,3.0,1.0,1.0,0.0
2019,15,PIT,Kerrith Whyte Jr,3.0,3.0,2.0,2.0,0.0
2019,15,BUF,Devin Singletary,35.0,1.7,52.0,2.5,4.0
2019,15,BUF,Frank Gore,3.0,0.3,12.0,1.2,0.0
2019,15,BUF,Josh Allen,18.0,2.6,10.0,1.4,0.0
2019,15,NO,Alvin Kamara,34.0,2.4,32.0,2.3,1.0
2019,15,NO,Latavius Murray,15.0,1.7,14.0,1.6,1.0
2019,15,NO,Teddy Bridgewater,-3.0,-1.0,0.0,0.0,0.0
2019,15,NO,Dwayne Washington,7.0,2.3,13.0,4.3,0.0
2019,15,NO,Taysom Hill,-2.0,-1.0,3.0,1.5,0.0
2019,15,NO,Zach Line,3.0,1.5,1.0,0.5,0.0
2019,15,IND,Marlon Mack,12.0,1.1,7.0,0.6,0.0
2019,15,IND,Jordan Wilkins,2.0,0.7,8.0,2.7,1.0
2019,15,IND,Nyheim Hines,7.0,3.5,3.0,1.5,0.0
2019,15,IND,Jacoby Brissett,7.0,7.0,0.0,0.0,0.0
2019,16,TB,Ronald Jones II,8.0,0.6,69.0,4.9,0.0
2019,16,TB,Peyton Barber,8.0,1.6,5.0,1.0,0.0
2019,16,TB,Jameis Winston,12.0,6.0,4.0,2.0,0.0
2019,16,HOU,Carlos Hyde,3.0,0.2,24.0,1.4,0.0
2019,16,HOU,Deshaun Watson,33.0,4.7,4.0,0.6,0.0
2019,16,HOU,Duke Johnson,1.0,0.5,3.0,1.5,0.0
2019,16,NE,Sony Michel,29.0,1.4,67.0,3.2,6.0
2019,16,NE,Rex Burkhead,14.0,2.8,6.0,1.2,2.0
2019,16,NE,Tom Brady,4.0,1.0,0.0,0.0,0.0
2019,16,NE,James White,2.0,0.7,3.0,1.0,0.0
2019,16,NE,N'Keal Harry,0.0,0.0,18.0,9.0,1.0
2019,16,BUF,Devin Singletary,18.0,1.2,28.0,1.9,1.0
2019,16,BUF,Josh Allen,36.0,5.1,7.0,1.0,0.0
2019,16,BUF,John Brown,3.0,3.0,0.0,0.0,0.0
2019,16,SF,Raheem Mostert,41.0,3.7,12.0,1.1,0.0
2019,16,SF,Tevin Coleman,23.0,4.6,10.0,2.0,0.0
2019,16,SF,Jimmy Garoppolo,5.0,1.3,0.0,0.0,0.0
2019,16,SF,Deebo Samuel,2.0,0.7,26.0,8.7,1.0
2019,16,LA,Todd Gurley,12.0,0.8,36.0,2.4,2.0
2019,16,LA,Jared Goff,12.0,3.0,0.0,0.0,0.0
2019,16,LA,Darrell Henderson,3.0,1.5,4.0,2.0,0.0
2019,16,LA,Robert Woods,4.0,2.0,2.0,1.0,0.0
2019,16,LA,Malcolm Brown,-2.0,-2.0,1.0,1.0,0.0
2019,16,ATL,Devonta Freeman,41.0,3.2,12.0,0.9,0.0
2019,16,ATL,Brian Hill,33.0,4.7,33.0,4.7,0.0
2019,16,ATL,Matt Ryan,6.0,1.5,0.0,0.0,0.0
2019,16,ATL,Russell Gage,3.0,1.5,4.0,2.0,0.0
2019,16,ATL,Qadree Ollison,3.0,3.0,0.0,0.0,0.0
2019,16,JAX,Leonard Fournette,24.0,1.6,47.0,3.1,0.0
2019,16,JAX,Gardner Minshew II,35.0,5.0,1.0,0.1,0.0
2019,16,JAX,Ryquell Armstead,0.0,0.0,2.0,2.0,0.0
2019,16,JAX,Keelan Cole,1.0,1.0,5.0,5.0,0.0
2019,16,CLE,Nick Chubb,10.0,0.7,35.0,2.3,0.0
2019,16,CLE,Kareem Hunt,2.0,1.0,6.0,3.0,0.0
2019,16,CLE,Baker Mayfield,-1.0,-0.5,5.0,2.5,0.0
2019,16,BAL,Lamar Jackson,74.0,4.4,29.0,1.7,0.0
2019,16,BAL,Gus Edwards,29.0,2.4,37.0,3.1,2.0
2019,16,BAL,Mark Ingram,14.0,1.8,41.0,5.1,0.0
2019,16,BAL,Justice Hill,19.0,6.3,0.0,0.0,0.0
2019,16,IND,Marlon Mack,37.0,2.3,58.0,3.6,0.0
2019,16,IND,Jordan Wilkins,47.0,5.2,37.0,4.1,1.0
2019,16,IND,Jacoby Brissett,37.0,12.3,0.0,0.0,0.0
2019,16,IND,Brian Hoyer,-2.0,-0.7,0.0,0.0,0.0
2019,16,IND,Nyheim Hines,1.0,1.0,3.0,3.0,0.0
2019,16,CAR,Christian McCaffrey,32.0,2.5,22.0,1.7,0.0
2019,16,CAR,Will Grier,17.0,4.3,0.0,0.0,0.0
2019,16,CAR,Reggie Bonnafon,6.0,3.0,6.0,3.0,0.0
2019,16,CAR,Curtis Samuel,1.0,0.5,3.0,1.5,0.0
2019,16,MIA,Myles Gaskin,21.0,1.3,34.0,2.1,0.0
2019,16,MIA,Patrick Laird,5.0,0.6,12.0,1.5,1.0
2019,16,MIA,Ryan Fitzpatrick,9.0,1.8,0.0,0.0,0.0
2019,16,MIA,De'Lance Turner,1.0,0.3,5.0,1.3,0.0
2019,16,MIA,Albert Wilson,8.0,8.0,1.0,1.0,0.0
2019,16,CIN,Joe Mixon,24.0,1.1,26.0,1.2,0.0
2019,16,CIN,Giovani Bernard,1.0,0.5,2.0,1.0,0.0
2019,16,CIN,John Ross,4.0,2.0,2.0,1.0,0.0
2019,16,NYJ,Le'Veon Bell,17.0,0.7,55.0,2.2,0.0
2019,16,NYJ,Sam Darnold,-1.0,-0.3,4.0,1.0,0.0
2019,16,NYJ,Ty Montgomery,2.0,1.0,5.0,2.5,0.0
2019,16,NYJ,Bilal Powell,1.0,1.0,2.0,2.0,0.0
2019,16,PIT,Benny Snell Jr.,2.0,0.3,12.0,1.7,0.0
2019,16,PIT,James Conner,2.0,0.3,30.0,5.0,0.0
2019,16,PIT,Kerrith Whyte Jr,12.0,2.0,10.0,1.7,0.0
2019,16,PIT,Jaylen Samuels,2.0,0.7,5.0,1.7,0.0
2019,16,PIT,Mason Rudolph,-5.0,-2.5,5.0,2.5,0.0
2019,16,PIT,Devlin Hodges,0.0,0.0,0.0,0.0,0.0
2019,16,TEN,Dion Lewis,31.0,2.1,37.0,2.5,2.0
2019,16,TEN,Dalyn Dawkins,16.0,1.8,8.0,0.9,0.0
2019,16,TEN,A.J. Brown,4.0,4.0,45.0,45.0,1.0
2019,16,TEN,Ryan Tannehill,8.0,8.0,0.0,0.0,0.0
2019,16,NO,Alvin Kamara,67.0,6.1,13.0,1.2,1.0
2019,16,NO,Latavius Murray,10.0,1.4,4.0,0.6,0.0
2019,16,NO,Drew Brees,-3.0,-1.0,0.0,0.0,0.0
2019,16,NO,Taysom Hill,11.0,5.5,0.0,0.0,0.0
2019,16,WAS,Adrian Peterson,-3.0,-0.2,39.0,2.6,0.0
2019,16,WAS,Chris Thompson,12.0,1.5,22.0,2.8,0.0
2019,16,WAS,Steven Sims,6.0,3.0,3.0,1.5,0.0
2019,16,WAS,Case Keenum,0.0,0.0,1.0,1.0,0.0
2019,16,NYG,Saquon Barkley,62.0,2.8,127.0,5.8,2.0
2019,16,NYG,Daniel Jones,4.0,1.3,8.0,2.7,0.0
2019,16,NYG,Da'Mari Scott,2.0,2.0,3.0,3.0,0.0
2019,16,DEN,Phillip Lindsay,66.0,3.5,43.0,2.3,3.0
2019,16,DEN,Royce Freeman,13.0,1.4,15.0,1.7,1.0
2019,16,DEN,Drew Lock,9.0,2.3,1.0,0.3,0.0
2019,16,DEN,Andrew Beck,2.0,2.0,1.0,1.0,0.0
2019,16,DET,Kerryon Johnson,28.0,2.8,14.0,1.4,0.0
2019,16,DET,Bo Scarbrough,22.0,2.8,12.0,1.5,1.0
2019,16,DET,Ty Johnson,14.0,4.7,6.0,2.0,0.0
2019,16,LAC,Melvin Gordon,12.0,1.3,3.0,0.3,1.0
2019,16,LAC,Austin Ekeler,9.0,2.3,2.0,0.5,0.0
2019,16,LAC,Tyrod Taylor,-2.0,-1.0,0.0,0.0,0.0
2019,16,LAC,Keenan Allen,-5.0,-5.0,0.0,0.0,0.0
2019,16,OAK,DeAndre Washington,60.0,2.6,25.0,1.1,1.0
2019,16,OAK,Jalen Richard,9.0,1.8,2.0,0.4,0.0
2019,16,OAK,Derek Carr,3.0,3.0,0.0,0.0,0.0
2019,16,PHI,Miles Sanders,29.0,1.5,50.0,2.5,2.0
2019,16,PHI,Carson Wentz,13.0,2.2,9.0,1.5,2.0
2019,16,PHI,Boston Scott,10.0,3.3,2.0,0.7,0.0
2019,16,PHI,Greg Ward,5.0,5.0,0.0,0.0,0.0
2019,16,DAL,Ezekiel Elliott,24.0,1.8,23.0,1.8,2.0
2019,16,DAL,Tony Pollard,-2.0,-1.0,2.0,1.0,1.0
2019,16,DAL,Dak Prescott,0.0,0.0,7.0,7.0,1.0
2019,16,SEA,Chris Carson,18.0,2.3,22.0,2.8,1.0
2019,16,SEA,Travis Homer,7.0,1.4,9.0,1.8,0.0
2019,16,SEA,C.J. Prosise,10.0,2.5,4.0,1.0,0.0
2019,16,SEA,Russell Wilson,2.0,1.0,0.0,0.0,0.0
2019,16,SEA,David Moore,8.0,8.0,11.0,11.0,0.0
2019,16,ARI,Kenyan Drake,105.0,4.4,61.0,2.5,3.0
2019,16,ARI,Brett Hundley,9.0,1.5,26.0,4.3,0.0
2019,16,ARI,Kyler Murray,36.0,6.0,4.0,0.7,0.0
2019,16,ARI,David Johnson,0.0,0.0,3.0,1.5,0.0
2019,16,ARI,Christian Kirk,0.0,0.0,9.0,4.5,0.0
2019,16,CHI,David Montgomery,36.0,2.8,21.0,1.6,3.0
2019,16,CHI,Mitchell Trubisky,11.0,1.8,9.0,1.5,0.0
2019,16,CHI,Tarik Cohen,2.0,1.0,6.0,3.0,1.0
2019,16,CHI,Cordarrelle Patterson,6.0,6.0,10.0,10.0,1.0
2019,16,KC,Damien Williams,18.0,1.1,47.0,2.9,4.0
2019,16,KC,Darwin Thompson,2.0,0.4,12.0,2.4,1.0
2019,16,KC,Spencer Ware,3.0,0.6,11.0,2.2,2.0
2019,16,KC,Patrick Mahomes,12.0,6.0,2.0,1.0,1.0
2019,16,KC,Matt Moore,-1.0,-1.0,0.0,0.0,0.0
2019,16,MIN,Mike Boone,10.0,0.9,18.0,1.6,0.0
2019,16,MIN,Ameer Abdullah,21.0,5.3,6.0,1.5,0.0
2019,16,MIN,Adam Thielen,0.0,0.0,2.0,2.0,1.0
2019,16,GB,Aaron Jones,56.0,2.4,98.0,4.3,0.0
2019,16,GB,Jamaal Williams,18.0,3.0,15.0,2.5,0.0
2019,16,GB,Aaron Rodgers,-3.0,-1.0,0.0,0.0,0.0
2019,17,BUF,T.J. Yeldon,2.0,0.3,16.0,2.3,4.0
2019,17,BUF,Frank Gore,6.0,1.0,20.0,3.3,3.0
2019,17,BUF,Senorise Perry,0.0,0.0,3.0,1.0,1.0
2019,17,BUF,Matt Barkley,-4.0,-2.0,0.0,0.0,0.0
2019,17,BUF,Isaiah McKenzie,28.0,14.0,2.0,1.0,0.0
2019,17,NYJ,Le'Veon Bell,-2.0,-0.1,43.0,2.7,3.0
2019,17,NYJ,Bilal Powell,8.0,1.1,19.0,2.7,0.0
2019,17,NYJ,Sam Darnold,-2.0,-0.7,0.0,0.0,0.0
2019,17,NYJ,Vyncint Smith,19.0,19.0,1.0,1.0,0.0
2019,17,CAR,Christian McCaffrey,14.0,1.6,12.0,1.3,1.0
2019,17,CAR,Will Grier,4.0,1.3,1.0,0.3,0.0
2019,17,CAR,Kyle Allen,2.0,1.0,3.0,1.5,0.0
2019,17,CAR,Reggie Bonnafon,3.0,1.5,0.0,0.0,0.0
2019,17,CAR,Mike Davis,-1.0,-0.5,3.0,1.5,0.0
2019,17,NO,Latavius Murray,24.0,1.4,37.0,2.2,1.0
2019,17,NO,Alvin Kamara,16.0,2.0,23.0,2.9,3.0
2019,17,NO,Teddy Bridgewater,-3.0,-1.0,0.0,0.0,0.0
2019,17,NO,Deonte Harris,11.0,5.5,2.0,1.0,0.0
2019,17,NO,Taysom Hill,2.0,1.0,2.0,1.0,0.0
2019,17,NO,Dwayne Washington,0.0,0.0,2.0,1.0,0.0
2019,17,NO,Drew Brees,-1.0,-1.0,0.0,0.0,0.0
2019,17,CIN,Joe Mixon,35.0,1.3,127.0,4.9,6.0
2019,17,CIN,Andy Dalton,6.0,0.8,4.0,0.5,0.0
2019,17,CIN,Giovani Bernard,-2.0,-0.7,6.0,2.0,0.0
2019,17,CIN,Alex Erickson,4.0,4.0,1.0,1.0,0.0
2019,17,CIN,John Ross,-2.0,-2.0,0.0,0.0,0.0
2019,17,CLE,Nick Chubb,10.0,0.8,31.0,2.4,0.0
2019,17,CLE,Baker Mayfield,25.0,6.3,4.0,1.0,1.0
2019,17,CLE,Kareem Hunt,2.0,0.7,2.0,0.7,1.0
2019,17,DET,Kerryon Johnson,17.0,1.5,36.0,3.3,2.0
2019,17,DET,Bo Scarbrough,23.0,2.6,19.0,2.1,0.0
2019,17,DET,Ty Johnson,22.0,7.3,43.0,14.3,2.0
2019,17,DET,David Blough,10.0,5.0,1.0,0.5,0.0
2019,17,GB,Aaron Jones,33.0,1.3,67.0,2.7,6.0
2019,17,GB,Aaron Rodgers,1.0,0.5,0.0,0.0,0.0
2019,17,GB,Dexter Williams,4.0,2.0,5.0,2.5,0.0
2019,17,GB,Tyler Ervin,3.0,3.0,7.0,7.0,1.0
2019,17,KC,Damien Williams,25.0,2.1,99.0,8.3,6.0
2019,17,KC,Patrick Mahomes,21.0,3.0,0.0,0.0,0.0
2019,17,KC,Darwin Thompson,8.0,2.0,9.0,2.3,2.0
2019,17,LAC,Melvin Gordon,27.0,1.9,19.0,1.4,1.0
2019,17,LAC,Austin Ekeler,36.0,4.0,10.0,1.1,1.0
2019,17,LAC,Justin Jackson,9.0,9.0,2.0,2.0,0.0
2019,17,LAC,Philip Rivers,5.0,5.0,0.0,0.0,0.0
2019,17,MIN,Mike Boone,34.0,2.0,114.0,6.7,1.0
2019,17,MIN,Ameer Abdullah,9.0,1.5,13.0,2.2,2.0
2019,17,MIN,C.J. Ham,4.0,2.0,0.0,0.0,0.0
2019,17,MIN,Sean Mannion,0.0,0.0,0.0,0.0,0.0
2019,17,CHI,David Montgomery,63.0,2.7,50.0,2.2,5.0
2019,17,CHI,Tarik Cohen,20.0,5.0,0.0,0.0,0.0
2019,17,CHI,Ryan Nall,3.0,1.5,5.0,2.5,0.0
2019,17,CHI,Cordarrelle Patterson,6.0,3.0,8.0,4.0,0.0
2019,17,CHI,Mitchell Trubisky,1.0,0.5,0.0,0.0,0.0
2019,17,CHI,Allen Robinson,2.0,2.0,0.0,0.0,0.0
2019,17,NE,Sony Michel,49.0,2.7,25.0,1.4,1.0
2019,17,NE,Rex Burkhead,22.0,3.7,26.0,4.3,1.0
2019,17,NE,James White,4.0,2.0,0.0,0.0,0.0
2019,17,NE,N'Keal Harry,0.0,0.0,9.0,9.0,0.0
2019,17,MIA,Patrick Laird,21.0,1.9,0.0,0.0,0.0
2019,17,MIA,Ryan Fitzpatrick,15.0,3.0,0.0,0.0,0.0
2019,17,MIA,Samaje Perine,11.0,2.2,5.0,1.0,1.0
2019,17,MIA,Isaiah Ford,0.0,0.0,11.0,11.0,1.0
2019,17,TB,Ronald Jones II,66.0,6.0,40.0,3.6,0.0
2019,17,TB,Peyton Barber,4.0,0.7,6.0,1.0,0.0
2019,17,TB,Jameis Winston,5.0,2.5,0.0,0.0,0.0
2019,17,TB,John Franklin,9.0,9.0,2.0,2.0,0.0
2019,17,TB,Dare Ogunbowale,0.0,0.0,4.0,4.0,0.0
2019,17,ATL,Devonta Freeman,29.0,1.6,29.0,1.6,0.0
2019,17,ATL,Brian Hill,14.0,2.8,7.0,1.4,0.0
2019,17,ATL,Qadree Ollison,4.0,1.0,5.0,1.3,0.0
2019,17,ATL,Matt Ryan,0.0,0.0,0.0,0.0,0.0
2019,17,ATL,Keith Smith,-1.0,-1.0,0.0,0.0,0.0
2019,17,BAL,Gus Edwards,45.0,2.1,85.0,4.0,0.0
2019,17,BAL,Justice Hill,13.0,1.3,26.0,2.6,3.0
2019,17,BAL,Robert Griffin III,40.0,5.0,10.0,1.3,0.0
2019,17,BAL,Anthony Levine,2.0,2.0,0.0,0.0,0.0
2019,17,BAL,Trace McSorley,0.0,0.0,1.0,1.0,0.0
2019,17,BAL,Chris Moore,0.0,0.0,0.0,0.0,0.0
2019,17,BAL,Willie Snead,0.0,0.0,0.0,0.0,0.0
2019,17,BAL,De'Anthony Thomas,0.0,0.0,1.0,1.0,0.0
2019,17,PIT,Benny Snell Jr.,32.0,1.8,59.0,3.3,1.0
2019,17,PIT,Kerrith Whyte Jr,-3.0,-1.0,4.0,1.3,0.0
2019,17,PIT,Jordan Berry,0.0,0.0,0.0,0.0,0.0
2019,17,PIT,Devlin Hodges,-1.0,-1.0,0.0,0.0,0.0
2019,17,DAL,Ezekiel Elliott,63.0,3.5,59.0,3.3,1.0
2019,17,DAL,Tony Pollard,26.0,1.9,34.0,2.4,0.0
2019,17,DAL,Dak Prescott,21.0,7.0,14.0,4.7,1.0
2019,17,DAL,Amari Cooper,5.0,5.0,1.0,1.0,0.0
2019,17,WAS,Adrian Peterson,58.0,4.5,20.0,1.5,0.0
2019,17,WAS,Wendell Smallwood,0.0,0.0,5.0,1.7,1.0
2019,17,WAS,Chris Thompson,-2.0,-0.7,13.0,4.3,1.0
2019,17,WAS,Steven Sims,-6.0,-6.0,0.0,0.0,0.0
2019,17,DEN,Phillip Lindsay,18.0,1.0,35.0,1.9,6.0
2019,17,DEN,Drew Lock,23.0,3.8,6.0,1.0,1.0
2019,17,DEN,Royce Freeman,-4.0,-2.0,0.0,0.0,0.0
2019,17,DEN,Diontae Spencer,-8.0,-8.0,0.0,0.0,0.0
2019,17,OAK,DeAndre Washington,30.0,1.8,47.0,2.8,1.0
2019,17,OAK,Jalen Richard,17.0,5.7,3.0,1.0,0.0
2019,17,OAK,Derek Carr,0.0,0.0,0.0,0.0,0.0
2019,17,OAK,Alec Ingold,0.0,0.0,0.0,0.0,0.0
2019,17,HOU,Taiwan Jones,26.0,2.9,14.0,1.6,0.0
2019,17,HOU,A.J. McCarron,39.0,7.8,0.0,0.0,0.0
2019,17,HOU,Carlos Hyde,5.0,1.3,8.0,2.0,0.0
2019,17,HOU,Duke Johnson,8.0,2.0,4.0,1.0,0.0
2019,17,HOU,Buddy Howell,5.0,1.7,0.0,0.0,0.0
2019,17,TEN,Derrick Henry,151.0,4.7,60.0,1.9,5.0
2019,17,TEN,Ryan Tannehill,20.0,4.0,0.0,0.0,0.0
2019,17,TEN,Dion Lewis,5.0,5.0,2.0,2.0,0.0
2019,17,TEN,Jonnu Smith,7.0,7.0,0.0,0.0,0.0
2019,17,JAX,Ryquell Armstead,12.0,1.2,21.0,2.1,0.0
2019,17,JAX,Devine Ozigbo,11.0,1.2,16.0,1.8,0.0
2019,17,JAX,Gardner Minshew II,7.0,1.4,0.0,0.0,0.0
2019,17,IND,Marlon Mack,51.0,3.4,26.0,1.7,0.0
2019,17,IND,Nyheim Hines,24.0,3.4,10.0,1.4,0.0
2019,17,IND,Jacoby Brissett,7.0,1.8,10.0,2.5,0.0
2019,17,IND,Zach Pascal,4.0,4.0,0.0,0.0,0.0
2019,17,LA,Todd Gurley,40.0,2.0,28.0,1.4,0.0
2019,17,LA,Malcolm Brown,10.0,1.1,16.0,1.8,0.0
2019,17,LA,Jared Goff,4.0,2.0,0.0,0.0,0.0
2019,17,LA,Nick Scott,6.0,6.0,0.0,0.0,0.0
2019,17,LA,Robert Woods,6.0,6.0,3.0,3.0,0.0
2019,17,ARI,Kenyan Drake,40.0,3.3,20.0,1.7,0.0
2019,17,ARI,Kyler Murray,0.0,0.0,0.0,0.0,0.0
2019,17,ARI,Chase Edmonds,-2.0,-2.0,1.0,1.0,0.0
2019,17,ARI,Brett Hundley,4.0,4.0,2.0,2.0,0.0
2019,17,ARI,Christian Kirk,4.0,4.0,2.0,2.0,0.0
2019,17,NYG,Saquon Barkley,-3.0,-0.2,95.0,5.6,0.0
2019,17,NYG,Daniel Jones,26.0,8.7,0.0,0.0,0.0
2019,17,NYG,Javorius Allen,-2.0,-2.0,6.0,6.0,0.0
2019,17,PHI,Boston Scott,13.0,0.7,41.0,2.2,0.0
2019,17,PHI,Miles Sanders,19.0,2.1,33.0,3.7,0.0
2019,17,PHI,Carson Wentz,8.0,2.7,7.0,2.3,0.0
2019,17,SEA,Marshawn Lynch,20.0,1.7,14.0,1.2,0.0
2019,17,SEA,Travis Homer,42.0,4.2,20.0,2.0,0.0
2019,17,SEA,Russell Wilson,23.0,2.9,6.0,0.8,0.0
2019,17,SF,Raheem Mostert,22.0,2.2,35.0,3.5,4.0
2019,17,SF,Tevin Coleman,3.0,0.6,8.0,1.6,0.0
2019,17,SF,Matt Breida,4.0,1.0,12.0,3.0,3.0
2019,17,SF,Jimmy Garoppolo,4.0,2.0,0.0,0.0,0.0
2019,17,SF,Deebo Samuel,22.0,11.0,11.0,5.5,0.0
2019,17,SF,George Kittle,0.0,0.0,7.0,7.0,0.0
2019,18,HOU,Carlos Hyde,21.0,1.3,27.0,1.7,0.0
2019,18,HOU,Deshaun Watson,46.0,3.3,9.0,0.6,0.0
2019,18,HOU,Duke Johnson,16.0,5.3,22.0,7.3,2.0
2019,18,BUF,Devin Singletary,23.0,1.8,35.0,2.7,2.0
2019,18,BUF,Josh Allen,46.0,5.1,46.0,5.1,1.0
2019,18,BUF,Frank Gore,1.0,0.1,21.0,2.6,2.0
2019,18,NE,Sony Michel,41.0,2.9,20.0,1.4,0.0
2019,18,NE,Rex Burkhead,1.0,0.3,3.0,1.0,0.0
2019,18,NE,Julian Edelman,11.0,5.5,1.0,0.5,0.0
2019,18,NE,N'Keal Harry,4.0,4.0,3.0,3.0,0.0
2019,18,NE,Elandon Roberts,0.0,0.0,0.0,0.0,0.0
2019,18,NE,James White,11.0,11.0,3.0,3.0,0.0
2019,18,TEN,Derrick Henry,58.0,1.7,124.0,3.6,7.0
2019,18,TEN,Ryan Tannehill,8.0,2.0,3.0,0.8,0.0
2019,18,TEN,Dion Lewis,4.0,2.0,4.0,2.0,0.0
2019,18,NO,Alvin Kamara,6.0,0.9,15.0,2.1,0.0
2019,18,NO,Latavius Murray,10.0,2.0,11.0,2.2,0.0
2019,18,NO,Taysom Hill,2.0,0.5,48.0,12.0,2.0
2019,18,NO,Drew Brees,1.0,1.0,4.0,4.0,0.0
2019,18,MIN,Dalvin Cook,47.0,1.7,47.0,1.7,1.0
2019,18,MIN,Alexander Mattison,13.0,2.6,7.0,1.4,0.0
2019,18,MIN,Kirk Cousins,-1.0,-0.5,0.0,0.0,0.0
2019,18,MIN,Stefon Diggs,2.0,1.0,6.0,3.0,0.0
2019,18,MIN,Ameer Abdullah,8.0,8.0,1.0,1.0,0.0
2019,18,MIN,C.J. Ham,0.0,0.0,3.0,3.0,0.0
2019,18,MIN,Adam Thielen,1.0,1.0,2.0,2.0,0.0
2019,18,PHI,Miles Sanders,20.0,1.4,49.0,3.5,2.0
2019,18,PHI,Boston Scott,13.0,2.2,12.0,2.0,1.0
2019,18,PHI,Josh McCown,12.0,2.4,11.0,2.2,0.0
2019,18,PHI,Greg Ward,0.0,0.0,3.0,3.0,0.0
2019,18,SEA,Travis Homer,-1.0,-0.1,13.0,1.2,0.0
2019,18,SEA,Russell Wilson,37.0,4.1,8.0,0.9,1.0
2019,18,SEA,Marshawn Lynch,-5.0,-0.8,12.0,2.0,0.0
2019,19,SF,Tevin Coleman,37.0,1.7,68.0,3.1,0.0
2019,19,SF,Raheem Mostert,21.0,1.8,37.0,3.1,2.0
2019,19,SF,Matt Breida,8.0,1.0,9.0,1.1,0.0
2019,19,SF,Jimmy Garoppolo,-1.0,-0.3,1.0,0.3,0.0
2019,19,SF,Deebo Samuel,6.0,6.0,0.0,0.0,0.0
2019,19,MIN,Dalvin Cook,3.0,0.3,15.0,1.7,0.0
2019,19,MIN,Alexander Mattison,1.0,1.0,2.0,2.0,0.0
2019,19,BAL,Lamar Jackson,109.0,5.5,34.0,1.7,1.0
2019,19,BAL,Mark Ingram,4.0,0.7,18.0,3.0,0.0
2019,19,BAL,Gus Edwards,14.0,4.7,6.0,2.0,0.0
2019,19,TEN,Derrick Henry,68.0,2.3,127.0,4.2,4.0
2019,19,TEN,Ryan Tannehill,3.0,0.5,10.0,1.7,0.0
2019,19,TEN,A.J. Brown,0.0,0.0,9.0,9.0,1.0
2019,19,KC,Damien Williams,38.0,3.2,9.0,0.8,0.0
2019,19,KC,Patrick Mahomes,53.0,7.6,0.0,0.0,0.0
2019,19,KC,Tyreek Hill,2.0,2.0,2.0,2.0,0.0
2019,19,KC,Sammy Watkins,0.0,0.0,14.0,14.0,0.0
2019,19,HOU,Carlos Hyde,24.0,1.8,20.0,1.5,2.0
2019,19,HOU,Deshaun Watson,37.0,6.2,0.0,0.0,0.0
2019,19,HOU,Duke Johnson,4.0,4.0,7.0,7.0,1.0
2019,19,HOU,Justin Reid,2.0,2.0,0.0,0.0,0.0
2019,19,GB,Aaron Jones,31.0,1.5,31.0,1.5,2.0
2019,19,GB,Aaron Rodgers,13.0,2.6,1.0,0.2,0.0
2019,19,GB,Tyler Ervin,7.0,3.5,18.0,9.0,2.0
2019,19,GB,Allen Lazard,2.0,2.0,3.0,3.0,0.0
2019,19,GB,Jamaal Williams,0.0,0.0,3.0,3.0,0.0
2019,19,SEA,Marshawn Lynch,0.0,0.0,26.0,2.2,1.0
2019,19,SEA,Russell Wilson,53.0,7.6,11.0,1.6,0.0
2019,19,SEA,Travis Homer,4.0,1.3,9.0,3.0,0.0
2019,19,SEA,David Moore,5.0,5.0,1.0,1.0,0.0
2019,19,SEA,Luke Willson,0.0,0.0,1.0,1.0,0.0
2019,20,KC,Damien Williams,17.0,1.0,28.0,1.6,0.0
2019,20,KC,Patrick Mahomes,26.0,3.3,27.0,3.4,4.0
2019,20,KC,Tyreek Hill,7.0,7.0,0.0,0.0,0.0
2019,20,KC,Darwin Thompson,5.0,5.0,2.0,2.0,0.0
2019,20,TEN,Derrick Henry,40.0,2.1,29.0,1.5,0.0
2019,20,TEN,Ryan Tannehill,5.0,1.7,6.0,2.0,0.0
2019,20,TEN,Marcus Mariota,0.0,0.0,5.0,5.0,1.0
2019,20,SF,Raheem Mostert,93.0,3.2,127.0,4.4,4.0
2019,20,SF,Tevin Coleman,9.0,1.5,12.0,2.0,0.0
2019,20,SF,Jimmy Garoppolo,-3.0,-0.8,2.0,0.5,0.0
2019,20,SF,Deebo Samuel,28.0,14.0,15.0,7.5,1.0
2019,20,SF,Matt Breida,2.0,2.0,0.0,0.0,0.0
2019,20,GB,Aaron Jones,27.0,2.3,29.0,2.4,1.0
2019,20,GB,Jamaal Williams,1.0,0.3,5.0,1.7,0.0
2019,20,GB,Aaron Rodgers,0.0,0.0,0.0,0.0,0.0
2019,21,KC,Damien Williams,35.0,2.1,69.0,4.1,2.0
2019,21,KC,Patrick Mahomes,10.0,1.1,19.0,2.1,1.0
2019,21,KC,Mecole Hardman,-6.0,-6.0,0.0,0.0,0.0
2019,21,KC,Travis Kelce,0.0,0.0,2.0,2.0,0.0
2019,21,KC,Darwin Thompson,0.0,0.0,0.0,0.0,0.0
2019,21,SF,Raheem Mostert,21.0,1.8,37.0,3.1,4.0
2019,21,SF,Tevin Coleman,3.0,0.6,25.0,5.0,1.0
2019,21,SF,Deebo Samuel,41.0,13.7,12.0,4.0,0.0
2019,21,SF,Jimmy Garoppolo,2.0,1.0,0.0,0.0,0.0
2020,1,KC,Clyde Edwards-Helaire,38.0,1.5,100.0,4.0,0.0
2020,1,KC,Darrel Williams,10.0,1.4,13.0,1.9,0.0
2020,1,KC,Anthony Sherman,0.0,0.0,2.0,2.0,0.0
2020,1,KC,Sammy Watkins,1.0,1.0,2.0,2.0,0.0
2020,1,HOU,David Johnson,34.0,3.1,43.0,3.9,0.0
2020,1,HOU,Deshaun Watson,17.0,2.8,10.0,1.7,0.0
2020,1,HOU,Duke Johnson,5.0,1.0,9.0,1.8,0.0
2020,1,ATL,Todd Gurley,35.0,2.5,21.0,1.5,0.0
2020,1,ATL,Brian Hill,6.0,2.0,6.0,2.0,0.0
2020,1,ATL,Sharrod Neasman,2.0,2.0,0.0,0.0,0.0
2020,1,ATL,Calvin Ridley,-1.0,-1.0,0.0,0.0,0.0
2020,1,ATL,Matt Ryan,-1.0,-1.0,0.0,0.0,0.0
2020,1,ATL,Ito Smith,3.0,3.0,1.0,1.0,0.0
2020,1,SEA,Carlos Hyde,13.0,1.9,10.0,1.4,0.0
2020,1,SEA,Chris Carson,5.0,0.8,16.0,2.7,1.0
2020,1,SEA,Travis Homer,-2.0,-0.7,1.0,0.3,0.0
2020,1,SEA,Russell Wilson,25.0,8.3,4.0,1.3,0.0
2020,1,SEA,David Moore,8.0,8.0,4.0,4.0,0.0
2020,1,BAL,Mark Ingram,14.0,1.4,15.0,1.5,0.0
2020,1,BAL,J.K. Dobbins,14.0,2.0,8.0,1.1,0.0
2020,1,BAL,Lamar Jackson,37.0,5.3,8.0,1.1,1.0
2020,1,BAL,Gus Edwards,4.0,1.0,13.0,3.3,0.0
2020,1,BAL,Robert Griffin III,-1.0,-1.0,0.0,0.0,0.0
2020,1,BAL,Patrick Ricard,-1.0,-1.0,0.0,0.0,0.0
2020,1,CLE,Kareem Hunt,25.0,1.9,47.0,3.6,2.0
2020,1,CLE,Nick Chubb,26.0,2.6,34.0,3.4,1.0
2020,1,CLE,Baker Mayfield,3.0,1.5,0.0,0.0,0.0
2020,1,CLE,Jamie Gillan,-2.0,-2.0,0.0,0.0,0.0
2020,1,CLE,D'Ernest Johnson,3.0,3.0,2.0,2.0,1.0
2020,1,BUF,Josh Allen,9.0,0.6,48.0,3.4,1.0
2020,1,BUF,Zack Moss,0.0,0.0,11.0,1.2,2.0
2020,1,BUF,Devin Singletary,11.0,1.2,19.0,2.1,0.0
2020,1,NYJ,Le'Veon Bell,1.0,0.2,13.0,2.2,0.0
2020,1,NYJ,Frank Gore,7.0,1.2,17.0,2.8,0.0
2020,1,NYJ,Josh Adams,2.0,1.0,6.0,3.0,0.0
2020,1,NYJ,Sam Darnold,6.0,6.0,0.0,0.0,0.0
2020,1,CAR,Christian McCaffrey,47.0,2.0,50.0,2.2,8.0
2020,1,CAR,Teddy Bridgewater,23.0,5.8,3.0,0.8,0.0
2020,1,CAR,Alex Armah,0.0,0.0,1.0,0.5,0.0
2020,1,CAR,Curtis Samuel,0.0,0.0,5.0,5.0,1.0
2020,1,LV,Josh Jacobs,35.0,1.4,58.0,2.3,8.0
2020,1,LV,Devontae Booker,21.0,5.3,8.0,2.0,0.0
2020,1,LV,Henry Ruggs III,7.0,3.5,4.0,2.0,0.0
2020,1,DET,Adrian Peterson,71.0,5.1,22.0,1.6,0.0
2020,1,DET,Kerryon Johnson,12.0,1.7,2.0,0.3,0.0
2020,1,DET,Matthew Stafford,22.0,4.4,1.0,0.2,0.0
2020,1,DET,D'Andre Swift,5.0,1.7,3.0,1.0,0.0
2020,1,CHI,David Montgomery,23.0,1.8,41.0,3.2,5.0
2020,1,CHI,Tarik Cohen,34.0,4.9,7.0,1.0,1.0
2020,1,CHI,Cordarrelle Patterson,17.0,4.3,2.0,0.5,0.0
2020,1,CHI,Mitchell Trubisky,6.0,2.0,20.0,6.7,1.0
2020,1,CHI,Allen Robinson,-1.0,-1.0,0.0,0.0,0.0
2020,1,JAX,James Robinson,24.0,1.5,38.0,2.4,1.0
2020,1,JAX,Gardner Minshew II,19.0,3.8,0.0,0.0,0.0
2020,1,JAX,Laviska Shenault Jr.,7.0,3.5,3.0,1.5,0.0
2020,1,IND,Jonathan Taylor,19.0,2.1,3.0,0.3,0.0
2020,1,IND,Nyheim Hines,19.0,2.7,9.0,1.3,1.0
2020,1,IND,Marlon Mack,14.0,3.5,12.0,3.0,0.0
2020,1,IND,Parris Campbell,7.0,7.0,2.0,2.0,0.0
2020,1,IND,Philip Rivers,3.0,3.0,0.0,0.0,0.0
2020,1,MIN,Dalvin Cook,27.0,2.3,23.0,1.9,2.0
2020,1,MIN,Alexander Mattison,34.0,5.7,16.0,2.7,0.0
2020,1,MIN,Kirk Cousins,34.0,8.5,0.0,0.0,0.0
2020,1,GB,Aaron Jones,32.0,2.0,34.0,2.1,2.0
2020,1,GB,Jamaal Williams,8.0,1.1,13.0,1.9,1.0
2020,1,GB,Tyler Ervin,30.0,10.0,8.0,2.7,0.0
2020,1,GB,Tim Boyle,-2.0,-1.0,0.0,0.0,0.0
2020,1,GB,AJ Dillon,9.0,4.5,5.0,2.5,0.0
2020,1,GB,Allen Lazard,15.0,15.0,4.0,4.0,0.0
2020,1,GB,Aaron Rodgers,2.0,2.0,0.0,0.0,0.0
2020,1,NE,Cam Newton,57.0,3.8,18.0,1.2,0.0
2020,1,NE,Sony Michel,13.0,1.3,24.0,2.4,0.0
2020,1,NE,Rex Burkhead,23.0,3.3,9.0,1.3,0.0
2020,1,NE,James White,13.0,2.6,9.0,1.8,0.0
2020,1,NE,J.J. Taylor,15.0,3.8,13.0,3.3,0.0
2020,1,NE,Julian Edelman,23.0,23.0,0.0,0.0,0.0
2020,1,MIA,Myles Gaskin,17.0,1.9,23.0,2.6,1.0
2020,1,MIA,Jordan Howard,1.0,0.1,6.0,0.8,0.0
2020,1,MIA,Matt Breida,13.0,2.6,9.0,1.8,0.0
2020,1,MIA,Ryan Fitzpatrick,15.0,3.0,3.0,0.6,0.0
2020,1,WAS,Peyton Barber,19.0,1.1,10.0,0.6,0.0
2020,1,WAS,Antonio Gibson,24.0,2.7,12.0,1.3,2.0
2020,1,WAS,Dwayne Haskins,17.0,2.4,0.0,0.0,0.0
2020,1,WAS,J.D. McKissic,-3.0,-1.0,1.0,0.3,0.0
2020,1,PHI,Boston Scott,13.0,1.4,22.0,2.4,2.0
2020,1,PHI,Corey Clement,10.0,1.7,9.0,1.5,0.0
2020,1,PHI,Jason Huntley,0.0,0.0,1.0,1.0,1.0
2020,1,PHI,Carson Wentz,2.0,2.0,0.0,0.0,0.0
2020,1,CIN,Joe Mixon,45.0,2.4,24.0,1.3,1.0
2020,1,CIN,Joe Burrow,46.0,5.8,0.0,0.0,0.0
2020,1,CIN,Giovani Bernard,2.0,2.0,5.0,5.0,1.0
2020,1,LAC,Austin Ekeler,49.0,2.6,35.0,1.8,1.0
2020,1,LAC,Joshua Kelley,18.0,1.5,42.0,3.5,2.0
2020,1,LAC,Tyrod Taylor,6.0,1.0,1.0,0.2,0.0
2020,1,LAC,Justin Jackson,2.0,1.0,2.0,1.0,0.0
2020,1,NO,Latavius Murray,26.0,1.7,22.0,1.5,1.0
2020,1,NO,Alvin Kamara,2.0,0.2,14.0,1.2,1.0
2020,1,NO,Taysom Hill,13.0,4.3,0.0,0.0,0.0
2020,1,NO,Drew Brees,0.0,0.0,0.0,0.0,0.0
2020,1,NO,Deonte Harris,0.0,0.0,9.0,9.0,0.0
2020,1,NO,Ty Montgomery,-4.0,-4.0,0.0,0.0,0.0
2020,1,TB,Ronald Jones II,53.0,3.1,13.0,0.8,0.0
2020,1,TB,Leonard Fournette,4.0,0.8,1.0,0.2,0.0
2020,1,TB,Tom Brady,5.0,1.7,4.0,1.3,1.0
2020,1,TB,Scott Miller,6.0,6.0,0.0,0.0,0.0
2020,1,SF,Raheem Mostert,39.0,2.6,17.0,1.1,0.0
2020,1,SF,Tevin Coleman,9.0,2.3,9.0,2.3,1.0
2020,1,SF,Jerick McKinnon,10.0,3.3,14.0,4.7,1.0
2020,1,SF,Jimmy Garoppolo,9.0,9.0,0.0,0.0,0.0
2020,1,SF,Kyle Juszczyk,0.0,0.0,7.0,7.0,0.0
2020,1,SF,George Kittle,0.0,0.0,9.0,9.0,0.0
2020,1,ARI,Kenyan Drake,28.0,1.8,32.0,2.0,1.0
2020,1,ARI,Kyler Murray,91.0,7.0,0.0,0.0,0.0
2020,1,ARI,Chase Edmonds,20.0,3.3,6.0,1.0,1.0
2020,1,ARI,Chris Streveler,0.0,0.0,3.0,3.0,0.0
2020,1,LA,Malcolm Brown,46.0,2.6,33.0,1.8,0.0
2020,1,LA,Cam Akers,14.0,1.0,25.0,1.8,1.0
2020,1,LA,Jared Goff,15.0,3.8,0.0,0.0,0.0
2020,1,LA,Darrell Henderson,2.0,0.7,4.0,1.3,0.0
2020,1,LA,Robert Woods,10.0,10.0,4.0,4.0,0.0
2020,1,DAL,Ezekiel Elliott,38.0,1.7,58.0,2.6,3.0
2020,1,DAL,Dak Prescott,16.0,5.3,14.0,4.7,1.0
2020,1,DAL,Tony Pollard,2.0,1.0,8.0,4.0,0.0
2020,1,NYG,Saquon Barkley,-3.0,-0.2,9.0,0.6,0.0
2020,1,NYG,Daniel Jones,20.0,5.0,2.0,0.5,0.0
2020,1,NYG,Dion Lewis,0.0,0.0,1.0,1.0,0.0
2020,1,PIT,Benny Snell Jr.,60.0,3.2,53.0,2.8,3.0
2020,1,PIT,James Conner,1.0,0.2,8.0,1.3,1.0
2020,1,PIT,Ben Roethlisberger,9.0,3.0,0.0,0.0,0.0
2020,1,PIT,Chase Claypool,8.0,8.0,0.0,0.0,0.0
2020,1,PIT,Jaylen Samuels,0.0,0.0,2.0,2.0,0.0
2020,1,DEN,Melvin Gordon,30.0,2.0,48.0,3.2,1.0
2020,1,DEN,Phillip Lindsay,19.0,2.7,5.0,0.7,0.0
2020,1,DEN,Drew Lock,5.0,1.7,0.0,0.0,0.0
2020,1,DEN,Royce Freeman,0.0,0.0,0.0,0.0,0.0
2020,1,TEN,Derrick Henry,67.0,2.2,49.0,1.6,2.0
2020,1,TEN,Ryan Tannehill,14.0,4.7,0.0,0.0,0.0
2020,2,CLE,Nick Chubb,42.0,1.9,82.0,3.7,2.0
2020,2,CLE,Kareem Hunt,25.0,2.5,61.0,6.1,0.0
2020,2,CLE,Baker Mayfield,5.0,1.7,0.0,0.0,0.0
2020,2,CIN,Joe Mixon,13.0,0.8,33.0,2.1,1.0
2020,2,CIN,Joe Burrow,15.0,2.1,4.0,0.6,0.0
2020,2,CIN,Giovani Bernard,0.0,0.0,3.0,3.0,0.0
2020,2,CHI,David Montgomery,15.0,0.9,67.0,4.2,2.0
2020,2,CHI,Cordarrelle Patterson,3.0,0.4,22.0,3.1,2.0
2020,2,CHI,Tarik Cohen,5.0,1.0,7.0,1.4,0.0
2020,2,CHI,Mitchell Trubisky,14.0,3.5,2.0,0.5,0.0
2020,2,NYG,Dion Lewis,9.0,0.9,11.0,1.1,0.0
2020,2,NYG,Saquon Barkley,2.0,0.5,26.0,6.5,1.0
2020,2,NYG,Daniel Jones,20.0,6.7,1.0,0.3,0.0
2020,2,NYG,Sterling Shepard,3.0,3.0,3.0,3.0,0.0
2020,2,DAL,Ezekiel Elliott,42.0,1.9,47.0,2.1,2.0
2020,2,DAL,Dak Prescott,12.0,2.4,6.0,1.2,0.0
2020,2,DAL,Tony Pollard,3.0,1.5,3.0,1.5,0.0
2020,2,DAL,CeeDee Lamb,8.0,8.0,1.0,1.0,0.0
2020,2,DAL,Darian Thompson,3.0,3.0,0.0,0.0,0.0
2020,2,ATL,Todd Gurley,34.0,1.6,27.0,1.3,0.0
2020,2,ATL,Ito Smith,15.0,3.0,5.0,1.0,0.0
2020,2,ATL,Matt Ryan,14.0,3.5,2.0,0.5,0.0
2020,2,ATL,Brian Hill,11.0,3.7,3.0,1.0,0.0
2020,2,ATL,Keith Smith,1.0,1.0,1.0,1.0,0.0
2020,2,GB,Aaron Jones,64.0,3.6,104.0,5.8,0.0
2020,2,GB,Jamaal Williams,40.0,5.0,23.0,2.9,0.0
2020,2,GB,AJ Dillon,4.0,0.8,13.0,2.6,2.0
2020,2,GB,Tim Boyle,-1.0,-0.5,0.0,0.0,0.0
2020,2,GB,Aaron Rodgers,12.0,6.0,0.0,0.0,0.0
2020,2,DET,Kerryon Johnson,18.0,2.3,14.0,1.8,0.0
2020,2,DET,Adrian Peterson,30.0,4.3,11.0,1.6,0.0
2020,2,DET,D'Andre Swift,4.0,0.8,8.0,1.6,0.0
2020,2,DET,Matthew Stafford,4.0,4.0,0.0,0.0,0.0
2020,2,IND,Jonathan Taylor,47.0,1.8,54.0,2.1,1.0
2020,2,IND,Jordan Wilkins,15.0,1.7,25.0,2.8,0.0
2020,2,IND,Philip Rivers,1.0,0.3,2.0,0.5,0.0
2020,2,IND,Parris Campbell,7.0,7.0,0.0,0.0,0.0
2020,2,MIN,Dalvin Cook,33.0,2.4,30.0,2.1,1.0
2020,2,MIN,Alexander Mattison,13.0,4.3,0.0,0.0,0.0
2020,2,MIN,C.J. Ham,3.0,3.0,1.0,1.0,0.0
2020,2,MIA,Matt Breida,15.0,2.1,22.0,3.1,0.0
2020,2,MIA,Myles Gaskin,19.0,2.7,27.0,3.9,1.0
2020,2,MIA,Jordan Howard,0.0,0.0,4.0,0.8,0.0
2020,2,MIA,Ryan Fitzpatrick,7.0,2.3,5.0,1.7,0.0
2020,2,BUF,Devin Singletary,9.0,0.9,47.0,4.7,2.0
2020,2,BUF,Zack Moss,19.0,2.4,18.0,2.3,0.0
2020,2,BUF,Josh Allen,15.0,3.8,4.0,1.0,1.0
2020,2,BUF,Gabriel Davis,0.0,0.0,0.0,0.0,0.0
2020,2,NYJ,Frank Gore,14.0,0.7,49.0,2.3,0.0
2020,2,NYJ,La'Mical Perine,10.0,3.3,7.0,2.3,0.0
2020,2,NYJ,Sam Darnold,-1.0,-0.5,8.0,4.0,1.0
2020,2,NYJ,Josh Adams,0.0,0.0,0.0,0.0,0.0
2020,2,NYJ,Kalen Ballage,1.0,1.0,4.0,4.0,0.0
2020,2,NYJ,Josh Malone,9.0,9.0,3.0,3.0,0.0
2020,2,SF,Tevin Coleman,-7.0,-0.5,19.0,1.4,2.0
2020,2,SF,Raheem Mostert,85.0,10.6,7.0,0.9,0.0
2020,2,SF,Jerick McKinnon,69.0,23.0,8.0,2.7,0.0
2020,2,SF,Nick Mullens,-2.0,-1.0,0.0,0.0,0.0
2020,2,SF,Jeff Wilson,0.0,0.0,3.0,1.5,0.0
2020,2,PHI,Miles Sanders,63.0,3.2,32.0,1.6,1.0
2020,2,PHI,Boston Scott,10.0,2.5,9.0,2.3,1.0
2020,2,PHI,Carson Wentz,5.0,2.5,2.0,1.0,0.0
2020,2,LA,Darrell Henderson,24.0,2.0,57.0,4.8,1.0
2020,2,LA,Malcolm Brown,32.0,2.9,15.0,1.4,1.0
2020,2,LA,Jared Goff,12.0,1.7,1.0,0.1,0.0
2020,2,LA,Cam Akers,3.0,1.0,10.0,3.3,0.0
2020,2,LA,Robert Woods,19.0,6.3,0.0,0.0,0.0
2020,2,LA,Cooper Kupp,13.0,6.5,6.0,3.0,0.0
2020,2,LA,Van Jefferson,-1.0,-1.0,0.0,0.0,0.0
2020,2,PIT,James Conner,27.0,1.7,79.0,4.9,0.0
2020,2,PIT,Ben Roethlisberger,-2.0,-0.7,0.0,0.0,0.0
2020,2,PIT,Benny Snell Jr.,3.0,1.0,2.0,0.7,0.0
2020,2,DEN,Melvin Gordon,34.0,1.8,36.0,1.9,4.0
2020,2,DEN,Royce Freeman,9.0,3.0,11.0,3.7,1.0
2020,2,DEN,Jeff Driskel,5.0,2.5,0.0,0.0,0.0
2020,2,DEN,KJ Hamler,9.0,9.0,0.0,0.0,0.0
2020,2,DEN,Sam Martin,0.0,0.0,0.0,0.0,0.0
2020,2,TB,Leonard Fournette,35.0,2.9,68.0,5.7,0.0
2020,2,TB,Ronald Jones II,5.0,0.7,18.0,2.6,1.0
2020,2,TB,Tom Brady,0.0,0.0,0.0,0.0,0.0
2020,2,TB,LeSean McCoy,-5.0,-5.0,0.0,0.0,0.0
2020,2,TB,Scott Miller,0.0,0.0,1.0,1.0,0.0
2020,2,CAR,Christian McCaffrey,24.0,1.3,35.0,1.9,0.0
2020,2,CAR,Curtis Samuel,12.0,3.0,14.0,3.5,0.0
2020,2,CAR,Jeremy Chinn,1.0,1.0,0.0,0.0,0.0
2020,2,CAR,Mike Davis,0.0,0.0,1.0,1.0,0.0
2020,2,TEN,Derrick Henry,37.0,1.5,47.0,1.9,2.0
2020,2,TEN,Ryan Tannehill,12.0,3.0,0.0,0.0,0.0
2020,2,TEN,Jeremy McNichols,5.0,2.5,2.0,1.0,0.0
2020,2,TEN,Senorise Perry,2.0,1.0,7.0,3.5,0.0
2020,2,TEN,Cameron Batson,11.0,11.0,0.0,0.0,0.0
2020,2,JAX,James Robinson,40.0,2.5,62.0,3.9,3.0
2020,2,JAX,Laviska Shenault Jr.,23.0,4.6,14.0,2.8,0.0
2020,2,JAX,Gardner Minshew II,19.0,4.8,0.0,0.0,0.0
2020,2,JAX,Chris Thompson,3.0,1.5,4.0,2.0,0.0
2020,2,ARI,Kenyan Drake,54.0,2.7,32.0,1.6,1.0
2020,2,ARI,Kyler Murray,64.0,8.0,3.0,0.4,0.0
2020,2,ARI,Chase Edmonds,-2.0,-0.7,6.0,2.0,0.0
2020,2,ARI,Christian Kirk,2.0,2.0,1.0,1.0,0.0
2020,2,WAS,Antonio Gibson,19.0,1.5,36.0,2.8,8.0
2020,2,WAS,J.D. McKissic,33.0,4.1,20.0,2.5,3.0
2020,2,WAS,Peyton Barber,0.0,0.0,1.0,1.0,0.0
2020,2,WAS,Dwayne Haskins,7.0,7.0,1.0,1.0,0.0
2020,2,HOU,David Johnson,20.0,1.8,14.0,1.3,0.0
2020,2,HOU,Deshaun Watson,16.0,3.2,1.0,0.2,0.0
2020,2,HOU,Will Fuller,0.0,0.0,0.0,0.0,0.0
2020,2,BAL,Lamar Jackson,41.0,2.6,13.0,0.8,0.0
2020,2,BAL,Gus Edwards,27.0,2.7,46.0,4.6,1.0
2020,2,BAL,Mark Ingram,42.0,4.7,13.0,1.4,0.0
2020,2,BAL,J.K. Dobbins,39.0,19.5,9.0,4.5,0.0
2020,2,LAC,Joshua Kelley,29.0,1.3,35.0,1.5,1.0
2020,2,LAC,Austin Ekeler,36.0,2.3,57.0,3.6,5.0
2020,2,LAC,Justin Herbert,6.0,1.5,12.0,3.0,1.0
2020,2,LAC,Joe Reed,2.0,2.0,6.0,6.0,1.0
2020,2,KC,Clyde Edwards-Helaire,17.0,1.7,21.0,2.1,5.0
2020,2,KC,Patrick Mahomes,38.0,6.3,16.0,2.7,0.0
2020,2,KC,Darwin Thompson,14.0,3.5,7.0,1.8,0.0
2020,2,KC,Mecole Hardman,3.0,3.0,0.0,0.0,0.0
2020,2,KC,Tyreek Hill,9.0,9.0,0.0,0.0,0.0
2020,2,SEA,Chris Carson,56.0,3.3,16.0,0.9,0.0
2020,2,SEA,Carlos Hyde,21.0,4.2,1.0,0.2,0.0
2020,2,SEA,Russell Wilson,36.0,7.2,3.0,0.6,0.0
2020,2,SEA,Travis Homer,18.0,6.0,3.0,1.0,0.0
2020,2,NE,Cam Newton,46.0,4.2,1.0,0.1,0.0
2020,2,NE,Sony Michel,17.0,2.4,2.0,0.3,0.0
2020,2,NE,Rex Burkhead,2.0,0.3,0.0,0.0,0.0
2020,2,NE,J.J. Taylor,-1.0,-1.0,0.0,0.0,0.0
2020,2,LV,Josh Jacobs,47.0,1.7,41.0,1.5,4.0
2020,2,LV,Devontae Booker,-1.0,-0.3,0.0,0.0,0.0
2020,2,LV,Derek Carr,3.0,1.0,0.0,0.0,0.0
2020,2,LV,Jalen Richard,22.0,11.0,4.0,2.0,0.0
2020,2,NO,Alvin Kamara,33.0,2.5,46.0,3.5,3.0
2020,2,NO,Latavius Murray,6.0,2.0,8.0,2.7,0.0
2020,2,NO,Taysom Hill,5.0,2.5,3.0,1.5,0.0
2020,2,NO,Deonte Harris,11.0,11.0,0.0,0.0,0.0
2020,3,JAX,James Robinson,15.0,1.4,31.0,2.8,0.0
2020,3,JAX,Gardner Minshew II,22.0,7.3,0.0,0.0,0.0
2020,3,JAX,Chris Thompson,1.0,0.5,2.0,1.0,0.0
2020,3,JAX,Laviska Shenault Jr.,0.0,0.0,1.0,1.0,0.0
2020,3,MIA,Myles Gaskin,22.0,1.0,44.0,2.0,1.0
2020,3,MIA,Ryan Fitzpatrick,33.0,4.7,5.0,0.7,0.0
2020,3,MIA,Matt Breida,3.0,1.0,1.0,0.3,0.0
2020,3,MIA,Jordan Howard,-1.0,-0.3,2.0,0.7,0.0
2020,3,MIA,Jakeem Grant,21.0,21.0,8.0,8.0,0.0
2020,3,ATL,Todd Gurley,46.0,3.3,34.0,2.4,1.0
2020,3,ATL,Brian Hill,49.0,5.4,9.0,1.0,0.0
2020,3,ATL,Calvin Ridley,7.0,7.0,0.0,0.0,0.0
2020,3,ATL,Matt Ryan,-1.0,-1.0,0.0,0.0,0.0
2020,3,CHI,David Montgomery,21.0,1.5,24.0,1.7,2.0
2020,3,CHI,Cordarrelle Patterson,11.0,2.8,2.0,0.5,0.0
2020,3,CHI,Nick Foles,-3.0,-1.0,0.0,0.0,0.0
2020,3,CHI,Tarik Cohen,13.0,6.5,8.0,4.0,0.0
2020,3,CHI,Anthony Miller,9.0,9.0,0.0,0.0,0.0
2020,3,CHI,Mitchell Trubisky,40.0,40.0,5.0,5.0,0.0
2020,3,BUF,Devin Singletary,35.0,2.7,36.0,2.8,2.0
2020,3,BUF,Josh Allen,3.0,0.8,5.0,1.3,0.0
2020,3,BUF,T.J. Yeldon,10.0,3.3,8.0,2.7,0.0
2020,3,BUF,Isaiah McKenzie,2.0,2.0,2.0,2.0,0.0
2020,3,LA,Darrell Henderson,58.0,2.9,56.0,2.8,0.0
2020,3,LA,Malcolm Brown,6.0,0.9,13.0,1.9,0.0
2020,3,LA,Robert Woods,13.0,4.3,17.0,5.7,0.0
2020,3,LA,Jared Goff,3.0,1.5,1.0,0.5,0.0
2020,3,CLE,Nick Chubb,56.0,2.9,52.0,2.7,3.0
2020,3,CLE,Kareem Hunt,11.0,0.7,35.0,2.2,0.0
2020,3,CLE,Baker Mayfield,1.0,1.0,0.0,0.0,0.0
2020,3,CLE,Jojo Natson,3.0,3.0,0.0,0.0,0.0
2020,3,WAS,Antonio Gibson,24.0,2.7,25.0,2.8,2.0
2020,3,WAS,J.D. McKissic,0.0,0.0,15.0,3.0,1.0
2020,3,WAS,Peyton Barber,4.0,1.3,2.0,0.7,0.0
2020,3,WAS,Dwayne Haskins,2.0,1.0,0.0,0.0,0.0
2020,3,WAS,Antonio Gandy-Golden,21.0,21.0,1.0,1.0,0.0
2020,3,WAS,Terry McLaurin,1.0,1.0,2.0,2.0,0.0
2020,3,WAS,Isaiah Wright,4.0,4.0,2.0,2.0,0.0
2020,3,MIN,Dalvin Cook,85.0,3.9,96.0,4.4,2.0
2020,3,MIN,Alexander Mattison,11.0,1.4,16.0,2.0,0.0
2020,3,MIN,Kirk Cousins,12.0,6.0,2.0,1.0,0.0
2020,3,MIN,Adam Thielen,1.0,1.0,3.0,3.0,0.0
2020,3,TEN,Derrick Henry,46.0,1.8,73.0,2.8,4.0
2020,3,TEN,Ryan Tannehill,5.0,1.3,4.0,1.0,0.0
2020,3,TEN,Darrynton Evans,2.0,0.7,7.0,2.3,0.0
2020,3,TEN,Kalif Raymond,-3.0,-3.0,0.0,0.0,0.0
2020,3,NE,J.J. Taylor,23.0,2.1,20.0,1.8,0.0
2020,3,NE,Sony Michel,18.0,2.0,99.0,11.0,3.0
2020,3,NE,Cam Newton,21.0,2.3,6.0,0.7,0.0
2020,3,NE,Rex Burkhead,30.0,5.0,19.0,3.2,3.0
2020,3,NE,Julian Edelman,-1.0,-1.0,0.0,0.0,0.0
2020,3,NE,N'Keal Harry,1.0,1.0,1.0,1.0,0.0
2020,3,NE,Isaiah Zuber,11.0,11.0,2.0,2.0,0.0
2020,3,LV,Josh Jacobs,39.0,2.4,32.0,2.0,0.0
2020,3,LV,Devontae Booker,13.0,4.3,18.0,6.0,1.0
2020,3,LV,Derek Carr,9.0,4.5,1.0,0.5,0.0
2020,3,LV,Jalen Richard,5.0,5.0,9.0,9.0,1.0
2020,3,NYG,Devonta Freeman,3.0,0.6,7.0,1.4,0.0
2020,3,NYG,Daniel Jones,45.0,9.0,4.0,0.8,0.0
2020,3,NYG,Wayne Gallman,1.0,0.3,6.0,1.5,0.0
2020,3,NYG,Dion Lewis,0.0,0.0,0.0,0.0,0.0
2020,3,SF,Jerick McKinnon,16.0,1.1,22.0,1.6,0.0
2020,3,SF,Jeff Wilson,6.0,0.5,9.0,0.8,0.0
2020,3,SF,Nick Mullens,-1.0,-0.3,1.0,0.3,0.0
2020,3,SF,Brandon Aiyuk,28.0,9.3,3.0,1.0,0.0
2020,3,SF,Jamycal Hasty,7.0,3.5,2.0,1.0,0.0
2020,3,PHI,Miles Sanders,51.0,2.8,44.0,2.4,2.0
2020,3,PHI,Carson Wentz,41.0,4.6,24.0,2.7,1.0
2020,3,PHI,Corey Clement,6.0,2.0,2.0,0.7,0.0
2020,3,PHI,Boston Scott,1.0,0.3,4.0,1.3,1.0
2020,3,PHI,Jalen Hurts,5.0,2.5,0.0,0.0,0.0
2020,3,PHI,Greg Ward,-6.0,-6.0,0.0,0.0,0.0
2020,3,CIN,Joe Mixon,30.0,1.8,19.0,1.1,0.0
2020,3,CIN,Joe Burrow,-1.0,-1.0,0.0,0.0,0.0
2020,3,PIT,James Conner,86.0,4.8,23.0,1.3,2.0
2020,3,PIT,Benny Snell Jr.,6.0,0.9,5.0,0.7,1.0
2020,3,PIT,Anthony McFarland Jr.,40.0,6.7,2.0,0.3,0.0
2020,3,PIT,Ben Roethlisberger,-5.0,-1.0,2.0,0.4,0.0
2020,3,PIT,Diontae Johnson,9.0,9.0,0.0,0.0,0.0
2020,3,PIT,Jaylen Samuels,0.0,0.0,1.0,1.0,0.0
2020,3,HOU,David Johnson,9.0,0.7,14.0,1.1,2.0
2020,3,HOU,C.J. Prosise,1.0,1.0,0.0,0.0,0.0
2020,3,HOU,Deshaun Watson,5.0,5.0,0.0,0.0,0.0
2020,3,IND,Jonathan Taylor,39.0,3.0,20.0,1.5,1.0
2020,3,IND,Jordan Wilkins,16.0,1.8,23.0,2.6,2.0
2020,3,IND,Nyheim Hines,18.0,2.6,3.0,0.4,0.0
2020,3,IND,Jacoby Brissett,0.0,0.0,0.0,0.0,0.0
2020,3,NYJ,Frank Gore,28.0,1.9,29.0,1.9,0.0
2020,3,NYJ,La'Mical Perine,18.0,2.6,6.0,0.9,1.0
2020,3,NYJ,Sam Darnold,20.0,4.0,0.0,0.0,0.0
2020,3,NYJ,Kalen Ballage,6.0,3.0,2.0,1.0,0.0
2020,3,LAC,Austin Ekeler,29.0,2.4,30.0,2.5,2.0
2020,3,LAC,Joshua Kelley,22.0,2.8,21.0,2.6,1.0
2020,3,LAC,Justin Herbert,15.0,5.0,0.0,0.0,0.0
2020,3,CAR,Mike Davis,14.0,1.1,32.0,2.5,6.0
2020,3,CAR,Curtis Samuel,3.0,0.8,4.0,1.0,0.0
2020,3,CAR,Reggie Bonnafon,13.0,6.5,3.0,1.5,0.0
2020,3,CAR,Teddy Bridgewater,11.0,5.5,1.0,0.5,0.0
2020,3,ARI,Kenyan Drake,67.0,3.7,6.0,0.3,2.0
2020,3,ARI,Kyler Murray,24.0,4.8,5.0,1.0,1.0
2020,3,ARI,Chase Edmonds,13.0,4.3,0.0,0.0,0.0
2020,3,ARI,Andy Isabella,-6.0,-6.0,0.0,0.0,0.0
2020,3,DET,Adrian Peterson,46.0,2.1,29.0,1.3,1.0
2020,3,DET,Kerryon Johnson,10.0,3.3,6.0,2.0,1.0
2020,3,DET,Jamal Agnew,2.0,2.0,0.0,0.0,0.0
2020,3,DET,Matthew Stafford,-3.0,-3.0,0.0,0.0,0.0
2020,3,DEN,Melvin Gordon,11.0,1.4,15.0,1.9,0.0
2020,3,DEN,Jeff Driskel,4.0,1.3,10.0,3.3,0.0
2020,3,DEN,Royce Freeman,1.0,0.5,3.0,1.5,0.0
2020,3,DEN,KJ Hamler,-2.0,-2.0,0.0,0.0,0.0
2020,3,TB,Ronald Jones II,31.0,2.4,22.0,1.7,0.0
2020,3,TB,Leonard Fournette,7.0,1.0,8.0,1.1,0.0
2020,3,TB,Tom Brady,-1.0,-0.2,1.0,0.2,0.0
2020,3,SEA,Chris Carson,39.0,2.8,25.0,1.8,3.0
2020,3,SEA,Russell Wilson,22.0,3.7,0.0,0.0,0.0
2020,3,SEA,Carlos Hyde,6.0,1.5,6.0,1.5,0.0
2020,3,SEA,Travis Homer,14.0,7.0,5.0,2.5,1.0
2020,3,DAL,Ezekiel Elliott,14.0,1.0,20.0,1.4,0.0
2020,3,DAL,Dak Prescott,25.0,4.2,1.0,0.2,0.0
2020,3,DAL,CeeDee Lamb,1.0,1.0,0.0,0.0,0.0
2020,3,NO,Latavius Murray,18.0,1.5,40.0,3.3,1.0
2020,3,NO,Alvin Kamara,48.0,8.0,10.0,1.7,0.0
2020,3,NO,Taysom Hill,4.0,2.0,2.0,1.0,0.0
2020,3,GB,Aaron Jones,35.0,2.2,34.0,2.1,0.0
2020,3,GB,Jamaal Williams,3.0,0.5,11.0,1.8,0.0
2020,3,GB,Aaron Rodgers,12.0,6.0,0.0,0.0,0.0
2020,3,GB,Tyler Ervin,2.0,2.0,3.0,3.0,0.0
2020,3,GB,Allen Lazard,-2.0,-2.0,0.0,0.0,0.0
2020,3,BAL,Lamar Jackson,80.0,8.9,3.0,0.3,1.0
2020,3,BAL,Mark Ingram,22.0,3.1,8.0,1.1,1.0
2020,3,BAL,Gus Edwards,14.0,3.5,25.0,6.3,1.0
2020,3,BAL,J.K. Dobbins,1.0,1.0,5.0,5.0,1.0
2020,3,KC,Clyde Edwards-Helaire,36.0,1.8,28.0,1.4,2.0
2020,3,KC,Patrick Mahomes,19.0,4.8,7.0,1.8,0.0
2020,3,KC,Tyreek Hill,22.0,11.0,3.0,1.5,0.0
2020,3,KC,Darwin Thompson,11.0,5.5,0.0,0.0,0.0
2020,3,KC,Darrel Williams,6.0,3.0,0.0,0.0,0.0
2020,3,KC,Anthony Sherman,0.0,0.0,0.0,0.0,0.0
2020,4,NYJ,Frank Gore,10.0,0.8,20.0,1.5,0.0
2020,4,NYJ,Sam Darnold,36.0,6.0,48.0,8.0,0.0
2020,4,NYJ,La'Mical Perine,5.0,1.0,10.0,2.0,0.0
2020,4,DEN,Melvin Gordon,61.0,2.7,46.0,2.0,1.0
2020,4,DEN,Brett Rypien,-5.0,-1.0,0.0,0.0,0.0
2020,4,DEN,Royce Freeman,3.0,1.0,3.0,1.0,0.0
2020,4,DEN,Jeff Driskel,9.0,9.0,0.0,0.0,0.0
2020,4,CAR,Mike Davis,13.0,0.8,71.0,4.4,3.0
2020,4,CAR,Reggie Bonnafon,36.0,3.6,17.0,1.7,0.0
2020,4,CAR,Teddy Bridgewater,21.0,3.5,11.0,1.8,1.0
2020,4,CAR,Curtis Samuel,-4.0,-2.0,1.0,0.5,0.0
2020,4,CAR,Alex Armah,2.0,2.0,0.0,0.0,0.0
2020,4,ARI,Kenyan Drake,20.0,1.5,15.0,1.2,2.0
2020,4,ARI,Kyler Murray,72.0,12.0,6.0,1.0,0.0
2020,4,ARI,Chase Edmonds,10.0,2.5,6.0,1.5,0.0
2020,4,CIN,Joe Mixon,92.0,3.7,59.0,2.4,0.0
2020,4,CIN,Joe Burrow,9.0,2.3,2.0,0.5,1.0
2020,4,CIN,Giovani Bernard,14.0,7.0,5.0,2.5,0.0
2020,4,CIN,Tyler Boyd,3.0,3.0,1.0,1.0,0.0
2020,4,CIN,Alex Erickson,3.0,3.0,4.0,4.0,0.0
2020,4,CIN,Tee Higgins,13.0,13.0,0.0,0.0,0.0
2020,4,JAX,James Robinson,42.0,2.5,33.0,1.9,2.0
2020,4,JAX,Gardner Minshew II,7.0,3.5,2.0,1.0,0.0
2020,4,JAX,Laviska Shenault Jr.,0.0,0.0,5.0,5.0,0.0
2020,4,DAL,Ezekiel Elliott,30.0,2.5,24.0,2.0,2.0
2020,4,DAL,Tony Pollard,9.0,3.0,7.0,2.3,0.0
2020,4,DAL,Dak Prescott,9.0,4.5,3.0,1.5,0.0
2020,4,DAL,CeeDee Lamb,2.0,2.0,1.0,1.0,0.0
2020,4,CLE,D'Ernest Johnson,53.0,4.1,42.0,3.2,1.0
2020,4,CLE,Kareem Hunt,29.0,2.6,42.0,3.8,0.0
2020,4,CLE,Nick Chubb,17.0,2.8,26.0,4.3,1.0
2020,4,CLE,Dontrell Hilliard,3.0,0.6,16.0,3.2,1.0
2020,4,CLE,Baker Mayfield,6.0,2.0,0.0,0.0,0.0
2020,4,CLE,Odell Beckham Jr.,19.0,9.5,54.0,27.0,0.0
2020,4,DET,Adrian Peterson,22.0,2.0,14.0,1.3,1.0
2020,4,DET,D'Andre Swift,19.0,4.8,3.0,0.8,0.0
2020,4,DET,Kerryon Johnson,4.0,1.3,5.0,1.7,0.0
2020,4,DET,Matthew Stafford,19.0,6.3,2.0,0.7,0.0
2020,4,DET,Jamal Agnew,1.0,1.0,1.0,1.0,0.0
2020,4,NO,Alvin Kamara,51.0,2.7,32.0,1.7,4.0
2020,4,NO,Latavius Murray,36.0,2.6,28.0,2.0,1.0
2020,4,NO,Drew Brees,-3.0,-1.0,0.0,0.0,0.0
2020,4,NO,Taysom Hill,3.0,1.0,3.0,1.0,0.0
2020,4,NO,Deonte Harris,4.0,2.0,6.0,3.0,1.0
2020,4,NO,Michael Burton,3.0,3.0,1.0,1.0,0.0
2020,4,HOU,David Johnson,44.0,2.8,19.0,1.2,1.0
2020,4,HOU,Duke Johnson,15.0,3.0,9.0,1.8,0.0
2020,4,HOU,Deshaun Watson,6.0,1.2,3.0,0.6,1.0
2020,4,MIN,Dalvin Cook,84.0,3.1,46.0,1.7,5.0
2020,4,MIN,Alexander Mattison,12.0,1.7,5.0,0.7,0.0
2020,4,MIN,Kirk Cousins,5.0,1.3,0.0,0.0,0.0
2020,4,MIN,C.J. Ham,1.0,1.0,1.0,1.0,0.0
2020,4,MIN,Adam Thielen,6.0,6.0,2.0,2.0,0.0
2020,4,MIA,Myles Gaskin,22.0,2.2,18.0,1.8,0.0
2020,4,MIA,Ryan Fitzpatrick,46.0,7.7,1.0,0.2,0.0
2020,4,MIA,Matt Breida,4.0,1.3,5.0,1.7,0.0
2020,4,MIA,Jordan Howard,0.0,0.0,2.0,1.0,0.0
2020,4,MIA,Lynn Bowden Jr.,4.0,4.0,1.0,1.0,0.0
2020,4,SEA,Chris Carson,42.0,2.6,38.0,2.4,0.0
2020,4,SEA,Travis Homer,2.0,0.5,3.0,0.8,0.0
2020,4,SEA,Russell Wilson,3.0,0.8,2.0,0.5,0.0
2020,4,SEA,DeeJay Dallas,6.0,3.0,2.0,1.0,0.0
2020,4,TB,Ronald Jones II,34.0,1.7,77.0,3.9,3.0
2020,4,TB,Tom Brady,-3.0,-1.0,0.0,0.0,0.0
2020,4,TB,Ke'Shawn Vaughn,1.0,0.3,3.0,1.0,0.0
2020,4,TB,LeSean McCoy,2.0,2.0,1.0,1.0,0.0
2020,4,LAC,Joshua Kelley,3.0,0.3,4.0,0.4,0.0
2020,4,LAC,Justin Jackson,4.0,0.7,5.0,0.8,0.0
2020,4,LAC,Justin Herbert,10.0,2.0,4.0,0.8,0.0
2020,4,LAC,Austin Ekeler,9.0,4.5,3.0,1.5,0.0
2020,4,LAC,Gabe Nabers,1.0,1.0,3.0,3.0,0.0
2020,4,WAS,Antonio Gibson,31.0,2.4,15.0,1.2,0.0
2020,4,WAS,Peyton Barber,4.0,1.3,1.0,0.3,0.0
2020,4,WAS,Dwayne Haskins,1.0,0.3,2.0,0.7,0.0
2020,4,WAS,J.D. McKissic,3.0,1.5,3.0,1.5,0.0
2020,4,WAS,Isaiah Wright,7.0,7.0,2.0,2.0,0.0
2020,4,BAL,Gus Edwards,19.0,2.1,19.0,2.1,1.0
2020,4,BAL,Mark Ingram,23.0,2.9,11.0,1.4,1.0
2020,4,BAL,Lamar Jackson,20.0,2.9,33.0,4.7,1.0
2020,4,BAL,J.K. Dobbins,0.0,0.0,16.0,3.2,0.0
2020,4,BAL,Robert Griffin III,1.0,0.3,2.0,0.7,0.0
2020,4,LA,Malcolm Brown,34.0,3.8,4.0,0.4,0.0
2020,4,LA,Darrell Henderson,14.0,1.8,7.0,0.9,1.0
2020,4,LA,Jared Goff,-3.0,-1.0,0.0,0.0,0.0
2020,4,LA,Gerald Everett,2.0,2.0,0.0,0.0,0.0
2020,4,LA,Cooper Kupp,-2.0,-2.0,0.0,0.0,0.0
2020,4,LA,Robert Woods,2.0,2.0,0.0,0.0,0.0
2020,4,NYG,Devonta Freeman,32.0,2.9,1.0,0.1,1.0
2020,4,NYG,Wayne Gallman,20.0,3.3,25.0,4.2,0.0
2020,4,NYG,Daniel Jones,33.0,5.5,12.0,2.0,0.0
2020,4,NYG,C.J. Board,3.0,3.0,0.0,0.0,0.0
2020,4,NYG,Dion Lewis,10.0,10.0,0.0,0.0,0.0
2020,4,CHI,David Montgomery,16.0,1.6,11.0,1.1,1.0
2020,4,CHI,Cordarrelle Patterson,3.0,1.0,2.0,0.7,0.0
2020,4,CHI,Nick Foles,-1.0,-0.5,0.0,0.0,0.0
2020,4,CHI,Darnell Mooney,-3.0,-3.0,0.0,0.0,0.0
2020,4,IND,Jonathan Taylor,52.0,3.1,16.0,0.9,0.0
2020,4,IND,Nyheim Hines,17.0,1.9,7.0,0.8,0.0
2020,4,IND,Jordan Wilkins,5.0,0.6,10.0,1.1,1.0
2020,4,IND,Philip Rivers,-4.0,-1.3,0.0,0.0,0.0
2020,4,LV,Josh Jacobs,19.0,1.3,29.0,1.9,0.0
2020,4,LV,Derek Carr,19.0,4.8,1.0,0.3,0.0
2020,4,LV,Theo Riddick,6.0,3.0,7.0,3.5,0.0
2020,4,LV,Alec Ingold,-1.0,-1.0,0.0,0.0,0.0
2020,4,LV,Jalen Richard,4.0,4.0,2.0,2.0,0.0
2020,4,BUF,Devin Singletary,5.0,0.3,51.0,2.8,0.0
2020,4,BUF,Josh Allen,-2.0,-0.7,1.0,0.3,0.0
2020,4,BUF,Isaiah McKenzie,10.0,5.0,1.0,0.5,0.0
2020,4,BUF,Andre Roberts,-3.0,-3.0,0.0,0.0,0.0
2020,4,SF,Jerick McKinnon,15.0,1.1,39.0,2.8,2.0
2020,4,SF,Jeff Wilson,3.0,1.0,3.0,1.0,0.0
2020,4,SF,Brandon Aiyuk,4.0,4.0,34.0,34.0,1.0
2020,4,SF,George Kittle,4.0,4.0,4.0,4.0,0.0
2020,4,SF,Deebo Samuel,6.0,6.0,4.0,4.0,0.0
2020,4,PHI,Miles Sanders,20.0,1.5,26.0,2.0,0.0
2020,4,PHI,Carson Wentz,19.0,2.7,18.0,2.6,0.0
2020,4,PHI,Jalen Hurts,18.0,6.0,0.0,0.0,0.0
2020,4,PHI,Corey Clement,0.0,0.0,3.0,1.5,0.0
2020,4,PHI,Boston Scott,0.0,0.0,1.0,0.5,0.0
2020,4,PHI,Adrian Killins,-12.0,-12.0,0.0,0.0,0.0
2020,4,KC,Clyde Edwards-Helaire,44.0,2.8,20.0,1.3,2.0
2020,4,KC,Patrick Mahomes,28.0,3.5,0.0,0.0,0.0
2020,4,KC,Darrel Williams,2.0,2.0,0.0,0.0,0.0
2020,4,NE,Damien Harris,82.0,4.8,18.0,1.1,0.0
2020,4,NE,Rex Burkhead,36.0,3.3,9.0,0.8,0.0
2020,4,NE,James White,16.0,5.3,5.0,1.7,0.0
2020,4,NE,Jarrett Stidham,3.0,1.5,0.0,0.0,0.0
2020,4,NE,Brian Hoyer,2.0,2.0,6.0,6.0,1.0
2020,4,NE,Isaiah Zuber,8.0,8.0,0.0,0.0,0.0
2020,4,GB,Aaron Jones,40.0,2.7,31.0,2.1,6.0
2020,4,GB,Jamaal Williams,2.0,0.3,8.0,1.0,0.0
2020,4,GB,Tim Boyle,-1.0,-1.0,0.0,0.0,0.0
2020,4,GB,AJ Dillon,3.0,3.0,0.0,0.0,0.0
2020,4,GB,Aaron Rodgers,5.0,5.0,0.0,0.0,0.0
2020,4,ATL,Todd Gurley,25.0,1.6,32.0,2.0,8.0
2020,4,ATL,Brian Hill,6.0,1.5,4.0,1.0,0.0
2020,4,ATL,Matt Ryan,10.0,5.0,0.0,0.0,0.0
2020,4,ATL,Ito Smith,3.0,1.5,0.0,0.0,0.0
2020,4,ATL,Russell Gage,-2.0,-2.0,0.0,0.0,0.0
2020,5,CHI,David Montgomery,7.0,0.7,22.0,2.2,1.0
2020,5,CHI,Cordarrelle Patterson,1.0,0.3,6.0,2.0,0.0
2020,5,CHI,Nick Foles,-1.0,-1.0,0.0,0.0,0.0
2020,5,TB,Ronald Jones II,17.0,1.0,89.0,5.2,0.0
2020,5,TB,Tom Brady,-1.0,-0.3,1.0,0.3,0.0
2020,5,ATL,Todd Gurley,34.0,2.4,87.0,6.2,3.0
2020,5,ATL,Brian Hill,11.0,1.8,28.0,4.7,2.0
2020,5,ATL,Ito Smith,3.0,1.5,3.0,1.5,0.0
2020,5,ATL,Matt Ryan,-1.0,-1.0,0.0,0.0,0.0
2020,5,ATL,Keith Smith,0.0,0.0,1.0,1.0,0.0
2020,5,CAR,Mike Davis,21.0,1.3,68.0,4.3,5.0
2020,5,CAR,Curtis Samuel,8.0,2.0,20.0,5.0,1.0
2020,5,CAR,Teddy Bridgewater,1.0,0.3,2.0,0.7,1.0
2020,5,CAR,Trenton Cannon,-3.0,-1.5,2.0,1.0,0.0
2020,5,CAR,Robby Anderson,1.0,1.0,2.0,2.0,0.0
2020,5,CAR,Alex Armah,0.0,0.0,2.0,2.0,0.0
2020,5,BAL,Mark Ingram,32.0,2.9,25.0,2.3,3.0
2020,5,BAL,Gus Edwards,16.0,2.3,9.0,1.3,0.0
2020,5,BAL,Lamar Jackson,-4.0,-2.0,7.0,3.5,1.0
2020,5,BAL,Marquise Brown,1.0,1.0,0.0,0.0,0.0
2020,5,BAL,J.K. Dobbins,23.0,23.0,11.0,11.0,1.0
2020,5,BAL,Devin Duvernay,39.0,39.0,3.0,3.0,0.0
2020,5,BAL,Robert Griffin III,-1.0,-1.0,0.0,0.0,0.0
2020,5,CIN,Joe Mixon,23.0,1.0,36.0,1.5,0.0
2020,5,CIN,Joe Burrow,7.0,2.3,3.0,1.0,0.0
2020,5,CIN,Mike Thomas,0.0,0.0,1.0,1.0,0.0
2020,5,HOU,David Johnson,53.0,3.1,43.0,2.5,0.0
2020,5,HOU,Duke Johnson,3.0,1.0,5.0,1.7,0.0
2020,5,HOU,Deshaun Watson,14.0,7.0,11.0,5.5,0.0
2020,5,JAX,James Robinson,22.0,1.7,26.0,2.0,1.0
2020,5,JAX,Gardner Minshew II,18.0,4.5,0.0,0.0,0.0
2020,5,JAX,Chris Thompson,4.0,2.0,3.0,1.5,0.0
2020,5,JAX,Keelan Cole,0.0,0.0,2.0,2.0,0.0
2020,5,KC,Clyde Edwards-Helaire,23.0,2.3,17.0,1.7,0.0
2020,5,KC,Patrick Mahomes,8.0,1.3,13.0,2.2,1.0
2020,5,KC,Tyreek Hill,15.0,5.0,0.0,0.0,0.0
2020,5,KC,Darrel Williams,2.0,2.0,2.0,2.0,0.0
2020,5,LV,Josh Jacobs,35.0,1.5,42.0,1.8,0.0
2020,5,LV,Devontae Booker,17.0,2.4,45.0,6.4,1.0
2020,5,LV,Derek Carr,-1.0,-0.3,2.0,0.5,0.0
2020,5,LV,Jalen Richard,2.0,2.0,2.0,2.0,0.0
2020,5,NYJ,Le'Veon Bell,30.0,2.3,30.0,2.3,3.0
2020,5,NYJ,Frank Gore,11.0,1.2,19.0,2.1,0.0
2020,5,NYJ,Joe Flacco,19.0,4.8,1.0,0.3,0.0
2020,5,NYJ,Braxton Berrios,10.0,10.0,3.0,3.0,0.0
2020,5,NYJ,Trevon Wesco,0.0,0.0,0.0,0.0,0.0
2020,5,ARI,Kenyan Drake,46.0,2.6,14.0,0.8,2.0
2020,5,ARI,Kyler Murray,30.0,3.3,1.0,0.1,0.0
2020,5,ARI,Chase Edmonds,36.0,12.0,0.0,0.0,0.0
2020,5,PIT,James Conner,26.0,1.7,18.0,1.2,1.0
2020,5,PIT,Benny Snell Jr.,10.0,1.4,9.0,1.3,0.0
2020,5,PIT,Chase Claypool,4.0,1.3,2.0,0.7,0.0
2020,5,PIT,Anthony McFarland Jr.,3.0,1.0,3.0,1.0,0.0
2020,5,PIT,Ray-Ray McCloud,40.0,20.0,23.0,11.5,0.0
2020,5,PIT,Ben Roethlisberger,-2.0,-1.0,0.0,0.0,0.0
2020,5,PHI,Miles Sanders,73.0,6.6,7.0,0.6,0.0
2020,5,PHI,Carson Wentz,10.0,2.5,1.0,0.3,1.0
2020,5,PHI,Boston Scott,1.0,1.0,2.0,2.0,0.0
2020,5,WAS,Antonio Gibson,14.0,1.3,13.0,1.2,1.0
2020,5,WAS,Kyle Allen,7.0,7.0,0.0,0.0,0.0
2020,5,WAS,J.D. McKissic,1.0,1.0,2.0,2.0,0.0
2020,5,WAS,Alex Smith,1.0,1.0,0.0,0.0,0.0
2020,5,LA,Darrell Henderson,36.0,2.4,2.0,0.1,0.0
2020,5,LA,Cam Akers,12.0,1.3,49.0,5.4,1.0
2020,5,LA,Malcolm Brown,23.0,2.9,7.0,0.9,2.0
2020,5,LA,Jared Goff,0.0,0.0,0.0,0.0,0.0
2020,5,SF,Raheem Mostert,63.0,5.7,27.0,2.5,1.0
2020,5,SF,Jeff Wilson,13.0,3.3,14.0,3.5,1.0
2020,5,SF,Kyle Juszczyk,7.0,3.5,4.0,2.0,0.0
2020,5,SF,Jerick McKinnon,0.0,0.0,0.0,0.0,0.0
2020,5,SF,Deebo Samuel,1.0,1.0,2.0,2.0,0.0
2020,5,MIA,Myles Gaskin,36.0,2.3,21.0,1.3,0.0
2020,5,MIA,Matt Breida,14.0,1.6,14.0,1.6,0.0
2020,5,MIA,Lynn Bowden Jr.,2.0,0.7,2.0,0.7,0.0
2020,5,MIA,Ryan Fitzpatrick,16.0,5.3,0.0,0.0,0.0
2020,5,MIA,Clayton Fejedelem,1.0,1.0,0.0,0.0,0.0
2020,5,MIA,Jakeem Grant,-12.0,-12.0,0.0,0.0,0.0
2020,5,CLE,Kareem Hunt,28.0,1.4,44.0,2.2,0.0
2020,5,CLE,D'Ernest Johnson,19.0,2.4,13.0,1.6,0.0
2020,5,CLE,Andy Janovich,3.0,1.5,1.0,0.5,0.0
2020,5,CLE,Baker Mayfield,17.0,8.5,0.0,0.0,0.0
2020,5,CLE,Odell Beckham Jr.,-1.0,-1.0,0.0,0.0,0.0
2020,5,IND,Jonathan Taylor,37.0,3.1,20.0,1.7,0.0
2020,5,IND,Nyheim Hines,5.0,1.7,3.0,1.0,0.0
2020,5,IND,Ashton Dulin,0.0,0.0,3.0,3.0,0.0
2020,5,IND,Philip Rivers,-1.0,-1.0,0.0,0.0,0.0
2020,5,IND,Jordan Wilkins,1.0,1.0,0.0,0.0,0.0
2020,5,DAL,Ezekiel Elliott,35.0,1.8,56.0,2.9,2.0
2020,5,DAL,Tony Pollard,9.0,1.5,21.0,3.5,0.0
2020,5,DAL,Dak Prescott,3.0,1.5,4.0,2.0,1.0
2020,5,DAL,Amari Cooper,-2.0,-2.0,0.0,0.0,0.0
2020,5,DAL,Andy Dalton,0.0,0.0,0.0,0.0,0.0
2020,5,NYG,Devonta Freeman,33.0,1.9,27.0,1.6,1.0
2020,5,NYG,Wayne Gallman,14.0,2.8,10.0,2.0,0.0
2020,5,NYG,Evan Engram,9.0,4.5,0.0,0.0,0.0
2020,5,NYG,Daniel Jones,-7.0,-3.5,0.0,0.0,0.0
2020,5,NYG,Elijhaa Penny,1.0,1.0,2.0,2.0,0.0
2020,5,SEA,Chris Carson,8.0,1.0,44.0,5.5,1.0
2020,5,SEA,Russell Wilson,58.0,11.6,0.0,0.0,0.0
2020,5,SEA,Travis Homer,5.0,1.7,9.0,3.0,0.0
2020,5,MIN,Alexander Mattison,41.0,2.1,71.0,3.6,1.0
2020,5,MIN,Dalvin Cook,13.0,0.8,52.0,3.1,0.0
2020,5,MIN,Mike Boone,6.0,3.0,13.0,6.5,2.0
2020,5,MIN,Kirk Cousins,0.0,0.0,2.0,2.0,0.0
2020,5,MIN,Adam Thielen,0.0,0.0,3.0,3.0,1.0
2020,5,NO,Alvin Kamara,33.0,3.0,12.0,1.1,0.0
2020,5,NO,Latavius Murray,22.0,2.8,12.0,1.5,0.0
2020,5,NO,Taysom Hill,13.0,4.3,0.0,0.0,0.0
2020,5,NO,Michael Burton,1.0,0.5,1.0,0.5,0.0
2020,5,NO,Drew Brees,1.0,1.0,0.0,0.0,0.0
2020,5,LAC,Justin Jackson,51.0,3.4,20.0,1.3,1.0
2020,5,LAC,Joshua Kelley,17.0,1.5,12.0,1.1,1.0
2020,5,LAC,Justin Herbert,5.0,1.3,3.0,0.8,0.0
2020,5,LAC,Jalen Guyton,-4.0,-4.0,0.0,0.0,0.0
2020,5,LAC,Tyron Johnson,4.0,4.0,3.0,3.0,0.0
2020,5,TEN,Derrick Henry,29.0,1.5,28.0,1.5,0.0
2020,5,TEN,Jeremy McNichols,16.0,1.8,12.0,1.3,1.0
2020,5,TEN,Ryan Tannehill,40.0,10.0,2.0,0.5,0.0
2020,5,TEN,Darrynton Evans,11.0,5.5,1.0,0.5,0.0
2020,5,BUF,Devin Singletary,3.0,0.3,22.0,2.0,0.0
2020,5,BUF,T.J. Yeldon,26.0,3.7,26.0,3.7,0.0
2020,5,BUF,Josh Allen,10.0,2.5,8.0,2.0,0.0
2020,6,CAR,Mike Davis,36.0,2.0,16.0,0.9,0.0
2020,6,CAR,Teddy Bridgewater,42.0,5.3,6.0,0.8,1.0
2020,6,CAR,Trenton Cannon,1.0,0.3,11.0,3.7,1.0
2020,6,CHI,David Montgomery,22.0,1.2,36.0,1.9,2.0
2020,6,CHI,Nick Foles,1.0,0.2,3.0,0.6,0.0
2020,6,CHI,Cordarrelle Patterson,0.0,0.0,1.0,1.0,0.0
2020,6,IND,Jonathan Taylor,42.0,3.5,18.0,1.5,0.0
2020,6,IND,Trey Burton,1.0,1.0,0.0,0.0,0.0
2020,6,IND,Philip Rivers,-1.0,-1.0,0.0,0.0,0.0
2020,6,IND,Jordan Wilkins,-1.0,-1.0,0.0,0.0,0.0
2020,6,CIN,Joe Mixon,23.0,1.3,31.0,1.7,1.0
2020,6,CIN,Giovani Bernard,4.0,0.5,11.0,1.4,0.0
2020,6,CIN,Joe Burrow,1.0,0.3,1.0,0.3,0.0
2020,6,CIN,Tyler Boyd,25.0,25.0,0.0,0.0,0.0
2020,6,CIN,Tee Higgins,0.0,0.0,2.0,2.0,0.0
2020,6,CIN,Samaje Perine,0.0,0.0,0.0,0.0,0.0
2020,6,JAX,James Robinson,15.0,1.3,14.0,1.2,0.0
2020,6,JAX,Gardner Minshew II,14.0,4.7,0.0,0.0,0.0
2020,6,JAX,Laviska Shenault Jr.,0.0,0.0,1.0,1.0,0.0
2020,6,DET,Adrian Peterson,29.0,1.9,11.0,0.7,1.0
2020,6,DET,D'Andre Swift,85.0,6.1,31.0,2.2,2.0
2020,6,DET,Matthew Stafford,14.0,2.8,0.0,0.0,0.0
2020,6,DET,Kerryon Johnson,6.0,1.5,3.0,0.8,0.0
2020,6,DET,Marvin Hall,0.0,0.0,1.0,1.0,1.0
2020,6,MIN,Alexander Mattison,11.0,1.1,15.0,1.5,1.0
2020,6,MIN,Ameer Abdullah,3.0,1.5,4.0,2.0,0.0
2020,6,MIN,Mike Boone,-1.0,-1.0,0.0,0.0,1.0
2020,6,ATL,Todd Gurley,22.0,1.1,25.0,1.3,0.0
2020,6,ATL,Brian Hill,16.0,1.6,12.0,1.2,0.0
2020,6,ATL,Matt Ryan,6.0,1.5,2.0,0.5,0.0
2020,6,ATL,Ito Smith,5.0,2.5,3.0,1.5,0.0
2020,6,ATL,Calvin Ridley,7.0,7.0,1.0,1.0,0.0
2020,6,NE,Cam Newton,66.0,6.6,10.0,1.0,0.0
2020,6,NE,Damien Harris,8.0,1.3,11.0,1.8,0.0
2020,6,NE,Rex Burkhead,5.0,1.0,9.0,1.8,0.0
2020,6,NE,James White,4.0,1.0,4.0,1.0,0.0
2020,6,DEN,Phillip Lindsay,49.0,2.1,52.0,2.3,1.0
2020,6,DEN,Royce Freeman,14.0,1.8,12.0,1.5,0.0
2020,6,DEN,Drew Lock,-1.0,-0.2,0.0,0.0,0.0
2020,6,DEN,Diontae Spencer,8.0,8.0,1.0,1.0,0.0
2020,6,NYG,Devonta Freeman,31.0,1.7,30.0,1.7,0.0
2020,6,NYG,Daniel Jones,72.0,10.3,2.0,0.3,0.0
2020,6,NYG,Darius Slayton,-3.0,-3.0,0.0,0.0,0.0
2020,6,WAS,Antonio Gibson,16.0,1.8,14.0,1.6,0.0
2020,6,WAS,J.D. McKissic,19.0,2.4,22.0,2.8,1.0
2020,6,WAS,Peyton Barber,2.0,0.5,4.0,1.0,0.0
2020,6,WAS,Kyle Allen,8.0,4.0,0.0,0.0,0.0
2020,6,WAS,Isaiah Wright,1.0,1.0,0.0,0.0,0.0
2020,6,PHI,Miles Sanders,94.0,10.4,24.0,2.7,1.0
2020,6,PHI,Carson Wentz,15.0,3.0,34.0,6.8,2.0
2020,6,PHI,Jalen Hurts,12.0,6.0,11.0,5.5,1.0
2020,6,PHI,Boston Scott,2.0,1.0,2.0,1.0,0.0
2020,6,BAL,Gus Edwards,11.0,0.8,15.0,1.1,0.0
2020,6,BAL,J.K. Dobbins,13.0,1.4,15.0,1.7,0.0
2020,6,BAL,Lamar Jackson,90.0,10.0,18.0,2.0,2.0
2020,6,BAL,Mark Ingram,12.0,2.4,8.0,1.6,0.0
2020,6,PIT,James Conner,47.0,2.4,54.0,2.7,4.0
2020,6,PIT,Benny Snell Jr.,7.0,1.2,10.0,1.7,0.0
2020,6,PIT,Anthony McFarland Jr.,-1.0,-0.3,3.0,1.0,0.0
2020,6,PIT,Ben Roethlisberger,2.0,0.7,3.0,1.0,0.0
2020,6,PIT,Mason Rudolph,-3.0,-1.0,0.0,0.0,0.0
2020,6,PIT,Chase Claypool,5.0,2.5,2.0,1.0,0.0
2020,6,CLE,Kareem Hunt,13.0,1.0,27.0,2.1,1.0
2020,6,CLE,Dontrell Hilliard,16.0,4.0,13.0,3.3,0.0
2020,6,CLE,D'Ernest Johnson,-2.0,-0.5,3.0,0.8,0.0
2020,6,CLE,Baker Mayfield,4.0,4.0,1.0,1.0,0.0
2020,6,TEN,Derrick Henry,85.0,3.9,127.0,5.8,5.0
2020,6,TEN,Jeremy McNichols,27.0,5.4,24.0,4.8,2.0
2020,6,HOU,David Johnson,29.0,1.5,28.0,1.5,0.0
2020,6,HOU,Duke Johnson,-4.0,-1.0,13.0,3.3,0.0
2020,6,HOU,Deshaun Watson,14.0,3.5,12.0,3.0,0.0
2020,6,MIA,Myles Gaskin,43.0,2.4,48.0,2.7,1.0
2020,6,MIA,Matt Breida,6.0,1.0,9.0,1.5,0.0
2020,6,MIA,Ryan Fitzpatrick,2.0,2.0,2.0,2.0,0.0
2020,6,NYJ,Frank Gore,12.0,1.1,34.0,3.1,1.0
2020,6,NYJ,La'Mical Perine,15.0,2.1,12.0,1.7,0.0
2020,6,NYJ,Ty Johnson,36.0,12.0,6.0,2.0,0.0
2020,6,NYJ,Joe Flacco,0.0,0.0,0.0,0.0,0.0
2020,6,TB,Ronald Jones II,43.0,1.9,70.0,3.0,3.0
2020,6,TB,Ke'Shawn Vaughn,19.0,3.8,23.0,4.6,1.0
2020,6,TB,LeSean McCoy,0.0,0.0,1.0,0.3,0.0
2020,6,TB,Blaine Gabbert,2.0,0.7,0.0,0.0,0.0
2020,6,GB,Aaron Jones,7.0,0.7,8.0,0.8,0.0
2020,6,GB,AJ Dillon,22.0,4.4,9.0,1.8,0.0
2020,6,GB,Jamaal Williams,18.0,4.5,16.0,4.0,1.0
2020,6,GB,Aaron Rodgers,14.0,7.0,0.0,0.0,0.0
2020,6,SF,Raheem Mostert,42.0,2.5,23.0,1.4,0.0
2020,6,SF,Jamycal Hasty,22.0,2.4,15.0,1.7,0.0
2020,6,SF,Jerick McKinnon,15.0,2.5,3.0,0.5,0.0
2020,6,SF,Jimmy Garoppolo,7.0,1.8,1.0,0.3,0.0
2020,6,SF,Deebo Samuel,-6.0,-6.0,0.0,0.0,0.0
2020,6,LA,Darrell Henderson,52.0,3.7,36.0,2.6,0.0
2020,6,LA,Malcolm Brown,3.0,1.5,1.0,0.5,0.0
2020,6,LA,Robert Woods,9.0,4.5,2.0,1.0,0.0
2020,6,LA,Jared Goff,9.0,9.0,1.0,1.0,0.0
2020,6,BUF,Devin Singletary,10.0,1.0,22.0,2.2,0.0
2020,6,BUF,Josh Allen,22.0,2.8,20.0,2.5,2.0
2020,6,BUF,Zack Moss,2.0,0.4,8.0,1.6,2.0
2020,6,KC,Clyde Edwards-Helaire,94.0,3.6,67.0,2.6,1.0
2020,6,KC,Patrick Mahomes,27.0,2.7,9.0,0.9,1.0
2020,6,KC,Darrel Williams,18.0,3.0,8.0,1.3,0.0
2020,6,KC,Darwin Thompson,9.0,3.0,8.0,2.7,0.0
2020,6,KC,Tyreek Hill,5.0,5.0,0.0,0.0,0.0
2020,6,DAL,Ezekiel Elliott,37.0,3.1,12.0,1.0,1.0
2020,6,DAL,Tony Pollard,12.0,1.2,19.0,1.9,0.0
2020,6,DAL,Rico Dowdle,8.0,2.7,5.0,1.7,0.0
2020,6,DAL,Andy Dalton,4.0,2.0,0.0,0.0,0.0
2020,6,ARI,Kenyan Drake,134.0,6.7,30.0,1.5,0.0
2020,6,ARI,Kyler Murray,63.0,6.3,11.0,1.1,0.0
2020,6,ARI,Chase Edmonds,6.0,1.2,17.0,3.4,1.0
2020,7,PHI,Boston Scott,21.0,1.8,25.0,2.1,0.0
2020,7,PHI,Carson Wentz,5.0,0.7,9.0,1.3,0.0
2020,7,PHI,Corey Clement,4.0,2.0,5.0,2.5,0.0
2020,7,PHI,Jason Huntley,7.0,3.5,6.0,3.0,0.0
2020,7,PHI,Jalen Hurts,1.0,0.5,1.0,0.5,0.0
2020,7,PHI,DeSean Jackson,8.0,8.0,4.0,4.0,0.0
2020,7,NYG,Wayne Gallman,1.0,0.1,33.0,3.3,0.0
2020,7,NYG,Daniel Jones,86.0,21.5,6.0,1.5,0.0
2020,7,NYG,Devonta Freeman,5.0,1.7,3.0,1.0,0.0
2020,7,NYG,Dion Lewis,13.0,4.3,10.0,3.3,0.0
2020,7,NYG,Evan Engram,0.0,0.0,3.0,1.5,0.0
2020,7,ATL,Todd Gurley,29.0,1.3,34.0,1.5,3.0
2020,7,ATL,Brian Hill,0.0,0.0,3.0,1.5,0.0
2020,7,ATL,Olamide Zaccheaus,0.0,0.0,0.0,0.0,0.0
2020,7,DET,Adrian Peterson,15.0,1.4,14.0,1.3,1.0
2020,7,DET,D'Andre Swift,7.0,0.8,20.0,2.2,2.0
2020,7,DET,Matthew Stafford,7.0,7.0,1.0,1.0,0.0
2020,7,CIN,Giovani Bernard,19.0,1.5,18.0,1.4,0.0
2020,7,CIN,Joe Burrow,28.0,4.7,6.0,1.0,0.0
2020,7,CIN,Tee Higgins,6.0,6.0,1.0,1.0,0.0
2020,7,CIN,Samaje Perine,1.0,1.0,2.0,2.0,0.0
2020,7,CLE,Kareem Hunt,33.0,1.8,43.0,2.4,3.0
2020,7,CLE,Jarvis Landry,2.0,1.0,2.0,1.0,0.0
2020,7,CLE,D'Ernest Johnson,2.0,2.0,1.0,1.0,0.0
2020,7,CLE,Baker Mayfield,-1.0,-1.0,0.0,0.0,0.0
2020,7,HOU,David Johnson,26.0,1.9,16.0,1.1,1.0
2020,7,HOU,Deshaun Watson,32.0,4.6,6.0,0.9,1.0
2020,7,HOU,Duke Johnson,-1.0,-1.0,0.0,0.0,0.0
2020,7,GB,Jamaal Williams,53.0,2.8,24.0,1.3,0.0
2020,7,GB,AJ Dillon,6.0,1.2,5.0,1.0,0.0
2020,7,GB,Tim Boyle,-1.0,-0.5,0.0,0.0,0.0
2020,7,GB,Marquez Valdes-Scantling,7.0,7.0,2.0,2.0,0.0
2020,7,NO,Alvin Kamara,44.0,3.1,39.0,2.8,1.0
2020,7,NO,Latavius Murray,27.0,2.5,20.0,1.8,0.0
2020,7,NO,Drew Brees,0.0,0.0,2.0,0.7,0.0
2020,7,NO,Taysom Hill,3.0,3.0,3.0,3.0,0.0
2020,7,CAR,Mike Davis,2.0,0.3,10.0,1.4,0.0
2020,7,CAR,Teddy Bridgewater,6.0,3.0,4.0,2.0,0.0
2020,7,CAR,Myles Hartsfield,0.0,0.0,2.0,1.0,0.0
2020,7,CAR,Alex Armah,0.0,0.0,1.0,1.0,0.0
2020,7,CAR,Trenton Cannon,5.0,5.0,2.0,2.0,0.0
2020,7,CAR,Curtis Samuel,3.0,3.0,2.0,2.0,0.0
2020,7,NYJ,Frank Gore,30.0,2.7,30.0,2.7,2.0
2020,7,NYJ,La'Mical Perine,22.0,2.0,18.0,1.6,0.0
2020,7,BUF,Josh Allen,51.0,4.6,10.0,0.9,0.0
2020,7,BUF,Devin Singletary,15.0,1.9,14.0,1.8,0.0
2020,7,BUF,Zack Moss,30.0,4.3,17.0,2.4,0.0
2020,7,BUF,Isaiah McKenzie,-11.0,-11.0,0.0,0.0,0.0
2020,7,TEN,Derrick Henry,41.0,2.1,34.0,1.7,2.0
2020,7,TEN,Ryan Tannehill,5.0,2.5,0.0,0.0,0.0
2020,7,TEN,Jeremy McNichols,0.0,0.0,2.0,2.0,0.0
2020,7,PIT,James Conner,56.0,2.8,26.0,1.3,1.0
2020,7,PIT,Benny Snell Jr.,1.0,0.5,1.0,0.5,0.0
2020,7,PIT,Anthony McFarland Jr.,4.0,4.0,2.0,2.0,0.0
2020,7,PIT,Ben Roethlisberger,-1.0,-1.0,0.0,0.0,0.0
2020,7,PIT,Jaylen Samuels,5.0,5.0,0.0,0.0,0.0
2020,7,WAS,Antonio Gibson,66.0,3.3,62.0,3.1,1.0
2020,7,WAS,Peyton Barber,15.0,1.5,19.0,1.9,0.0
2020,7,WAS,J.D. McKissic,23.0,4.6,12.0,2.4,0.0
2020,7,WAS,Kyle Allen,-2.0,-0.5,13.0,3.3,2.0
2020,7,DAL,Ezekiel Elliott,16.0,1.3,29.0,2.4,0.0
2020,7,DAL,Tony Pollard,3.0,0.4,13.0,1.6,0.0
2020,7,DAL,Andy Dalton,12.0,4.0,4.0,1.3,0.0
2020,7,DAL,Amari Cooper,3.0,3.0,2.0,2.0,0.0
2020,7,DAL,Ben DiNucci,0.0,0.0,0.0,0.0,0.0
2020,7,DAL,CeeDee Lamb,0.0,0.0,1.0,1.0,0.0
2020,7,LV,Josh Jacobs,6.0,0.6,11.0,1.1,0.0
2020,7,LV,Jalen Richard,8.0,1.1,16.0,2.3,0.0
2020,7,LV,Devontae Booker,1.0,0.3,4.0,1.3,0.0
2020,7,LV,Derek Carr,19.0,9.5,0.0,0.0,0.0
2020,7,LV,Jeff Heath,1.0,1.0,0.0,0.0,0.0
2020,7,LV,Henry Ruggs III,10.0,10.0,0.0,0.0,0.0
2020,7,TB,Ronald Jones II,17.0,1.3,17.0,1.3,0.0
2020,7,TB,Leonard Fournette,39.0,3.5,11.0,1.0,0.0
2020,7,TB,Tom Brady,1.0,1.0,0.0,0.0,0.0
2020,7,DEN,Melvin Gordon,35.0,2.1,33.0,1.9,1.0
2020,7,DEN,Phillip Lindsay,68.0,7.6,11.0,1.2,0.0
2020,7,DEN,Royce Freeman,8.0,2.7,4.0,1.3,0.0
2020,7,DEN,Drew Lock,7.0,2.3,1.0,0.3,0.0
2020,7,DEN,KJ Hamler,8.0,8.0,2.0,2.0,0.0
2020,7,KC,Clyde Edwards-Helaire,28.0,3.5,18.0,2.3,4.0
2020,7,KC,Le'Veon Bell,26.0,4.3,13.0,2.2,2.0
2020,7,KC,Chad Henne,-2.0,-0.5,0.0,0.0,0.0
2020,7,KC,DeAndre Washington,3.0,1.0,2.0,0.7,0.0
2020,7,KC,Mecole Hardman,12.0,12.0,1.0,1.0,0.0
2020,7,LAC,Joshua Kelley,13.0,1.1,16.0,1.3,0.0
2020,7,LAC,Justin Herbert,55.0,6.1,11.0,1.2,0.0
2020,7,LAC,Justin Jackson,8.0,1.6,4.0,0.8,0.0
2020,7,LAC,Tyron Johnson,6.0,3.0,4.0,2.0,0.0
2020,7,LAC,Joe Reed,5.0,2.5,9.0,4.5,1.0
2020,7,LAC,Troymaine Pope,1.0,1.0,5.0,5.0,0.0
2020,7,LAC,Easton Stick,-2.0,-2.0,0.0,0.0,0.0
2020,7,JAX,James Robinson,56.0,2.5,63.0,2.9,3.0
2020,7,JAX,Gardner Minshew II,19.0,4.8,2.0,0.5,0.0
2020,7,JAX,Laviska Shenault Jr.,0.0,0.0,0.0,0.0,0.0
2020,7,NE,Damien Harris,51.0,5.1,7.0,0.7,0.0
2020,7,NE,Cam Newton,14.0,2.8,5.0,1.0,1.0
2020,7,NE,Rex Burkhead,12.0,3.0,0.0,0.0,0.0
2020,7,NE,Jarrett Stidham,3.0,1.5,0.0,0.0,0.0
2020,7,NE,Jakobi Meyers,2.0,2.0,0.0,0.0,0.0
2020,7,SF,Jeff Wilson,71.0,4.2,41.0,2.4,2.0
2020,7,SF,Jamycal Hasty,53.0,5.9,4.0,0.4,0.0
2020,7,SF,Kyle Juszczyk,13.0,3.3,5.0,1.3,0.0
2020,7,SF,Jerick McKinnon,-2.0,-0.7,1.0,0.3,0.0
2020,7,SF,Deebo Samuel,7.0,2.3,0.0,0.0,0.0
2020,7,SF,Jimmy Garoppolo,0.0,0.0,4.0,4.0,1.0
2020,7,ARI,Kenyan Drake,19.0,1.4,15.0,1.1,0.0
2020,7,ARI,Kyler Murray,47.0,3.4,20.0,1.4,1.0
2020,7,ARI,Chase Edmonds,53.0,10.6,5.0,1.0,1.0
2020,7,SEA,Carlos Hyde,60.0,4.0,8.0,0.5,0.0
2020,7,SEA,Russell Wilson,81.0,13.5,3.0,0.5,0.0
2020,7,SEA,Chris Carson,14.0,2.8,20.0,4.0,0.0
2020,7,SEA,Travis Homer,8.0,2.7,2.0,0.7,1.0
2020,7,SEA,David Moore,2.0,2.0,2.0,2.0,0.0
2020,7,LA,Darrell Henderson,28.0,1.9,35.0,2.3,3.0
2020,7,LA,Malcolm Brown,33.0,3.3,24.0,2.4,4.0
2020,7,LA,Jared Goff,1.0,0.3,0.0,0.0,0.0
2020,7,LA,Robert Woods,17.0,4.3,6.0,1.5,0.0
2020,7,LA,Cooper Kupp,16.0,16.0,0.0,0.0,0.0
2020,7,CHI,David Montgomery,20.0,1.4,28.0,2.0,3.0
2020,7,CHI,Cordarrelle Patterson,-1.0,-0.3,2.0,0.7,0.0
2020,8,CAR,Mike Davis,11.0,0.8,55.0,4.2,0.0
2020,8,CAR,Teddy Bridgewater,26.0,5.2,4.0,0.8,0.0
2020,8,CAR,Curtis Samuel,13.0,4.3,10.0,3.3,0.0
2020,8,CAR,Jeremy Chinn,28.0,28.0,0.0,0.0,0.0
2020,8,ATL,Todd Gurley,19.0,1.1,27.0,1.5,0.0
2020,8,ATL,Brian Hill,21.0,1.9,34.0,3.1,0.0
2020,8,ATL,Matt Ryan,22.0,3.7,5.0,0.8,0.0
2020,8,ATL,Qadree Ollison,0.0,0.0,3.0,3.0,0.0
2020,8,BAL,Gus Edwards,55.0,3.4,32.0,2.0,0.0
2020,8,BAL,Lamar Jackson,53.0,3.3,12.0,0.8,0.0
2020,8,BAL,J.K. Dobbins,53.0,3.5,60.0,4.0,1.0
2020,8,PIT,James Conner,29.0,1.9,18.0,1.2,1.0
2020,8,PIT,Anthony McFarland Jr.,1.0,1.0,0.0,0.0,0.0
2020,8,BUF,Zack Moss,43.0,3.1,38.0,2.7,4.0
2020,8,BUF,Devin Singletary,30.0,2.1,56.0,4.0,1.0
2020,8,BUF,Josh Allen,17.0,1.7,6.0,0.6,0.0
2020,8,NE,Damien Harris,47.0,2.9,55.0,3.4,1.0
2020,8,NE,Cam Newton,24.0,2.7,30.0,3.3,0.0
2020,8,NE,Rex Burkhead,8.0,1.3,18.0,3.0,2.0
2020,8,NE,James White,-2.0,-1.0,2.0,1.0,0.0
2020,8,NE,Gunner Olszewski,2.0,2.0,4.0,4.0,0.0
2020,8,CIN,Giovani Bernard,30.0,2.0,32.0,2.1,2.0
2020,8,CIN,Samaje Perine,15.0,1.5,17.0,1.7,0.0
2020,8,CIN,Joe Burrow,2.0,0.7,7.0,2.3,2.0
2020,8,CIN,Tyler Boyd,9.0,4.5,0.0,0.0,0.0
2020,8,CIN,Tee Higgins,3.0,1.5,3.0,1.5,0.0
2020,8,TEN,Derrick Henry,56.0,3.1,56.0,3.1,1.0
2020,8,TEN,D'Onta Foreman,24.0,4.8,13.0,2.6,1.0
2020,8,TEN,Jeremy McNichols,22.0,5.5,27.0,6.8,1.0
2020,8,TEN,Ryan Tannehill,13.0,6.5,7.0,3.5,0.0
2020,8,CLE,Kareem Hunt,44.0,3.1,22.0,1.6,1.0
2020,8,CLE,Baker Mayfield,27.0,4.5,2.0,0.3,0.0
2020,8,CLE,D'Ernest Johnson,6.0,3.0,0.0,0.0,0.0
2020,8,LV,Josh Jacobs,86.0,2.8,43.0,1.4,1.0
2020,8,LV,Derek Carr,38.0,6.3,3.0,0.5,1.0
2020,8,LV,Devontae Booker,17.0,3.4,12.0,2.4,0.0
2020,8,LV,Alec Ingold,1.0,1.0,2.0,2.0,0.0
2020,8,LV,Jalen Richard,3.0,3.0,3.0,3.0,0.0
2020,8,LV,Henry Ruggs III,0.0,0.0,1.0,1.0,0.0
2020,8,DET,D'Andre Swift,-6.0,-1.0,7.0,1.2,0.0
2020,8,DET,Adrian Peterson,4.0,0.8,3.0,0.6,0.0
2020,8,DET,Jamal Agnew,10.0,10.0,1.0,1.0,0.0
2020,8,DET,Matthew Stafford,10.0,10.0,0.0,0.0,0.0
2020,8,IND,Jordan Wilkins,35.0,1.8,54.0,2.7,3.0
2020,8,IND,Jonathan Taylor,8.0,0.7,14.0,1.3,0.0
2020,8,IND,Nyheim Hines,4.0,0.8,4.0,0.8,0.0
2020,8,IND,Philip Rivers,-2.0,-1.0,0.0,0.0,0.0
2020,8,IND,Trey Burton,0.0,0.0,2.0,2.0,0.0
2020,8,GB,Jamaal Williams,33.0,2.1,42.0,2.6,1.0
2020,8,GB,AJ Dillon,10.0,2.0,11.0,2.2,0.0
2020,8,GB,Aaron Rodgers,9.0,4.5,0.0,0.0,0.0
2020,8,GB,Marquez Valdes-Scantling,2.0,2.0,2.0,2.0,0.0
2020,8,MIN,Dalvin Cook,75.0,2.5,88.0,2.9,7.0
2020,8,MIN,Alexander Mattison,4.0,1.3,4.0,1.3,0.0
2020,8,MIN,C.J. Ham,0.0,0.0,2.0,2.0,0.0
2020,8,KC,Le'Veon Bell,0.0,0.0,7.0,1.2,0.0
2020,8,KC,Clyde Edwards-Helaire,11.0,1.8,10.0,1.7,0.0
2020,8,KC,Darwin Thompson,-2.0,-0.5,5.0,1.3,0.0
2020,8,KC,Darrel Williams,13.0,4.3,6.0,2.0,0.0
2020,8,KC,Chad Henne,0.0,0.0,0.0,0.0,0.0
2020,8,NYJ,Frank Gore,10.0,1.0,20.0,2.0,0.0
2020,8,NYJ,La'Mical Perine,11.0,1.4,16.0,2.0,0.0
2020,8,NYJ,Sam Darnold,11.0,2.8,10.0,2.5,0.0
2020,8,NYJ,Ty Johnson,3.0,1.0,12.0,4.0,0.0
2020,8,MIA,Myles Gaskin,22.0,1.2,25.0,1.4,1.0
2020,8,MIA,Matt Breida,8.0,2.0,5.0,1.3,0.0
2020,8,MIA,Tua Tagovailoa,0.0,0.0,0.0,0.0,0.0
2020,8,MIA,Malcolm Perry,-5.0,-5.0,0.0,0.0,0.0
2020,8,LA,Malcolm Brown,23.0,2.3,17.0,1.7,0.0
2020,8,LA,Cam Akers,12.0,1.3,23.0,2.6,1.0
2020,8,LA,Darrell Henderson,18.0,2.3,29.0,3.6,2.0
2020,8,LA,Robert Woods,9.0,4.5,0.0,0.0,0.0
2020,8,DEN,Melvin Gordon,10.0,1.3,16.0,2.0,0.0
2020,8,DEN,Phillip Lindsay,39.0,6.5,44.0,7.3,1.0
2020,8,DEN,Drew Lock,-1.0,-0.5,0.0,0.0,0.0
2020,8,LAC,Justin Jackson,61.0,3.6,28.0,1.6,0.0
2020,8,LAC,Troymaine Pope,48.0,4.8,19.0,1.9,0.0
2020,8,LAC,Joshua Kelley,28.0,4.0,4.0,0.6,2.0
2020,8,LAC,Justin Herbert,21.0,7.0,0.0,0.0,0.0
2020,8,LAC,Mike Williams,1.0,1.0,0.0,0.0,0.0
2020,8,CHI,David Montgomery,15.0,0.7,74.0,3.5,2.0
2020,8,CHI,Cordarrelle Patterson,1.0,1.0,3.0,3.0,0.0
2020,8,CHI,Mitchell Trubisky,2.0,2.0,1.0,1.0,0.0
2020,8,NO,Alvin Kamara,47.0,3.9,20.0,1.7,0.0
2020,8,NO,Latavius Murray,5.0,0.6,12.0,1.5,0.0
2020,8,NO,Taysom Hill,18.0,3.6,17.0,3.4,0.0
2020,8,NO,Drew Brees,2.0,0.7,2.0,0.7,0.0
2020,8,NO,Michael Burton,1.0,1.0,0.0,0.0,0.0
2020,8,NO,Deonte Harris,-2.0,-2.0,0.0,0.0,0.0
2020,8,SEA,DeeJay Dallas,18.0,1.0,23.0,1.3,0.0
2020,8,SEA,Russell Wilson,23.0,3.8,0.0,0.0,0.0
2020,8,SEA,David Moore,21.0,10.5,7.0,3.5,0.0
2020,8,SEA,Nick Bellore,1.0,1.0,4.0,4.0,0.0
2020,8,SEA,Travis Homer,2.0,2.0,2.0,2.0,0.0
2020,8,SF,Jamycal Hasty,19.0,1.6,10.0,0.8,0.0
2020,8,SF,Jimmy Garoppolo,3.0,0.8,1.0,0.3,0.0
2020,8,SF,Tevin Coleman,8.0,2.7,12.0,4.0,0.0
2020,8,SF,Jerick McKinnon,-2.0,-0.7,1.0,0.3,0.0
2020,8,PHI,Boston Scott,39.0,2.6,31.0,2.1,5.0
2020,8,PHI,Corey Clement,16.0,3.2,8.0,1.6,0.0
2020,8,PHI,Carson Wentz,16.0,4.0,1.0,0.3,0.0
2020,8,PHI,Jalen Reagor,6.0,6.0,0.0,0.0,0.0
2020,8,PHI,Greg Ward,2.0,2.0,0.0,0.0,0.0
2020,8,DAL,Ezekiel Elliott,40.0,2.1,23.0,1.2,0.0
2020,8,DAL,Tony Pollard,23.0,3.3,17.0,2.4,0.0
2020,8,DAL,Ben DiNucci,22.0,4.4,0.0,0.0,0.0
2020,8,DAL,Cedrick Wilson Jr.,-11.0,-5.5,0.0,0.0,0.0
2020,8,DAL,Chris Jones,0.0,0.0,0.0,0.0,0.0
2020,8,DAL,CeeDee Lamb,16.0,16.0,3.0,3.0,0.0
2020,8,NYG,Wayne Gallman,27.0,2.3,17.0,1.4,0.0
2020,8,NYG,Alfred Morris,15.0,1.9,13.0,1.6,0.0
2020,8,NYG,Daniel Jones,18.0,6.0,2.0,0.7,0.0
2020,8,NYG,Evan Engram,8.0,8.0,1.0,1.0,0.0
2020,8,TB,Leonard Fournette,33.0,2.2,19.0,1.3,0.0
2020,8,TB,Ronald Jones II,10.0,1.4,13.0,1.9,0.0
2020,8,TB,Tom Brady,-1.0,-1.0,0.0,0.0,0.0
2020,8,TB,Scott Miller,5.0,5.0,2.0,2.0,0.0
2020,9,SF,Jerick McKinnon,38.0,3.2,14.0,1.2,0.0
2020,9,SF,Jamycal Hasty,-2.0,-0.5,5.0,1.3,0.0
2020,9,SF,Nick Mullens,0.0,0.0,0.0,0.0,0.0
2020,9,GB,Aaron Jones,28.0,1.9,30.0,2.0,0.0
2020,9,GB,Tyler Ervin,16.0,2.0,8.0,1.0,1.0
2020,9,GB,John Lovett,3.0,1.0,3.0,1.0,0.0
2020,9,GB,Dexter Williams,7.0,3.5,1.0,0.5,0.0
2020,9,GB,Tim Boyle,-1.0,-1.0,0.0,0.0,0.0
2020,9,GB,Aaron Rodgers,7.0,7.0,0.0,0.0,0.0
2020,9,GB,Malik Taylor,0.0,0.0,9.0,9.0,0.0
2020,9,ATL,Todd Gurley,32.0,1.7,21.0,1.1,1.0
2020,9,ATL,Brian Hill,14.0,1.8,10.0,1.3,1.0
2020,9,ATL,Matt Ryan,10.0,3.3,0.0,0.0,0.0
2020,9,ATL,Brandon Powell,4.0,4.0,0.0,0.0,0.0
2020,9,ATL,Keith Smith,1.0,1.0,0.0,0.0,0.0
2020,9,DEN,Phillip Lindsay,16.0,2.0,7.0,0.9,0.0
2020,9,DEN,Drew Lock,47.0,6.7,0.0,0.0,0.0
2020,9,DEN,Melvin Gordon,9.0,1.5,9.0,1.5,0.0
2020,9,DEN,KJ Hamler,15.0,15.0,0.0,0.0,0.0
2020,9,BUF,Zack Moss,5.0,0.6,13.0,1.4,0.0
2020,9,BUF,Josh Allen,11.0,1.6,3.0,0.4,0.0
2020,9,BUF,Devin Singletary,0.0,0.0,1.0,0.5,0.0
2020,9,BUF,Isaiah McKenzie,0.0,0.0,1.0,1.0,0.0
2020,9,SEA,DeeJay Dallas,20.0,2.9,11.0,1.6,0.0
2020,9,SEA,Travis Homer,9.0,1.5,7.0,1.2,0.0
2020,9,SEA,Alex Collins,0.0,0.0,5.0,2.5,0.0
2020,9,SEA,Russell Wilson,3.0,1.5,2.0,1.0,0.0
2020,9,IND,Jordan Wilkins,20.0,1.8,19.0,1.7,1.0
2020,9,IND,Jonathan Taylor,21.0,3.5,6.0,1.0,0.0
2020,9,IND,De'Michael Harris,19.0,9.5,9.0,4.5,1.0
2020,9,IND,Nyheim Hines,7.0,3.5,11.0,5.5,1.0
2020,9,BAL,Lamar Jackson,53.0,4.1,5.0,0.4,0.0
2020,9,BAL,J.K. Dobbins,18.0,1.5,12.0,1.0,0.0
2020,9,BAL,Gus Edwards,7.0,0.6,16.0,1.5,0.0
2020,9,BAL,Devin Duvernay,-1.0,-1.0,0.0,0.0,0.0
2020,9,BAL,Matt Skura,0.0,0.0,0.0,0.0,0.0
2020,9,JAX,James Robinson,39.0,1.6,60.0,2.4,0.0
2020,9,JAX,Jake Luton,0.0,0.0,13.0,13.0,0.0
2020,9,JAX,Chris Thompson,2.0,2.0,1.0,1.0,0.0
2020,9,HOU,Duke Johnson,8.0,0.5,33.0,2.1,1.0
2020,9,HOU,Deshaun Watson,36.0,3.6,14.0,1.4,1.0
2020,9,HOU,David Johnson,13.0,6.5,3.0,1.5,0.0
2020,9,KC,Clyde Edwards-Helaire,4.0,0.8,10.0,2.0,0.0
2020,9,KC,Le'Veon Bell,1.0,0.3,7.0,1.8,0.0
2020,9,KC,Tyreek Hill,3.0,3.0,5.0,5.0,0.0
2020,9,KC,Patrick Mahomes,6.0,6.0,0.0,0.0,0.0
2020,9,CAR,Christian McCaffrey,26.0,1.4,43.0,2.4,1.0
2020,9,CAR,Curtis Samuel,1.0,0.3,12.0,4.0,0.0
2020,9,CAR,Teddy Bridgewater,4.0,2.0,15.0,7.5,0.0
2020,9,CAR,Mike Davis,1.0,1.0,2.0,2.0,0.0
2020,9,MIN,Dalvin Cook,85.0,3.9,121.0,5.5,2.0
2020,9,MIN,Alexander Mattison,33.0,2.8,36.0,3.0,2.0
2020,9,DET,D'Andre Swift,52.0,4.0,12.0,0.9,0.0
2020,9,DET,Adrian Peterson,23.0,2.9,6.0,0.8,0.0
2020,9,DET,Kerryon Johnson,26.0,6.5,3.0,0.8,1.0
2020,9,DET,Danny Amendola,2.0,2.0,0.0,0.0,0.0
2020,9,DET,Chase Daniel,5.0,5.0,0.0,0.0,0.0
2020,9,TEN,Derrick Henry,13.0,0.6,55.0,2.6,1.0
2020,9,TEN,D'Onta Foreman,2.0,0.4,9.0,1.8,0.0
2020,9,TEN,Ryan Tannehill,3.0,1.0,0.0,0.0,0.0
2020,9,TEN,Jeremy McNichols,5.0,2.5,5.0,2.5,0.0
2020,9,CHI,David Montgomery,8.0,0.6,22.0,1.6,0.0
2020,9,CHI,Cordarrelle Patterson,8.0,2.7,5.0,1.7,0.0
2020,9,CHI,Nick Foles,2.0,1.0,0.0,0.0,0.0
2020,9,CHI,Barkevious Mingo,11.0,11.0,0.0,0.0,0.0
2020,9,WAS,Antonio Gibson,11.0,1.8,9.0,1.5,0.0
2020,9,WAS,J.D. McKissic,11.0,3.7,6.0,2.0,0.0
2020,9,NYG,Wayne Gallman,17.0,1.2,51.0,3.6,0.0
2020,9,NYG,Alfred Morris,13.0,1.4,54.0,6.0,1.0
2020,9,NYG,Daniel Jones,0.0,0.0,4.0,0.7,0.0
2020,9,NYG,Dion Lewis,2.0,0.7,3.0,1.0,0.0
2020,9,NYG,Elijhaa Penny,0.0,0.0,2.0,2.0,0.0
2020,9,NYG,Sterling Shepard,16.0,16.0,2.0,2.0,0.0
2020,9,NYG,Darius Slayton,0.0,0.0,2.0,2.0,0.0
2020,9,LAC,Kalen Ballage,40.0,2.7,29.0,1.9,0.0
2020,9,LAC,Joshua Kelley,14.0,1.6,14.0,1.6,0.0
2020,9,LAC,Justin Herbert,14.0,2.8,10.0,2.0,0.0
2020,9,LAC,Joe Reed,5.0,2.5,2.0,1.0,0.0
2020,9,LV,Josh Jacobs,21.0,1.5,44.0,3.1,1.0
2020,9,LV,Devontae Booker,56.0,7.0,12.0,1.5,0.0
2020,9,LV,Derek Carr,13.0,6.5,1.0,0.5,0.0
2020,9,LV,Jalen Richard,2.0,2.0,1.0,1.0,0.0
2020,9,LV,Henry Ruggs III,7.0,7.0,3.0,3.0,0.0
2020,9,ARI,Chase Edmonds,31.0,1.2,39.0,1.6,0.0
2020,9,ARI,Kyler Murray,72.0,6.5,34.0,3.1,2.0
2020,9,ARI,D.J. Foster,0.0,0.0,2.0,2.0,0.0
2020,9,MIA,Jordan Howard,8.0,0.8,11.0,1.1,1.0
2020,9,MIA,Salvon Ahmed,33.0,4.7,5.0,0.7,1.0
2020,9,MIA,Tua Tagovailoa,12.0,1.7,23.0,3.3,0.0
2020,9,MIA,Patrick Laird,-1.0,-1.0,0.0,0.0,0.0
2020,9,DAL,Ezekiel Elliott,25.0,1.4,26.0,1.4,1.0
2020,9,DAL,Tony Pollard,29.0,3.2,28.0,3.1,1.0
2020,9,DAL,Garrett Gilbert,13.0,4.3,15.0,5.0,1.0
2020,9,DAL,Amari Cooper,8.0,8.0,0.0,0.0,0.0
2020,9,PIT,James Conner,15.0,1.7,7.0,0.8,0.0
2020,9,PIT,Anthony McFarland Jr.,6.0,2.0,1.0,0.3,0.0
2020,9,PIT,Benny Snell Jr.,1.0,0.3,0.0,0.0,0.0
2020,9,PIT,Chase Claypool,4.0,4.0,0.0,0.0,0.0
2020,9,PIT,Diontae Johnson,0.0,0.0,4.0,4.0,0.0
2020,9,PIT,Ben Roethlisberger,8.0,8.0,0.0,0.0,0.0
2020,9,TB,Ronald Jones II,5.0,1.7,4.0,1.3,0.0
2020,9,TB,Leonard Fournette,0.0,0.0,0.0,0.0,0.0
2020,9,TB,Blaine Gabbert,-1.0,-1.0,0.0,0.0,0.0
2020,9,NO,Latavius Murray,18.0,1.8,21.0,2.1,0.0
2020,9,NO,Alvin Kamara,25.0,2.8,15.0,1.7,1.0
2020,9,NO,Taysom Hill,38.0,5.4,16.0,2.3,0.0
2020,9,NO,Dwayne Washington,6.0,1.2,3.0,0.6,0.0
2020,9,NO,Jameis Winston,-3.0,-1.0,0.0,0.0,0.0
2020,9,NO,Drew Brees,-2.0,-1.0,0.0,0.0,0.0
2020,9,NO,Michael Burton,0.0,0.0,1.0,1.0,0.0
2020,9,NYJ,Frank Gore,23.0,1.9,23.0,1.9,2.0
2020,9,NYJ,La'Mical Perine,7.0,1.2,12.0,2.0,1.0
2020,9,NE,Damien Harris,42.0,3.0,29.0,2.1,5.0
2020,9,NE,Rex Burkhead,39.0,3.3,17.0,1.4,0.0
2020,9,NE,Cam Newton,8.0,0.8,8.0,0.8,1.0
2020,9,NE,Gunner Olszewski,16.0,5.3,0.0,0.0,0.0
2020,9,NE,James White,0.0,0.0,0.0,0.0,0.0
2020,10,TEN,Derrick Henry,35.0,1.8,68.0,3.6,2.0
2020,10,TEN,D'Onta Foreman,5.0,0.7,13.0,1.9,1.0
2020,10,TEN,Jeremy McNichols,12.0,4.0,14.0,4.7,0.0
2020,10,TEN,Ryan Tannehill,2.0,1.0,7.0,3.5,0.0
2020,10,TEN,Jonnu Smith,1.0,1.0,0.0,0.0,0.0
2020,10,IND,Nyheim Hines,27.0,2.3,43.0,3.6,3.0
2020,10,IND,Jordan Wilkins,14.0,1.8,14.0,1.8,1.0
2020,10,IND,Jonathan Taylor,1.0,0.1,11.0,1.6,0.0
2020,10,IND,Jacoby Brissett,1.0,1.0,1.0,1.0,0.0
2020,10,IND,Michael Pittman Jr.,18.0,18.0,3.0,3.0,0.0
2020,10,CAR,Mike Davis,9.0,1.3,23.0,3.3,1.0
2020,10,CAR,Teddy Bridgewater,15.0,5.0,1.0,0.3,0.0
2020,10,CAR,Curtis Samuel,2.0,0.7,2.0,0.7,0.0
2020,10,CAR,Rodney Smith,10.0,3.3,3.0,1.0,0.0
2020,10,TB,Ronald Jones II,65.0,2.8,127.0,5.5,0.0
2020,10,TB,Leonard Fournette,1.0,0.1,18.0,2.3,0.0
2020,10,TB,Blaine Gabbert,0.0,0.0,0.0,0.0,0.0
2020,10,TB,Tom Brady,1.0,0.5,1.0,0.5,0.0
2020,10,TB,Antonio Brown,-3.0,-3.0,0.0,0.0,0.0
2020,10,CLE,Nick Chubb,114.0,6.0,12.0,0.6,1.0
2020,10,CLE,Kareem Hunt,74.0,3.9,30.0,1.6,3.0
2020,10,CLE,Baker Mayfield,1.0,0.3,0.0,0.0,0.0
2020,10,HOU,Duke Johnson,43.0,3.1,11.0,0.8,1.0
2020,10,HOU,Deshaun Watson,36.0,4.5,0.0,0.0,0.0
2020,10,DET,D'Andre Swift,49.0,3.1,32.0,2.0,0.0
2020,10,DET,Adrian Peterson,3.0,0.8,18.0,4.5,0.0
2020,10,DET,Kerryon Johnson,3.0,3.0,0.0,0.0,0.0
2020,10,WAS,Antonio Gibson,14.0,1.1,31.0,2.4,1.0
2020,10,WAS,J.D. McKissic,1.0,0.1,5.0,0.6,0.0
2020,10,WAS,Peyton Barber,5.0,2.5,2.0,1.0,0.0
2020,10,WAS,Alex Smith,4.0,2.0,0.0,0.0,0.0
2020,10,WAS,Terry McLaurin,11.0,11.0,16.0,16.0,0.0
2020,10,GB,Aaron Jones,30.0,2.3,16.0,1.2,0.0
2020,10,GB,Jamaal Williams,14.0,1.8,16.0,2.0,0.0
2020,10,GB,Aaron Rodgers,4.0,1.3,0.0,0.0,0.0
2020,10,GB,Tyler Ervin,0.0,0.0,0.0,0.0,0.0
2020,10,JAX,James Robinson,48.0,2.1,61.0,2.7,0.0
2020,10,NYG,Wayne Gallman,21.0,1.2,32.0,1.8,0.0
2020,10,NYG,Daniel Jones,60.0,6.7,4.0,0.4,1.0
2020,10,NYG,Alfred Morris,22.0,2.8,12.0,1.5,0.0
2020,10,NYG,Elijhaa Penny,0.0,0.0,0.0,0.0,0.0
2020,10,PHI,Miles Sanders,57.0,3.8,28.0,1.9,3.0
2020,10,PHI,Boston Scott,44.0,14.7,19.0,6.3,1.0
2020,10,PHI,Jalen Hurts,-1.0,-0.5,0.0,0.0,0.0
2020,10,PHI,Carson Wentz,3.0,1.5,1.0,0.5,0.0
2020,10,PHI,Corey Clement,3.0,3.0,2.0,2.0,0.0
2020,10,ARI,Kenyan Drake,35.0,2.2,65.0,4.1,1.0
2020,10,ARI,Kyler Murray,53.0,4.8,8.0,0.7,0.0
2020,10,ARI,Chase Edmonds,11.0,1.4,45.0,5.6,2.0
2020,10,BUF,Josh Allen,30.0,4.3,8.0,1.1,0.0
2020,10,BUF,Zack Moss,0.0,0.0,20.0,2.9,1.0
2020,10,BUF,Devin Singletary,11.0,2.8,4.0,1.0,0.0
2020,10,LV,Josh Jacobs,61.0,2.9,51.0,2.4,3.0
2020,10,LV,Devontae Booker,49.0,3.1,32.0,2.0,3.0
2020,10,LV,Derek Carr,10.0,2.5,0.0,0.0,0.0
2020,10,DEN,Melvin Gordon,16.0,1.5,30.0,2.7,6.0
2020,10,DEN,Phillip Lindsay,-1.0,-0.3,3.0,0.8,1.0
2020,10,DEN,Royce Freeman,6.0,3.0,5.0,2.5,0.0
2020,10,DEN,Drew Lock,7.0,3.5,0.0,0.0,0.0
2020,10,MIA,Salvon Ahmed,52.0,2.5,33.0,1.6,0.0
2020,10,MIA,Tua Tagovailoa,-1.0,-0.2,0.0,0.0,0.0
2020,10,MIA,Patrick Laird,15.0,7.5,4.0,2.0,1.0
2020,10,MIA,DeAndre Washington,2.0,1.0,0.0,0.0,0.0
2020,10,MIA,Malcolm Perry,3.0,3.0,3.0,3.0,0.0
2020,10,LAC,Kalen Ballage,37.0,2.1,31.0,1.7,0.0
2020,10,LAC,Joshua Kelley,12.0,1.7,9.0,1.3,0.0
2020,10,LAC,Justin Herbert,10.0,2.5,0.0,0.0,0.0
2020,10,LA,Cam Akers,15.0,1.5,23.0,2.3,2.0
2020,10,LA,Darrell Henderson,18.0,2.6,10.0,1.4,0.0
2020,10,LA,Malcolm Brown,23.0,3.8,10.0,1.7,0.0
2020,10,LA,Jared Goff,4.0,0.8,0.0,0.0,0.0
2020,10,LA,Robert Woods,3.0,3.0,0.0,0.0,0.0
2020,10,SEA,Alex Collins,22.0,2.0,21.0,1.9,0.0
2020,10,SEA,Russell Wilson,58.0,7.3,2.0,0.3,0.0
2020,10,SEA,DeeJay Dallas,3.0,1.5,5.0,2.5,0.0
2020,10,SEA,David Moore,2.0,2.0,0.0,0.0,0.0
2020,10,NO,Latavius Murray,27.0,3.0,30.0,3.3,1.0
2020,10,NO,Taysom Hill,32.0,4.0,13.0,1.6,0.0
2020,10,NO,Alvin Kamara,5.0,0.6,10.0,1.3,0.0
2020,10,NO,Jameis Winston,-3.0,-0.8,1.0,0.3,0.0
2020,10,NO,Drew Brees,-1.0,-1.0,0.0,0.0,0.0
2020,10,SF,Jerick McKinnon,14.0,0.8,19.0,1.1,0.0
2020,10,SF,Jamycal Hasty,6.0,2.0,7.0,2.3,0.0
2020,10,SF,Brandon Aiyuk,-8.0,-8.0,0.0,0.0,0.0
2020,10,SF,Kyle Juszczyk,2.0,2.0,3.0,3.0,0.0
2020,10,SF,Nick Mullens,3.0,3.0,0.0,0.0,0.0
2020,10,SF,Austin Walter,1.0,1.0,2.0,2.0,0.0
2020,10,PIT,James Conner,14.0,1.1,22.0,1.7,1.0
2020,10,PIT,Benny Snell Jr.,4.0,1.3,8.0,2.7,0.0
2020,10,PIT,Chase Claypool,-3.0,-1.5,0.0,0.0,1.0
2020,10,PIT,Ray-Ray McCloud,-1.0,-1.0,0.0,0.0,0.0
2020,10,PIT,Ben Roethlisberger,0.0,0.0,0.0,0.0,0.0
2020,10,CIN,Giovani Bernard,13.0,1.6,17.0,2.1,0.0
2020,10,CIN,Samaje Perine,34.0,4.9,14.0,2.0,0.0
2020,10,CIN,Trayveon Williams,8.0,1.6,14.0,2.8,0.0
2020,10,CIN,Shawn Williams,39.0,39.0,0.0,0.0,0.0
2020,10,NE,Damien Harris,72.0,3.3,49.0,2.2,2.0
2020,10,NE,Cam Newton,14.0,1.3,7.0,0.6,0.0
2020,10,NE,Rex Burkhead,16.0,2.7,15.0,2.5,0.0
2020,10,BAL,Lamar Jackson,37.0,3.4,18.0,1.6,1.0
2020,10,BAL,Gus Edwards,27.0,3.9,15.0,2.1,2.0
2020,10,BAL,J.K. Dobbins,11.0,2.2,2.0,0.4,0.0
2020,10,BAL,Mark Ingram,1.0,0.2,4.0,0.8,0.0
2020,10,CHI,Cordarrelle Patterson,18.0,1.5,12.0,1.0,2.0
2020,10,CHI,Artavis Pierce,3.0,1.0,6.0,2.0,0.0
2020,10,CHI,Nick Foles,2.0,2.0,0.0,0.0,0.0
2020,10,CHI,Ryan Nall,0.0,0.0,0.0,0.0,0.0
2020,10,MIN,Dalvin Cook,54.0,1.8,42.0,1.4,5.0
2020,10,MIN,Alexander Mattison,2.0,1.0,2.0,1.0,0.0
2020,10,MIN,Kirk Cousins,-1.0,-1.0,0.0,0.0,0.0
2020,11,SEA,Carlos Hyde,37.0,2.6,42.0,3.0,3.0
2020,11,SEA,Russell Wilson,38.0,3.8,4.0,0.4,0.0
2020,11,SEA,Bo Scarbrough,17.0,2.8,14.0,2.3,1.0
2020,11,SEA,DeeJay Dallas,0.0,0.0,13.0,13.0,2.0
2020,11,ARI,Kenyan Drake,9.0,0.8,20.0,1.8,2.0
2020,11,ARI,Kyler Murray,15.0,3.0,0.0,0.0,0.0
2020,11,ARI,Chase Edmonds,8.0,4.0,5.0,2.5,0.0
2020,11,BAL,J.K. Dobbins,34.0,2.3,36.0,2.4,0.0
2020,11,BAL,Lamar Jackson,42.0,3.2,9.0,0.7,0.0
2020,11,BAL,Gus Edwards,1.0,0.3,5.0,1.7,0.0
2020,11,BAL,Mark Ingram,0.0,0.0,2.0,1.0,0.0
2020,11,TEN,Derrick Henry,43.0,1.5,90.0,3.2,1.0
2020,11,TEN,Ryan Tannehill,18.0,4.5,17.0,4.3,0.0
2020,11,TEN,Cameron Batson,2.0,2.0,2.0,2.0,0.0
2020,11,TEN,D'Onta Foreman,0.0,0.0,1.0,1.0,0.0
2020,11,CAR,Mike Davis,28.0,1.5,36.0,1.9,1.0
2020,11,CAR,Rodney Smith,16.0,2.0,13.0,1.6,0.0
2020,11,CAR,P.J. Walker,-2.0,-0.4,0.0,0.0,0.0
2020,11,CAR,D.J. Moore,14.0,14.0,7.0,7.0,0.0
2020,11,CAR,Curtis Samuel,3.0,3.0,1.0,1.0,0.0
2020,11,DET,Adrian Peterson,6.0,0.9,12.0,1.7,0.0
2020,11,DET,Kerryon Johnson,8.0,1.3,9.0,1.5,0.0
2020,11,DET,Matthew Stafford,5.0,1.3,0.0,0.0,0.0
2020,11,CLE,Nick Chubb,41.0,2.1,73.0,3.7,4.0
2020,11,CLE,Kareem Hunt,0.0,0.0,11.0,0.8,2.0
2020,11,CLE,Baker Mayfield,4.0,0.7,5.0,0.8,0.0
2020,11,CLE,Jarvis Landry,3.0,3.0,0.0,0.0,0.0
2020,11,PHI,Miles Sanders,41.0,2.6,25.0,1.6,1.0
2020,11,PHI,Boston Scott,19.0,3.8,5.0,1.0,0.0
2020,11,PHI,Carson Wentz,2.0,0.7,8.0,2.7,0.0
2020,11,PHI,Jalen Hurts,4.0,4.0,2.0,2.0,0.0
2020,11,HOU,Duke Johnson,10.0,1.0,5.0,0.5,1.0
2020,11,HOU,Deshaun Watson,34.0,5.7,2.0,0.3,0.0
2020,11,HOU,C.J. Prosise,0.0,0.0,4.0,1.3,0.0
2020,11,NE,Damien Harris,28.0,2.5,15.0,1.4,1.0
2020,11,NE,James White,12.0,2.4,7.0,1.4,1.0
2020,11,NE,Rex Burkhead,7.0,1.8,0.0,0.0,0.0
2020,11,NE,Cam Newton,6.0,2.0,0.0,0.0,0.0
2020,11,NE,Damiere Byrd,11.0,11.0,0.0,0.0,0.0
2020,11,JAX,James Robinson,37.0,2.2,36.0,2.1,0.0
2020,11,PIT,James Conner,44.0,3.4,45.0,3.5,2.0
2020,11,PIT,Benny Snell Jr.,0.0,0.0,15.0,2.1,0.0
2020,11,PIT,Anthony McFarland Jr.,0.0,0.0,3.0,1.0,0.0
2020,11,PIT,Mason Rudolph,-4.0,-1.3,0.0,0.0,0.0
2020,11,PIT,Ray-Ray McCloud,0.0,0.0,3.0,3.0,0.0
2020,11,NO,Alvin Kamara,24.0,1.8,21.0,1.6,2.0
2020,11,NO,Latavius Murray,33.0,2.8,16.0,1.3,0.0
2020,11,NO,Taysom Hill,41.0,4.1,8.0,0.8,0.0
2020,11,NO,Deonte Harris,23.0,23.0,0.0,0.0,0.0
2020,11,ATL,Todd Gurley,15.0,1.9,11.0,1.4,1.0
2020,11,ATL,Brian Hill,8.0,2.0,10.0,2.5,0.0
2020,11,ATL,Brandon Powell,2.0,2.0,1.0,1.0,0.0
2020,11,ATL,Ito Smith,5.0,5.0,0.0,0.0,0.0
2020,11,WAS,Antonio Gibson,59.0,3.7,35.0,2.2,0.0
2020,11,WAS,Peyton Barber,16.0,2.0,12.0,1.5,1.0
2020,11,WAS,J.D. McKissic,28.0,4.7,15.0,2.5,1.0
2020,11,WAS,Alex Smith,-3.0,-1.0,0.0,0.0,0.0
2020,11,WAS,Logan Thomas,0.0,0.0,2.0,2.0,0.0
2020,11,CIN,Giovani Bernard,4.0,0.4,14.0,1.6,0.0
2020,11,CIN,Samaje Perine,9.0,1.8,10.0,2.0,0.0
2020,11,CIN,Joe Burrow,12.0,6.0,0.0,0.0,0.0
2020,11,CIN,Alex Erickson,0.0,0.0,2.0,2.0,0.0
2020,11,CIN,Ryan Finley,18.0,18.0,1.0,1.0,0.0
2020,11,DEN,Phillip Lindsay,69.0,4.3,13.0,0.8,1.0
2020,11,DEN,Melvin Gordon,57.0,3.8,27.0,1.8,0.0
2020,11,DEN,Drew Lock,23.0,11.5,0.0,0.0,0.0
2020,11,MIA,Salvon Ahmed,42.0,3.5,1.0,0.1,0.0
2020,11,MIA,Matt Breida,3.0,1.5,1.0,0.5,0.0
2020,11,MIA,Ryan Fitzpatrick,6.0,3.0,0.0,0.0,0.0
2020,11,MIA,Jakeem Grant,3.0,3.0,0.0,0.0,0.0
2020,11,LAC,Kalen Ballage,17.0,1.1,27.0,1.7,0.0
2020,11,LAC,Joshua Kelley,-3.0,-0.8,1.0,0.3,0.0
2020,11,LAC,Troymaine Pope,1.0,0.3,3.0,1.0,0.0
2020,11,LAC,Justin Herbert,2.0,1.0,9.0,4.5,0.0
2020,11,LAC,Ty Long,-28.0,-28.0,0.0,0.0,0.0
2020,11,NYJ,Frank Gore,45.0,3.0,16.0,1.1,0.0
2020,11,NYJ,La'Mical Perine,24.0,3.0,9.0,1.1,0.0
2020,11,NYJ,Joe Flacco,2.0,2.0,0.0,0.0,0.0
2020,11,IND,Jonathan Taylor,54.0,2.5,36.0,1.6,1.0
2020,11,IND,Nyheim Hines,-3.0,-0.5,5.0,0.8,0.0
2020,11,IND,Jordan Wilkins,15.0,3.8,6.0,1.5,1.0
2020,11,IND,Jacoby Brissett,5.0,2.5,4.0,2.0,0.0
2020,11,IND,De'Michael Harris,13.0,6.5,6.0,3.0,0.0
2020,11,IND,Philip Rivers,-1.0,-1.0,0.0,0.0,0.0
2020,11,GB,Aaron Jones,35.0,3.5,6.0,0.6,0.0
2020,11,GB,Jamaal Williams,7.0,1.4,5.0,1.0,1.0
2020,11,GB,Aaron Rodgers,13.0,4.3,0.0,0.0,0.0
2020,11,MIN,Dalvin Cook,72.0,2.7,43.0,1.6,3.0
2020,11,MIN,Kirk Cousins,4.0,4.0,0.0,0.0,0.0
2020,11,MIN,Alexander Mattison,4.0,4.0,2.0,2.0,0.0
2020,11,DAL,Ezekiel Elliott,69.0,3.3,34.0,1.6,0.0
2020,11,DAL,Tony Pollard,22.0,4.4,38.0,7.6,0.0
2020,11,DAL,Andy Dalton,5.0,1.7,0.0,0.0,0.0
2020,11,DAL,CeeDee Lamb,8.0,4.0,4.0,2.0,0.0
2020,11,LV,Josh Jacobs,36.0,2.1,19.0,1.1,0.0
2020,11,LV,Devontae Booker,8.0,1.6,8.0,1.6,0.0
2020,11,LV,Derek Carr,6.0,2.0,0.0,0.0,0.0
2020,11,LV,Henry Ruggs III,10.0,10.0,2.0,2.0,0.0
2020,11,KC,Clyde Edwards-Helaire,40.0,2.9,29.0,2.1,0.0
2020,11,KC,Le'Veon Bell,11.0,1.6,14.0,2.0,0.0
2020,11,KC,Patrick Mahomes,16.0,4.0,0.0,0.0,0.0
2020,11,KC,Tyreek Hill,-2.0,-1.0,0.0,0.0,0.0
2020,11,TB,Ronald Jones II,18.0,1.8,6.0,0.6,0.0
2020,11,TB,Leonard Fournette,8.0,1.1,9.0,1.3,0.0
2020,11,TB,Antonio Brown,1.0,1.0,0.0,0.0,0.0
2020,11,LA,Darrell Henderson,-3.0,-0.4,8.0,1.0,0.0
2020,11,LA,Cam Akers,7.0,1.4,8.0,1.6,0.0
2020,11,LA,Malcolm Brown,16.0,5.3,4.0,1.3,0.0
2020,11,LA,Robert Woods,-5.0,-2.5,1.0,0.5,0.0
2020,11,LA,Jared Goff,0.0,0.0,0.0,0.0,0.0
2020,11,LA,Tyler Higbee,1.0,1.0,0.0,0.0,0.0
2020,12,DET,Adrian Peterson,34.0,2.3,21.0,1.4,2.0
2020,12,DET,Kerryon Johnson,27.0,2.5,19.0,1.7,1.0
2020,12,DET,Jason Cabinda,0.0,0.0,0.0,0.0,0.0
2020,12,DET,Matthew Stafford,3.0,3.0,0.0,0.0,0.0
2020,12,DET,Jonathan Williams,5.0,5.0,0.0,0.0,0.0
2020,12,HOU,Duke Johnson,26.0,2.9,11.0,1.2,0.0
2020,12,HOU,Deshaun Watson,24.0,3.0,0.0,0.0,0.0
2020,12,HOU,C.J. Prosise,10.0,2.0,2.0,0.4,0.0
2020,12,HOU,Jordan Akins,0.0,0.0,4.0,4.0,1.0
2020,12,DAL,Ezekiel Elliott,7.0,0.7,25.0,2.5,0.0
2020,12,DAL,Tony Pollard,2.0,0.5,10.0,2.5,1.0
2020,12,DAL,Andy Dalton,17.0,5.7,0.0,0.0,0.0
2020,12,DAL,Cedrick Wilson Jr.,-1.0,-1.0,0.0,0.0,0.0
2020,12,WAS,Antonio Gibson,85.0,4.3,30.0,1.5,1.0
2020,12,WAS,Peyton Barber,37.0,3.4,20.0,1.8,0.0
2020,12,WAS,Alex Smith,1.0,0.3,0.0,0.0,0.0
2020,12,WAS,J.D. McKissic,5.0,5.0,1.0,1.0,0.0
2020,12,WAS,Logan Thomas,0.0,0.0,3.0,3.0,0.0
2020,12,ATL,Brian Hill,18.0,1.4,37.0,2.8,0.0
2020,12,ATL,Ito Smith,44.0,3.7,21.0,1.8,0.0
2020,12,ATL,Tony Brooks-James,0.0,0.0,4.0,1.3,0.0
2020,12,ATL,Matt Schaub,-4.0,-1.3,0.0,0.0,0.0
2020,12,ATL,Matt Ryan,5.0,5.0,0.0,0.0,0.0
2020,12,LV,Josh Jacobs,15.0,2.1,12.0,1.7,0.0
2020,12,LV,Devontae Booker,1.0,0.2,5.0,1.0,0.0
2020,12,LV,Nathan Peterman,8.0,8.0,1.0,1.0,0.0
2020,12,LV,Henry Ruggs III,-2.0,-2.0,0.0,0.0,0.0
2020,12,BUF,Devin Singletary,58.0,5.3,24.0,2.2,1.0
2020,12,BUF,Josh Allen,24.0,2.7,8.0,0.9,0.0
2020,12,BUF,Zack Moss,10.0,1.1,49.0,5.4,0.0
2020,12,BUF,Isaiah McKenzie,-1.0,-1.0,0.0,0.0,0.0
2020,12,LAC,Austin Ekeler,26.0,1.9,18.0,1.3,0.0
2020,12,LAC,Joshua Kelley,28.0,4.0,7.0,1.0,0.0
2020,12,LAC,Justin Herbert,-2.0,-1.0,0.0,0.0,0.0
2020,12,LAC,Troymaine Pope,-1.0,-1.0,0.0,0.0,0.0
2020,12,CIN,Giovani Bernard,23.0,2.9,9.0,1.1,0.0
2020,12,CIN,Brandon Allen,2.0,0.5,5.0,1.3,1.0
2020,12,CIN,Alex Erickson,-4.0,-4.0,0.0,0.0,0.0
2020,12,CIN,Shawn Williams,7.0,7.0,0.0,0.0,0.0
2020,12,CIN,Trayveon Williams,-2.0,-2.0,0.0,0.0,0.0
2020,12,NYG,Wayne Gallman,37.0,1.5,57.0,2.4,2.0
2020,12,NYG,Daniel Jones,14.0,2.3,5.0,0.8,0.0
2020,12,NYG,Colt McCoy,6.0,1.2,1.0,0.2,0.0
2020,12,NYG,Alfred Morris,3.0,0.8,5.0,1.3,0.0
2020,12,NYG,Dion Lewis,6.0,3.0,4.0,2.0,0.0
2020,12,NYG,Sterling Shepard,4.0,4.0,0.0,0.0,0.0
2020,12,IND,Nyheim Hines,15.0,1.5,14.0,1.4,0.0
2020,12,IND,Jordan Wilkins,20.0,3.3,2.0,0.3,0.0
2020,12,IND,Jacoby Brissett,2.0,0.5,1.0,0.3,0.0
2020,12,IND,De'Michael Harris,1.0,1.0,1.0,1.0,0.0
2020,12,TEN,Derrick Henry,95.0,3.5,83.0,3.1,3.0
2020,12,TEN,Jeremy McNichols,15.0,1.9,5.0,0.6,0.0
2020,12,TEN,D'Onta Foreman,15.0,3.8,13.0,3.3,0.0
2020,12,TEN,Logan Woodside,-5.0,-1.7,0.0,0.0,0.0
2020,12,TEN,Ryan Tannehill,2.0,1.0,1.0,0.5,0.0
2020,12,TEN,Cameron Batson,5.0,5.0,0.0,0.0,0.0
2020,12,JAX,James Robinson,57.0,2.6,71.0,3.2,5.0
2020,12,JAX,Mike Glennon,4.0,2.0,2.0,1.0,0.0
2020,12,JAX,Laviska Shenault Jr.,5.0,5.0,1.0,1.0,0.0
2020,12,CLE,Nick Chubb,83.0,4.4,61.0,3.2,3.0
2020,12,CLE,Kareem Hunt,22.0,2.2,40.0,4.0,3.0
2020,12,CLE,Baker Mayfield,1.0,0.3,0.0,0.0,0.0
2020,12,MIN,Dalvin Cook,36.0,2.0,25.0,1.4,1.0
2020,12,MIN,Kirk Cousins,13.0,4.3,6.0,2.0,0.0
2020,12,MIN,Alexander Mattison,4.0,2.0,2.0,1.0,0.0
2020,12,MIN,C.J. Ham,9.0,9.0,1.0,1.0,0.0
2020,12,CAR,Mike Davis,29.0,1.9,26.0,1.7,1.0
2020,12,CAR,Rodney Smith,0.0,0.0,18.0,2.6,2.0
2020,12,CAR,Trenton Cannon,8.0,2.7,9.0,3.0,0.0
2020,12,CAR,Teddy Bridgewater,9.0,4.5,3.0,1.5,0.0
2020,12,CAR,Curtis Samuel,2.0,2.0,3.0,3.0,0.0
2020,12,NE,Damien Harris,20.0,1.4,27.0,1.9,1.0
2020,12,NE,Cam Newton,35.0,3.9,11.0,1.2,1.0
2020,12,NE,James White,10.0,2.0,8.0,1.6,0.0
2020,12,NE,N'Keal Harry,-2.0,-2.0,0.0,0.0,0.0
2020,12,NE,Gunner Olszewski,0.0,0.0,1.0,1.0,0.0
2020,12,ARI,Kenyan Drake,52.0,2.4,26.0,1.2,0.0
2020,12,ARI,Chase Edmonds,23.0,3.8,6.0,1.0,0.0
2020,12,ARI,Kyler Murray,31.0,6.2,0.0,0.0,0.0
2020,12,ARI,Christian Kirk,0.0,0.0,0.0,0.0,0.0
2020,12,NYJ,Frank Gore,37.0,2.1,37.0,2.1,3.0
2020,12,NYJ,Sam Darnold,9.0,4.5,0.0,0.0,0.0
2020,12,NYJ,Ty Johnson,2.0,1.0,1.0,0.5,0.0
2020,12,NYJ,Josh Adams,1.0,1.0,0.0,0.0,0.0
2020,12,MIA,DeAndre Washington,33.0,2.5,16.0,1.2,0.0
2020,12,MIA,Matt Breida,20.0,2.5,16.0,2.0,1.0
2020,12,MIA,Ryan Fitzpatrick,6.0,2.0,4.0,1.3,0.0
2020,12,MIA,Patrick Laird,6.0,6.0,3.0,3.0,0.0
2020,12,DEN,Melvin Gordon,4.0,0.3,27.0,2.3,0.0
2020,12,DEN,Phillip Lindsay,7.0,0.8,13.0,1.4,0.0
2020,12,DEN,Royce Freeman,28.0,3.5,22.0,2.8,1.0
2020,12,DEN,KJ Hamler,-8.0,-4.0,0.0,0.0,0.0
2020,12,DEN,Kendall Hinton,4.0,2.0,3.0,1.5,0.0
2020,12,NO,Latavius Murray,96.0,5.1,28.0,1.5,0.0
2020,12,NO,Alvin Kamara,42.0,3.8,12.0,1.1,0.0
2020,12,NO,Taysom Hill,35.0,3.5,9.0,0.9,0.0
2020,12,NO,Dwayne Washington,4.0,1.3,2.0,0.7,0.0
2020,12,NO,Michael Thomas,0.0,0.0,1.0,1.0,0.0
2020,12,LA,Darrell Henderson,7.0,0.7,12.0,1.2,0.0
2020,12,LA,Cam Akers,73.0,8.1,11.0,1.2,0.0
2020,12,LA,Jared Goff,11.0,2.2,0.0,0.0,0.0
2020,12,LA,Malcolm Brown,3.0,1.0,1.0,0.3,0.0
2020,12,LA,Robert Woods,8.0,8.0,0.0,0.0,0.0
2020,12,SF,Raheem Mostert,25.0,1.6,18.0,1.1,0.0
2020,12,SF,Jeff Wilson,25.0,2.1,15.0,1.3,0.0
2020,12,SF,Jerick McKinnon,14.0,4.7,7.0,2.3,0.0
2020,12,SF,Kyle Juszczyk,6.0,3.0,2.0,1.0,0.0
2020,12,TB,Ronald Jones II,19.0,2.1,47.0,5.2,1.0
2020,12,TB,Leonard Fournette,5.0,1.7,5.0,1.7,0.0
2020,12,TB,Tom Brady,-1.0,-1.0,0.0,0.0,0.0
2020,12,KC,Clyde Edwards-Helaire,25.0,2.3,12.0,1.1,0.0
2020,12,KC,Le'Veon Bell,8.0,1.6,14.0,2.8,1.0
2020,12,KC,Patrick Mahomes,27.0,6.8,1.0,0.3,0.0
2020,12,GB,Aaron Jones,43.0,2.5,47.0,2.8,1.0
2020,12,GB,Jamaal Williams,43.0,2.5,30.0,1.8,1.0
2020,12,GB,Tim Boyle,0.0,0.0,0.0,0.0,0.0
2020,12,GB,Aaron Rodgers,10.0,5.0,2.0,1.0,0.0
2020,12,GB,Equanimeous St. Brown,4.0,4.0,3.0,3.0,0.0
2020,12,CHI,David Montgomery,63.0,5.7,40.0,3.6,0.0
2020,12,CHI,Mitchell Trubisky,9.0,3.0,1.0,0.3,0.0
2020,12,CHI,Cordarrelle Patterson,4.0,2.0,4.0,2.0,0.0
2020,12,PHI,Miles Sanders,10.0,1.7,5.0,0.8,1.0
2020,12,PHI,Carson Wentz,19.0,3.8,23.0,4.6,0.0
2020,12,PHI,Boston Scott,3.0,1.5,4.0,2.0,0.0
2020,12,PHI,Corey Clement,3.0,3.0,3.0,3.0,0.0
2020,12,SEA,Carlos Hyde,6.0,0.4,16.0,1.1,0.0
2020,12,SEA,Chris Carson,19.0,2.4,22.0,2.8,0.0
2020,12,SEA,Russell Wilson,11.0,1.8,1.0,0.2,0.0
2020,12,SEA,David Moore,0.0,0.0,1.0,1.0,0.0
2020,12,PIT,Benny Snell Jr.,22.0,1.4,38.0,2.4,0.0
2020,12,PIT,Anthony McFarland Jr.,5.0,1.7,4.0,1.3,0.0
2020,12,PIT,Ben Roethlisberger,-1.0,-1.0,0.0,0.0,0.0
2020,12,BAL,Gus Edwards,0.0,0.0,10.0,1.1,0.0
2020,12,BAL,Justice Hill,17.0,1.9,18.0,2.0,1.0
2020,12,BAL,Robert Griffin III,35.0,5.0,33.0,4.7,0.0
2020,12,BAL,Trace McSorley,12.0,4.0,4.0,1.3,0.0
2020,13,ATL,Todd Gurley,11.0,1.4,5.0,0.6,2.0
2020,13,ATL,Ito Smith,28.0,3.5,8.0,1.0,1.0
2020,13,ATL,Brian Hill,9.0,1.8,9.0,1.8,0.0
2020,13,NO,Alvin Kamara,37.0,2.5,51.0,3.4,3.0
2020,13,NO,Taysom Hill,77.0,5.5,6.0,0.4,0.0
2020,13,NO,Latavius Murray,10.0,2.0,7.0,1.4,0.0
2020,13,NO,Tommylee Lewis,10.0,10.0,6.0,6.0,1.0
2020,13,NO,Tre'Quan Smith,1.0,1.0,2.0,2.0,0.0
2020,13,CHI,David Montgomery,36.0,2.1,36.0,2.1,2.0
2020,13,CHI,Cordarrelle Patterson,45.0,4.5,14.0,1.4,0.0
2020,13,CHI,Mitchell Trubisky,5.0,1.7,1.0,0.3,0.0
2020,13,CHI,Anthony Miller,3.0,3.0,0.0,0.0,0.0
2020,13,DET,Adrian Peterson,27.0,1.7,30.0,1.9,2.0
2020,13,DET,Kerryon Johnson,2.0,0.7,1.0,0.3,0.0
2020,13,DET,Matthew Stafford,-1.0,-0.5,1.0,0.5,0.0
2020,13,DET,Jamal Agnew,0.0,0.0,0.0,0.0,0.0
2020,13,HOU,David Johnson,25.0,2.5,19.0,1.9,1.0
2020,13,HOU,Deshaun Watson,16.0,2.3,22.0,3.1,2.0
2020,13,HOU,Duke Johnson,4.0,2.0,4.0,2.0,0.0
2020,13,IND,Jonathan Taylor,52.0,4.0,39.0,3.0,3.0
2020,13,IND,Nyheim Hines,4.0,0.7,6.0,1.0,0.0
2020,13,IND,Jordan Wilkins,6.0,1.2,6.0,1.2,1.0
2020,13,IND,Jacoby Brissett,-1.0,-0.5,2.0,1.0,0.0
2020,13,IND,Philip Rivers,-2.0,-1.0,0.0,0.0,0.0
2020,13,IND,De'Michael Harris,-3.0,-3.0,0.0,0.0,1.0
2020,13,MIA,Myles Gaskin,51.0,2.4,39.0,1.9,0.0
2020,13,MIA,Patrick Laird,2.0,0.7,4.0,1.3,0.0
2020,13,MIA,Tua Tagovailoa,-2.0,-0.7,5.0,1.7,0.0
2020,13,MIA,Lynn Bowden Jr.,11.0,11.0,0.0,0.0,0.0
2020,13,CIN,Giovani Bernard,7.0,0.6,23.0,1.9,0.0
2020,13,CIN,Samaje Perine,2.0,0.7,5.0,1.7,1.0
2020,13,CIN,Brandon Allen,1.0,0.5,2.0,1.0,0.0
2020,13,MIN,Dalvin Cook,58.0,1.8,62.0,1.9,1.0
2020,13,MIN,Kirk Cousins,12.0,4.0,0.0,0.0,0.0
2020,13,MIN,Ameer Abdullah,8.0,4.0,3.0,1.5,0.0
2020,13,MIN,Justin Jefferson,1.0,1.0,1.0,1.0,0.0
2020,13,JAX,James Robinson,45.0,2.5,33.0,1.8,0.0
2020,13,JAX,Mike Glennon,8.0,2.7,1.0,0.3,0.0
2020,13,JAX,Dare Ogunbowale,3.0,1.5,4.0,2.0,0.0
2020,13,JAX,Laviska Shenault Jr.,17.0,8.5,13.0,6.5,0.0
2020,13,NYJ,Ty Johnson,77.0,3.5,27.0,1.2,1.0
2020,13,NYJ,Josh Adams,16.0,2.0,58.0,7.3,4.0
2020,13,NYJ,Sam Darnold,23.0,7.7,3.0,1.0,0.0
2020,13,NYJ,Frank Gore,2.0,2.0,0.0,0.0,0.0
2020,13,LV,Devontae Booker,31.0,1.9,19.0,1.2,0.0
2020,13,LV,Jalen Richard,6.0,1.5,5.0,1.3,0.0
2020,13,LV,Theo Riddick,3.0,1.0,3.0,1.0,0.0
2020,13,LV,Derek Carr,5.0,2.5,0.0,0.0,0.0
2020,13,TEN,Derrick Henry,44.0,2.9,16.0,1.1,0.0
2020,13,TEN,Jeremy McNichols,2.0,1.0,0.0,0.0,0.0
2020,13,TEN,Cameron Batson,0.0,0.0,0.0,0.0,0.0
2020,13,CLE,Nick Chubb,54.0,3.0,26.0,1.4,3.0
2020,13,CLE,Kareem Hunt,12.0,0.9,21.0,1.5,2.0
2020,13,CLE,Baker Mayfield,5.0,1.3,0.0,0.0,0.0
2020,13,ARI,Kenyan Drake,18.0,1.8,31.0,3.1,0.0
2020,13,ARI,Chase Edmonds,17.0,2.8,11.0,1.8,0.0
2020,13,ARI,Kyler Murray,14.0,2.8,1.0,0.2,0.0
2020,13,LA,Cam Akers,36.0,1.7,36.0,1.7,0.0
2020,13,LA,Jared Goff,-1.0,-0.3,2.0,0.5,0.0
2020,13,LA,Malcolm Brown,-4.0,-1.3,1.0,0.3,0.0
2020,13,LA,Darrell Henderson,41.0,13.7,8.0,2.7,1.0
2020,13,SEA,Chris Carson,42.0,3.2,23.0,1.8,1.0
2020,13,SEA,Russell Wilson,45.0,6.4,0.0,0.0,0.0
2020,13,SEA,Carlos Hyde,0.0,0.0,1.0,0.5,1.0
2020,13,NYG,Wayne Gallman,90.0,5.6,45.0,2.8,2.0
2020,13,NYG,Alfred Morris,22.0,2.8,17.0,2.1,1.0
2020,13,NYG,Dion Lewis,3.0,1.0,3.0,1.0,0.0
2020,13,NYG,Colt McCoy,2.0,1.0,0.0,0.0,0.0
2020,13,NYG,Elijhaa Penny,1.0,0.5,7.0,3.5,0.0
2020,13,GB,Aaron Jones,20.0,1.3,110.0,7.3,2.0
2020,13,GB,Jamaal Williams,11.0,2.2,15.0,3.0,0.0
2020,13,GB,Aaron Rodgers,-3.0,-0.8,0.0,0.0,0.0
2020,13,GB,Marquez Valdes-Scantling,-4.0,-4.0,0.0,0.0,0.0
2020,13,PHI,Miles Sanders,4.0,0.4,27.0,2.7,0.0
2020,13,PHI,Jalen Hurts,21.0,4.2,8.0,1.6,0.0
2020,13,PHI,Jordan Howard,5.0,1.3,14.0,3.5,0.0
2020,13,PHI,Carson Wentz,13.0,4.3,5.0,1.7,0.0
2020,13,PHI,Boston Scott,5.0,2.5,4.0,2.0,0.0
2020,13,PHI,Jalen Reagor,11.0,11.0,0.0,0.0,0.0
2020,13,LAC,Austin Ekeler,23.0,2.9,13.0,1.6,0.0
2020,13,LAC,Kalen Ballage,22.0,3.1,12.0,1.7,1.0
2020,13,NE,Damien Harris,42.0,2.6,38.0,2.4,2.0
2020,13,NE,Cam Newton,23.0,1.6,25.0,1.8,1.0
2020,13,NE,Sony Michel,17.0,1.7,18.0,1.8,0.0
2020,13,NE,Jarrett Stidham,-2.0,-1.0,0.0,0.0,0.0
2020,13,NE,Donte Moncrief,0.0,0.0,4.0,4.0,1.0
2020,13,KC,Le'Veon Bell,22.0,2.0,18.0,1.6,0.0
2020,13,KC,Darrel Williams,28.0,4.7,10.0,1.7,0.0
2020,13,KC,Patrick Mahomes,26.0,6.5,0.0,0.0,0.0
2020,13,KC,Tyreek Hill,30.0,30.0,0.0,0.0,0.0
2020,13,DEN,Melvin Gordon,95.0,6.3,36.0,2.4,1.0
2020,13,DEN,Phillip Lindsay,14.0,1.0,12.0,0.9,0.0
2020,13,DEN,KJ Hamler,13.0,6.5,0.0,0.0,0.0
2020,13,DEN,Drew Lock,6.0,3.0,3.0,1.5,0.0
2020,13,PIT,Benny Snell Jr.,2.0,0.3,3.0,0.4,0.0
2020,13,PIT,Anthony McFarland Jr.,8.0,2.0,7.0,1.8,0.0
2020,13,PIT,Ben Roethlisberger,0.0,0.0,0.0,0.0,0.0
2020,13,PIT,Jaylen Samuels,1.0,1.0,0.0,0.0,0.0
2020,13,WAS,Peyton Barber,13.0,0.9,10.0,0.7,0.0
2020,13,WAS,J.D. McKissic,5.0,1.0,3.0,0.6,0.0
2020,13,WAS,Antonio Gibson,4.0,2.0,10.0,5.0,0.0
2020,13,SF,Raheem Mostert,24.0,2.7,18.0,2.0,1.0
2020,13,SF,Jeff Wilson,4.0,0.6,43.0,6.1,2.0
2020,13,SF,Tevin Coleman,-11.0,-5.5,0.0,0.0,0.0
2020,13,SF,Kyle Juszczyk,2.0,1.0,3.0,1.5,0.0
2020,13,SF,Deebo Samuel,0.0,0.0,3.0,3.0,0.0
2020,13,BUF,Devin Singletary,20.0,1.1,41.0,2.3,0.0
2020,13,BUF,Josh Allen,10.0,1.7,1.0,0.2,0.0
2020,13,BUF,Zack Moss,4.0,1.3,5.0,1.7,0.0
2020,13,BAL,Lamar Jackson,75.0,5.8,19.0,1.5,0.0
2020,13,BAL,J.K. Dobbins,34.0,3.1,37.0,3.4,2.0
2020,13,BAL,Gus Edwards,55.0,7.9,46.0,6.6,1.0
2020,13,BAL,Mark Ingram,9.0,1.5,19.0,3.2,1.0
2020,13,DAL,Ezekiel Elliott,31.0,1.7,46.0,2.6,0.0
2020,13,DAL,Tony Pollard,12.0,1.5,10.0,1.3,2.0
2020,13,DAL,Amari Cooper,9.0,9.0,1.0,1.0,0.0
2020,13,DAL,Andy Dalton,1.0,1.0,1.0,1.0,0.0
2020,14,LA,Cam Akers,112.0,3.9,59.0,2.0,1.0
2020,14,LA,Jared Goff,10.0,2.5,1.0,0.3,0.0
2020,14,LA,Darrell Henderson,5.0,2.5,0.0,0.0,0.0
2020,14,LA,Robert Woods,-1.0,-1.0,0.0,0.0,0.0
2020,14,NE,Damien Harris,37.0,3.4,13.0,1.2,0.0
2020,14,NE,Sony Michel,15.0,2.1,7.0,1.0,0.0
2020,14,NE,Cam Newton,15.0,2.1,1.0,0.1,0.0
2020,14,NE,James White,14.0,4.7,2.0,0.7,0.0
2020,14,NE,Jarrett Stidham,3.0,3.0,0.0,0.0,0.0
2020,14,CAR,Mike Davis,32.0,2.9,19.0,1.7,1.0
2020,14,CAR,Teddy Bridgewater,30.0,10.0,1.0,0.3,0.0
2020,14,CAR,Robby Anderson,13.0,6.5,0.0,0.0,0.0
2020,14,CAR,Curtis Samuel,19.0,9.5,3.0,1.5,0.0
2020,14,CAR,Rodney Smith,6.0,3.0,4.0,2.0,0.0
2020,14,CAR,Trenton Cannon,-2.0,-2.0,0.0,0.0,0.0
2020,14,DEN,Melvin Gordon,40.0,3.1,28.0,2.2,1.0
2020,14,DEN,Phillip Lindsay,13.0,1.2,11.0,1.0,0.0
2020,14,DEN,Drew Lock,3.0,0.5,1.0,0.2,0.0
2020,14,CHI,David Montgomery,29.0,2.6,84.0,7.6,4.0
2020,14,CHI,Cordarrelle Patterson,6.0,1.0,20.0,3.3,2.0
2020,14,CHI,Mitchell Trubisky,14.0,3.5,9.0,2.3,1.0
2020,14,CHI,Darnell Mooney,5.0,5.0,0.0,0.0,0.0
2020,14,CHI,Javon Wims,1.0,1.0,1.0,1.0,0.0
2020,14,HOU,Buddy Howell,29.0,2.6,13.0,1.2,0.0
2020,14,HOU,Duke Johnson,10.0,1.3,16.0,2.0,2.0
2020,14,HOU,Deshaun Watson,37.0,5.3,1.0,0.1,0.0
2020,14,HOU,C.J. Prosise,2.0,2.0,0.0,0.0,0.0
2020,14,CIN,Trayveon Williams,41.0,3.4,8.0,0.7,0.0
2020,14,CIN,Samaje Perine,23.0,2.3,9.0,0.9,1.0
2020,14,CIN,Brandon Allen,11.0,2.8,1.0,0.3,0.0
2020,14,CIN,Giovani Bernard,6.0,2.0,2.0,0.7,0.0
2020,14,CIN,Alex Erickson,0.0,0.0,0.0,0.0,0.0
2020,14,DAL,Ezekiel Elliott,22.0,1.8,26.0,2.2,0.0
2020,14,DAL,Tony Pollard,29.0,2.6,10.0,0.9,1.0
2020,14,DAL,Andy Dalton,-1.0,-1.0,0.0,0.0,0.0
2020,14,DAL,CeeDee Lamb,0.0,0.0,15.0,15.0,0.0
2020,14,JAX,James Robinson,6.0,0.5,61.0,5.1,0.0
2020,14,JAX,Gardner Minshew II,22.0,11.0,0.0,0.0,0.0
2020,14,JAX,Laviska Shenault Jr.,0.0,0.0,2.0,2.0,0.0
2020,14,TEN,Derrick Henry,158.0,6.1,57.0,2.2,1.0
2020,14,TEN,Jeremy McNichols,-1.0,-0.1,10.0,0.9,1.0
2020,14,TEN,Amani Hooker,4.0,4.0,0.0,0.0,0.0
2020,14,TEN,Jonnu Smith,3.0,3.0,0.0,0.0,0.0
2020,14,TEN,Logan Woodside,16.0,16.0,2.0,2.0,0.0
2020,14,MIA,DeAndre Washington,19.0,1.5,16.0,1.2,1.0
2020,14,MIA,Tua Tagovailoa,23.0,3.8,1.0,0.2,0.0
2020,14,MIA,Patrick Laird,8.0,2.0,11.0,2.8,0.0
2020,14,MIA,Lynn Bowden Jr.,2.0,2.0,0.0,0.0,0.0
2020,14,KC,Clyde Edwards-Helaire,23.0,1.4,9.0,0.6,0.0
2020,14,KC,Patrick Mahomes,9.0,1.8,0.0,0.0,0.0
2020,14,KC,Le'Veon Bell,15.0,7.5,6.0,3.0,1.0
2020,14,KC,Tyreek Hill,20.0,20.0,12.0,12.0,1.0
2020,14,NYG,Wayne Gallman,16.0,1.3,41.0,3.4,5.0
2020,14,NYG,Alfred Morris,2.0,0.7,5.0,1.7,0.0
2020,14,NYG,Dion Lewis,9.0,4.5,5.0,2.5,0.0
2020,14,ARI,Kenyan Drake,20.0,0.9,60.0,2.6,3.0
2020,14,ARI,Kyler Murray,33.0,2.5,14.0,1.1,0.0
2020,14,ARI,Chase Edmonds,20.0,2.9,12.0,1.7,1.0
2020,14,TB,Ronald Jones II,49.0,2.7,31.0,1.7,0.0
2020,14,TB,LeSean McCoy,26.0,6.5,6.0,1.5,0.0
2020,14,TB,Tom Brady,-2.0,-0.7,0.0,0.0,0.0
2020,14,TB,Ke'Shawn Vaughn,-3.0,-3.0,0.0,0.0,0.0
2020,14,MIN,Dalvin Cook,63.0,2.9,39.0,1.8,3.0
2020,14,MIN,Kirk Cousins,39.0,7.8,2.0,0.4,0.0
2020,14,MIN,Ameer Abdullah,5.0,1.7,6.0,2.0,0.0
2020,14,MIN,Mike Boone,1.0,0.5,7.0,3.5,1.0
2020,14,MIN,C.J. Ham,0.0,0.0,0.0,0.0,0.0
2020,14,LV,Josh Jacobs,30.0,2.3,19.0,1.5,0.0
2020,14,LV,Devontae Booker,6.0,1.5,2.0,0.5,0.0
2020,14,LV,Derek Carr,11.0,3.7,1.0,0.3,0.0
2020,14,LV,Jalen Richard,9.0,4.5,1.0,0.5,0.0
2020,14,IND,Jonathan Taylor,72.0,3.6,78.0,3.9,1.0
2020,14,IND,Nyheim Hines,45.0,6.4,13.0,1.9,0.0
2020,14,IND,Jacoby Brissett,-2.0,-1.0,0.0,0.0,0.0
2020,14,IND,Michael Pittman Jr.,0.0,0.0,3.0,3.0,0.0
2020,14,IND,Jordan Wilkins,2.0,2.0,1.0,1.0,0.0
2020,14,SEA,Carlos Hyde,25.0,1.7,41.0,2.7,0.0
2020,14,SEA,Chris Carson,48.0,4.0,28.0,2.3,0.0
2020,14,SEA,DeeJay Dallas,0.0,0.0,7.0,1.8,0.0
2020,14,SEA,Geno Smith,-2.0,-1.0,0.0,0.0,0.0
2020,14,SEA,Penny Hart,19.0,19.0,0.0,0.0,0.0
2020,14,SEA,David Moore,3.0,3.0,6.0,6.0,1.0
2020,14,SEA,Russell Wilson,-1.0,-1.0,0.0,0.0,0.0
2020,14,NYJ,Frank Gore,13.0,1.6,10.0,1.3,0.0
2020,14,NYJ,Ty Johnson,5.0,0.6,11.0,1.4,0.0
2020,14,NYJ,Josh Adams,18.0,3.0,9.0,1.5,0.0
2020,14,NYJ,Sam Darnold,3.0,3.0,0.0,0.0,0.0
2020,14,DET,D'Andre Swift,13.0,1.9,11.0,1.6,0.0
2020,14,DET,Adrian Peterson,2.0,0.5,5.0,1.3,0.0
2020,14,DET,Kerryon Johnson,0.0,0.0,3.0,1.5,0.0
2020,14,DET,Jamal Agnew,11.0,11.0,0.0,0.0,0.0
2020,14,DET,Matthew Stafford,6.0,6.0,0.0,0.0,0.0
2020,14,GB,Aaron Jones,25.0,1.7,44.0,2.9,0.0
2020,14,GB,Jamaal Williams,17.0,1.7,21.0,2.1,0.0
2020,14,GB,Aaron Rodgers,13.0,2.2,0.0,0.0,0.0
2020,14,LAC,Austin Ekeler,32.0,2.1,47.0,3.1,4.0
2020,14,LAC,Kalen Ballage,9.0,1.3,5.0,0.7,0.0
2020,14,LAC,Justin Jackson,6.0,2.0,3.0,1.0,0.0
2020,14,LAC,Gabe Nabers,1.0,1.0,2.0,2.0,0.0
2020,14,ATL,Ito Smith,26.0,2.4,16.0,1.5,0.0
2020,14,ATL,Todd Gurley,12.0,2.0,7.0,1.2,0.0
2020,14,ATL,Brian Hill,3.0,3.0,0.0,0.0,0.0
2020,14,ATL,Matt Ryan,3.0,3.0,0.0,0.0,0.0
2020,14,ATL,Keith Smith,2.0,2.0,1.0,1.0,0.0
2020,14,PHI,Jalen Hurts,93.0,5.2,13.0,0.7,0.0
2020,14,PHI,Miles Sanders,30.0,2.1,85.0,6.1,0.0
2020,14,PHI,Boston Scott,2.0,0.7,4.0,1.3,0.0
2020,14,PHI,Jalen Reagor,17.0,17.0,2.0,2.0,0.0
2020,14,NO,Alvin Kamara,29.0,2.6,21.0,1.9,0.0
2020,14,NO,Taysom Hill,28.0,5.6,5.0,1.0,0.0
2020,14,NO,Latavius Murray,8.0,2.0,5.0,1.3,0.0
2020,14,SF,Raheem Mostert,26.0,1.9,39.0,2.8,2.0
2020,14,SF,Jeff Wilson,12.0,1.1,19.0,1.7,0.0
2020,14,SF,Kyle Juszczyk,0.0,0.0,3.0,3.0,0.0
2020,14,SF,Deebo Samuel,1.0,1.0,8.0,8.0,0.0
2020,14,WAS,Peyton Barber,19.0,1.6,18.0,1.5,2.0
2020,14,WAS,J.D. McKissic,20.0,1.8,48.0,4.4,2.0
2020,14,WAS,Dwayne Haskins,-12.0,-3.0,0.0,0.0,0.0
2020,14,WAS,Cam Sims,1.0,1.0,4.0,4.0,0.0
2020,14,BUF,Zack Moss,8.0,0.6,35.0,2.7,1.0
2020,14,BUF,Devin Singletary,4.0,0.6,28.0,4.0,2.0
2020,14,BUF,Josh Allen,23.0,3.8,5.0,0.8,0.0
2020,14,BUF,Stefon Diggs,0.0,0.0,1.0,1.0,0.0
2020,14,PIT,James Conner,2.0,0.2,16.0,1.6,2.0
2020,14,PIT,Jaylen Samuels,8.0,2.0,7.0,1.8,0.0
2020,14,PIT,Benny Snell Jr.,4.0,1.3,10.0,3.3,0.0
2020,14,CLE,Nick Chubb,25.0,1.5,57.0,3.4,0.0
2020,14,CLE,Kareem Hunt,18.0,3.0,15.0,2.5,0.0
2020,14,CLE,Baker Mayfield,14.0,2.8,9.0,1.8,0.0
2020,14,BAL,J.K. Dobbins,22.0,1.7,31.0,2.4,0.0
2020,14,BAL,Lamar Jackson,94.0,10.4,30.0,3.3,0.0
2020,14,BAL,Gus Edwards,17.0,2.4,32.0,4.6,0.0
2020,14,BAL,Trace McSorley,-2.0,-1.0,3.0,1.5,0.0
2020,14,BAL,Justice Hill,2.0,2.0,2.0,2.0,0.0
2020,15,LV,Josh Jacobs,27.0,1.0,49.0,1.9,1.0
2020,15,LV,Marcus Mariota,60.0,6.7,28.0,3.1,1.0
2020,15,LV,Devontae Booker,6.0,2.0,6.0,2.0,0.0
2020,15,LV,AJ Cole III,0.0,0.0,0.0,0.0,0.0
2020,15,LV,Alec Ingold,0.0,0.0,2.0,2.0,0.0
2020,15,LV,Theo Riddick,-5.0,-5.0,0.0,0.0,0.0
2020,15,LAC,Austin Ekeler,28.0,2.2,32.0,2.5,0.0
2020,15,LAC,Kalen Ballage,-2.0,-0.3,13.0,1.6,0.0
2020,15,LAC,Justin Herbert,13.0,3.3,1.0,0.3,0.0
2020,15,LAC,Joshua Kelley,3.0,1.5,5.0,2.5,0.0
2020,15,LAC,Keenan Allen,-1.0,-1.0,0.0,0.0,0.0
2020,15,LAC,Jalen Guyton,3.0,3.0,1.0,1.0,0.0
2020,15,DEN,Melvin Gordon,44.0,4.0,17.0,1.5,1.0
2020,15,DEN,Phillip Lindsay,23.0,2.1,15.0,1.4,1.0
2020,15,DEN,Drew Lock,35.0,7.0,2.0,0.4,0.0
2020,15,DEN,Royce Freeman,3.0,3.0,1.0,1.0,0.0
2020,15,BUF,Zack Moss,53.0,4.1,28.0,2.2,3.0
2020,15,BUF,Devin Singletary,10.0,1.3,58.0,7.3,0.0
2020,15,BUF,Josh Allen,33.0,11.0,0.0,0.0,0.0
2020,15,GB,Aaron Jones,113.0,5.7,32.0,1.6,0.0
2020,15,GB,Aaron Rodgers,26.0,5.2,0.0,0.0,0.0
2020,15,GB,AJ Dillon,10.0,10.0,8.0,8.0,1.0
2020,15,GB,Jamaal Williams,5.0,5.0,1.0,1.0,0.0
2020,15,CAR,Mike Davis,42.0,3.0,17.0,1.2,0.0
2020,15,CAR,Teddy Bridgewater,19.0,4.8,7.0,1.8,0.0
2020,15,CAR,Rodney Smith,18.0,4.5,5.0,1.3,0.0
2020,15,CAR,Curtis Samuel,5.0,2.5,1.0,0.5,0.0
2020,15,CAR,Robby Anderson,-1.0,-1.0,0.0,0.0,0.0
2020,15,CAR,D.J. Moore,0.0,0.0,1.0,1.0,0.0
2020,15,CAR,Brandon Zylstra,1.0,1.0,0.0,0.0,0.0
2020,15,ATL,Ito Smith,15.0,2.5,9.0,1.5,1.0
2020,15,ATL,Brian Hill,-3.0,-0.6,1.0,0.2,1.0
2020,15,ATL,Todd Gurley,-1.0,-1.0,0.0,0.0,0.0
2020,15,ATL,Matt Ryan,16.0,16.0,0.0,0.0,0.0
2020,15,TB,Leonard Fournette,10.0,0.7,39.0,2.8,0.0
2020,15,TB,Tom Brady,-2.0,-1.0,0.0,0.0,0.0
2020,15,TB,Ke'Shawn Vaughn,1.0,0.5,3.0,1.5,0.0
2020,15,BAL,J.K. Dobbins,40.0,2.9,24.0,1.7,0.0
2020,15,BAL,Lamar Jackson,21.0,2.1,14.0,1.4,0.0
2020,15,BAL,Gus Edwards,14.0,1.6,28.0,3.1,1.0
2020,15,BAL,Tyler Huntley,17.0,4.3,1.0,0.3,0.0
2020,15,JAX,James Robinson,9.0,0.6,26.0,1.6,1.0
2020,15,JAX,Gardner Minshew II,9.0,4.5,0.0,0.0,0.0
2020,15,JAX,Dare Ogunbowale,6.0,3.0,11.0,5.5,0.0
2020,15,JAX,Laviska Shenault Jr.,0.0,0.0,1.0,0.5,0.0
2020,15,DAL,Tony Pollard,21.0,1.8,48.0,4.0,2.0
2020,15,DAL,Rico Dowdle,5.0,1.3,6.0,1.5,0.0
2020,15,DAL,Amari Cooper,-9.0,-4.5,2.0,1.0,0.0
2020,15,DAL,Andy Dalton,6.0,3.0,2.0,1.0,0.0
2020,15,DAL,Blake Bell,1.0,1.0,1.0,1.0,0.0
2020,15,DAL,Noah Brown,1.0,1.0,3.0,3.0,0.0
2020,15,SF,Jeff Wilson,36.0,2.3,24.0,1.5,1.0
2020,15,SF,Raheem Mostert,42.0,3.0,26.0,1.9,1.0
2020,15,SF,Tevin Coleman,6.0,2.0,5.0,1.7,0.0
2020,15,SF,Kyle Juszczyk,2.0,1.0,2.0,1.0,0.0
2020,15,SF,Nick Mullens,7.0,7.0,0.0,0.0,0.0
2020,15,IND,Jonathan Taylor,38.0,2.4,45.0,2.8,0.0
2020,15,IND,Nyheim Hines,22.0,4.4,21.0,4.2,1.0
2020,15,IND,Jacoby Brissett,1.0,1.0,1.0,1.0,0.0
2020,15,IND,Philip Rivers,-1.0,-1.0,0.0,0.0,0.0
2020,15,HOU,David Johnson,22.0,2.8,5.0,0.6,0.0
2020,15,HOU,Deshaun Watson,17.0,2.8,8.0,1.3,0.0
2020,15,HOU,Buddy Howell,15.0,3.0,7.0,1.4,0.0
2020,15,HOU,Scottie Phillips,5.0,2.5,4.0,2.0,0.0
2020,15,MIA,Salvon Ahmed,96.0,4.2,26.0,1.1,3.0
2020,15,MIA,Matt Breida,76.0,6.3,10.0,0.8,1.0
2020,15,MIA,Tua Tagovailoa,9.0,3.0,0.0,0.0,0.0
2020,15,MIA,Patrick Laird,20.0,10.0,0.0,0.0,0.0
2020,15,MIA,Lynn Bowden Jr.,2.0,2.0,7.0,7.0,2.0
2020,15,MIA,Malcolm Perry,1.0,1.0,3.0,3.0,0.0
2020,15,NE,Sony Michel,46.0,4.6,28.0,2.8,1.0
2020,15,NE,Cam Newton,32.0,3.6,6.0,0.7,0.0
2020,15,NE,James White,3.0,1.5,0.0,0.0,0.0
2020,15,NE,J.J. Taylor,2.0,2.0,0.0,0.0,0.0
2020,15,MIN,Dalvin Cook,69.0,2.9,63.0,2.6,1.0
2020,15,MIN,Kirk Cousins,23.0,7.7,2.0,0.7,0.0
2020,15,MIN,Alexander Mattison,0.0,0.0,1.0,1.0,0.0
2020,15,CHI,David Montgomery,86.0,2.7,60.0,1.9,3.0
2020,15,CHI,Mitchell Trubisky,24.0,3.0,10.0,1.3,0.0
2020,15,CHI,Darnell Mooney,16.0,16.0,0.0,0.0,0.0
2020,15,CHI,Cordarrelle Patterson,2.0,2.0,1.0,1.0,0.0
2020,15,TEN,Derrick Henry,55.0,2.3,92.0,3.8,1.0
2020,15,TEN,Darrynton Evans,15.0,1.9,15.0,1.9,0.0
2020,15,TEN,Ryan Tannehill,21.0,7.0,0.0,0.0,0.0
2020,15,TEN,Logan Woodside,-3.0,-1.0,0.0,0.0,0.0
2020,15,DET,D'Andre Swift,42.0,2.8,25.0,1.7,2.0
2020,15,DET,Adrian Peterson,16.0,2.7,7.0,1.2,0.0
2020,15,DET,Matthew Stafford,12.0,6.0,0.0,0.0,0.0
2020,15,DET,Jamal Agnew,7.0,7.0,0.0,0.0,0.0
2020,15,DET,Chase Daniel,11.0,11.0,0.0,0.0,0.0
2020,15,DET,T.J. Hockenson,0.0,0.0,0.0,0.0,0.0
2020,15,DET,C.J. Moore,3.0,3.0,0.0,0.0,0.0
2020,15,WAS,J.D. McKissic,28.0,2.2,23.0,1.8,0.0
2020,15,WAS,Peyton Barber,0.0,0.0,5.0,1.3,0.0
2020,15,WAS,Dwayne Haskins,28.0,9.3,0.0,0.0,0.0
2020,15,SEA,Chris Carson,24.0,1.6,39.0,2.6,4.0
2020,15,SEA,Russell Wilson,51.0,8.5,1.0,0.2,0.0
2020,15,SEA,Carlos Hyde,1.0,0.5,54.0,27.0,0.0
2020,15,SEA,Rashaad Penny,3.0,1.5,3.0,1.5,0.0
2020,15,SEA,David Moore,4.0,4.0,1.0,1.0,0.0
2020,15,ARI,Chase Edmonds,20.0,1.8,27.0,2.5,4.0
2020,15,ARI,Kenyan Drake,12.0,1.2,14.0,1.4,0.0
2020,15,ARI,Kyler Murray,15.0,1.9,14.0,1.8,1.0
2020,15,ARI,DeAndre Hopkins,0.0,0.0,1.0,1.0,0.0
2020,15,PHI,Miles Sanders,28.0,1.6,36.0,2.1,0.0
2020,15,PHI,Jalen Hurts,49.0,4.5,14.0,1.3,2.0
2020,15,PHI,Jalen Reagor,-10.0,-10.0,0.0,0.0,0.0
2020,15,LA,Cam Akers,23.0,1.5,40.0,2.7,0.0
2020,15,LA,Malcolm Brown,3.0,3.0,1.0,1.0,0.0
2020,15,LA,Jared Goff,9.0,9.0,0.0,0.0,0.0
2020,15,LA,Darrell Henderson,-2.0,-2.0,0.0,0.0,0.0
2020,15,LA,Robert Woods,37.0,37.0,3.0,3.0,0.0
2020,15,NYJ,Frank Gore,14.0,0.6,45.0,2.0,0.0
2020,15,NYJ,Sam Darnold,18.0,3.6,0.0,0.0,0.0
2020,15,NYJ,Ty Johnson,7.0,2.3,9.0,3.0,0.0
2020,15,NO,Alvin Kamara,31.0,2.8,23.0,2.1,0.0
2020,15,NO,Latavius Murray,0.0,0.0,3.0,0.8,0.0
2020,15,NO,Taysom Hill,1.0,0.5,2.0,1.0,1.0
2020,15,KC,Le'Veon Bell,37.0,2.5,25.0,1.7,1.0
2020,15,KC,Clyde Edwards-Helaire,36.0,2.6,43.0,3.1,1.0
2020,15,KC,Patrick Mahomes,37.0,5.3,0.0,0.0,0.0
2020,15,KC,Darrel Williams,1.0,0.3,4.0,1.3,0.0
2020,15,KC,Mecole Hardman,-5.0,-5.0,0.0,0.0,0.0
2020,15,KC,Tyreek Hill,1.0,1.0,0.0,0.0,0.0
2020,15,NYG,Wayne Gallman,24.0,2.7,5.0,0.6,0.0
2020,15,NYG,Alfred Morris,32.0,4.6,7.0,1.0,0.0
2020,15,NYG,Colt McCoy,3.0,1.5,0.0,0.0,0.0
2020,15,NYG,Dion Lewis,4.0,4.0,0.0,0.0,0.0
2020,15,NYG,Elijhaa Penny,2.0,2.0,0.0,0.0,0.0
2020,15,NYG,Sterling Shepard,-3.0,-3.0,0.0,0.0,0.0
2020,15,CLE,Nick Chubb,32.0,2.1,18.0,1.2,1.0
2020,15,CLE,Kareem Hunt,14.0,2.0,7.0,1.0,0.0
2020,15,CLE,D'Ernest Johnson,20.0,5.0,4.0,1.0,0.0
2020,15,CLE,Baker Mayfield,11.0,2.8,0.0,0.0,0.0
2020,15,CIN,Giovani Bernard,30.0,1.2,53.0,2.1,0.0
2020,15,CIN,Ryan Finley,35.0,3.5,12.0,1.2,0.0
2020,15,CIN,Samaje Perine,5.0,1.3,9.0,2.3,0.0
2020,15,CIN,Trayveon Williams,2.0,1.0,6.0,3.0,0.0
2020,15,PIT,Benny Snell Jr.,41.0,2.3,43.0,2.4,1.0
2020,15,PIT,Ben Roethlisberger,-1.0,-0.5,0.0,0.0,0.0
2020,15,PIT,Chase Claypool,-6.0,-6.0,0.0,0.0,0.0
2020,15,PIT,Anthony McFarland Jr.,2.0,2.0,3.0,3.0,0.0
2020,15,PIT,Jaylen Samuels,0.0,0.0,4.0,4.0,0.0
2020,16,NO,Alvin Kamara,75.0,3.4,80.0,3.6,4.0
2020,16,NO,Latavius Murray,31.0,2.6,41.0,3.4,0.0
2020,16,NO,Taysom Hill,13.0,2.6,5.0,1.0,1.0
2020,16,NO,Drew Brees,-3.0,-1.0,0.0,0.0,0.0
2020,16,NO,Michael Burton,5.0,2.5,5.0,2.5,0.0
2020,16,NO,Emmanuel Sanders,9.0,9.0,3.0,3.0,0.0
2020,16,MIN,Dalvin Cook,47.0,3.1,26.0,1.7,0.0
2020,16,MIN,Ameer Abdullah,9.0,9.0,4.0,4.0,0.0
2020,16,MIN,Mike Boone,2.0,2.0,2.0,2.0,0.0
2020,16,DET,D'Andre Swift,39.0,3.9,6.0,0.6,0.0
2020,16,DET,Adrian Peterson,7.0,1.8,3.0,0.8,0.0
2020,16,DET,David Blough,18.0,18.0,0.0,0.0,0.0
2020,16,TB,Ke'Shawn Vaughn,44.0,2.9,18.0,1.2,1.0
2020,16,TB,Leonard Fournette,29.0,3.2,5.0,0.6,0.0
2020,16,TB,Blaine Gabbert,15.0,7.5,0.0,0.0,0.0
2020,16,ARI,Kenyan Drake,24.0,1.3,21.0,1.2,1.0
2020,16,ARI,Kyler Murray,64.0,8.0,11.0,1.4,0.0
2020,16,ARI,D.J. Foster,0.0,0.0,0.0,0.0,0.0
2020,16,SF,Jeff Wilson,109.0,5.0,74.0,3.4,3.0
2020,16,SF,C.J. Beathard,15.0,5.0,3.0,1.0,0.0
2020,16,SF,Tevin Coleman,1.0,0.5,2.0,1.0,0.0
2020,16,SF,Brandon Aiyuk,12.0,12.0,4.0,4.0,0.0
2020,16,SF,Kyle Juszczyk,3.0,3.0,0.0,0.0,0.0
2020,16,SF,Jerick McKinnon,4.0,4.0,0.0,0.0,0.0
2020,16,LV,Josh Jacobs,40.0,3.1,29.0,2.2,1.0
2020,16,LV,Devontae Booker,3.0,0.5,8.0,1.3,0.0
2020,16,LV,Derek Carr,-2.0,-1.0,0.0,0.0,0.0
2020,16,LV,Jalen Richard,15.0,7.5,4.0,2.0,0.0
2020,16,LV,Henry Ruggs III,4.0,4.0,3.0,3.0,0.0
2020,16,MIA,Myles Gaskin,55.0,3.9,32.0,2.3,1.0
2020,16,MIA,Salvon Ahmed,-2.0,-0.3,4.0,0.7,0.0
2020,16,MIA,Tua Tagovailoa,11.0,3.7,0.0,0.0,0.0
2020,16,MIA,Lynn Bowden Jr.,0.0,0.0,8.0,8.0,2.0
2020,16,MIA,Clayton Fejedelem,22.0,22.0,0.0,0.0,0.0
2020,16,BAL,Gus Edwards,50.0,3.3,35.0,2.3,3.0
2020,16,BAL,Lamar Jackson,68.0,5.2,12.0,0.9,1.0
2020,16,BAL,J.K. Dobbins,39.0,3.5,38.0,3.5,2.0
2020,16,BAL,Devin Duvernay,7.0,7.0,0.0,0.0,0.0
2020,16,NYG,Wayne Gallman,8.0,1.3,19.0,3.2,1.0
2020,16,NYG,Alfred Morris,2.0,0.7,2.0,0.7,0.0
2020,16,NYG,Evan Engram,5.0,5.0,0.0,0.0,0.0
2020,16,NYG,Daniel Jones,3.0,3.0,0.0,0.0,0.0
2020,16,NYG,Dion Lewis,6.0,6.0,9.0,9.0,1.0
2020,16,HOU,David Johnson,79.0,6.6,49.0,4.1,2.0
2020,16,HOU,Deshaun Watson,19.0,3.8,19.0,3.8,2.0
2020,16,CIN,Giovani Bernard,31.0,1.9,34.0,2.1,4.0
2020,16,CIN,Samaje Perine,34.0,2.6,61.0,4.7,3.0
2020,16,CIN,Brandon Allen,3.0,1.5,0.0,0.0,0.0
2020,16,CIN,Trayveon Williams,0.0,0.0,6.0,3.0,2.0
2020,16,JAX,Dare Ogunbowale,37.0,2.6,34.0,2.4,2.0
2020,16,JAX,Devine Ozigbo,1.0,1.0,0.0,0.0,0.0
2020,16,JAX,Craig Reynolds,4.0,4.0,0.0,0.0,0.0
2020,16,CHI,David Montgomery,61.0,2.7,34.0,1.5,2.0
2020,16,CHI,Nick Foles,-2.0,-1.0,0.0,0.0,0.0
2020,16,CHI,Ryan Nall,0.0,0.0,0.0,0.0,0.0
2020,16,CHI,Artavis Pierce,12.0,6.0,14.0,7.0,1.0
2020,16,CHI,Mitchell Trubisky,10.0,5.0,0.0,0.0,0.0
2020,16,CHI,Cole Kmet,-3.0,-3.0,0.0,0.0,0.0
2020,16,CHI,Darnell Mooney,2.0,2.0,0.0,0.0,0.0
2020,16,KC,Darrel Williams,24.0,2.4,22.0,2.2,0.0
2020,16,KC,Le'Veon Bell,12.0,1.7,18.0,2.6,1.0
2020,16,KC,Patrick Mahomes,20.0,6.7,1.0,0.3,0.0
2020,16,KC,Mecole Hardman,2.0,2.0,18.0,18.0,0.0
2020,16,ATL,Ito Smith,33.0,3.3,13.0,1.3,0.0
2020,16,ATL,Brian Hill,18.0,2.6,18.0,2.6,0.0
2020,16,ATL,Todd Gurley,10.0,2.5,6.0,1.5,0.0
2020,16,ATL,Calvin Ridley,-7.0,-7.0,0.0,0.0,0.0
2020,16,ATL,Matt Ryan,-1.0,-1.0,0.0,0.0,0.0
2020,16,NYJ,Frank Gore,23.0,1.6,25.0,1.8,0.0
2020,16,NYJ,La'Mical Perine,20.0,2.2,10.0,1.1,0.0
2020,16,NYJ,Sam Darnold,17.0,2.4,3.0,0.4,0.0
2020,16,NYJ,Ty Johnson,9.0,4.5,4.0,2.0,0.0
2020,16,NYJ,Jamison Crowder,10.0,10.0,4.0,4.0,0.0
2020,16,NYJ,Breshad Perriman,6.0,6.0,0.0,0.0,0.0
2020,16,CLE,Nick Chubb,9.0,0.8,19.0,1.7,0.0
2020,16,CLE,Kareem Hunt,2.0,0.5,9.0,2.3,0.0
2020,16,CLE,Baker Mayfield,2.0,0.7,4.0,1.3,0.0
2020,16,PIT,Benny Snell Jr.,-2.0,-0.3,2.0,0.3,0.0
2020,16,PIT,James Conner,17.0,3.4,4.0,0.8,0.0
2020,16,PIT,Ben Roethlisberger,-1.0,-0.5,0.0,0.0,0.0
2020,16,PIT,Diontae Johnson,2.0,2.0,0.0,0.0,0.0
2020,16,IND,Jonathan Taylor,36.0,2.0,38.0,2.1,4.0
2020,16,IND,Nyheim Hines,28.0,3.5,16.0,2.0,2.0
2020,16,IND,Jacoby Brissett,1.0,1.0,0.0,0.0,0.0
2020,16,IND,Ashton Dulin,8.0,8.0,0.0,0.0,0.0
2020,16,LAC,Austin Ekeler,29.0,2.9,16.0,1.6,1.0
2020,16,LAC,Kalen Ballage,4.0,1.0,10.0,2.5,1.0
2020,16,LAC,Justin Herbert,19.0,4.8,7.0,1.8,1.0
2020,16,LAC,Justin Jackson,3.0,1.5,1.0,0.5,0.0
2020,16,DEN,Melvin Gordon,44.0,2.8,35.0,2.2,0.0
2020,16,DEN,Drew Lock,14.0,2.8,1.0,0.2,0.0
2020,16,DEN,LeVante Bellamy,8.0,2.7,3.0,1.0,0.0
2020,16,DEN,Royce Freeman,9.0,4.5,7.0,3.5,0.0
2020,16,DEN,KJ Hamler,3.0,3.0,0.0,0.0,0.0
2020,16,DEN,Diontae Spencer,6.0,6.0,3.0,3.0,0.0
2020,16,WAS,Antonio Gibson,31.0,3.1,30.0,3.0,2.0
2020,16,WAS,J.D. McKissic,8.0,2.0,7.0,1.8,0.0
2020,16,WAS,Taylor Heinicke,22.0,7.3,0.0,0.0,0.0
2020,16,WAS,Peyton Barber,3.0,3.0,7.0,7.0,1.0
2020,16,WAS,Logan Thomas,0.0,0.0,0.0,0.0,0.0
2020,16,CAR,Mike Davis,6.0,0.4,22.0,1.6,3.0
2020,16,CAR,Curtis Samuel,19.0,2.7,33.0,4.7,1.0
2020,16,CAR,Rodney Smith,6.0,0.9,17.0,2.4,2.0
2020,16,CAR,Teddy Bridgewater,6.0,1.0,1.0,0.2,0.0
2020,16,CAR,Alex Armah,1.0,1.0,2.0,2.0,0.0
2020,16,DAL,Ezekiel Elliott,38.0,2.0,67.0,3.5,4.0
2020,16,DAL,Tony Pollard,7.0,0.8,5.0,0.6,0.0
2020,16,DAL,Andy Dalton,15.0,3.0,0.0,0.0,0.0
2020,16,DAL,CeeDee Lamb,14.0,14.0,5.0,5.0,0.0
2020,16,PHI,Miles Sanders,26.0,1.7,31.0,2.1,0.0
2020,16,PHI,Jalen Hurts,53.0,5.9,16.0,1.8,0.0
2020,16,PHI,Jordan Howard,3.0,1.0,5.0,1.7,0.0
2020,16,PHI,Boston Scott,13.0,6.5,4.0,2.0,0.0
2020,16,SEA,Chris Carson,53.0,3.3,16.0,1.0,0.0
2020,16,SEA,Rashaad Penny,7.0,2.3,2.0,0.7,0.0
2020,16,SEA,Russell Wilson,9.0,3.0,0.0,0.0,0.0
2020,16,SEA,Carlos Hyde,3.0,1.5,5.0,2.5,0.0
2020,16,LA,Darrell Henderson,44.0,3.7,18.0,1.5,0.0
2020,16,LA,Malcolm Brown,17.0,2.4,10.0,1.4,0.0
2020,16,LA,Jared Goff,23.0,3.3,0.0,0.0,0.0
2020,16,LA,Robert Woods,1.0,0.5,0.0,0.0,0.0
2020,16,LA,Josh Reynolds,4.0,4.0,1.0,1.0,0.0
2020,16,GB,AJ Dillon,33.0,1.6,91.0,4.3,3.0
2020,16,GB,Aaron Jones,9.0,0.9,85.0,8.5,2.0
2020,16,GB,Tim Boyle,-3.0,-1.0,0.0,0.0,0.0
2020,16,GB,Aaron Rodgers,15.0,5.0,4.0,1.3,0.0
2020,16,TEN,Derrick Henry,34.0,1.5,64.0,2.8,4.0
2020,16,TEN,Ryan Tannehill,49.0,16.3,6.0,2.0,0.0
2020,16,TEN,Darrynton Evans,1.0,1.0,2.0,2.0,0.0
2020,16,NE,Sony Michel,16.0,1.6,53.0,5.3,3.0
2020,16,NE,J.J. Taylor,12.0,2.0,26.0,4.3,1.0
2020,16,NE,Cam Newton,16.0,4.0,8.0,2.0,0.0
2020,16,NE,James White,8.0,2.0,6.0,1.5,0.0
2020,16,BUF,Zack Moss,28.0,2.3,29.0,2.4,0.0
2020,16,BUF,Devin Singletary,12.0,1.2,24.0,2.4,1.0
2020,16,BUF,Josh Allen,28.0,7.0,7.0,1.8,0.0
2020,16,BUF,Matt Barkley,-3.0,-1.0,0.0,0.0,0.0
2020,16,BUF,Isaiah McKenzie,3.0,1.5,2.0,1.0,0.0
2020,17,BUF,Antonio Williams,34.0,2.8,29.0,2.4,1.0
2020,17,BUF,Matt Barkley,-3.0,-1.0,0.0,0.0,0.0
2020,17,BUF,Zack Moss,5.0,1.7,3.0,1.0,0.0
2020,17,BUF,Devin Singletary,5.0,1.7,2.0,0.7,0.0
2020,17,BUF,Josh Allen,3.0,1.5,0.0,0.0,0.0
2020,17,BUF,Isaiah McKenzie,-2.0,-1.0,2.0,1.0,1.0
2020,17,MIA,Myles Gaskin,10.0,1.4,10.0,1.4,0.0
2020,17,MIA,Salvon Ahmed,24.0,4.0,5.0,0.8,0.0
2020,17,MIA,Tua Tagovailoa,28.0,4.7,0.0,0.0,0.0
2020,17,MIA,Lynn Bowden Jr.,-7.0,-7.0,0.0,0.0,0.0
2020,17,CIN,Samaje Perine,26.0,2.9,25.0,2.8,0.0
2020,17,CIN,Trayveon Williams,5.0,1.3,69.0,17.3,1.0
2020,17,CIN,Giovani Bernard,6.0,2.0,1.0,0.3,1.0
2020,17,CIN,Brandon Allen,2.0,2.0,0.0,0.0,0.0
2020,17,CIN,Tyler Boyd,11.0,11.0,0.0,0.0,0.0
2020,17,CIN,Alex Erickson,0.0,0.0,2.0,2.0,0.0
2020,17,BAL,J.K. Dobbins,70.0,5.4,90.0,6.9,0.0
2020,17,BAL,Gus Edwards,17.0,1.4,43.0,3.6,1.0
2020,17,BAL,Lamar Jackson,93.0,8.5,4.0,0.4,0.0
2020,17,BAL,Mark Ingram,18.0,2.0,21.0,2.3,0.0
2020,17,BAL,Tyler Huntley,5.0,0.8,0.0,0.0,0.0
2020,17,BAL,Justice Hill,16.0,8.0,5.0,2.5,0.0
2020,17,BAL,Devin Duvernay,2.0,2.0,20.0,20.0,0.0
2020,17,CLE,Nick Chubb,57.0,4.1,51.0,3.6,2.0
2020,17,CLE,Kareem Hunt,26.0,2.6,11.0,1.1,1.0
2020,17,CLE,Baker Mayfield,44.0,7.3,0.0,0.0,0.0
2020,17,CLE,Jarvis Landry,1.0,1.0,2.0,2.0,0.0
2020,17,PIT,James Conner,21.0,2.3,16.0,1.8,2.0
2020,17,PIT,Anthony McFarland Jr.,2.0,0.4,15.0,3.0,1.0
2020,17,PIT,Benny Snell Jr.,1.0,0.3,9.0,3.0,1.0
2020,17,PIT,Joshua Dobbs,20.0,10.0,0.0,0.0,0.0
2020,17,PIT,Mason Rudolph,1.0,1.0,0.0,0.0,0.0
2020,17,DET,D'Andre Swift,22.0,1.8,32.0,2.7,3.0
2020,17,DET,Adrian Peterson,11.0,1.6,52.0,7.4,3.0
2020,17,DET,Matthew Stafford,9.0,4.5,0.0,0.0,0.0
2020,17,DET,Mohamed Sanu,0.0,0.0,3.0,3.0,0.0
2020,17,MIN,Alexander Mattison,35.0,1.7,60.0,2.9,6.0
2020,17,MIN,Mike Boone,15.0,3.0,14.0,2.8,0.0
2020,17,MIN,Kirk Cousins,0.0,0.0,1.0,0.2,1.0
2020,17,NE,Sony Michel,22.0,1.4,54.0,3.4,2.0
2020,17,NE,Cam Newton,34.0,3.1,45.0,4.1,0.0
2020,17,NE,Damiere Byrd,3.0,3.0,1.0,1.0,0.0
2020,17,NE,Jakobi Meyers,0.0,0.0,7.0,7.0,1.0
2020,17,NYJ,Josh Adams,17.0,1.5,30.0,2.7,0.0
2020,17,NYJ,Ty Johnson,16.0,1.5,29.0,2.6,0.0
2020,17,NYJ,Braxton Berrios,12.0,6.0,4.0,2.0,0.0
2020,17,NYJ,Sam Darnold,3.0,3.0,0.0,0.0,0.0
2020,17,NYG,Wayne Gallman,44.0,4.0,21.0,1.9,0.0
2020,17,NYG,Daniel Jones,11.0,1.2,6.0,0.7,0.0
2020,17,NYG,Alfred Morris,4.0,0.8,8.0,1.6,1.0
2020,17,NYG,Sterling Shepard,19.0,9.5,5.0,2.5,0.0
2020,17,NYG,Dion Lewis,5.0,5.0,2.0,2.0,0.0
2020,17,DAL,Ezekiel Elliott,14.0,1.0,28.0,2.0,0.0
2020,17,DAL,Andy Dalton,42.0,6.0,6.0,0.9,0.0
2020,17,DAL,Tony Pollard,3.0,0.6,12.0,2.4,1.0
2020,17,DAL,CeeDee Lamb,3.0,3.0,0.0,0.0,0.0
2020,17,TB,Ronald Jones II,40.0,3.3,38.0,3.2,2.0
2020,17,TB,Tom Brady,2.0,0.4,1.0,0.2,0.0
2020,17,TB,Leonard Fournette,-2.0,-0.4,15.0,3.0,0.0
2020,17,ATL,Todd Gurley,6.0,0.7,12.0,1.3,0.0
2020,17,ATL,Brian Hill,21.0,2.3,73.0,8.1,2.0
2020,17,ATL,Matt Ryan,1.0,0.3,0.0,0.0,0.0
2020,17,ATL,Ito Smith,2.0,0.7,7.0,2.3,0.0
2020,17,ATL,Russell Gage,8.0,8.0,3.0,3.0,0.0
2020,17,ATL,Calvin Ridley,-6.0,-6.0,0.0,0.0,0.0
2020,17,CAR,Rodney Smith,24.0,2.4,16.0,1.6,1.0
2020,17,CAR,Tommy Stevens,20.0,5.0,4.0,1.0,0.0
2020,17,CAR,Teddy Bridgewater,7.0,2.3,0.0,0.0,0.0
2020,17,CAR,Curtis Samuel,1.0,0.3,2.0,0.7,0.0
2020,17,NO,Ty Montgomery,72.0,4.0,33.0,1.8,0.0
2020,17,NO,Taysom Hill,32.0,4.6,9.0,1.3,1.0
2020,17,NO,Tony Jones,6.0,2.0,7.0,2.3,0.0
2020,17,NO,Tommylee Lewis,-2.0,-2.0,0.0,0.0,0.0
2020,17,NO,Jameis Winston,-1.0,-1.0,0.0,0.0,0.0
2020,17,CHI,David Montgomery,58.0,2.6,11.0,0.5,0.0
2020,17,CHI,Cordarrelle Patterson,18.0,4.5,0.0,0.0,0.0
2020,17,CHI,Mitchell Trubisky,21.0,5.3,1.0,0.3,0.0
2020,17,CHI,Artavis Pierce,-1.0,-1.0,0.0,0.0,0.0
2020,17,GB,Aaron Jones,31.0,2.8,11.0,1.0,1.0
2020,17,GB,Jamaal Williams,23.0,4.6,3.0,0.6,0.0
2020,17,GB,AJ Dillon,3.0,3.0,0.0,0.0,0.0
2020,17,GB,Aaron Rodgers,4.0,4.0,0.0,0.0,0.0
2020,17,GB,Marquez Valdes-Scantling,4.0,4.0,0.0,0.0,0.0
2020,17,DEN,Melvin Gordon,40.0,1.5,53.0,2.0,0.0
2020,17,DEN,Royce Freeman,13.0,6.5,8.0,4.0,0.0
2020,17,DEN,Drew Lock,5.0,2.5,2.0,1.0,0.0
2020,17,DEN,LeVante Bellamy,0.0,0.0,0.0,0.0,0.0
2020,17,DEN,Diontae Spencer,0.0,0.0,1.0,1.0,0.0
2020,17,LV,Josh Jacobs,28.0,1.9,61.0,4.1,1.0
2020,17,LV,Devontae Booker,8.0,1.6,8.0,1.6,0.0
2020,17,LV,Derek Carr,0.0,0.0,1.0,0.5,0.0
2020,17,LV,Henry Ruggs III,0.0,0.0,0.0,0.0,0.0
2020,17,HOU,David Johnson,48.0,3.4,36.0,2.6,0.0
2020,17,HOU,Deshaun Watson,8.0,2.7,4.0,1.3,0.0
2020,17,TEN,Derrick Henry,149.0,4.4,101.0,3.0,5.0
2020,17,TEN,Ryan Tannehill,37.0,5.3,1.0,0.1,0.0
2020,17,IND,Jonathan Taylor,172.0,5.7,81.0,2.7,4.0
2020,17,IND,Jacoby Brissett,1.0,0.5,2.0,1.0,0.0
2020,17,IND,Nyheim Hines,16.0,8.0,1.0,0.5,0.0
2020,17,IND,Philip Rivers,-2.0,-1.0,0.0,0.0,0.0
2020,17,IND,Michael Pittman Jr.,0.0,0.0,2.0,2.0,0.0
2020,17,JAX,Dare Ogunbowale,26.0,1.9,24.0,1.7,1.0
2020,17,JAX,Mike Glennon,2.0,2.0,0.0,0.0,0.0
2020,17,JAX,Terry Godwin,1.0,1.0,2.0,2.0,0.0
2020,17,JAX,Laviska Shenault Jr.,-2.0,-2.0,0.0,0.0,1.0
2020,17,KC,Darwin Thompson,22.0,1.6,23.0,1.6,1.0
2020,17,KC,Chad Henne,0.0,0.0,0.0,0.0,0.0
2020,17,KC,Anthony Sherman,4.0,4.0,2.0,2.0,0.0
2020,17,LAC,Kalen Ballage,23.0,1.8,13.0,1.0,2.0
2020,17,LAC,Justin Jackson,39.0,4.3,33.0,3.7,1.0
2020,17,LAC,Austin Ekeler,12.0,1.7,6.0,0.9,0.0
2020,17,LAC,Justin Herbert,9.0,1.5,0.0,0.0,0.0
2020,17,LA,Cam Akers,14.0,0.7,20.0,1.0,0.0
2020,17,LA,John Wolford,38.0,6.3,18.0,3.0,0.0
2020,17,LA,Malcolm Brown,13.0,4.3,7.0,2.3,0.0
2020,17,ARI,Kenyan Drake,11.0,1.1,25.0,2.5,1.0
2020,17,ARI,Chase Edmonds,-5.0,-1.7,2.0,0.7,0.0
2020,17,ARI,Chris Streveler,8.0,2.7,4.0,1.3,0.0
2020,17,ARI,Kyler Murray,3.0,1.5,0.0,0.0,0.0
2020,17,SF,Jeff Wilson,48.0,2.4,28.0,1.4,0.0
2020,17,SF,C.J. Beathard,4.0,1.3,6.0,2.0,1.0
2020,17,SF,Kyle Juszczyk,0.0,0.0,0.0,0.0,0.0
2020,17,SEA,Chris Carson,25.0,2.3,19.0,1.7,0.0
2020,17,SEA,Rashaad Penny,10.0,1.7,9.0,1.5,0.0
2020,17,SEA,Alex Collins,19.0,3.8,10.0,2.0,0.0
2020,17,SEA,Russell Wilson,27.0,5.4,2.0,0.4,0.0
2020,17,PHI,Boston Scott,47.0,3.1,18.0,1.2,0.0
2020,17,PHI,Jalen Hurts,30.0,3.8,4.0,0.5,1.0
2020,17,PHI,Jason Huntley,1.0,0.5,4.0,2.0,1.0
2020,17,PHI,Nate Sudfeld,12.0,6.0,0.0,0.0,0.0
2020,17,PHI,Corey Clement,1.0,1.0,0.0,0.0,0.0
2020,17,PHI,John Hightower,0.0,0.0,1.0,1.0,0.0
2020,17,WAS,Antonio Gibson,49.0,2.6,26.0,1.4,2.0
2020,17,WAS,Peyton Barber,7.0,1.8,3.0,0.8,0.0
2020,17,WAS,J.D. McKissic,-2.0,-1.0,2.0,1.0,1.0
2020,17,WAS,Steven Sims,1.0,1.0,17.0,17.0,0.0
2020,17,WAS,Alex Smith,0.0,0.0,0.0,0.0,0.0
2020,18,BUF,Josh Allen,45.0,4.1,9.0,0.8,0.0
2020,18,BUF,Zack Moss,9.0,1.3,12.0,1.7,0.0
2020,18,BUF,Devin Singletary,7.0,2.3,14.0,4.7,0.0
2020,18,IND,Jonathan Taylor,17.0,0.8,61.0,2.9,0.0
2020,18,IND,Nyheim Hines,20.0,3.3,55.0,9.2,1.0
2020,18,IND,Jacoby Brissett,0.0,0.0,0.0,0.0,0.0
2020,18,IND,Michael Pittman Jr.,9.0,9.0,2.0,2.0,0.0
2020,18,IND,Philip Rivers,-1.0,-1.0,0.0,0.0,0.0
2020,18,SEA,Chris Carson,45.0,2.8,32.0,2.0,1.0
2020,18,SEA,Carlos Hyde,3.0,0.8,2.0,0.5,0.0
2020,18,SEA,Russell Wilson,47.0,11.8,3.0,0.8,0.0
2020,18,SEA,David Moore,2.0,2.0,2.0,2.0,0.0
2020,18,LA,Cam Akers,52.0,1.9,79.0,2.8,1.0
2020,18,LA,Malcolm Brown,14.0,1.6,16.0,1.8,0.0
2020,18,LA,Jared Goff,4.0,1.0,0.0,0.0,0.0
2020,18,LA,John Wolford,2.0,2.0,0.0,0.0,0.0
2020,18,LA,Robert Woods,-3.0,-3.0,0.0,0.0,0.0
2020,18,WAS,Antonio Gibson,18.0,1.3,13.0,0.9,0.0
2020,18,WAS,Taylor Heinicke,36.0,6.0,10.0,1.7,0.0
2020,18,WAS,J.D. McKissic,3.0,1.5,2.0,1.0,0.0
2020,18,WAS,Steven Sims,3.0,3.0,1.0,1.0,1.0
2020,18,TB,Leonard Fournette,58.0,3.1,35.0,1.8,0.0
2020,18,TB,Ke'Shawn Vaughn,13.0,2.6,8.0,1.6,0.0
2020,18,TB,Tom Brady,-2.0,-0.7,0.0,0.0,0.0
2020,18,TB,Antonio Brown,18.0,18.0,4.0,4.0,0.0
2020,18,TB,Scott Miller,6.0,6.0,2.0,2.0,0.0
2020,18,TEN,Derrick Henry,24.0,1.3,16.0,0.9,1.0
2020,18,TEN,Ryan Tannehill,6.0,3.0,0.0,0.0,0.0
2020,18,TEN,Darrynton Evans,1.0,1.0,0.0,0.0,0.0
2020,18,TEN,Jeremy McNichols,4.0,4.0,0.0,0.0,0.0
2020,18,BAL,Lamar Jackson,132.0,8.3,4.0,0.3,0.0
2020,18,BAL,J.K. Dobbins,39.0,4.3,4.0,0.4,1.0
2020,18,BAL,Gus Edwards,27.0,3.4,11.0,1.4,0.0
2020,18,BAL,Marquise Brown,4.0,2.0,15.0,7.5,1.0
2020,18,NO,Alvin Kamara,60.0,2.6,39.0,1.7,1.0
2020,18,NO,Taysom Hill,13.0,3.3,2.0,0.5,0.0
2020,18,NO,Latavius Murray,8.0,2.0,1.0,0.3,0.0
2020,18,NO,Drew Brees,0.0,0.0,2.0,0.7,0.0
2020,18,NO,Deonte Harris,-2.0,-2.0,0.0,0.0,0.0
2020,18,CHI,David Montgomery,20.0,1.7,11.0,0.9,0.0
2020,18,CHI,Mitchell Trubisky,10.0,3.3,0.0,0.0,0.0
2020,18,CHI,DeAndre Carter,1.0,1.0,2.0,2.0,0.0
2020,18,CHI,Anthony Miller,2.0,2.0,0.0,0.0,0.0
2020,18,CHI,Ryan Nall,0.0,0.0,0.0,0.0,0.0
2020,18,CHI,Cordarrelle Patterson,2.0,2.0,0.0,0.0,0.0
2020,18,PIT,James Conner,16.0,1.5,21.0,1.9,1.0
2020,18,PIT,Benny Snell Jr.,3.0,1.5,10.0,5.0,0.0
2020,18,PIT,Derek Watt,1.0,0.5,1.0,0.5,0.0
2020,18,PIT,Ben Roethlisberger,0.0,0.0,0.0,0.0,0.0
2020,18,CLE,Nick Chubb,35.0,1.9,41.0,2.3,2.0
2020,18,CLE,Kareem Hunt,25.0,3.1,23.0,2.9,1.0
2020,18,CLE,Baker Mayfield,2.0,0.4,1.0,0.2,0.0
2020,19,GB,Aaron Jones,46.0,3.3,53.0,3.8,3.0
2020,19,GB,Jamaal Williams,34.0,2.8,31.0,2.6,1.0
2020,19,GB,AJ Dillon,16.0,2.7,11.0,1.8,0.0
2020,19,GB,Aaron Rodgers,-3.0,-0.8,0.0,0.0,0.0
2020,19,LA,Cam Akers,49.0,2.7,41.0,2.3,2.0
2020,19,LA,Jared Goff,6.0,6.0,0.0,0.0,0.0
2020,19,BUF,Josh Allen,3.0,0.4,0.0,0.0,0.0
2020,19,BUF,Devin Singletary,10.0,1.4,15.0,2.1,0.0
2020,19,BUF,T.J. Yeldon,1.0,0.5,3.0,1.5,0.0
2020,19,BAL,J.K. Dobbins,20.0,2.0,22.0,2.2,1.0
2020,19,BAL,Gus Edwards,24.0,2.4,18.0,1.8,0.0
2020,19,BAL,Lamar Jackson,28.0,3.1,6.0,0.7,0.0
2020,19,BAL,Tyler Huntley,13.0,4.3,19.0,6.3,1.0
2020,19,KC,Darrel Williams,29.0,2.2,49.0,3.8,0.0
2020,19,KC,Tyreek Hill,6.0,2.0,3.0,1.0,0.0
2020,19,KC,Patrick Mahomes,14.0,4.7,0.0,0.0,0.0
2020,19,KC,Le'Veon Bell,2.0,1.0,4.0,2.0,0.0
2020,19,KC,Chad Henne,12.0,6.0,0.0,0.0,0.0
2020,19,KC,Mecole Hardman,0.0,0.0,4.0,4.0,1.0
2020,19,CLE,Nick Chubb,21.0,1.6,48.0,3.7,2.0
2020,19,CLE,Kareem Hunt,17.0,2.8,15.0,2.5,0.0
2020,19,CLE,Baker Mayfield,6.0,2.0,5.0,1.7,0.0
2020,19,NO,Alvin Kamara,33.0,1.8,52.0,2.9,2.0
2020,19,NO,Ty Montgomery,9.0,2.3,5.0,1.3,1.0
2020,19,NO,Drew Brees,3.0,1.5,0.0,0.0,0.0
2020,19,NO,Dwayne Washington,2.0,2.0,0.0,0.0,0.0
2020,19,TB,Leonard Fournette,44.0,2.6,19.0,1.1,1.0
2020,19,TB,Ronald Jones II,43.0,3.3,19.0,1.5,0.0
2020,19,TB,Tom Brady,2.0,0.4,0.0,0.0,0.0
2020,20,GB,Jamaal Williams,12.0,1.7,11.0,1.6,0.0
2020,20,GB,Aaron Jones,13.0,2.2,14.0,2.3,0.0
2020,20,GB,AJ Dillon,4.0,1.3,13.0,4.3,0.0
2020,20,TB,Leonard Fournette,7.0,0.6,48.0,4.0,2.0
2020,20,TB,Ronald Jones II,3.0,0.3,13.0,1.3,0.0
2020,20,TB,Tom Brady,-1.0,-1.0,0.0,0.0,0.0
2020,20,TB,Chris Godwin,6.0,6.0,0.0,0.0,0.0
2020,20,KC,Darrel Williams,18.0,1.4,34.0,2.6,0.0
2020,20,KC,Clyde Edwards-Helaire,1.0,0.2,6.0,1.0,0.0
2020,20,KC,Patrick Mahomes,5.0,1.0,0.0,0.0,0.0
2020,20,KC,Mecole Hardman,43.0,43.0,7.0,7.0,0.0
2020,20,BUF,Josh Allen,79.0,11.3,9.0,1.3,0.0
2020,20,BUF,Devin Singletary,8.0,1.3,9.0,1.5,0.0
2020,20,BUF,T.J. Yeldon,7.0,2.3,8.0,2.7,1.0
2020,20,BUF,Isaiah McKenzie,5.0,2.5,4.0,2.0,0.0
2020,21,TB,Leonard Fournette,45.0,2.8,44.0,2.8,2.0
2020,21,TB,Ronald Jones II,21.0,1.8,40.0,3.3,2.0
2020,21,TB,Tom Brady,-2.0,-0.5,0.0,0.0,0.0
2020,21,TB,Scott Miller,-3.0,-3.0,0.0,0.0,0.0
2020,21,KC,Clyde Edwards-Helaire,19.0,2.1,45.0,5.0,1.0
2020,21,KC,Patrick Mahomes,33.0,6.6,0.0,0.0,0.0
2020,21,KC,Darrel Williams,0.0,0.0,5.0,2.5,0.0
2020,21,KC,Tyreek Hill,5.0,5.0,0.0,0.0,0.0
2021,1,TB,Leonard Fournette,14.0,1.6,18.0,2.0,1.0
2021,1,TB,Ronald Jones II,7.0,1.8,7.0,1.8,0.0
2021,1,TB,Antonio Brown,5.0,5.0,1.0,1.0,0.0
2021,1,DAL,Ezekiel Elliott,20.0,1.8,13.0,1.2,0.0
2021,1,DAL,Dak Prescott,8.0,2.0,5.0,1.3,0.0
2021,1,DAL,Tony Pollard,10.0,3.3,4.0,1.3,0.0
2021,1,ATL,Mike Davis,29.0,1.9,20.0,1.3,1.0
2021,1,ATL,Cordarrelle Patterson,35.0,5.0,19.0,2.7,1.0
2021,1,ATL,Matt Ryan,8.0,4.0,0.0,0.0,0.0
2021,1,ATL,Keith Smith,13.0,6.5,0.0,0.0,0.0
2021,1,PHI,Miles Sanders,65.0,4.3,9.0,0.6,0.0
2021,1,PHI,Kenneth Gainwell,35.0,3.9,2.0,0.2,0.0
2021,1,PHI,Jalen Hurts,51.0,7.3,11.0,1.6,1.0
2021,1,BUF,Devin Singletary,54.0,4.9,18.0,1.6,1.0
2021,1,BUF,Josh Allen,30.0,3.3,14.0,1.6,1.0
2021,1,BUF,Matt Breida,2.0,0.5,2.0,0.5,0.0
2021,1,BUF,Isaiah McKenzie,-3.0,-3.0,0.0,0.0,0.0
2021,1,PIT,Najee Harris,23.0,1.4,22.0,1.4,1.0
2021,1,PIT,Ben Roethlisberger,5.0,1.3,0.0,0.0,0.0
2021,1,PIT,Chase Claypool,22.0,22.0,3.0,3.0,0.0
2021,1,CAR,Christian McCaffrey,59.0,2.8,39.0,1.9,0.0
2021,1,CAR,Sam Darnold,-1.0,-0.2,0.0,0.0,0.0
2021,1,CAR,D.J. Moore,12.0,12.0,2.0,2.0,0.0
2021,1,NYJ,Tevin Coleman,9.0,1.0,15.0,1.7,0.0
2021,1,NYJ,Michael Carter,2.0,0.5,4.0,1.0,0.0
2021,1,NYJ,Ty Johnson,10.0,2.5,5.0,1.3,1.0
2021,1,CIN,Joe Mixon,81.0,2.8,46.0,1.6,6.0
2021,1,CIN,Samaje Perine,17.0,3.4,5.0,1.0,0.0
2021,1,CIN,Joe Burrow,1.0,1.0,1.0,1.0,0.0
2021,1,CIN,Ja'Marr Chase,-2.0,-2.0,0.0,0.0,1.0
2021,1,MIN,Dalvin Cook,32.0,1.6,29.0,1.5,1.0
2021,1,MIN,Ameer Abdullah,3.0,3.0,1.0,1.0,0.0
2021,1,MIN,Alexander Mattison,1.0,1.0,1.0,1.0,0.0
2021,1,DET,D'Andre Swift,34.0,3.1,5.0,0.5,0.0
2021,1,DET,Jamaal Williams,40.0,4.4,14.0,1.6,1.0
2021,1,DET,Jared Goff,14.0,4.7,0.0,0.0,0.0
2021,1,DET,Kalif Raymond,9.0,9.0,0.0,0.0,0.0
2021,1,SF,Elijah Mitchell,65.0,3.4,39.0,2.1,2.0
2021,1,SF,Jimmy Garoppolo,2.0,0.7,0.0,0.0,0.0
2021,1,SF,Trey Lance,2.0,0.7,0.0,0.0,0.0
2021,1,SF,Raheem Mostert,18.0,9.0,2.0,1.0,0.0
2021,1,SF,Jamycal Hasty,2.0,2.0,1.0,1.0,0.0
2021,1,HOU,Mark Ingram,27.0,1.0,58.0,2.2,1.0
2021,1,HOU,Phillip Lindsay,17.0,2.1,8.0,1.0,0.0
2021,1,HOU,Tyrod Taylor,16.0,4.0,24.0,6.0,1.0
2021,1,HOU,David Johnson,8.0,2.7,2.0,0.7,0.0
2021,1,JAX,Carlos Hyde,26.0,2.9,18.0,2.0,0.0
2021,1,JAX,James Robinson,12.0,2.4,13.0,2.6,0.0
2021,1,JAX,Trevor Lawrence,-2.0,-2.0,0.0,0.0,0.0
2021,1,JAX,Laviska Shenault Jr.,9.0,9.0,0.0,0.0,0.0
2021,1,IND,Jonathan Taylor,25.0,1.5,31.0,1.8,3.0
2021,1,IND,Nyheim Hines,21.0,2.3,13.0,1.4,2.0
2021,1,IND,Carson Wentz,23.0,5.8,0.0,0.0,0.0
2021,1,SEA,Chris Carson,25.0,1.6,66.0,4.1,4.0
2021,1,SEA,Russell Wilson,9.0,1.8,0.0,0.0,0.0
2021,1,SEA,D'Wayne Eskridge,12.0,6.0,10.0,5.0,1.0
2021,1,SEA,Rashaad Penny,6.0,3.0,2.0,1.0,0.0
2021,1,SEA,DeeJay Dallas,2.0,2.0,3.0,3.0,0.0
2021,1,SEA,Freddie Swain,3.0,3.0,2.0,2.0,0.0
2021,1,TEN,Derrick Henry,41.0,2.4,17.0,1.0,0.0
2021,1,TEN,Jeremy McNichols,6.0,3.0,3.0,1.5,0.0
2021,1,TEN,Ryan Tannehill,14.0,7.0,3.0,1.5,0.0
2021,1,TEN,Mekhi Sargent,1.0,1.0,1.0,1.0,0.0
2021,1,ARI,James Conner,23.0,1.4,30.0,1.9,3.0
2021,1,ARI,Chase Edmonds,57.0,4.8,6.0,0.5,0.0
2021,1,ARI,Kyler Murray,20.0,4.0,0.0,0.0,0.0
2021,1,WAS,Antonio Gibson,41.0,2.1,49.0,2.5,0.0
2021,1,WAS,Taylor Heinicke,14.0,4.7,3.0,1.0,0.0
2021,1,WAS,Jaret Patterson,7.0,3.5,2.0,1.0,0.0
2021,1,WAS,Ryan Fitzpatrick,2.0,2.0,0.0,0.0,0.0
2021,1,WAS,J.D. McKissic,5.0,5.0,3.0,3.0,0.0
2021,1,LAC,Austin Ekeler,26.0,1.7,31.0,2.1,0.0
2021,1,LAC,Larry Rountree,17.0,2.1,10.0,1.3,0.0
2021,1,LAC,Justin Herbert,-1.0,-0.3,0.0,0.0,0.0
2021,1,LAC,Justin Jackson,3.0,3.0,2.0,2.0,0.0
2021,1,LAC,Gabe Nabers,1.0,1.0,1.0,1.0,0.0
2021,1,KC,Clyde Edwards-Helaire,31.0,2.2,12.0,0.9,0.0
2021,1,KC,Patrick Mahomes,18.0,3.6,0.0,0.0,0.0
2021,1,KC,Blake Bell,2.0,2.0,0.0,0.0,0.0
2021,1,KC,Michael Burton,2.0,2.0,0.0,0.0,0.0
2021,1,KC,Tyreek Hill,2.0,2.0,2.0,2.0,0.0
2021,1,KC,Darrel Williams,4.0,4.0,0.0,0.0,0.0
2021,1,CLE,Nick Chubb,48.0,3.2,35.0,2.3,2.0
2021,1,CLE,Kareem Hunt,20.0,3.3,13.0,2.2,0.0
2021,1,CLE,Jarvis Landry,9.0,4.5,4.0,2.0,0.0
2021,1,CLE,Jamie Gillan,0.0,0.0,0.0,0.0,0.0
2021,1,CLE,Baker Mayfield,6.0,6.0,1.0,1.0,0.0
2021,1,CLE,Anthony Schwartz,17.0,17.0,0.0,0.0,0.0
2021,1,NE,Damien Harris,52.0,2.3,48.0,2.1,1.0
2021,1,NE,James White,8.0,2.0,4.0,1.0,0.0
2021,1,NE,Brandon Bolden,1.0,1.0,4.0,4.0,1.0
2021,1,NE,Jonnu Smith,2.0,2.0,4.0,4.0,0.0
2021,1,NE,Rhamondre Stevenson,0.0,0.0,2.0,2.0,0.0
2021,1,MIA,Myles Gaskin,25.0,2.8,24.0,2.7,1.0
2021,1,MIA,Malcolm Brown,6.0,1.2,10.0,2.0,0.0
2021,1,MIA,Tua Tagovailoa,1.0,0.3,0.0,0.0,0.0
2021,1,MIA,Salvon Ahmed,-2.0,-0.7,6.0,2.0,0.0
2021,1,MIA,Jacoby Brissett,0.0,0.0,4.0,2.0,0.0
2021,1,NO,Alvin Kamara,56.0,2.8,27.0,1.4,0.0
2021,1,NO,Tony Jones,28.0,2.5,22.0,2.0,0.0
2021,1,NO,Jameis Winston,19.0,3.2,18.0,3.0,0.0
2021,1,NO,Taysom Hill,0.0,0.0,1.0,0.5,0.0
2021,1,GB,Kylin Hill,8.0,1.6,6.0,1.2,0.0
2021,1,GB,Aaron Jones,5.0,1.0,4.0,0.8,0.0
2021,1,GB,AJ Dillon,10.0,2.5,9.0,2.3,0.0
2021,1,GB,Randall Cobb,0.0,0.0,1.0,1.0,1.0
2021,1,NYG,Saquon Barkley,12.0,1.2,14.0,1.4,0.0
2021,1,NYG,Daniel Jones,19.0,3.2,8.0,1.3,0.0
2021,1,NYG,Devontae Booker,4.0,1.0,3.0,0.8,0.0
2021,1,DEN,Javonte Williams,17.0,1.2,28.0,2.0,1.0
2021,1,DEN,Melvin Gordon,79.0,7.2,22.0,2.0,0.0
2021,1,DEN,Teddy Bridgewater,8.0,2.7,11.0,3.7,0.0
2021,1,LA,Darrell Henderson,48.0,3.0,22.0,1.4,0.0
2021,1,LA,Matthew Stafford,-5.0,-1.0,0.0,0.0,0.0
2021,1,LA,Sony Michel,1.0,1.0,1.0,1.0,0.0
2021,1,LA,Robert Woods,3.0,3.0,4.0,4.0,0.0
2021,1,CHI,David Montgomery,27.0,1.7,81.0,5.1,2.0
2021,1,CHI,Damien Williams,1.0,0.2,11.0,1.8,1.0
2021,1,CHI,Andy Dalton,13.0,6.5,0.0,0.0,0.0
2021,1,CHI,Justin Fields,1.0,1.0,2.0,2.0,0.0
2021,1,CHI,Marquise Goodwin,-2.0,-2.0,0.0,0.0,0.0
2021,1,LV,Josh Jacobs,14.0,1.4,20.0,2.0,2.0
2021,1,LV,Kenyan Drake,4.0,0.7,7.0,1.2,1.0
2021,1,LV,Derek Carr,5.0,1.3,1.0,0.3,0.0
2021,1,LV,Marcus Mariota,28.0,28.0,3.0,3.0,0.0
2021,1,BAL,Lamar Jackson,36.0,3.0,50.0,4.2,3.0
2021,1,BAL,Latavius Murray,4.0,0.4,24.0,2.4,1.0
2021,1,BAL,Ty'Son Williams,14.0,1.6,51.0,5.7,0.0
2021,1,BAL,Trenton Cannon,3.0,1.5,2.0,1.0,0.0
2021,1,BAL,Marquise Brown,2.0,2.0,3.0,3.0,0.0
2021,2,WAS,Antonio Gibson,34.0,2.6,35.0,2.7,4.0
2021,2,WAS,Taylor Heinicke,5.0,1.3,1.0,0.3,1.0
2021,2,WAS,J.D. McKissic,10.0,2.5,0.0,0.0,0.0
2021,2,WAS,DeAndre Carter,2.0,2.0,0.0,0.0,0.0
2021,2,NYG,Saquon Barkley,23.0,1.8,34.0,2.6,1.0
2021,2,NYG,Daniel Jones,90.0,10.0,5.0,0.6,1.0
2021,2,NYG,Devontae Booker,5.0,2.5,4.0,2.0,0.0
2021,2,NYG,Elijhaa Penny,3.0,1.5,2.0,1.0,0.0
2021,2,NYG,C.J. Board,4.0,4.0,2.0,2.0,0.0
2021,2,NYG,Sterling Shepard,-9.0,-9.0,0.0,0.0,1.0
2021,2,CAR,Christian McCaffrey,27.0,1.1,45.0,1.9,6.0
2021,2,CAR,Chuba Hubbard,-1.0,-0.1,11.0,1.4,0.0
2021,2,CAR,Sam Darnold,7.0,7.0,0.0,0.0,0.0
2021,2,NO,Alvin Kamara,-3.0,-0.4,8.0,1.0,1.0
2021,2,NO,Tony Jones,4.0,1.3,3.0,1.0,2.0
2021,2,NO,Jameis Winston,17.0,5.7,2.0,0.7,0.0
2021,2,NO,Taysom Hill,3.0,1.5,13.0,6.5,1.0
2021,2,NO,Deonte Harris,1.0,1.0,0.0,0.0,0.0
2021,2,CHI,David Montgomery,29.0,1.5,32.0,1.6,2.0
2021,2,CHI,Justin Fields,16.0,1.6,15.0,1.5,2.0
2021,2,CHI,Andy Dalton,25.0,12.5,0.0,0.0,0.0
2021,2,CHI,Damien Williams,3.0,1.5,3.0,1.5,0.0
2021,2,CIN,Joe Mixon,33.0,1.7,36.0,1.8,2.0
2021,2,CLE,Kareem Hunt,23.0,1.8,28.0,2.2,2.0
2021,2,CLE,Nick Chubb,34.0,3.1,61.0,5.5,1.0
2021,2,CLE,Baker Mayfield,10.0,1.3,0.0,0.0,0.0
2021,2,CLE,Andy Janovich,-1.0,-0.5,1.0,0.5,0.0
2021,2,HOU,Mark Ingram,3.0,0.2,38.0,2.7,3.0
2021,2,HOU,David Johnson,7.0,1.2,18.0,3.0,0.0
2021,2,HOU,Phillip Lindsay,0.0,0.0,2.0,0.4,0.0
2021,2,HOU,Davis Mills,-3.0,-1.5,2.0,1.0,0.0
2021,2,HOU,Tyrod Taylor,15.0,15.0,0.0,0.0,0.0
2021,2,IND,Jonathan Taylor,39.0,2.6,12.0,0.8,0.0
2021,2,IND,Marlon Mack,9.0,1.8,7.0,1.4,0.0
2021,2,IND,Carson Wentz,36.0,7.2,1.0,0.2,0.0
2021,2,IND,Nyheim Hines,3.0,3.0,2.0,2.0,0.0
2021,2,LA,Darrell Henderson,33.0,2.5,20.0,1.5,0.0
2021,2,LA,Sony Michel,33.0,3.3,13.0,1.3,1.0
2021,2,LA,Matthew Stafford,1.0,0.5,0.0,0.0,0.0
2021,2,LA,Robert Woods,3.0,1.5,3.0,1.5,0.0
2021,2,LA,Johnny Hekker,0.0,0.0,0.0,0.0,0.0
2021,2,LA,Cooper Kupp,-5.0,-5.0,0.0,0.0,0.0
2021,2,JAX,James Robinson,30.0,2.7,17.0,1.5,1.0
2021,2,JAX,Carlos Hyde,3.0,1.5,4.0,2.0,0.0
2021,2,JAX,Trevor Lawrence,17.0,8.5,4.0,2.0,0.0
2021,2,JAX,Laviska Shenault Jr.,0.0,0.0,0.0,0.0,0.0
2021,2,DEN,Melvin Gordon,19.0,1.5,12.0,0.9,0.0
2021,2,DEN,Javonte Williams,29.0,2.2,35.0,2.7,4.0
2021,2,DEN,Teddy Bridgewater,0.0,0.0,1.0,0.3,0.0
2021,2,MIA,Salvon Ahmed,9.0,1.5,8.0,1.3,0.0
2021,2,MIA,Malcolm Brown,6.0,1.2,15.0,3.0,0.0
2021,2,MIA,Myles Gaskin,22.0,4.4,3.0,0.6,0.0
2021,2,MIA,Jacoby Brissett,6.0,1.5,2.0,0.5,0.0
2021,2,BUF,Devin Singletary,68.0,5.2,14.0,1.1,0.0
2021,2,BUF,Zack Moss,6.0,0.8,20.0,2.5,5.0
2021,2,BUF,Josh Allen,31.0,6.2,4.0,0.8,0.0
2021,2,BUF,Reggie Gilliam,0.0,0.0,2.0,1.0,0.0
2021,2,BUF,Mitchell Trubisky,-2.0,-1.0,0.0,0.0,0.0
2021,2,NYJ,Ty Johnson,34.0,2.8,16.0,1.3,1.0
2021,2,NYJ,Michael Carter,44.0,4.0,15.0,1.4,0.0
2021,2,NYJ,Tevin Coleman,15.0,3.0,9.0,1.8,0.0
2021,2,NYJ,Zach Wilson,19.0,6.3,0.0,0.0,0.0
2021,2,NE,Damien Harris,19.0,1.2,43.0,2.7,2.0
2021,2,NE,James White,17.0,3.4,3.0,0.6,0.0
2021,2,NE,J.J. Taylor,3.0,1.5,0.0,0.0,0.0
2021,2,NE,Kendrick Bourne,10.0,10.0,6.0,6.0,1.0
2021,2,PHI,Miles Sanders,41.0,3.2,14.0,1.1,9.0
2021,2,PHI,Jalen Hurts,81.0,8.1,1.0,0.1,1.0
2021,2,PHI,Kenneth Gainwell,11.0,1.8,3.0,0.5,0.0
2021,2,SF,Elijah Mitchell,37.0,2.2,5.0,0.3,0.0
2021,2,SF,Jimmy Garoppolo,20.0,1.8,0.0,0.0,0.0
2021,2,SF,Jamycal Hasty,31.0,6.2,7.0,1.4,1.0
2021,2,SF,Deebo Samuel,5.0,2.5,3.0,1.5,1.0
2021,2,SF,Trenton Cannon,-1.0,-1.0,0.0,0.0,0.0
2021,2,SF,Kyle Juszczyk,2.0,2.0,0.0,0.0,0.0
2021,2,SF,Trey Sermon,5.0,5.0,3.0,3.0,0.0
2021,2,PIT,Najee Harris,21.0,2.1,17.0,1.7,3.0
2021,2,PIT,Benny Snell Jr.,1.0,0.5,0.0,0.0,0.0
2021,2,PIT,Chase Claypool,-3.0,-3.0,0.0,0.0,0.0
2021,2,PIT,JuJu Smith-Schuster,0.0,0.0,3.0,3.0,1.0
2021,2,LV,Peyton Barber,12.0,0.9,20.0,1.5,3.0
2021,2,LV,Kenyan Drake,4.0,0.6,5.0,0.7,1.0
2021,2,LV,Derek Carr,9.0,2.3,0.0,0.0,0.0
2021,2,LV,Henry Ruggs III,2.0,2.0,0.0,0.0,0.0
2021,2,ARI,James Conner,11.0,1.4,15.0,1.9,1.0
2021,2,ARI,Chase Edmonds,22.0,2.8,24.0,3.0,1.0
2021,2,ARI,Kyler Murray,28.0,5.6,3.0,0.6,0.0
2021,2,MIN,Dalvin Cook,70.0,3.2,61.0,2.8,0.0
2021,2,MIN,Alexander Mattison,6.0,2.0,5.0,1.7,0.0
2021,2,MIN,Kirk Cousins,33.0,16.5,2.0,1.0,0.0
2021,2,TB,Leonard Fournette,24.0,2.2,28.0,2.5,0.0
2021,2,TB,Ronald Jones II,17.0,2.8,10.0,1.7,0.0
2021,2,TB,Blaine Gabbert,-3.0,-1.0,0.0,0.0,0.0
2021,2,TB,Tom Brady,6.0,6.0,0.0,0.0,0.0
2021,2,ATL,Mike Davis,20.0,2.2,18.0,2.0,0.0
2021,2,ATL,Cordarrelle Patterson,-1.0,-0.1,12.0,1.7,1.0
2021,2,ATL,Matt Ryan,0.0,0.0,3.0,1.5,0.0
2021,2,ATL,Keith Smith,3.0,1.5,0.0,0.0,0.0
2021,2,LAC,Austin Ekeler,22.0,2.4,32.0,3.6,2.0
2021,2,LAC,Justin Herbert,6.0,1.5,6.0,1.5,1.0
2021,2,LAC,Justin Jackson,9.0,2.3,12.0,3.0,0.0
2021,2,LAC,Jalen Guyton,8.0,8.0,1.0,1.0,0.0
2021,2,LAC,Larry Rountree,-1.0,-1.0,0.0,0.0,0.0
2021,2,DAL,Ezekiel Elliott,41.0,2.6,30.0,1.9,0.0
2021,2,DAL,Tony Pollard,45.0,3.5,64.0,4.9,2.0
2021,2,DAL,CeeDee Lamb,10.0,10.0,3.0,3.0,0.0
2021,2,DAL,Cedrick Wilson Jr.,4.0,4.0,1.0,1.0,0.0
2021,2,SEA,Chris Carson,14.0,1.1,17.0,1.3,3.0
2021,2,SEA,Russell Wilson,13.0,4.3,3.0,1.0,0.0
2021,2,SEA,Alex Collins,23.0,23.0,2.0,2.0,0.0
2021,2,SEA,Freddie Swain,4.0,4.0,1.0,1.0,0.0
2021,2,TEN,Derrick Henry,93.0,2.7,89.0,2.5,1.0
2021,2,TEN,Ryan Tannehill,26.0,6.5,1.0,0.3,0.0
2021,2,TEN,Jeremy McNichols,1.0,1.0,2.0,2.0,0.0
2021,2,BAL,Lamar Jackson,66.0,4.1,41.0,2.6,3.0
2021,2,BAL,Ty'Son Williams,57.0,4.4,20.0,1.5,1.0
2021,2,BAL,Latavius Murray,21.0,2.3,15.0,1.7,1.0
2021,2,BAL,Devonta Freeman,27.0,13.5,2.0,1.0,0.0
2021,2,BAL,Patrick Ricard,1.0,1.0,1.0,1.0,0.0
2021,2,KC,Clyde Edwards-Helaire,35.0,2.7,11.0,0.8,1.0
2021,2,KC,Darrel Williams,-4.0,-1.3,2.0,0.7,1.0
2021,2,KC,Tyreek Hill,15.0,15.0,0.0,0.0,0.0
2021,2,KC,Patrick Mahomes,1.0,1.0,2.0,2.0,0.0
2021,2,GB,Aaron Jones,42.0,2.5,25.0,1.5,1.0
2021,2,GB,AJ Dillon,8.0,1.6,10.0,2.0,1.0
2021,2,GB,Aaron Rodgers,6.0,1.5,0.0,0.0,0.0
2021,2,GB,Jordan Love,-3.0,-1.0,0.0,0.0,0.0
2021,2,GB,Kylin Hill,8.0,4.0,0.0,0.0,0.0
2021,2,DET,D'Andre Swift,35.0,4.4,2.0,0.3,0.0
2021,2,DET,Jamaal Williams,24.0,3.4,1.0,0.1,0.0
2021,2,DET,Jared Goff,46.0,11.5,0.0,0.0,0.0
2021,3,HOU,Phillip Lindsay,1.0,0.1,4.0,0.6,0.0
2021,3,HOU,Mark Ingram,7.0,1.2,14.0,2.3,0.0
2021,3,HOU,David Johnson,5.0,2.5,6.0,3.0,0.0
2021,3,HOU,Brandin Cooks,3.0,3.0,2.0,2.0,0.0
2021,3,HOU,Davis Mills,0.0,0.0,0.0,0.0,0.0
2021,3,CAR,Chuba Hubbard,29.0,2.6,23.0,2.1,2.0
2021,3,CAR,Sam Darnold,3.0,0.4,8.0,1.0,2.0
2021,3,CAR,Christian McCaffrey,3.0,0.4,28.0,4.0,3.0
2021,3,CAR,Royce Freeman,14.0,2.8,3.0,0.6,0.0
2021,3,CAR,D.J. Moore,-1.0,-1.0,0.0,0.0,0.0
2021,3,CAR,Tommy Tremble,7.0,7.0,0.0,0.0,0.0
2021,3,BUF,Zack Moss,40.0,3.1,20.0,1.5,1.0
2021,3,BUF,Devin Singletary,13.0,1.2,13.0,1.2,0.0
2021,3,BUF,Josh Allen,5.0,1.3,4.0,1.0,1.0
2021,3,BUF,Mitchell Trubisky,19.0,4.8,0.0,0.0,0.0
2021,3,BUF,Isaiah McKenzie,6.0,6.0,2.0,2.0,0.0
2021,3,WAS,Antonio Gibson,15.0,1.3,16.0,1.3,1.0
2021,3,WAS,Taylor Heinicke,21.0,2.6,0.0,0.0,0.0
2021,3,WAS,J.D. McKissic,14.0,4.7,9.0,3.0,0.0
2021,3,WAS,Dyami Brown,-4.0,-4.0,0.0,0.0,0.0
2021,3,WAS,Cam Sims,5.0,5.0,2.0,2.0,0.0
2021,3,CLE,Nick Chubb,64.0,2.9,20.0,0.9,1.0
2021,3,CLE,Kareem Hunt,33.0,3.3,48.0,4.8,3.0
2021,3,CLE,Baker Mayfield,31.0,7.8,0.0,0.0,0.0
2021,3,CLE,Case Keenum,0.0,0.0,0.0,0.0,0.0
2021,3,CLE,D'Ernest Johnson,6.0,3.0,3.0,1.5,0.0
2021,3,CLE,Odell Beckham Jr.,10.0,10.0,0.0,0.0,0.0
2021,3,CHI,David Montgomery,26.0,2.6,8.0,0.8,0.0
2021,3,CHI,Justin Fields,12.0,4.0,0.0,0.0,0.0
2021,3,DET,D'Andre Swift,38.0,2.7,9.0,0.6,1.0
2021,3,DET,Jamaal Williams,36.0,3.0,6.0,0.5,0.0
2021,3,DET,Jared Goff,4.0,4.0,0.0,0.0,0.0
2021,3,BAL,Lamar Jackson,55.0,7.9,3.0,0.4,0.0
2021,3,BAL,Latavius Murray,26.0,3.7,2.0,0.3,0.0
2021,3,BAL,Ty'Son Williams,16.0,3.2,6.0,1.2,0.0
2021,3,BAL,Devonta Freeman,4.0,1.3,4.0,1.3,0.0
2021,3,JAX,James Robinson,31.0,2.1,57.0,3.8,0.0
2021,3,JAX,Carlos Hyde,12.0,1.5,32.0,4.0,1.0
2021,3,JAX,Trevor Lawrence,16.0,2.7,11.0,1.8,0.0
2021,3,ARI,James Conner,19.0,1.7,24.0,2.2,1.0
2021,3,ARI,Chase Edmonds,11.0,1.0,15.0,1.4,0.0
2021,3,ARI,Kyler Murray,18.0,2.6,1.0,0.1,0.0
2021,3,ARI,Rondale Moore,0.0,0.0,3.0,3.0,0.0
2021,3,KC,Clyde Edwards-Helaire,68.0,4.0,32.0,1.9,0.0
2021,3,KC,Darrel Williams,22.0,3.1,6.0,0.9,0.0
2021,3,KC,Patrick Mahomes,44.0,11.0,1.0,0.3,0.0
2021,3,KC,Mecole Hardman,2.0,2.0,0.0,0.0,0.0
2021,3,KC,Tyreek Hill,11.0,11.0,0.0,0.0,0.0
2021,3,LAC,Austin Ekeler,34.0,3.1,21.0,1.9,0.0
2021,3,LAC,Justin Herbert,15.0,3.8,1.0,0.3,0.0
2021,3,LAC,Larry Rountree,2.0,0.5,1.0,0.3,0.0
2021,3,LAC,Justin Jackson,0.0,0.0,0.0,0.0,0.0
2021,3,LAC,Jalen Guyton,2.0,2.0,1.0,1.0,0.0
2021,3,NE,Damien Harris,8.0,1.3,6.0,1.0,1.0
2021,3,NE,Mac Jones,28.0,4.7,0.0,0.0,0.0
2021,3,NE,Brandon Bolden,-1.0,-0.3,0.0,0.0,0.0
2021,3,NE,J.J. Taylor,1.0,1.0,1.0,1.0,0.0
2021,3,NE,James White,5.0,5.0,1.0,1.0,0.0
2021,3,NO,Alvin Kamara,56.0,2.3,33.0,1.4,4.0
2021,3,NO,Taysom Hill,16.0,2.7,16.0,2.7,2.0
2021,3,NO,Jameis Winston,1.0,0.2,3.0,0.6,0.0
2021,3,NO,Tony Jones,9.0,4.5,3.0,1.5,0.0
2021,3,NO,Alex Armah,3.0,3.0,2.0,2.0,0.0
2021,3,NYG,Saquon Barkley,27.0,1.7,24.0,1.5,1.0
2021,3,NYG,Daniel Jones,36.0,4.5,3.0,0.4,0.0
2021,3,NYG,Elijhaa Penny,3.0,1.5,3.0,1.5,0.0
2021,3,NYG,Gary Brightwell,3.0,3.0,1.0,1.0,0.0
2021,3,ATL,Mike Davis,17.0,1.4,33.0,2.8,2.0
2021,3,ATL,Cordarrelle Patterson,12.0,1.7,8.0,1.1,0.0
2021,3,ATL,Matt Ryan,-1.0,-1.0,0.0,0.0,0.0
2021,3,PIT,Najee Harris,14.0,1.0,26.0,1.9,1.0
2021,3,PIT,Ben Roethlisberger,5.0,5.0,0.0,0.0,0.0
2021,3,CIN,Joe Mixon,34.0,1.9,56.0,3.1,1.0
2021,3,CIN,Joe Burrow,4.0,0.8,3.0,0.6,0.0
2021,3,CIN,Samaje Perine,-1.0,-1.0,0.0,0.0,0.0
2021,3,TEN,Derrick Henry,72.0,2.6,41.0,1.5,1.0
2021,3,TEN,Ryan Tannehill,53.0,10.6,3.0,0.6,0.0
2021,3,TEN,Jeremy McNichols,2.0,1.0,4.0,2.0,0.0
2021,3,TEN,A.J. Brown,1.0,1.0,2.0,2.0,0.0
2021,3,TEN,Mekhi Sargent,2.0,2.0,0.0,0.0,0.0
2021,3,IND,Jonathan Taylor,36.0,3.6,28.0,2.8,0.0
2021,3,IND,Nyheim Hines,23.0,3.8,2.0,0.3,0.0
2021,3,IND,Ashton Dulin,-7.0,-7.0,0.0,0.0,1.0
2021,3,IND,Michael Pittman Jr.,5.0,5.0,0.0,0.0,0.0
2021,3,DEN,Melvin Gordon,30.0,1.7,30.0,1.7,3.0
2021,3,DEN,Javonte Williams,23.0,1.9,6.0,0.5,0.0
2021,3,DEN,Teddy Bridgewater,19.0,4.8,5.0,1.3,1.0
2021,3,DEN,Damarea Crockett,7.0,2.3,0.0,0.0,0.0
2021,3,NYJ,Michael Carter,12.0,1.3,12.0,1.3,3.0
2021,3,NYJ,Ty Johnson,13.0,4.3,4.0,1.3,1.0
2021,3,NYJ,Zach Wilson,2.0,2.0,0.0,0.0,0.0
2021,3,LV,Peyton Barber,76.0,3.3,35.0,1.5,0.0
2021,3,LV,Kenyan Drake,10.0,1.3,14.0,1.8,1.0
2021,3,LV,Derek Carr,-2.0,-1.0,0.0,0.0,0.0
2021,3,LV,Alec Ingold,0.0,0.0,0.0,0.0,0.0
2021,3,LV,Henry Ruggs III,6.0,6.0,1.0,1.0,0.0
2021,3,MIA,Myles Gaskin,41.0,3.2,24.0,1.8,0.0
2021,3,MIA,Jacoby Brissett,37.0,5.3,0.0,0.0,0.0
2021,3,MIA,Malcolm Brown,25.0,3.6,6.0,0.9,0.0
2021,3,LA,Sony Michel,34.0,1.7,33.0,1.7,3.0
2021,3,LA,Matthew Stafford,-2.0,-1.0,0.0,0.0,0.0
2021,3,LA,Jake Funk,3.0,3.0,3.0,3.0,0.0
2021,3,LA,Robert Woods,1.0,1.0,4.0,4.0,0.0
2021,3,TB,Ronald Jones II,6.0,1.2,5.0,1.0,0.0
2021,3,TB,Leonard Fournette,6.0,1.5,2.0,0.5,0.0
2021,3,TB,Tom Brady,12.0,4.0,2.0,0.7,0.0
2021,3,TB,Chris Godwin,2.0,2.0,0.0,0.0,0.0
2021,3,MIN,Alexander Mattison,67.0,2.6,45.0,1.7,2.0
2021,3,MIN,Ameer Abdullah,11.0,2.2,13.0,2.6,1.0
2021,3,MIN,C.J. Ham,0.0,0.0,2.0,1.0,0.0
2021,3,MIN,Kirk Cousins,2.0,2.0,0.0,0.0,0.0
2021,3,SEA,Chris Carson,55.0,4.6,25.0,2.1,1.0
2021,3,SEA,Russell Wilson,5.0,1.7,2.0,0.7,0.0
2021,3,SEA,Alex Collins,1.0,0.5,7.0,3.5,1.0
2021,3,SEA,Freddie Swain,10.0,10.0,1.0,1.0,0.0
2021,3,SF,Trey Sermon,15.0,1.5,16.0,1.6,1.0
2021,3,SF,Kyle Juszczyk,6.0,1.2,8.0,1.6,0.0
2021,3,SF,Deebo Samuel,0.0,0.0,0.0,0.0,0.0
2021,3,SF,Brandon Aiyuk,5.0,5.0,3.0,3.0,0.0
2021,3,SF,Jimmy Garoppolo,4.0,4.0,0.0,0.0,0.0
2021,3,SF,George Kittle,5.0,5.0,4.0,4.0,0.0
2021,3,SF,Trey Lance,0.0,0.0,1.0,1.0,0.0
2021,3,GB,Aaron Jones,41.0,2.2,41.0,2.2,2.0
2021,3,GB,AJ Dillon,10.0,1.7,8.0,1.3,0.0
2021,3,DAL,Ezekiel Elliott,48.0,2.8,47.0,2.8,1.0
2021,3,DAL,Tony Pollard,34.0,3.1,26.0,2.4,0.0
2021,3,DAL,Dak Prescott,0.0,0.0,6.0,0.7,0.0
2021,3,DAL,Corey Clement,-6.0,-2.0,6.0,2.0,1.0
2021,3,DAL,CeeDee Lamb,-1.0,-1.0,0.0,0.0,0.0
2021,3,PHI,Jalen Hurts,24.0,2.7,11.0,1.2,0.0
2021,3,PHI,Miles Sanders,20.0,10.0,7.0,3.5,0.0
2021,3,PHI,Kenneth Gainwell,1.0,1.0,1.0,1.0,0.0
2021,4,CIN,Joe Mixon,54.0,3.4,13.0,0.8,2.0
2021,4,CIN,Joe Burrow,2.0,0.7,2.0,0.7,0.0
2021,4,CIN,Samaje Perine,5.0,1.7,2.0,0.7,0.0
2021,4,JAX,James Robinson,52.0,2.9,26.0,1.4,2.0
2021,4,JAX,Trevor Lawrence,24.0,3.0,12.0,1.5,1.0
2021,4,JAX,Dare Ogunbowale,3.0,1.5,0.0,0.0,0.0
2021,4,JAX,Jamal Agnew,11.0,11.0,0.0,0.0,0.0
2021,4,JAX,Laviska Shenault Jr.,8.0,8.0,3.0,3.0,1.0
2021,4,ATL,Mike Davis,1.0,0.1,13.0,1.0,0.0
2021,4,ATL,Wayne Gallman,19.0,3.2,10.0,1.7,1.0
2021,4,ATL,Cordarrelle Patterson,21.0,3.5,13.0,2.2,0.0
2021,4,ATL,Feleipe Franks,1.0,1.0,2.0,2.0,0.0
2021,4,ATL,Matt Ryan,17.0,17.0,0.0,0.0,0.0
2021,4,ATL,Keith Smith,1.0,1.0,1.0,1.0,0.0
2021,4,WAS,Antonio Gibson,42.0,3.0,21.0,1.5,0.0
2021,4,WAS,J.D. McKissic,10.0,1.4,5.0,0.7,0.0
2021,4,WAS,Taylor Heinicke,43.0,8.6,0.0,0.0,0.0
2021,4,WAS,Jaret Patterson,0.0,0.0,1.0,0.5,0.0
2021,4,BUF,Zack Moss,16.0,1.1,45.0,3.2,0.0
2021,4,BUF,Devin Singletary,29.0,2.1,50.0,3.6,1.0
2021,4,BUF,Josh Allen,25.0,4.2,16.0,2.7,0.0
2021,4,BUF,Mitchell Trubisky,10.0,2.5,0.0,0.0,0.0
2021,4,BUF,Reggie Gilliam,0.0,0.0,1.0,1.0,0.0
2021,4,BUF,Emmanuel Sanders,3.0,3.0,4.0,4.0,0.0
2021,4,HOU,Mark Ingram,13.0,2.2,11.0,1.8,0.0
2021,4,HOU,David Johnson,9.0,1.8,12.0,2.4,1.0
2021,4,HOU,Phillip Lindsay,-3.0,-0.8,2.0,0.5,0.0
2021,4,HOU,Jordan Akins,0.0,0.0,3.0,3.0,0.0
2021,4,HOU,Rex Burkhead,-1.0,-1.0,0.0,0.0,0.0
2021,4,HOU,Davis Mills,2.0,2.0,0.0,0.0,0.0
2021,4,CHI,David Montgomery,51.0,2.2,55.0,2.4,3.0
2021,4,CHI,Damien Williams,44.0,5.5,11.0,1.4,1.0
2021,4,CHI,Justin Fields,9.0,3.0,0.0,0.0,0.0
2021,4,CHI,Khalil Herbert,4.0,1.3,3.0,1.0,0.0
2021,4,CHI,Marquise Goodwin,0.0,0.0,1.0,1.0,0.0
2021,4,CHI,Darnell Mooney,7.0,7.0,3.0,3.0,1.0
2021,4,DET,Jamaal Williams,39.0,2.8,27.0,1.9,3.0
2021,4,DET,D'Andre Swift,12.0,1.5,4.0,0.5,0.0
2021,4,DET,Jared Goff,8.0,2.7,0.0,0.0,0.0
2021,4,DAL,Ezekiel Elliott,71.0,3.6,72.0,3.6,1.0
2021,4,DAL,Tony Pollard,45.0,4.5,22.0,2.2,1.0
2021,4,DAL,Dak Prescott,35.0,8.8,0.0,0.0,0.0
2021,4,CAR,Chuba Hubbard,32.0,2.5,25.0,1.9,1.0
2021,4,CAR,Sam Darnold,35.0,5.8,0.0,0.0,0.0
2021,4,CAR,Royce Freeman,7.0,2.3,5.0,1.7,0.0
2021,4,CAR,Robby Anderson,1.0,1.0,2.0,2.0,0.0
2021,4,CAR,D.J. Moore,6.0,6.0,0.0,0.0,0.0
2021,4,MIA,Malcolm Brown,14.0,1.8,9.0,1.1,2.0
2021,4,MIA,Salvon Ahmed,1.0,0.3,0.0,0.0,0.0
2021,4,MIA,Jacoby Brissett,8.0,2.7,0.0,0.0,0.0
2021,4,MIA,Myles Gaskin,3.0,1.5,0.0,0.0,0.0
2021,4,IND,Jonathan Taylor,56.0,3.5,47.0,2.9,4.0
2021,4,IND,Marlon Mack,18.0,1.8,4.0,0.4,1.0
2021,4,IND,Carson Wentz,8.0,1.6,0.0,0.0,0.0
2021,4,IND,Nyheim Hines,0.0,0.0,6.0,3.0,0.0
2021,4,MIN,Alexander Mattison,5.0,0.5,15.0,1.5,1.0
2021,4,MIN,Dalvin Cook,25.0,2.8,9.0,1.0,0.0
2021,4,MIN,Kirk Cousins,0.0,0.0,0.0,0.0,0.0
2021,4,MIN,C.J. Ham,0.0,0.0,1.0,1.0,0.0
2021,4,MIN,K.J. Osborn,8.0,8.0,2.0,2.0,0.0
2021,4,CLE,Nick Chubb,38.0,1.8,62.0,3.0,1.0
2021,4,CLE,Kareem Hunt,29.0,2.1,40.0,2.9,1.0
2021,4,CLE,Baker Mayfield,4.0,2.0,7.0,3.5,1.0
2021,4,CLE,Odell Beckham Jr.,2.0,2.0,2.0,2.0,0.0
2021,4,NO,Alvin Kamara,58.0,2.2,62.0,2.4,3.0
2021,4,NO,Taysom Hill,15.0,2.5,13.0,2.2,3.0
2021,4,NO,Tony Jones,8.0,2.7,0.0,0.0,0.0
2021,4,NO,Ty Montgomery,5.0,2.5,2.0,1.0,0.0
2021,4,NO,Alex Armah,1.0,1.0,1.0,1.0,0.0
2021,4,NO,Dwayne Washington,0.0,0.0,5.0,5.0,0.0
2021,4,NYG,Saquon Barkley,25.0,1.9,27.0,2.1,1.0
2021,4,NYG,Daniel Jones,27.0,6.8,0.0,0.0,0.0
2021,4,NYG,Devontae Booker,3.0,3.0,3.0,3.0,0.0
2021,4,NYG,Evan Engram,-3.0,-3.0,0.0,0.0,0.0
2021,4,NYG,Kadarius Toney,0.0,0.0,1.0,1.0,0.0
2021,4,NYJ,Michael Carter,8.0,0.6,30.0,2.3,0.0
2021,4,NYJ,Tevin Coleman,4.0,1.0,10.0,2.5,0.0
2021,4,NYJ,Ty Johnson,-2.0,-0.7,3.0,1.0,0.0
2021,4,NYJ,Zach Wilson,-4.0,-1.3,2.0,0.7,0.0
2021,4,NYJ,Braxton Berrios,11.0,5.5,4.0,2.0,0.0
2021,4,TEN,Derrick Henry,77.0,2.3,80.0,2.4,2.0
2021,4,TEN,Ryan Tannehill,8.0,2.7,1.0,0.3,0.0
2021,4,TEN,Jeremy McNichols,11.0,11.0,0.0,0.0,0.0
2021,4,PHI,Jalen Hurts,23.0,2.9,24.0,3.0,3.0
2021,4,PHI,Miles Sanders,3.0,0.4,10.0,1.4,1.0
2021,4,PHI,Kenneth Gainwell,19.0,6.3,12.0,4.0,1.0
2021,4,PHI,Jalen Reagor,6.0,6.0,6.0,6.0,1.0
2021,4,KC,Clyde Edwards-Helaire,56.0,4.0,46.0,3.3,2.0
2021,4,KC,Darrel Williams,21.0,2.1,21.0,2.1,0.0
2021,4,KC,Patrick Mahomes,22.0,4.4,4.0,0.8,0.0
2021,4,KC,Mecole Hardman,24.0,12.0,1.0,0.5,0.0
2021,4,KC,Michael Burton,1.0,1.0,4.0,4.0,0.0
2021,4,LA,Darrell Henderson,62.0,4.4,27.0,1.9,1.0
2021,4,LA,Matthew Stafford,19.0,3.2,2.0,0.3,0.0
2021,4,LA,Sony Michel,9.0,3.0,2.0,0.7,0.0
2021,4,ARI,James Conner,25.0,1.4,25.0,1.4,0.0
2021,4,ARI,Chase Edmonds,96.0,8.0,24.0,2.0,1.0
2021,4,ARI,Kyler Murray,39.0,6.5,0.0,0.0,0.0
2021,4,ARI,Colt McCoy,-2.0,-1.0,0.0,0.0,0.0
2021,4,ARI,Rondale Moore,7.0,3.5,2.0,1.0,0.0
2021,4,SF,Trey Sermon,51.0,2.7,38.0,2.0,0.0
2021,4,SF,Trey Lance,36.0,5.1,5.0,0.7,0.0
2021,4,SF,Jacques Patrick,8.0,4.0,4.0,2.0,0.0
2021,4,SF,Deebo Samuel,0.0,0.0,1.0,1.0,0.0
2021,4,SEA,Chris Carson,10.0,0.8,20.0,1.5,0.0
2021,4,SEA,Alex Collins,30.0,3.0,14.0,1.4,0.0
2021,4,SEA,Russell Wilson,26.0,6.5,0.0,0.0,0.0
2021,4,SEA,Travis Homer,1.0,1.0,4.0,4.0,1.0
2021,4,DEN,Melvin Gordon,30.0,3.3,26.0,2.9,4.0
2021,4,DEN,Javonte Williams,8.0,1.1,40.0,5.7,4.0
2021,4,DEN,Teddy Bridgewater,2.0,2.0,0.0,0.0,0.0
2021,4,BAL,Latavius Murray,37.0,2.1,22.0,1.2,1.0
2021,4,BAL,Lamar Jackson,25.0,3.6,3.0,0.4,0.0
2021,4,BAL,Le'Veon Bell,10.0,2.5,1.0,0.3,0.0
2021,4,BAL,Devonta Freeman,4.0,4.0,0.0,0.0,0.0
2021,4,GB,AJ Dillon,45.0,3.0,36.0,2.4,2.0
2021,4,GB,Aaron Jones,28.0,1.9,20.0,1.3,1.0
2021,4,GB,Aaron Rodgers,2.0,0.7,0.0,0.0,0.0
2021,4,PIT,Najee Harris,28.0,1.9,34.0,2.3,1.0
2021,4,PIT,Benny Snell Jr.,0.0,0.0,0.0,0.0,0.0
2021,4,NE,Damien Harris,-5.0,-1.3,1.0,0.3,0.0
2021,4,NE,Nelson Agholor,4.0,4.0,0.0,0.0,1.0
2021,4,NE,Brandon Bolden,0.0,0.0,0.0,0.0,0.0
2021,4,NE,Mac Jones,-1.0,-1.0,0.0,0.0,0.0
2021,4,NE,J.J. Taylor,0.0,0.0,0.0,0.0,0.0
2021,4,TB,Leonard Fournette,62.0,3.1,30.0,1.5,4.0
2021,4,TB,Ronald Jones II,11.0,1.8,14.0,2.3,1.0
2021,4,TB,Tom Brady,0.0,0.0,3.0,0.8,0.0
2021,4,LAC,Austin Ekeler,70.0,4.7,47.0,3.1,3.0
2021,4,LAC,Larry Rountree,14.0,1.3,17.0,1.5,0.0
2021,4,LAC,Justin Herbert,4.0,1.3,0.0,0.0,0.0
2021,4,LAC,Justin Jackson,-4.0,-1.3,0.0,0.0,0.0
2021,4,LAC,Jalen Guyton,3.0,1.5,17.0,8.5,0.0
2021,4,LV,Josh Jacobs,20.0,1.5,20.0,1.5,1.0
2021,4,LV,Derek Carr,5.0,1.7,1.0,0.3,0.0
2021,4,LV,Peyton Barber,0.0,0.0,0.0,0.0,0.0
2021,4,LV,Kenyan Drake,0.0,0.0,2.0,2.0,0.0
2021,5,SEA,Alex Collins,42.0,2.8,5.0,0.3,0.0
2021,5,SEA,DeeJay Dallas,6.0,1.5,1.0,0.3,0.0
2021,5,SEA,Geno Smith,17.0,5.7,6.0,2.0,2.0
2021,5,SEA,Russell Wilson,10.0,5.0,0.0,0.0,0.0
2021,5,SEA,Travis Homer,3.0,3.0,2.0,2.0,0.0
2021,5,LA,Darrell Henderson,43.0,2.5,39.0,2.3,2.0
2021,5,LA,Sony Michel,21.0,1.9,16.0,1.5,1.0
2021,5,LA,Matthew Stafford,-1.0,-1.0,0.0,0.0,0.0
2021,5,ATL,Cordarrelle Patterson,15.0,1.1,39.0,2.8,1.0
2021,5,ATL,Mike Davis,32.0,2.5,21.0,1.6,1.0
2021,5,ATL,Wayne Gallman,0.0,0.0,2.0,2.0,0.0
2021,5,ATL,Matt Ryan,-1.0,-1.0,0.0,0.0,0.0
2021,5,NYJ,Michael Carter,16.0,1.6,22.0,2.2,0.0
2021,5,NYJ,Ty Johnson,7.0,1.8,5.0,1.3,0.0
2021,5,NYJ,Tevin Coleman,6.0,2.0,5.0,1.7,0.0
2021,5,NYJ,Zach Wilson,3.0,3.0,0.0,0.0,0.0
2021,5,CAR,Chuba Hubbard,45.0,1.9,56.0,2.3,2.0
2021,5,CAR,Royce Freeman,-1.0,-0.3,3.0,1.0,0.0
2021,5,CAR,Sam Darnold,10.0,5.0,0.0,0.0,0.0
2021,5,CAR,D.J. Moore,-4.0,-4.0,0.0,0.0,0.0
2021,5,PHI,Miles Sanders,27.0,2.5,18.0,1.6,0.0
2021,5,PHI,Jalen Hurts,27.0,3.0,3.0,0.3,0.0
2021,5,PHI,Kenneth Gainwell,14.0,7.0,2.0,1.0,0.0
2021,5,CIN,Samaje Perine,22.0,2.0,37.0,3.4,2.0
2021,5,CIN,Joe Mixon,23.0,2.3,10.0,1.0,0.0
2021,5,CIN,Joe Burrow,8.0,2.7,3.0,1.0,0.0
2021,5,GB,Aaron Jones,31.0,2.2,72.0,5.1,1.0
2021,5,GB,AJ Dillon,11.0,1.4,19.0,2.4,0.0
2021,5,HOU,Mark Ingram,16.0,1.0,25.0,1.6,0.0
2021,5,HOU,Phillip Lindsay,13.0,2.6,6.0,1.2,0.0
2021,5,HOU,David Johnson,2.0,1.0,3.0,1.5,0.0
2021,5,HOU,Davis Mills,1.0,1.0,1.0,1.0,0.0
2021,5,NE,Damien Harris,15.0,1.1,43.0,3.1,0.0
2021,5,NE,Rhamondre Stevenson,7.0,0.6,16.0,1.5,0.0
2021,5,NE,Brandon Bolden,19.0,9.5,6.0,3.0,0.0
2021,5,NE,Kendrick Bourne,0.0,0.0,12.0,12.0,0.0
2021,5,NE,Mac Jones,1.0,1.0,2.0,2.0,0.0
2021,5,NE,Jonnu Smith,0.0,0.0,5.0,5.0,0.0
2021,5,JAX,James Robinson,101.0,5.6,48.0,2.7,6.0
2021,5,JAX,Trevor Lawrence,27.0,3.9,1.0,0.1,0.0
2021,5,JAX,Carlos Hyde,10.0,2.0,3.0,0.6,0.0
2021,5,JAX,Jamal Agnew,8.0,8.0,0.0,0.0,0.0
2021,5,TEN,Derrick Henry,79.0,2.7,51.0,1.8,4.0
2021,5,TEN,Ryan Tannehill,20.0,6.7,1.0,0.3,0.0
2021,5,TEN,Cameron Batson,11.0,5.5,4.0,2.0,0.0
2021,5,TEN,Jeremy McNichols,6.0,6.0,3.0,3.0,0.0
2021,5,TEN,Chester Rogers,5.0,5.0,4.0,4.0,0.0
2021,5,MIN,Alexander Mattison,42.0,1.7,71.0,2.8,3.0
2021,5,MIN,Ameer Abdullah,2.0,2.0,0.0,0.0,0.0
2021,5,MIN,Kirk Cousins,4.0,4.0,0.0,0.0,0.0
2021,5,MIN,C.J. Ham,1.0,1.0,0.0,0.0,0.0
2021,5,DET,Jamaal Williams,38.0,2.9,19.0,1.5,0.0
2021,5,DET,D'Andre Swift,37.0,3.4,14.0,1.3,0.0
2021,5,PIT,Najee Harris,69.0,3.0,53.0,2.3,2.0
2021,5,PIT,Benny Snell Jr.,14.0,2.8,6.0,1.2,1.0
2021,5,PIT,Kalen Ballage,-2.0,-0.5,2.0,0.5,0.0
2021,5,PIT,JuJu Smith-Schuster,5.0,2.5,1.0,0.5,0.0
2021,5,PIT,Ben Roethlisberger,-1.0,-1.0,0.0,0.0,0.0
2021,5,DEN,Melvin Gordon,21.0,2.3,13.0,1.4,0.0
2021,5,DEN,Javonte Williams,40.0,5.0,21.0,2.6,0.0
2021,5,DEN,Teddy Bridgewater,8.0,8.0,3.0,3.0,0.0
2021,5,TB,Leonard Fournette,28.0,2.3,39.0,3.3,0.0
2021,5,TB,Ronald Jones II,14.0,2.8,7.0,1.4,0.0
2021,5,TB,Giovani Bernard,9.0,2.3,12.0,3.0,0.0
2021,5,TB,Blaine Gabbert,-1.0,-0.3,0.0,0.0,0.0
2021,5,TB,Tom Brady,11.0,11.0,2.0,2.0,0.0
2021,5,MIA,Myles Gaskin,20.0,4.0,5.0,1.0,0.0
2021,5,MIA,Salvon Ahmed,1.0,0.5,4.0,2.0,1.0
2021,5,MIA,Jaylen Waddle,1.0,1.0,1.0,1.0,0.0
2021,5,MIA,Preston Williams,3.0,3.0,4.0,4.0,1.0
2021,5,WAS,Antonio Gibson,32.0,1.6,28.0,1.4,1.0
2021,5,WAS,Taylor Heinicke,39.0,7.8,1.0,0.2,0.0
2021,5,WAS,Jaret Patterson,6.0,1.5,7.0,1.8,1.0
2021,5,WAS,J.D. McKissic,-2.0,-1.0,1.0,0.5,0.0
2021,5,WAS,DeAndre Carter,8.0,8.0,3.0,3.0,0.0
2021,5,WAS,Curtis Samuel,7.0,7.0,1.0,1.0,0.0
2021,5,NO,Alvin Kamara,45.0,2.8,26.0,1.6,2.0
2021,5,NO,Jameis Winston,15.0,2.5,11.0,1.8,0.0
2021,5,NO,Kenny Stills,1.0,1.0,0.0,0.0,0.0
2021,5,LAC,Austin Ekeler,34.0,2.0,32.0,1.9,1.0
2021,5,LAC,Justin Herbert,18.0,4.5,11.0,2.8,0.0
2021,5,LAC,Joshua Kelley,13.0,6.5,4.0,2.0,0.0
2021,5,CLE,Nick Chubb,50.0,2.4,111.0,5.3,4.0
2021,5,CLE,Kareem Hunt,15.0,1.3,46.0,3.8,1.0
2021,5,CLE,Baker Mayfield,1.0,0.5,7.0,3.5,0.0
2021,5,LV,Josh Jacobs,45.0,3.0,3.0,0.2,0.0
2021,5,LV,Derek Carr,10.0,3.3,0.0,0.0,0.0
2021,5,LV,Kenyan Drake,9.0,4.5,2.0,1.0,0.0
2021,5,LV,Nathan Peterman,2.0,1.0,0.0,0.0,0.0
2021,5,CHI,Khalil Herbert,63.0,3.5,12.0,0.7,0.0
2021,5,CHI,Damien Williams,57.0,3.6,7.0,0.4,1.0
2021,5,CHI,Justin Fields,2.0,0.7,2.0,0.7,0.0
2021,5,ARI,James Conner,8.0,0.8,21.0,2.1,0.0
2021,5,ARI,Kyler Murray,-3.0,-0.4,4.0,0.6,0.0
2021,5,ARI,Chase Edmonds,5.0,0.8,10.0,1.7,0.0
2021,5,ARI,Rondale Moore,4.0,1.3,34.0,11.3,2.0
2021,5,ARI,Christian Kirk,9.0,9.0,2.0,2.0,0.0
2021,5,SF,Trey Lance,50.0,3.1,39.0,2.4,0.0
2021,5,SF,Elijah Mitchell,9.0,1.0,34.0,3.8,1.0
2021,5,SF,Kyle Juszczyk,0.0,0.0,0.0,0.0,0.0
2021,5,SF,Deebo Samuel,7.0,7.0,6.0,6.0,1.0
2021,5,SF,Trey Sermon,0.0,0.0,7.0,7.0,1.0
2021,5,DAL,Ezekiel Elliott,70.0,3.3,40.0,1.9,0.0
2021,5,DAL,Tony Pollard,46.0,3.3,29.0,2.1,0.0
2021,5,DAL,Dak Prescott,6.0,3.0,0.0,0.0,0.0
2021,5,DAL,CeeDee Lamb,1.0,1.0,3.0,3.0,0.0
2021,5,DAL,Cedrick Wilson Jr.,6.0,6.0,0.0,0.0,0.0
2021,5,NYG,Devontae Booker,27.0,1.7,15.0,0.9,2.0
2021,5,NYG,Daniel Jones,8.0,2.7,1.0,0.3,0.0
2021,5,NYG,Saquon Barkley,6.0,3.0,3.0,1.5,0.0
2021,5,NYG,Mike Glennon,2.0,1.0,0.0,0.0,0.0
2021,5,NYG,Elijhaa Penny,2.0,2.0,2.0,2.0,0.0
2021,5,NYG,Kadarius Toney,7.0,7.0,0.0,0.0,0.0
2021,5,KC,Patrick Mahomes,58.0,7.3,3.0,0.4,0.0
2021,5,KC,Clyde Edwards-Helaire,6.0,0.9,7.0,1.0,0.0
2021,5,KC,Darrel Williams,20.0,4.0,7.0,1.4,0.0
2021,5,KC,Michael Burton,2.0,2.0,0.0,0.0,0.0
2021,5,KC,Tyreek Hill,7.0,7.0,8.0,8.0,0.0
2021,5,KC,Jerick McKinnon,0.0,0.0,2.0,2.0,0.0
2021,5,BUF,Josh Allen,50.0,4.5,9.0,0.8,0.0
2021,5,BUF,Zack Moss,15.0,1.4,22.0,2.0,3.0
2021,5,BUF,Devin Singletary,10.0,1.7,15.0,2.5,0.0
2021,5,BAL,Lamar Jackson,21.0,1.5,41.0,2.9,2.0
2021,5,BAL,Latavius Murray,9.0,1.5,8.0,1.3,0.0
2021,5,BAL,Ty'Son Williams,3.0,0.8,3.0,0.8,0.0
2021,5,BAL,Devonta Freeman,0.0,0.0,1.0,1.0,0.0
2021,5,IND,Jonathan Taylor,20.0,1.3,33.0,2.2,0.0
2021,5,IND,Marlon Mack,31.0,6.2,16.0,3.2,0.0
2021,5,IND,Nyheim Hines,5.0,1.3,13.0,3.3,2.0
2021,5,IND,Carson Wentz,2.0,1.0,3.0,1.5,0.0
2021,6,PHI,Jalen Hurts,38.0,3.8,6.0,0.6,1.0
2021,6,PHI,Miles Sanders,39.0,4.3,17.0,1.9,0.0
2021,6,TB,Leonard Fournette,37.0,1.7,44.0,2.0,1.0
2021,6,TB,Ronald Jones II,10.0,2.0,10.0,2.0,0.0
2021,6,TB,Tom Brady,1.0,0.3,0.0,0.0,0.0
2021,6,JAX,James Robinson,24.0,1.4,49.0,2.9,0.0
2021,6,JAX,Trevor Lawrence,11.0,5.5,0.0,0.0,1.0
2021,6,MIA,Salvon Ahmed,6.0,0.9,16.0,2.3,0.0
2021,6,MIA,Malcolm Brown,13.0,2.6,11.0,2.2,0.0
2021,6,MIA,Myles Gaskin,3.0,0.6,6.0,1.2,0.0
2021,6,MIA,Tua Tagovailoa,22.0,7.3,0.0,0.0,0.0
2021,6,BAL,Devonta Freeman,31.0,3.4,22.0,2.4,0.0
2021,6,BAL,Latavius Murray,29.0,3.2,15.0,1.7,2.0
2021,6,BAL,Le'Veon Bell,13.0,1.6,5.0,0.6,0.0
2021,6,BAL,Lamar Jackson,25.0,3.1,26.0,3.3,2.0
2021,6,BAL,Tyler Huntley,7.0,2.3,3.0,1.0,0.0
2021,6,BAL,Devin Duvernay,7.0,7.0,4.0,4.0,0.0
2021,6,LAC,Austin Ekeler,2.0,0.3,5.0,0.8,0.0
2021,6,LAC,Joshua Kelley,1.0,0.3,6.0,1.5,0.0
2021,6,LAC,Justin Herbert,1.0,0.5,11.0,5.5,0.0
2021,6,CAR,Chuba Hubbard,23.0,1.4,38.0,2.4,0.0
2021,6,CAR,Sam Darnold,48.0,12.0,0.0,0.0,0.0
2021,6,CAR,Royce Freeman,2.0,2.0,1.0,1.0,0.0
2021,6,CAR,D.J. Moore,4.0,4.0,2.0,2.0,0.0
2021,6,CAR,Tommy Tremble,0.0,0.0,0.0,0.0,0.0
2021,6,MIN,Dalvin Cook,69.0,2.4,71.0,2.4,2.0
2021,6,MIN,Alexander Mattison,3.0,1.0,7.0,2.3,1.0
2021,6,MIN,Kirk Cousins,16.0,8.0,0.0,0.0,0.0
2021,6,MIN,C.J. Ham,22.0,22.0,8.0,8.0,0.0
2021,6,MIN,Adam Thielen,0.0,0.0,2.0,2.0,0.0
2021,6,CHI,Khalil Herbert,58.0,3.1,39.0,2.1,1.0
2021,6,CHI,Justin Fields,19.0,3.2,24.0,4.0,0.0
2021,6,CHI,Cole Kmet,0.0,0.0,0.0,0.0,0.0
2021,6,GB,Aaron Jones,50.0,3.8,26.0,2.0,0.0
2021,6,GB,AJ Dillon,17.0,1.5,42.0,3.8,2.0
2021,6,GB,Aaron Rodgers,19.0,2.7,0.0,0.0,0.0
2021,6,DET,D'Andre Swift,12.0,0.9,12.0,0.9,0.0
2021,6,DET,Jamaal Williams,7.0,1.8,4.0,1.0,0.0
2021,6,DET,Jared Goff,0.0,0.0,1.0,1.0,0.0
2021,6,CIN,Joe Mixon,20.0,1.1,74.0,4.1,1.0
2021,6,CIN,Trayveon Williams,5.0,0.8,8.0,1.3,0.0
2021,6,CIN,Joe Burrow,15.0,3.0,5.0,1.0,1.0
2021,6,CIN,Chris Evans,9.0,2.3,9.0,2.3,0.0
2021,6,CIN,Brandon Allen,-3.0,-1.0,0.0,0.0,0.0
2021,6,IND,Jonathan Taylor,62.0,4.4,83.0,5.9,1.0
2021,6,IND,Marlon Mack,6.0,1.2,6.0,1.2,0.0
2021,6,IND,Nyheim Hines,8.0,2.0,5.0,1.3,0.0
2021,6,IND,Carson Wentz,0.0,0.0,1.0,0.5,0.0
2021,6,IND,Michael Pittman Jr.,2.0,2.0,1.0,1.0,0.0
2021,6,HOU,Mark Ingram,50.0,2.8,23.0,1.3,1.0
2021,6,HOU,Phillip Lindsay,37.0,5.3,2.0,0.3,0.0
2021,6,HOU,David Johnson,4.0,2.0,3.0,1.5,0.0
2021,6,HOU,Davis Mills,5.0,2.5,0.0,0.0,0.0
2021,6,NYG,Devontae Booker,22.0,1.8,19.0,1.6,0.0
2021,6,NYG,Daniel Jones,3.0,1.0,1.0,0.3,0.0
2021,6,NYG,Elijhaa Penny,8.0,2.7,7.0,2.3,0.0
2021,6,LA,Darrell Henderson,43.0,2.0,35.0,1.7,0.0
2021,6,LA,Sony Michel,17.0,1.9,25.0,2.8,1.0
2021,6,LA,Matthew Stafford,12.0,6.0,0.0,0.0,0.0
2021,6,LA,John Wolford,-1.0,-0.5,0.0,0.0,0.0
2021,6,WAS,Antonio Gibson,23.0,2.3,21.0,2.1,1.0
2021,6,WAS,J.D. McKissic,33.0,4.1,12.0,1.5,0.0
2021,6,WAS,Jaret Patterson,4.0,4.0,1.0,1.0,0.0
2021,6,KC,Darrel Williams,39.0,1.9,23.0,1.1,0.0
2021,6,KC,Patrick Mahomes,31.0,10.3,0.0,0.0,0.0
2021,6,KC,Jerick McKinnon,7.0,2.3,3.0,1.0,0.0
2021,6,KC,Mecole Hardman,4.0,4.0,2.0,2.0,0.0
2021,6,CLE,Kareem Hunt,41.0,2.9,25.0,1.8,1.0
2021,6,CLE,Baker Mayfield,8.0,2.7,0.0,0.0,0.0
2021,6,CLE,D'Ernest Johnson,1.0,1.0,1.0,1.0,0.0
2021,6,CLE,Anthony Schwartz,-3.0,-3.0,0.0,0.0,0.0
2021,6,ARI,James Conner,26.0,1.6,45.0,2.8,3.0
2021,6,ARI,Kyler Murray,5.0,0.7,1.0,0.1,0.0
2021,6,ARI,Chase Edmonds,39.0,9.8,7.0,1.8,0.0
2021,6,ARI,Jonathan Ward,8.0,2.0,6.0,1.5,0.0
2021,6,ARI,Colt McCoy,-3.0,-1.0,0.0,0.0,0.0
2021,6,ARI,Rondale Moore,5.0,1.7,5.0,1.7,1.0
2021,6,DEN,Javonte Williams,34.0,3.1,19.0,1.7,2.0
2021,6,DEN,Melvin Gordon,30.0,3.0,20.0,2.0,1.0
2021,6,DEN,Teddy Bridgewater,6.0,3.0,3.0,1.5,0.0
2021,6,LV,Josh Jacobs,30.0,1.9,23.0,1.4,1.0
2021,6,LV,Kenyan Drake,28.0,7.0,6.0,1.5,0.0
2021,6,LV,Derek Carr,-1.0,-0.5,0.0,0.0,0.0
2021,6,LV,Jalen Richard,0.0,0.0,0.0,0.0,0.0
2021,6,NE,Damien Harris,57.0,3.2,44.0,2.4,0.0
2021,6,NE,Rhamondre Stevenson,5.0,1.0,18.0,3.6,0.0
2021,6,NE,Mac Jones,-4.0,-2.0,0.0,0.0,0.0
2021,6,NE,Nelson Agholor,1.0,1.0,0.0,0.0,0.0
2021,6,NE,Brandon Bolden,-1.0,-1.0,0.0,0.0,0.0
2021,6,DAL,Ezekiel Elliott,48.0,2.8,21.0,1.2,0.0
2021,6,DAL,Tony Pollard,28.0,2.8,13.0,1.3,0.0
2021,6,DAL,Dak Prescott,10.0,3.3,0.0,0.0,0.0
2021,6,DAL,CeeDee Lamb,2.0,2.0,0.0,0.0,0.0
2021,6,PIT,Najee Harris,38.0,1.6,43.0,1.8,0.0
2021,6,PIT,Kalen Ballage,0.0,0.0,15.0,7.5,0.0
2021,6,PIT,Ben Roethlisberger,-3.0,-1.5,0.0,0.0,0.0
2021,6,PIT,Eric Ebron,1.0,1.0,0.0,0.0,0.0
2021,6,PIT,Diontae Johnson,15.0,15.0,10.0,10.0,0.0
2021,6,SEA,Alex Collins,52.0,2.6,49.0,2.5,1.0
2021,6,SEA,DeeJay Dallas,6.0,1.5,11.0,2.8,0.0
2021,6,SEA,Travis Homer,12.0,6.0,15.0,7.5,0.0
2021,6,SEA,Geno Smith,-1.0,-1.0,0.0,0.0,0.0
2021,6,TEN,Derrick Henry,47.0,2.4,96.0,4.8,1.0
2021,6,TEN,Ryan Tannehill,1.0,0.5,2.0,1.0,1.0
2021,6,BUF,Josh Allen,14.0,1.6,12.0,1.3,1.0
2021,6,BUF,Zack Moss,10.0,1.3,14.0,1.8,1.0
2021,6,BUF,Devin Singletary,6.0,1.2,21.0,4.2,1.0
2021,6,BUF,Isaiah McKenzie,3.0,3.0,2.0,2.0,0.0
2021,7,CLE,D'Ernest Johnson,63.0,2.9,83.0,3.8,1.0
2021,7,CLE,Case Keenum,1.0,0.3,6.0,1.5,0.0
2021,7,CLE,Demetric Felton,6.0,3.0,7.0,3.5,0.0
2021,7,CLE,John Kelly,7.0,3.5,6.0,3.0,0.0
2021,7,CLE,Johnny Stanton,2.0,1.0,3.0,1.5,0.0
2021,7,CLE,Anthony Schwartz,-2.0,-2.0,0.0,0.0,0.0
2021,7,DEN,Melvin Gordon,6.0,0.8,12.0,1.5,0.0
2021,7,DEN,Javonte Williams,8.0,2.0,12.0,3.0,0.0
2021,7,DEN,Teddy Bridgewater,0.0,0.0,3.0,1.5,0.0
2021,7,BAL,Lamar Jackson,63.0,5.3,25.0,2.1,0.0
2021,7,BAL,Le'Veon Bell,1.0,0.2,4.0,0.8,0.0
2021,7,BAL,Devonta Freeman,5.0,1.3,9.0,2.3,0.0
2021,7,BAL,Ty'Son Williams,5.0,2.5,5.0,2.5,0.0
2021,7,BAL,Devin Duvernay,-2.0,-2.0,0.0,0.0,0.0
2021,7,CIN,Joe Mixon,39.0,3.3,20.0,1.7,1.0
2021,7,CIN,Samaje Perine,11.0,1.0,41.0,3.7,0.0
2021,7,CIN,Joe Burrow,0.0,0.0,0.0,0.0,0.0
2021,7,GB,Aaron Jones,9.0,1.5,10.0,1.7,0.0
2021,7,GB,AJ Dillon,3.0,1.0,3.0,1.0,0.0
2021,7,GB,Kylin Hill,-1.0,-0.3,3.0,1.0,0.0
2021,7,GB,Aaron Rodgers,2.0,1.0,15.0,7.5,0.0
2021,7,GB,Equanimeous St. Brown,7.0,7.0,6.0,6.0,0.0
2021,7,WAS,Antonio Gibson,27.0,1.9,24.0,1.7,0.0
2021,7,WAS,Taylor Heinicke,92.0,9.2,3.0,0.3,0.0
2021,7,WAS,J.D. McKissic,15.0,3.8,7.0,1.8,0.0
2021,7,WAS,DeAndre Carter,27.0,27.0,0.0,0.0,0.0
2021,7,MIA,Myles Gaskin,45.0,3.0,22.0,1.5,2.0
2021,7,MIA,Salvon Ahmed,15.0,2.1,11.0,1.6,1.0
2021,7,MIA,Tua Tagovailoa,17.0,4.3,12.0,3.0,0.0
2021,7,MIA,Malcolm Brown,6.0,2.0,4.0,1.3,1.0
2021,7,ATL,Cordarrelle Patterson,21.0,1.5,39.0,2.8,1.0
2021,7,ATL,Mike Davis,3.0,0.8,7.0,1.8,1.0
2021,7,ATL,Matt Ryan,-2.0,-0.7,2.0,0.7,0.0
2021,7,ATL,Wayne Gallman,0.0,0.0,2.0,2.0,0.0
2021,7,NE,Damien Harris,76.0,5.4,30.0,2.1,0.0
2021,7,NE,J.J. Taylor,16.0,1.8,5.0,0.6,0.0
2021,7,NE,Brian Hoyer,-3.0,-1.0,0.0,0.0,0.0
2021,7,NE,Mac Jones,19.0,6.3,0.0,0.0,0.0
2021,7,NE,Brandon Bolden,0.0,0.0,0.0,0.0,0.0
2021,7,NE,Jonnu Smith,4.0,4.0,1.0,1.0,0.0
2021,7,NYJ,Michael Carter,11.0,1.0,26.0,2.4,1.0
2021,7,NYJ,Ty Johnson,5.0,1.0,1.0,0.2,0.0
2021,7,NYJ,Elijah Moore,17.0,17.0,2.0,2.0,0.0
2021,7,NYG,Devontae Booker,36.0,2.6,15.0,1.1,0.0
2021,7,NYG,Elijhaa Penny,5.0,0.6,19.0,2.1,1.0
2021,7,NYG,Daniel Jones,25.0,3.1,3.0,0.4,0.0
2021,7,CAR,Chuba Hubbard,18.0,1.5,10.0,0.8,0.0
2021,7,CAR,Royce Freeman,11.0,3.7,7.0,2.3,0.0
2021,7,CAR,Shi Smith,-3.0,-3.0,0.0,0.0,0.0
2021,7,CAR,P.J. Walker,13.0,13.0,0.0,0.0,0.0
2021,7,TEN,Derrick Henry,28.0,1.0,58.0,2.0,1.0
2021,7,TEN,Darrynton Evans,2.0,1.0,5.0,2.5,0.0
2021,7,TEN,Ryan Tannehill,3.0,1.5,3.0,1.5,0.0
2021,7,TEN,Marcus Johnson,1.0,1.0,4.0,4.0,0.0
2021,7,TEN,Logan Woodside,-1.0,-1.0,0.0,0.0,0.0
2021,7,KC,Patrick Mahomes,34.0,5.7,1.0,0.2,0.0
2021,7,KC,Darrel Williams,9.0,1.8,11.0,2.2,0.0
2021,7,KC,Chad Henne,4.0,4.0,0.0,0.0,0.0
2021,7,KC,Tyreek Hill,18.0,18.0,0.0,0.0,0.0
2021,7,LA,Darrell Henderson,18.0,1.2,27.0,1.8,0.0
2021,7,LA,Sony Michel,1.0,0.5,3.0,1.5,0.0
2021,7,LA,Matthew Stafford,-2.0,-1.0,0.0,0.0,0.0
2021,7,DET,D'Andre Swift,25.0,1.9,23.0,1.8,1.0
2021,7,DET,Jamaal Williams,25.0,2.1,32.0,2.7,1.0
2021,7,DET,Jared Goff,2.0,2.0,1.0,1.0,0.0
2021,7,DET,C.J. Moore,28.0,28.0,0.0,0.0,0.0
2021,7,DET,Kalif Raymond,0.0,0.0,1.0,1.0,0.0
2021,7,LV,Kenyan Drake,36.0,2.6,33.0,2.4,0.0
2021,7,LV,Josh Jacobs,21.0,3.5,8.0,1.3,0.0
2021,7,LV,Jalen Richard,2.0,0.5,6.0,1.5,0.0
2021,7,LV,Derek Carr,1.0,0.5,0.0,0.0,0.0
2021,7,LV,Alec Ingold,1.0,1.0,0.0,0.0,0.0
2021,7,LV,Marcus Mariota,3.0,3.0,1.0,1.0,0.0
2021,7,LV,Henry Ruggs III,7.0,7.0,0.0,0.0,0.0
2021,7,PHI,Jalen Hurts,56.0,4.3,5.0,0.4,0.0
2021,7,PHI,Boston Scott,9.0,1.3,15.0,2.1,0.0
2021,7,PHI,Miles Sanders,16.0,2.7,14.0,2.3,0.0
2021,7,PHI,Kenneth Gainwell,11.0,2.2,9.0,1.8,0.0
2021,7,PHI,Jalen Reagor,0.0,0.0,0.0,0.0,0.0
2021,7,ARI,Chase Edmonds,51.0,3.4,30.0,2.0,2.0
2021,7,ARI,James Conner,40.0,4.0,24.0,2.4,2.0
2021,7,ARI,Kyler Murray,10.0,1.7,0.0,0.0,0.0
2021,7,ARI,Eno Benjamin,6.0,3.0,1.0,0.5,0.0
2021,7,ARI,Colt McCoy,-1.0,-0.5,0.0,0.0,0.0
2021,7,ARI,Zach Ertz,4.0,4.0,0.0,0.0,0.0
2021,7,ARI,Jonathan Ward,7.0,7.0,0.0,0.0,0.0
2021,7,HOU,David Johnson,21.0,3.0,4.0,0.6,1.0
2021,7,HOU,Mark Ingram,8.0,1.3,1.0,0.2,0.0
2021,7,HOU,Phillip Lindsay,8.0,4.0,0.0,0.0,0.0
2021,7,TB,Leonard Fournette,41.0,2.7,40.0,2.7,3.0
2021,7,TB,Ronald Jones II,45.0,4.5,18.0,1.8,1.0
2021,7,TB,Ke'Shawn Vaughn,13.0,2.6,14.0,2.8,2.0
2021,7,TB,Jaelon Darden,10.0,10.0,1.0,1.0,0.0
2021,7,CHI,Khalil Herbert,49.0,2.7,51.0,2.8,2.0
2021,7,CHI,Justin Fields,26.0,3.3,12.0,1.5,0.0
2021,7,CHI,Damien Williams,3.0,1.0,2.0,0.7,0.0
2021,7,SF,Elijah Mitchell,58.0,3.2,49.0,2.7,2.0
2021,7,SF,Jamycal Hasty,1.0,0.3,0.0,0.0,0.0
2021,7,SF,Jimmy Garoppolo,0.0,0.0,0.0,0.0,0.0
2021,7,SF,Brandon Aiyuk,0.0,0.0,3.0,3.0,0.0
2021,7,IND,Jonathan Taylor,40.0,2.2,67.0,3.7,3.0
2021,7,IND,Nyheim Hines,7.0,0.9,7.0,0.9,0.0
2021,7,IND,Carson Wentz,15.0,3.8,8.0,2.0,0.0
2021,7,IND,Marlon Mack,1.0,0.3,3.0,1.0,0.0
2021,7,SEA,Alex Collins,15.0,0.9,20.0,1.3,1.0
2021,7,SEA,Rashaad Penny,3.0,0.5,6.0,1.0,0.0
2021,7,SEA,Geno Smith,11.0,3.7,1.0,0.3,0.0
2021,7,SEA,Gerald Everett,7.0,7.0,5.0,5.0,0.0
2021,7,SEA,Travis Homer,9.0,9.0,5.0,5.0,0.0
2021,7,SEA,Freddie Swain,6.0,6.0,2.0,2.0,0.0
2021,7,NO,Alvin Kamara,29.0,1.5,22.0,1.1,0.0
2021,7,NO,Jameis Winston,25.0,3.1,15.0,1.9,0.0
2021,7,NO,Alex Armah,1.0,1.0,1.0,1.0,0.0
2021,7,NO,Ty Montgomery,2.0,2.0,2.0,2.0,0.0
2021,7,NO,Devine Ozigbo,-3.0,-3.0,0.0,0.0,0.0
2021,8,ARI,Chase Edmonds,24.0,3.4,6.0,0.9,0.0
2021,8,ARI,Kyler Murray,21.0,3.5,0.0,0.0,0.0
2021,8,ARI,James Conner,14.0,2.8,8.0,1.6,0.0
2021,8,ARI,Rondale Moore,1.0,0.5,0.0,0.0,0.0
2021,8,GB,AJ Dillon,35.0,2.2,43.0,2.7,2.0
2021,8,GB,Aaron Jones,35.0,2.3,24.0,1.6,0.0
2021,8,GB,Aaron Rodgers,2.0,1.0,1.0,0.5,0.0
2021,8,GB,Amari Rodgers,6.0,6.0,5.0,5.0,0.0
2021,8,ATL,Mike Davis,27.0,3.0,17.0,1.9,0.0
2021,8,ATL,Cordarrelle Patterson,13.0,1.4,22.0,2.4,1.0
2021,8,ATL,Matt Ryan,0.0,0.0,3.0,1.5,0.0
2021,8,CAR,Chuba Hubbard,31.0,1.3,51.0,2.1,0.0
2021,8,CAR,Ameer Abdullah,16.0,2.0,15.0,1.9,0.0
2021,8,CAR,Sam Darnold,58.0,7.3,8.0,1.0,0.0
2021,8,CAR,Royce Freeman,9.0,1.5,16.0,2.7,0.0
2021,8,CAR,P.J. Walker,-1.0,-1.0,0.0,0.0,0.0
2021,8,BUF,Josh Allen,36.0,4.5,19.0,2.4,2.0
2021,8,BUF,Zack Moss,8.0,1.0,11.0,1.4,0.0
2021,8,BUF,Devin Singletary,10.0,1.4,18.0,2.6,0.0
2021,8,MIA,Myles Gaskin,20.0,1.7,16.0,1.3,0.0
2021,8,MIA,Salvon Ahmed,5.0,0.7,17.0,2.4,1.0
2021,8,MIA,Tua Tagovailoa,7.0,1.8,3.0,0.8,0.0
2021,8,CHI,Khalil Herbert,32.0,1.4,40.0,1.7,4.0
2021,8,CHI,Justin Fields,57.0,5.7,46.0,4.6,2.0
2021,8,CHI,Damien Williams,-3.0,-1.5,0.0,0.0,0.0
2021,8,CHI,Ryan Nall,0.0,0.0,4.0,4.0,0.0
2021,8,SF,Elijah Mitchell,42.0,2.3,95.0,5.3,0.0
2021,8,SF,Jimmy Garoppolo,3.0,0.6,1.0,0.2,0.0
2021,8,SF,Jamycal Hasty,0.0,0.0,4.0,1.3,0.0
2021,8,CLE,Nick Chubb,30.0,1.9,31.0,1.9,0.0
2021,8,CLE,D'Ernest Johnson,15.0,3.8,7.0,1.8,0.0
2021,8,CLE,Demetric Felton,1.0,1.0,2.0,2.0,0.0
2021,8,CLE,Jarvis Landry,1.0,1.0,4.0,4.0,1.0
2021,8,CLE,Baker Mayfield,5.0,5.0,0.0,0.0,0.0
2021,8,PIT,Najee Harris,49.0,1.9,42.0,1.6,1.0
2021,8,PIT,Chase Claypool,16.0,8.0,0.0,0.0,0.0
2021,8,PIT,Kalen Ballage,-3.0,-3.0,0.0,0.0,0.0
2021,8,PIT,Ray-Ray McCloud,10.0,10.0,0.0,0.0,0.0
2021,8,PIT,Anthony McFarland Jr.,0.0,0.0,1.0,1.0,0.0
2021,8,PIT,Ben Roethlisberger,0.0,0.0,0.0,0.0,0.0
2021,8,DET,D'Andre Swift,19.0,1.6,8.0,0.7,2.0
2021,8,DET,Godwin Igwebuike,14.0,4.7,4.0,1.3,0.0
2021,8,DET,Jermar Jefferson,3.0,1.5,3.0,1.5,0.0
2021,8,DET,David Blough,2.0,2.0,4.0,4.0,0.0
2021,8,PHI,Kenneth Gainwell,2.0,0.2,25.0,1.9,2.0
2021,8,PHI,Jordan Howard,28.0,2.3,29.0,2.4,2.0
2021,8,PHI,Boston Scott,45.0,3.8,15.0,1.3,0.0
2021,8,PHI,Jalen Hurts,49.0,7.0,22.0,3.1,2.0
2021,8,PHI,Jalen Reagor,21.0,10.5,0.0,0.0,0.0
2021,8,HOU,Scottie Phillips,8.0,1.6,3.0,0.6,0.0
2021,8,HOU,Rex Burkhead,10.0,2.5,11.0,2.8,0.0
2021,8,HOU,Phillip Lindsay,2.0,0.7,6.0,2.0,0.0
2021,8,HOU,David Johnson,0.0,0.0,4.0,2.0,0.0
2021,8,LA,Darrell Henderson,58.0,4.1,32.0,2.3,0.0
2021,8,LA,Sony Michel,32.0,3.6,10.0,1.1,0.0
2021,8,LA,Buddy Howell,9.0,1.8,2.0,0.4,0.0
2021,8,LA,Robert Woods,21.0,7.0,1.0,0.3,0.0
2021,8,IND,Jonathan Taylor,38.0,2.4,32.0,2.0,0.0
2021,8,IND,Carson Wentz,7.0,2.3,4.0,1.3,0.0
2021,8,IND,Nyheim Hines,0.0,0.0,2.0,2.0,0.0
2021,8,TEN,Derrick Henry,13.0,0.5,55.0,2.0,0.0
2021,8,TEN,Ryan Tannehill,23.0,11.5,3.0,1.5,0.0
2021,8,TEN,Logan Woodside,-1.0,-1.0,0.0,0.0,0.0
2021,8,NYJ,Michael Carter,51.0,3.4,26.0,1.7,0.0
2021,8,NYJ,Mike White,-3.0,-0.6,2.0,0.4,0.0
2021,8,NYJ,Ty Johnson,8.0,2.0,7.0,1.8,0.0
2021,8,NYJ,Elijah Moore,4.0,4.0,0.0,0.0,0.0
2021,8,NYJ,La'Mical Perine,2.0,2.0,1.0,1.0,0.0
2021,8,NYJ,Jeff Smith,-1.0,-1.0,0.0,0.0,0.0
2021,8,CIN,Joe Mixon,19.0,1.4,14.0,1.0,1.0
2021,8,CIN,Joe Burrow,-1.0,-1.0,0.0,0.0,0.0
2021,8,CIN,Ja'Marr Chase,9.0,9.0,0.0,0.0,0.0
2021,8,LAC,Austin Ekeler,27.0,2.5,37.0,3.4,1.0
2021,8,LAC,Larry Rountree,5.0,1.3,6.0,1.5,0.0
2021,8,LAC,Justin Jackson,73.0,24.3,6.0,2.0,0.0
2021,8,LAC,Justin Herbert,9.0,4.5,0.0,0.0,0.0
2021,8,NE,Damien Harris,44.0,1.9,36.0,1.6,2.0
2021,8,NE,Rhamondre Stevenson,17.0,2.1,9.0,1.1,0.0
2021,8,NE,Brandon Bolden,16.0,4.0,10.0,2.5,0.0
2021,8,NE,Mac Jones,6.0,1.5,4.0,1.0,0.0
2021,8,SEA,Alex Collins,23.0,2.3,21.0,2.1,2.0
2021,8,SEA,Rashaad Penny,4.0,0.6,3.0,0.4,0.0
2021,8,SEA,Travis Homer,3.0,0.8,6.0,1.5,0.0
2021,8,SEA,Geno Smith,1.0,0.5,7.0,3.5,0.0
2021,8,SEA,DeeJay Dallas,1.0,1.0,5.0,5.0,0.0
2021,8,SEA,Gerald Everett,-5.0,-5.0,0.0,0.0,0.0
2021,8,JAX,Carlos Hyde,15.0,1.7,17.0,1.9,1.0
2021,8,JAX,James Robinson,10.0,2.5,12.0,3.0,1.0
2021,8,JAX,Trevor Lawrence,3.0,1.0,8.0,2.7,0.0
2021,8,JAX,Dare Ogunbowale,5.0,2.5,4.0,2.0,0.0
2021,8,JAX,Laviska Shenault Jr.,5.0,5.0,3.0,3.0,0.0
2021,8,DEN,Melvin Gordon,21.0,2.1,26.0,2.6,1.0
2021,8,DEN,Javonte Williams,18.0,2.0,17.0,1.9,1.0
2021,8,DEN,Teddy Bridgewater,1.0,1.0,0.0,0.0,0.0
2021,8,DEN,Jerry Jeudy,0.0,0.0,0.0,0.0,0.0
2021,8,WAS,Jaret Patterson,25.0,2.3,21.0,1.9,0.0
2021,8,WAS,Antonio Gibson,27.0,3.4,7.0,0.9,0.0
2021,8,WAS,J.D. McKissic,4.0,1.3,6.0,2.0,1.0
2021,8,WAS,Taylor Heinicke,7.0,7.0,3.0,3.0,0.0
2021,8,WAS,Terry McLaurin,7.0,7.0,5.0,5.0,0.0
2021,8,NO,Alvin Kamara,41.0,2.2,20.0,1.1,2.0
2021,8,NO,Mark Ingram,9.0,1.5,18.0,3.0,1.0
2021,8,NO,Jameis Winston,36.0,9.0,4.0,1.0,2.0
2021,8,NO,Trevor Siemian,2.0,1.0,0.0,0.0,0.0
2021,8,NO,Deonte Harris,20.0,20.0,2.0,2.0,0.0
2021,8,TB,Leonard Fournette,17.0,2.1,9.0,1.1,0.0
2021,8,TB,Ronald Jones II,7.0,2.3,6.0,2.0,0.0
2021,8,TB,Giovani Bernard,23.0,11.5,7.0,3.5,0.0
2021,8,TB,Tom Brady,1.0,1.0,1.0,1.0,0.0
2021,8,MIN,Dalvin Cook,37.0,2.1,41.0,2.3,4.0
2021,8,MIN,Kirk Cousins,15.0,5.0,3.0,1.0,0.0
2021,8,MIN,Alexander Mattison,2.0,1.0,3.0,1.5,0.0
2021,8,MIN,C.J. Ham,0.0,0.0,0.0,0.0,0.0
2021,8,DAL,Ezekiel Elliott,26.0,1.6,24.0,1.5,1.0
2021,8,DAL,Tony Pollard,11.0,1.6,15.0,2.1,1.0
2021,8,DAL,Cooper Rush,2.0,2.0,0.0,0.0,0.0
2021,8,KC,Darrel Williams,31.0,2.4,18.0,1.4,0.0
2021,8,KC,Derrick Gore,32.0,2.9,16.0,1.5,0.0
2021,8,KC,Patrick Mahomes,10.0,3.3,0.0,0.0,0.0
2021,8,NYG,Devontae Booker,37.0,2.5,23.0,1.5,0.0
2021,8,NYG,Daniel Jones,10.0,2.0,2.0,0.4,0.0
2021,9,IND,Jonathan Taylor,56.0,2.9,116.0,6.1,2.0
2021,9,IND,Nyheim Hines,29.0,4.8,45.0,7.5,0.0
2021,9,IND,Carson Wentz,11.0,2.8,2.0,0.5,0.0
2021,9,IND,Sam Ehlinger,1.0,1.0,0.0,0.0,0.0
2021,9,NYJ,Michael Carter,33.0,2.5,16.0,1.2,1.0
2021,9,NYJ,Josh Johnson,18.0,4.5,0.0,0.0,0.0
2021,9,NYJ,Ty Johnson,17.0,4.3,4.0,1.0,0.0
2021,9,BAL,Lamar Jackson,81.0,3.9,39.0,1.9,0.0
2021,9,BAL,Devonta Freeman,36.0,2.8,43.0,3.3,0.0
2021,9,BAL,Le'Veon Bell,22.0,2.0,26.0,2.4,2.0
2021,9,MIN,Dalvin Cook,76.0,4.5,34.0,2.0,0.0
2021,9,MIN,Alexander Mattison,-2.0,-0.5,2.0,0.5,0.0
2021,9,MIN,Kirk Cousins,1.0,1.0,0.0,0.0,0.0
2021,9,MIN,Justin Jefferson,4.0,4.0,7.0,7.0,0.0
2021,9,MIN,Kene Nwangwu,0.0,0.0,9.0,9.0,0.0
2021,9,CAR,Christian McCaffrey,28.0,2.0,24.0,1.7,0.0
2021,9,CAR,Sam Darnold,9.0,3.0,0.0,0.0,0.0
2021,9,CAR,Chuba Hubbard,0.0,0.0,3.0,1.0,0.0
2021,9,CAR,D.J. Moore,7.0,3.5,7.0,3.5,1.0
2021,9,CAR,Ameer Abdullah,0.0,0.0,0.0,0.0,0.0
2021,9,NE,Damien Harris,14.0,0.9,16.0,1.1,2.0
2021,9,NE,Rhamondre Stevenson,37.0,3.7,25.0,2.5,2.0
2021,9,NE,Brandon Bolden,29.0,3.6,25.0,3.1,1.0
2021,9,NE,Brian Hoyer,-3.0,-1.0,0.0,0.0,0.0
2021,9,NE,Mac Jones,4.0,2.0,0.0,0.0,0.0
2021,9,NE,Jonnu Smith,2.0,2.0,2.0,2.0,0.0
2021,9,CIN,Joe Mixon,25.0,1.9,39.0,3.0,0.0
2021,9,CIN,Samaje Perine,6.0,1.2,14.0,2.8,0.0
2021,9,CIN,Joe Burrow,1.0,0.5,0.0,0.0,0.0
2021,9,CIN,Ja'Marr Chase,0.0,0.0,0.0,0.0,0.0
2021,9,CIN,Brandon Allen,0.0,0.0,0.0,0.0,0.0
2021,9,CLE,Nick Chubb,21.0,1.5,116.0,8.3,3.0
2021,9,CLE,D'Ernest Johnson,4.0,0.5,12.0,1.5,2.0
2021,9,CLE,Jarvis Landry,0.0,0.0,0.0,0.0,0.0
2021,9,DAL,Ezekiel Elliott,32.0,3.2,19.0,1.9,1.0
2021,9,DAL,Tony Pollard,11.0,2.8,0.0,0.0,0.0
2021,9,DAL,Dak Prescott,16.0,8.0,0.0,0.0,0.0
2021,9,DEN,Melvin Gordon,46.0,2.2,34.0,1.6,3.0
2021,9,DEN,Javonte Williams,59.0,3.5,52.0,3.1,4.0
2021,9,DEN,Teddy Bridgewater,-2.0,-0.7,1.0,0.3,0.0
2021,9,JAX,Carlos Hyde,42.0,2.0,25.0,1.2,0.0
2021,9,JAX,Trevor Lawrence,3.0,1.0,1.0,0.3,0.0
2021,9,JAX,Jamal Agnew,11.0,11.0,0.0,0.0,0.0
2021,9,JAX,Dare Ogunbowale,1.0,1.0,0.0,0.0,0.0
2021,9,JAX,Laviska Shenault Jr.,-4.0,-4.0,0.0,0.0,0.0
2021,9,BUF,Devin Singletary,8.0,1.3,8.0,1.3,0.0
2021,9,BUF,Josh Allen,41.0,8.2,9.0,1.8,0.0
2021,9,BUF,Zack Moss,1.0,0.3,5.0,1.7,1.0
2021,9,MIA,Myles Gaskin,20.0,1.0,14.0,0.7,0.0
2021,9,MIA,Salvon Ahmed,3.0,0.8,3.0,0.8,0.0
2021,9,MIA,Jacoby Brissett,5.0,5.0,2.0,2.0,0.0
2021,9,HOU,Phillip Lindsay,22.0,2.8,6.0,0.8,0.0
2021,9,HOU,David Johnson,6.0,1.5,5.0,1.3,0.0
2021,9,HOU,Tyrod Taylor,12.0,4.0,11.0,3.7,1.0
2021,9,HOU,Rex Burkhead,7.0,3.5,2.0,1.0,0.0
2021,9,HOU,Scottie Phillips,1.0,1.0,1.0,1.0,0.0
2021,9,NO,Alvin Kamara,31.0,2.4,19.0,1.5,0.0
2021,9,NO,Mark Ingram,19.0,2.1,24.0,2.7,0.0
2021,9,NO,Alex Armah,4.0,2.0,8.0,4.0,0.0
2021,9,NO,Taysom Hill,1.0,1.0,3.0,3.0,0.0
2021,9,ATL,Mike Davis,4.0,0.4,9.0,1.0,0.0
2021,9,ATL,Cordarrelle Patterson,4.0,0.4,6.0,0.7,0.0
2021,9,ATL,Matt Ryan,7.0,1.4,1.0,0.2,0.0
2021,9,ATL,Feleipe Franks,1.0,0.5,2.0,1.0,0.0
2021,9,NYG,Devontae Booker,63.0,3.0,36.0,1.7,0.0
2021,9,NYG,Elijhaa Penny,16.0,3.2,19.0,3.8,0.0
2021,9,NYG,Daniel Jones,10.0,2.5,7.0,1.8,0.0
2021,9,NYG,Kadarius Toney,-2.0,-2.0,0.0,0.0,0.0
2021,9,LV,Josh Jacobs,42.0,3.2,34.0,2.6,3.0
2021,9,LV,Kenyan Drake,23.0,5.8,7.0,1.8,0.0
2021,9,LV,Derek Carr,5.0,2.5,0.0,0.0,0.0
2021,9,LV,Marcus Mariota,2.0,2.0,4.0,4.0,0.0
2021,9,PHI,Jordan Howard,42.0,2.5,29.0,1.7,2.0
2021,9,PHI,Jalen Hurts,55.0,5.5,7.0,0.7,0.0
2021,9,PHI,Boston Scott,21.0,2.1,19.0,1.9,2.0
2021,9,PHI,Kenneth Gainwell,2.0,1.0,1.0,0.5,0.0
2021,9,LAC,Austin Ekeler,24.0,1.4,35.0,2.1,2.0
2021,9,LAC,Justin Herbert,14.0,2.8,0.0,0.0,0.0
2021,9,LAC,Joshua Kelley,3.0,1.0,3.0,1.0,0.0
2021,9,LAC,Andre Roberts,8.0,8.0,1.0,1.0,0.0
2021,9,LAC,Larry Rountree,1.0,1.0,0.0,0.0,0.0
2021,9,KC,Darrel Williams,39.0,2.1,31.0,1.6,2.0
2021,9,KC,Derrick Gore,10.0,3.3,3.0,1.0,0.0
2021,9,KC,Patrick Mahomes,-2.0,-1.0,0.0,0.0,0.0
2021,9,KC,Tyreek Hill,-4.0,-4.0,0.0,0.0,0.0
2021,9,GB,Aaron Jones,27.0,2.3,26.0,2.2,0.0
2021,9,GB,AJ Dillon,20.0,2.5,26.0,3.3,0.0
2021,9,GB,Jordan Love,20.0,4.0,3.0,0.6,0.0
2021,9,SF,Elijah Mitchell,13.0,1.6,23.0,2.9,2.0
2021,9,SF,Brandon Aiyuk,-2.0,-2.0,0.0,0.0,0.0
2021,9,SF,Jimmy Garoppolo,0.0,0.0,3.0,3.0,0.0
2021,9,SF,Jamycal Hasty,0.0,0.0,2.0,2.0,0.0
2021,9,ARI,James Conner,23.0,1.1,73.0,3.5,1.0
2021,9,ARI,Eno Benjamin,10.0,1.1,29.0,3.2,1.0
2021,9,ARI,Colt McCoy,21.0,3.0,2.0,0.3,0.0
2021,9,ARI,Chase Edmonds,2.0,2.0,1.0,1.0,0.0
2021,9,ARI,Chris Streveler,0.0,0.0,2.0,2.0,0.0
2021,9,LA,Darrell Henderson,23.0,2.1,32.0,2.9,0.0
2021,9,LA,Sony Michel,11.0,1.6,9.0,1.3,0.0
2021,9,LA,Matthew Stafford,11.0,5.5,2.0,1.0,0.0
2021,9,LA,Robert Woods,3.0,3.0,3.0,3.0,0.0
2021,9,TEN,Adrian Peterson,6.0,0.6,15.0,1.5,0.0
2021,9,TEN,Jeremy McNichols,16.0,2.3,8.0,1.1,0.0
2021,9,TEN,D'Onta Foreman,9.0,1.8,20.0,4.0,1.0
2021,9,TEN,Ryan Tannehill,2.0,1.0,1.0,0.5,0.0
2021,9,TEN,Marcus Johnson,-7.0,-7.0,0.0,0.0,0.0
2021,9,TEN,Logan Woodside,-1.0,-1.0,0.0,0.0,0.0
2021,9,PIT,Najee Harris,40.0,1.8,22.0,1.0,4.0
2021,9,PIT,Chase Claypool,9.0,4.5,4.0,2.0,0.0
2021,9,PIT,Diontae Johnson,11.0,5.5,0.0,0.0,0.0
2021,9,PIT,Ben Roethlisberger,-1.0,-0.5,1.0,0.5,0.0
2021,9,PIT,Benny Snell Jr.,5.0,2.5,1.0,0.5,0.0
2021,9,PIT,James Washington,10.0,5.0,3.0,1.5,0.0
2021,9,CHI,David Montgomery,39.0,3.0,24.0,1.8,0.0
2021,9,CHI,Justin Fields,43.0,5.4,2.0,0.3,0.0
2021,9,CHI,Khalil Herbert,4.0,1.0,9.0,2.3,0.0
2021,9,CHI,Darnell Mooney,15.0,15.0,0.0,0.0,0.0
2021,10,MIA,Myles Gaskin,20.0,1.4,11.0,0.8,0.0
2021,10,MIA,Tua Tagovailoa,0.0,0.0,0.0,0.0,0.0
2021,10,MIA,Salvon Ahmed,4.0,2.0,2.0,1.0,0.0
2021,10,MIA,Albert Wilson,0.0,0.0,19.0,9.5,1.0
2021,10,MIA,Jacoby Brissett,0.0,0.0,4.0,4.0,0.0
2021,10,BAL,Devonta Freeman,17.0,1.7,18.0,1.8,1.0
2021,10,BAL,Lamar Jackson,23.0,2.6,16.0,1.8,0.0
2021,10,BAL,Le'Veon Bell,0.0,0.0,1.0,0.3,1.0
2021,10,BAL,Devin Duvernay,19.0,19.0,0.0,0.0,0.0
2021,10,DAL,Ezekiel Elliott,29.0,2.1,12.0,0.9,2.0
2021,10,DAL,Tony Pollard,21.0,1.9,21.0,1.9,2.0
2021,10,DAL,Corey Clement,12.0,2.0,8.0,1.3,0.0
2021,10,DAL,Cooper Rush,-6.0,-2.0,0.0,0.0,0.0
2021,10,DAL,Dak Prescott,4.0,2.0,1.0,0.5,0.0
2021,10,DAL,CeeDee Lamb,12.0,12.0,0.0,0.0,0.0
2021,10,ATL,Wayne Gallman,40.0,2.7,15.0,1.0,1.0
2021,10,ATL,Mike Davis,16.0,4.0,2.0,0.5,0.0
2021,10,ATL,Cordarrelle Patterson,20.0,5.0,5.0,1.3,0.0
2021,10,ATL,Keith Smith,0.0,0.0,5.0,5.0,0.0
2021,10,IND,Jonathan Taylor,84.0,4.0,32.0,1.5,0.0
2021,10,IND,Carson Wentz,-1.0,-0.3,0.0,0.0,0.0
2021,10,IND,Nyheim Hines,9.0,4.5,3.0,1.5,0.0
2021,10,JAX,James Robinson,37.0,3.1,20.0,1.7,0.0
2021,10,JAX,Trevor Lawrence,32.0,6.4,1.0,0.2,0.0
2021,10,JAX,Jamal Agnew,72.0,24.0,7.0,2.3,0.0
2021,10,JAX,Carlos Hyde,1.0,0.5,3.0,1.5,0.0
2021,10,JAX,Laviska Shenault Jr.,2.0,1.0,4.0,2.0,0.0
2021,10,NE,Rhamondre Stevenson,45.0,2.3,55.0,2.8,3.0
2021,10,NE,J.J. Taylor,5.0,0.8,6.0,1.0,0.0
2021,10,NE,Brandon Bolden,25.0,8.3,7.0,2.3,0.0
2021,10,NE,Kendrick Bourne,37.0,12.3,6.0,2.0,0.0
2021,10,NE,Brian Hoyer,-2.0,-1.0,0.0,0.0,0.0
2021,10,CLE,D'Ernest Johnson,56.0,2.9,43.0,2.3,2.0
2021,10,CLE,Johnny Stanton,0.0,0.0,0.0,0.0,0.0
2021,10,NYJ,Michael Carter,21.0,1.3,18.0,1.1,1.0
2021,10,NYJ,Tevin Coleman,17.0,4.3,12.0,3.0,0.0
2021,10,NYJ,Ty Johnson,1.0,0.5,1.0,0.5,0.0
2021,10,BUF,Zack Moss,4.0,0.6,23.0,3.3,2.0
2021,10,BUF,Devin Singletary,23.0,3.3,20.0,2.9,1.0
2021,10,BUF,Matt Breida,25.0,8.3,3.0,1.0,0.0
2021,10,BUF,Josh Allen,1.0,0.5,2.0,1.0,0.0
2021,10,BUF,Isaiah McKenzie,14.0,7.0,3.0,1.5,0.0
2021,10,BUF,Davis Webb,-3.0,-1.5,0.0,0.0,0.0
2021,10,BUF,Emmanuel Sanders,24.0,24.0,0.0,0.0,0.0
2021,10,PIT,Najee Harris,37.0,1.4,68.0,2.6,0.0
2021,10,PIT,Mason Rudolph,8.0,2.0,28.0,7.0,0.0
2021,10,PIT,Benny Snell Jr.,1.0,1.0,3.0,3.0,0.0
2021,10,DET,D'Andre Swift,44.0,1.3,86.0,2.6,4.0
2021,10,DET,Jermar Jefferson,31.0,10.3,10.0,3.3,0.0
2021,10,DET,Godwin Igwebuike,17.0,8.5,39.0,19.5,1.0
2021,10,DET,Jason Cabinda,0.0,0.0,2.0,2.0,0.0
2021,10,TEN,D'Onta Foreman,12.0,1.1,18.0,1.6,0.0
2021,10,TEN,Adrian Peterson,13.0,1.6,8.0,1.0,0.0
2021,10,TEN,Ryan Tannehill,-1.0,-0.2,2.0,0.4,0.0
2021,10,TEN,Jeremy McNichols,5.0,1.3,2.0,0.5,0.0
2021,10,TEN,A.J. Brown,5.0,5.0,2.0,2.0,0.0
2021,10,NO,Mark Ingram,31.0,2.2,16.0,1.1,1.0
2021,10,NO,Taysom Hill,14.0,4.7,9.0,3.0,1.0
2021,10,NO,Dwayne Washington,4.0,2.0,4.0,2.0,0.0
2021,10,NO,Deonte Harris,3.0,3.0,3.0,3.0,0.0
2021,10,NO,Ty Montgomery,1.0,1.0,1.0,1.0,0.0
2021,10,WAS,Antonio Gibson,31.0,1.3,33.0,1.4,1.0
2021,10,WAS,Jaret Patterson,5.0,1.3,2.0,0.5,0.0
2021,10,WAS,Taylor Heinicke,5.0,1.7,10.0,3.3,0.0
2021,10,WAS,J.D. McKissic,2.0,1.0,2.0,1.0,0.0
2021,10,WAS,DeAndre Carter,4.0,4.0,0.0,0.0,0.0
2021,10,TB,Leonard Fournette,27.0,2.5,20.0,1.8,0.0
2021,10,TB,Giovani Bernard,3.0,3.0,1.0,1.0,0.0
2021,10,TB,Tom Brady,2.0,2.0,0.0,0.0,0.0
2021,10,ARI,James Conner,19.0,1.9,20.0,2.0,1.0
2021,10,ARI,Eno Benjamin,11.0,1.8,11.0,1.8,0.0
2021,10,ARI,Chris Streveler,1.0,0.5,3.0,1.5,0.0
2021,10,ARI,Colt McCoy,-1.0,-1.0,0.0,0.0,0.0
2021,10,ARI,Rondale Moore,0.0,0.0,1.0,1.0,0.0
2021,10,CAR,Christian McCaffrey,56.0,4.3,39.0,3.0,1.0
2021,10,CAR,Ameer Abdullah,9.0,1.0,15.0,1.7,0.0
2021,10,CAR,Chuba Hubbard,5.0,0.6,22.0,2.4,1.0
2021,10,CAR,Cam Newton,11.0,3.7,3.0,1.0,1.0
2021,10,CAR,P.J. Walker,6.0,2.0,0.0,0.0,0.0
2021,10,LAC,Austin Ekeler,15.0,1.4,29.0,2.6,0.0
2021,10,LAC,Larry Rountree,5.0,1.0,5.0,1.0,0.0
2021,10,LAC,Justin Herbert,18.0,9.0,4.0,2.0,0.0
2021,10,LAC,Joshua Kelley,4.0,4.0,2.0,2.0,0.0
2021,10,MIN,Dalvin Cook,31.0,1.3,63.0,2.6,3.0
2021,10,MIN,Kirk Cousins,-3.0,-0.8,0.0,0.0,0.0
2021,10,MIN,Alexander Mattison,6.0,1.5,10.0,2.5,1.0
2021,10,MIN,Justin Jefferson,-4.0,-4.0,0.0,0.0,0.0
2021,10,DEN,Melvin Gordon,19.0,2.1,26.0,2.9,0.0
2021,10,DEN,Javonte Williams,7.0,0.9,41.0,5.1,1.0
2021,10,DEN,Jerry Jeudy,0.0,0.0,3.0,3.0,0.0
2021,10,PHI,Jalen Hurts,42.0,3.2,13.0,1.0,1.0
2021,10,PHI,Jordan Howard,41.0,3.4,42.0,3.5,2.0
2021,10,PHI,Boston Scott,47.0,4.3,34.0,3.1,2.0
2021,10,PHI,Kenneth Gainwell,3.0,1.5,2.0,1.0,1.0
2021,10,PHI,Jalen Reagor,-8.0,-8.0,0.0,0.0,0.0
2021,10,GB,AJ Dillon,27.0,1.3,39.0,1.9,2.0
2021,10,GB,Aaron Jones,12.0,1.7,13.0,1.9,0.0
2021,10,GB,Aaron Rodgers,8.0,4.0,0.0,0.0,0.0
2021,10,GB,Patrick Taylor,3.0,1.5,4.0,2.0,0.0
2021,10,SEA,Alex Collins,21.0,2.1,20.0,2.0,0.0
2021,10,SEA,Russell Wilson,18.0,3.6,14.0,2.8,1.0
2021,10,SEA,Travis Homer,1.0,1.0,1.0,1.0,0.0
2021,10,LV,Josh Jacobs,7.0,1.0,9.0,1.3,0.0
2021,10,LV,Kenyan Drake,10.0,2.5,6.0,1.5,0.0
2021,10,LV,Derek Carr,16.0,5.3,2.0,0.7,0.0
2021,10,KC,Darrel Williams,31.0,2.8,12.0,1.1,0.0
2021,10,KC,Derrick Gore,10.0,1.7,9.0,1.5,0.0
2021,10,KC,Jerick McKinnon,20.0,6.7,6.0,2.0,0.0
2021,10,KC,Chad Henne,-2.0,-1.0,0.0,0.0,0.0
2021,10,KC,Blake Bell,1.0,1.0,2.0,2.0,0.0
2021,10,KC,Mecole Hardman,2.0,2.0,1.0,1.0,0.0
2021,10,KC,Tyreek Hill,2.0,2.0,0.0,0.0,0.0
2021,10,SF,Elijah Mitchell,48.0,1.8,43.0,1.6,2.0
2021,10,SF,Jeff Wilson,10.0,1.0,18.0,1.8,0.0
2021,10,SF,Deebo Samuel,24.0,4.8,12.0,2.4,1.0
2021,10,SF,Jimmy Garoppolo,1.0,0.5,0.0,0.0,0.0
2021,10,LA,Darrell Henderson,22.0,4.4,9.0,1.8,0.0
2021,10,LA,Sony Michel,12.0,3.0,8.0,2.0,0.0
2021,10,LA,Matthew Stafford,1.0,1.0,0.0,0.0,0.0
2021,11,ATL,Qadree Ollison,24.0,2.7,10.0,1.1,0.0
2021,11,ATL,Mike Davis,0.0,0.0,1.0,0.3,0.0
2021,11,ATL,Keith Smith,2.0,0.7,6.0,2.0,0.0
2021,11,ATL,Wayne Gallman,-3.0,-3.0,0.0,0.0,0.0
2021,11,NE,Rhamondre Stevenson,32.0,2.7,37.0,3.1,0.0
2021,11,NE,Damien Harris,28.0,2.8,28.0,2.8,2.0
2021,11,NE,Mac Jones,1.0,0.2,0.0,0.0,0.0
2021,11,NE,Brandon Bolden,0.0,0.0,1.0,1.0,0.0
2021,11,NE,Kendrick Bourne,7.0,7.0,0.0,0.0,0.0
2021,11,BUF,Matt Breida,45.0,9.0,6.0,1.2,0.0
2021,11,BUF,Zack Moss,3.0,1.0,2.0,0.7,0.0
2021,11,BUF,Devin Singletary,8.0,2.7,9.0,3.0,0.0
2021,11,BUF,Josh Allen,18.0,9.0,0.0,0.0,0.0
2021,11,IND,Jonathan Taylor,62.0,1.9,123.0,3.8,3.0
2021,11,IND,Deon Jackson,3.0,0.5,9.0,1.5,0.0
2021,11,IND,Nyheim Hines,15.0,3.8,16.0,4.0,1.0
2021,11,IND,Carson Wentz,0.0,0.0,18.0,9.0,0.0
2021,11,IND,Sam Ehlinger,7.0,7.0,2.0,2.0,0.0
2021,11,IND,Zach Pascal,6.0,6.0,3.0,3.0,0.0
2021,11,CAR,Christian McCaffrey,22.0,2.2,37.0,3.7,1.0
2021,11,CAR,Cam Newton,35.0,3.5,11.0,1.1,0.0
2021,11,CAR,Ameer Abdullah,2.0,2.0,4.0,4.0,0.0
2021,11,WAS,Antonio Gibson,42.0,2.2,53.0,2.8,6.0
2021,11,WAS,J.D. McKissic,12.0,1.7,34.0,4.9,0.0
2021,11,WAS,Jaret Patterson,5.0,0.7,18.0,2.6,1.0
2021,11,WAS,Taylor Heinicke,21.0,3.5,8.0,1.3,0.0
2021,11,WAS,DeAndre Carter,-3.0,-3.0,0.0,0.0,0.0
2021,11,CHI,David Montgomery,32.0,2.3,26.0,1.9,0.0
2021,11,CHI,Justin Fields,17.0,4.3,6.0,1.5,0.0
2021,11,CHI,Jakeem Grant,10.0,10.0,1.0,1.0,0.0
2021,11,CHI,Khalil Herbert,0.0,0.0,0.0,0.0,0.0
2021,11,BAL,Devonta Freeman,32.0,2.0,17.0,1.1,0.0
2021,11,BAL,Latavius Murray,21.0,2.1,11.0,1.1,0.0
2021,11,BAL,Tyler Huntley,34.0,4.9,6.0,0.9,0.0
2021,11,BAL,Patrick Ricard,0.0,0.0,2.0,2.0,0.0
2021,11,CLE,Nick Chubb,75.0,3.4,55.0,2.5,4.0
2021,11,CLE,D'Ernest Johnson,4.0,0.8,22.0,4.4,1.0
2021,11,CLE,Baker Mayfield,9.0,2.3,0.0,0.0,0.0
2021,11,CLE,Demetric Felton,1.0,0.3,1.0,0.3,0.0
2021,11,CLE,Jarvis Landry,14.0,14.0,2.0,2.0,0.0
2021,11,CLE,David Njoku,0.0,0.0,1.0,1.0,0.0
2021,11,DET,D'Andre Swift,101.0,7.2,35.0,2.5,1.0
2021,11,DET,Jamaal Williams,4.0,0.6,7.0,1.0,0.0
2021,11,DET,Jason Cabinda,12.0,6.0,9.0,4.5,0.0
2021,11,JAX,James Robinson,15.0,1.3,14.0,1.2,0.0
2021,11,JAX,Trevor Lawrence,20.0,6.7,3.0,1.0,0.0
2021,11,JAX,Jamal Agnew,1.0,1.0,1.0,1.0,0.0
2021,11,SF,Jeff Wilson,30.0,1.6,20.0,1.1,0.0
2021,11,SF,Trey Sermon,17.0,1.7,15.0,1.5,1.0
2021,11,SF,Deebo Samuel,38.0,4.8,41.0,5.1,0.0
2021,11,SF,Trey Lance,1.0,0.3,3.0,1.0,0.0
2021,11,SF,Jimmy Garoppolo,6.0,3.0,0.0,0.0,0.0
2021,11,MIN,Dalvin Cook,48.0,2.2,38.0,1.7,0.0
2021,11,MIN,Alexander Mattison,3.0,1.0,2.0,0.7,0.0
2021,11,MIN,Kirk Cousins,-4.0,-2.0,0.0,0.0,0.0
2021,11,MIN,C.J. Ham,0.0,0.0,0.0,0.0,0.0
2021,11,MIN,Justin Jefferson,3.0,3.0,0.0,0.0,0.0
2021,11,GB,AJ Dillon,43.0,3.9,10.0,0.9,0.0
2021,11,GB,Patrick Taylor,7.0,1.8,4.0,1.0,0.0
2021,11,GB,Aaron Rodgers,21.0,10.5,0.0,0.0,0.0
2021,11,GB,Jordan Love,-1.0,-1.0,0.0,0.0,0.0
2021,11,GB,Equanimeous St. Brown,4.0,4.0,7.0,7.0,0.0
2021,11,NYJ,Michael Carter,7.0,0.8,56.0,6.2,1.0
2021,11,NYJ,Tevin Coleman,9.0,1.8,7.0,1.4,1.0
2021,11,NYJ,Joe Flacco,1.0,0.5,2.0,1.0,0.0
2021,11,NYJ,Ty Johnson,1.0,1.0,4.0,4.0,0.0
2021,11,NYJ,Elijah Moore,11.0,11.0,4.0,4.0,0.0
2021,11,MIA,Myles Gaskin,56.0,2.4,33.0,1.4,1.0
2021,11,MIA,Duke Johnson,10.0,2.5,8.0,2.0,0.0
2021,11,MIA,Tua Tagovailoa,4.0,1.3,2.0,0.7,0.0
2021,11,MIA,Patrick Laird,2.0,2.0,2.0,2.0,0.0
2021,11,MIA,Jaylen Waddle,1.0,1.0,0.0,0.0,0.0
2021,11,MIA,Albert Wilson,-3.0,-3.0,0.0,0.0,0.0
2021,11,PHI,Jalen Hurts,58.0,3.2,11.0,0.6,0.0
2021,11,PHI,Miles Sanders,70.0,4.4,24.0,1.5,0.0
2021,11,PHI,Jordan Howard,35.0,3.5,28.0,2.8,0.0
2021,11,PHI,Boston Scott,7.0,1.2,9.0,1.5,0.0
2021,11,NO,Mark Ingram,26.0,1.6,62.0,3.9,1.0
2021,11,NO,Tony Jones,-1.0,-0.3,3.0,1.0,0.0
2021,11,NO,Trevor Siemian,1.0,0.5,15.0,7.5,0.0
2021,11,NO,Dwayne Washington,1.0,1.0,2.0,2.0,0.0
2021,11,TEN,Adrian Peterson,15.0,1.7,25.0,2.8,0.0
2021,11,TEN,D'Onta Foreman,4.0,0.6,21.0,3.0,1.0
2021,11,TEN,Dontrell Hilliard,16.0,2.3,19.0,2.7,0.0
2021,11,TEN,Ryan Tannehill,0.0,0.0,3.0,1.5,0.0
2021,11,HOU,Rex Burkhead,9.0,0.5,31.0,1.7,0.0
2021,11,HOU,David Johnson,3.0,0.2,15.0,1.2,0.0
2021,11,HOU,Tyrod Taylor,20.0,3.3,8.0,1.3,0.0
2021,11,HOU,Phillip Lindsay,-3.0,-3.0,0.0,0.0,0.0
2021,11,LV,Josh Jacobs,13.0,1.4,24.0,2.7,3.0
2021,11,LV,Kenyan Drake,15.0,3.0,8.0,1.6,1.0
2021,11,LV,Peyton Barber,0.0,0.0,3.0,3.0,0.0
2021,11,LV,Bryan Edwards,0.0,0.0,0.0,0.0,0.0
2021,11,LV,DeSean Jackson,4.0,4.0,0.0,0.0,0.0
2021,11,LV,Hunter Renfrow,5.0,5.0,0.0,0.0,0.0
2021,11,CIN,Joe Mixon,76.0,2.5,47.0,1.6,4.0
2021,11,CIN,Joe Burrow,7.0,2.3,4.0,1.3,1.0
2021,11,CIN,Ja'Marr Chase,8.0,4.0,0.0,0.0,1.0
2021,11,CIN,Samaje Perine,2.0,1.0,1.0,0.5,0.0
2021,11,CIN,Tyler Boyd,9.0,9.0,5.0,5.0,0.0
2021,11,KC,Clyde Edwards-Helaire,32.0,2.7,31.0,2.6,1.0
2021,11,KC,Patrick Mahomes,10.0,1.4,1.0,0.1,0.0
2021,11,KC,Darrel Williams,10.0,2.0,5.0,1.0,0.0
2021,11,KC,Tyreek Hill,33.0,33.0,0.0,0.0,0.0
2021,11,KC,Travis Kelce,4.0,4.0,0.0,0.0,0.0
2021,11,DAL,Ezekiel Elliott,14.0,1.6,18.0,2.0,0.0
2021,11,DAL,Tony Pollard,33.0,4.7,17.0,2.4,0.0
2021,11,SEA,Alex Collins,14.0,1.4,22.0,2.2,1.0
2021,11,SEA,DeeJay Dallas,10.0,2.5,15.0,3.8,1.0
2021,11,SEA,Rashaad Penny,15.0,7.5,4.0,2.0,0.0
2021,11,SEA,Russell Wilson,1.0,0.5,1.0,0.5,0.0
2021,11,SEA,Travis Homer,3.0,3.0,1.0,1.0,0.0
2021,11,ARI,James Conner,27.0,1.3,35.0,1.7,1.0
2021,11,ARI,Eno Benjamin,7.0,1.2,8.0,1.3,0.0
2021,11,ARI,Colt McCoy,13.0,2.2,5.0,0.8,0.0
2021,11,LAC,Austin Ekeler,43.0,3.9,7.0,0.6,0.0
2021,11,LAC,Justin Herbert,85.0,9.4,5.0,0.6,1.0
2021,11,LAC,Larry Rountree,3.0,1.5,2.0,1.0,0.0
2021,11,LAC,Jalen Guyton,2.0,2.0,0.0,0.0,0.0
2021,11,LAC,Justin Jackson,2.0,2.0,0.0,0.0,0.0
2021,11,LAC,Josh Palmer,6.0,6.0,0.0,0.0,0.0
2021,11,LAC,Andre Roberts,4.0,4.0,0.0,0.0,0.0
2021,11,PIT,Najee Harris,30.0,2.5,9.0,0.8,0.0
2021,11,PIT,Chase Claypool,0.0,0.0,1.0,0.5,0.0
2021,11,PIT,Benny Snell Jr.,7.0,3.5,0.0,0.0,0.0
2021,11,PIT,Kalen Ballage,3.0,3.0,0.0,0.0,0.0
2021,11,PIT,Ray-Ray McCloud,0.0,0.0,5.0,5.0,1.0
2021,11,TB,Leonard Fournette,16.0,1.6,19.0,1.9,0.0
2021,11,TB,Ronald Jones II,19.0,2.4,14.0,1.8,0.0
2021,11,TB,Ke'Shawn Vaughn,1.0,0.3,3.0,1.0,0.0
2021,11,TB,Blaine Gabbert,-2.0,-1.0,0.0,0.0,0.0
2021,11,TB,Tom Brady,10.0,10.0,0.0,0.0,0.0
2021,11,TB,Mike Evans,8.0,8.0,2.0,2.0,0.0
2021,11,TB,Chris Godwin,4.0,4.0,3.0,3.0,0.0
2021,11,TB,Breshad Perriman,-3.0,-3.0,0.0,0.0,0.0
2021,11,NYG,Saquon Barkley,10.0,1.7,15.0,2.5,0.0
2021,11,NYG,Devontae Booker,9.0,3.0,6.0,2.0,0.0
2021,11,NYG,Daniel Jones,4.0,1.3,6.0,2.0,0.0
2021,11,NYG,John Ross,13.0,13.0,3.0,3.0,0.0
2021,12,DET,Jamaal Williams,57.0,3.8,8.0,0.5,2.0
2021,12,DET,D'Andre Swift,0.0,0.0,0.0,0.0,0.0
2021,12,DET,Godwin Igwebuike,11.0,11.0,0.0,0.0,0.0
2021,12,CHI,David Montgomery,26.0,1.5,20.0,1.2,3.0
2021,12,CHI,Andy Dalton,11.0,1.8,0.0,0.0,0.0
2021,12,CHI,Khalil Herbert,1.0,0.3,8.0,2.0,1.0
2021,12,CHI,Jakeem Grant,0.0,0.0,0.0,0.0,0.0
2021,12,CHI,Darnell Mooney,2.0,2.0,0.0,0.0,0.0
2021,12,DAL,Tony Pollard,12.0,1.2,24.0,2.4,0.0
2021,12,DAL,Ezekiel Elliott,9.0,1.0,16.0,1.8,0.0
2021,12,DAL,Dak Prescott,3.0,3.0,0.0,0.0,0.0
2021,12,LV,Josh Jacobs,40.0,1.8,47.0,2.1,1.0
2021,12,LV,Kenyan Drake,8.0,1.1,17.0,2.4,0.0
2021,12,LV,Derek Carr,21.0,10.5,0.0,0.0,0.0
2021,12,LV,Marcus Mariota,3.0,1.5,1.0,0.5,0.0
2021,12,LV,Zay Jones,4.0,4.0,0.0,0.0,0.0
2021,12,LV,Hunter Renfrow,0.0,0.0,2.0,2.0,0.0
2021,12,NO,Tony Jones,2.0,0.1,25.0,1.6,0.0
2021,12,NO,Ty Montgomery,1.0,0.2,13.0,2.2,2.0
2021,12,NO,Trevor Siemian,0.0,0.0,3.0,1.0,0.0
2021,12,BUF,Devin Singletary,4.0,0.3,40.0,2.7,3.0
2021,12,BUF,Matt Breida,8.0,0.9,18.0,2.0,1.0
2021,12,BUF,Josh Allen,27.0,3.4,16.0,2.0,0.0
2021,12,CIN,Joe Mixon,100.0,3.6,65.0,2.3,1.0
2021,12,CIN,Chris Evans,15.0,3.0,8.0,1.6,0.0
2021,12,CIN,Samaje Perine,3.0,1.0,0.0,0.0,0.0
2021,12,CIN,Brandon Allen,-1.0,-1.0,0.0,0.0,0.0
2021,12,CIN,Joe Burrow,5.0,5.0,3.0,3.0,0.0
2021,12,PIT,Najee Harris,20.0,2.5,3.0,0.4,0.0
2021,12,PIT,Kalen Ballage,17.0,5.7,4.0,1.3,0.0
2021,12,PIT,Anthony McFarland Jr.,2.0,1.0,0.0,0.0,0.0
2021,12,PIT,Benny Snell Jr.,3.0,1.5,2.0,1.0,0.0
2021,12,HOU,Rex Burkhead,18.0,1.5,9.0,0.8,0.0
2021,12,HOU,David Johnson,18.0,1.8,21.0,2.1,1.0
2021,12,HOU,Tyrod Taylor,15.0,7.5,15.0,7.5,1.0
2021,12,NYJ,Tevin Coleman,50.0,3.1,17.0,1.1,1.0
2021,12,NYJ,Austin Walter,30.0,3.3,8.0,0.9,0.0
2021,12,NYJ,Ty Johnson,30.0,5.0,12.0,2.0,0.0
2021,12,NYJ,Zach Wilson,3.0,1.5,0.0,0.0,0.0
2021,12,NYJ,Elijah Moore,4.0,4.0,3.0,3.0,1.0
2021,12,IND,Jonathan Taylor,47.0,2.9,36.0,2.3,1.0
2021,12,IND,Carson Wentz,15.0,5.0,6.0,2.0,2.0
2021,12,IND,Nyheim Hines,2.0,2.0,1.0,1.0,0.0
2021,12,TB,Leonard Fournette,53.0,3.1,47.0,2.8,1.0
2021,12,TB,Ronald Jones II,15.0,2.1,22.0,3.1,1.0
2021,12,TB,Tom Brady,2.0,1.0,0.0,0.0,0.0
2021,12,TB,Chris Godwin,1.0,1.0,2.0,2.0,0.0
2021,12,JAX,James Robinson,63.0,3.7,23.0,1.4,0.0
2021,12,JAX,Carlos Hyde,10.0,1.7,6.0,1.0,1.0
2021,12,JAX,Trevor Lawrence,36.0,7.2,3.0,0.6,0.0
2021,12,ATL,Cordarrelle Patterson,74.0,4.6,34.0,2.1,0.0
2021,12,ATL,Mike Davis,9.0,1.8,7.0,1.4,0.0
2021,12,ATL,Wayne Gallman,13.0,3.3,6.0,1.5,0.0
2021,12,ATL,Matt Ryan,6.0,1.5,0.0,0.0,0.0
2021,12,MIA,Myles Gaskin,33.0,2.1,16.0,1.0,2.0
2021,12,MIA,Phillip Lindsay,36.0,3.0,6.0,0.5,0.0
2021,12,MIA,Salvon Ahmed,17.0,3.4,0.0,0.0,0.0
2021,12,MIA,Tua Tagovailoa,0.0,0.0,0.0,0.0,0.0
2021,12,MIA,Durham Smythe,3.0,1.5,0.0,0.0,0.0
2021,12,CAR,Christian McCaffrey,23.0,2.3,12.0,1.2,1.0
2021,12,CAR,Cam Newton,4.0,1.3,1.0,0.3,1.0
2021,12,CAR,Ameer Abdullah,4.0,2.0,0.0,0.0,0.0
2021,12,CAR,Chuba Hubbard,2.0,1.0,4.0,2.0,0.0
2021,12,CAR,Sean Chandler,14.0,14.0,0.0,0.0,0.0
2021,12,NE,Damien Harris,18.0,1.6,22.0,2.0,0.0
2021,12,NE,Rhamondre Stevenson,11.0,1.2,35.0,3.9,3.0
2021,12,NE,Mac Jones,9.0,4.5,2.0,1.0,0.0
2021,12,NE,Brian Hoyer,-1.0,-1.0,0.0,0.0,0.0
2021,12,NE,Jonnu Smith,6.0,6.0,3.0,3.0,0.0
2021,12,TEN,D'Onta Foreman,54.0,2.8,55.0,2.9,2.0
2021,12,TEN,Dontrell Hilliard,60.0,5.0,71.0,5.9,3.0
2021,12,TEN,Ryan Tannehill,18.0,3.6,6.0,1.2,0.0
2021,12,TEN,Khari Blasingame,0.0,0.0,6.0,2.0,0.0
2021,12,NYG,Saquon Barkley,29.0,2.2,11.0,0.8,0.0
2021,12,NYG,Daniel Jones,24.0,2.7,6.0,0.7,0.0
2021,12,NYG,Devontae Booker,5.0,1.7,5.0,1.7,0.0
2021,12,NYG,Pharoh Cooper,3.0,3.0,0.0,0.0,0.0
2021,12,NYG,Darius Slayton,-13.0,-13.0,0.0,0.0,0.0
2021,12,PHI,Boston Scott,36.0,2.4,28.0,1.9,0.0
2021,12,PHI,Miles Sanders,47.0,5.2,17.0,1.9,0.0
2021,12,PHI,Jalen Hurts,66.0,8.3,11.0,1.4,0.0
2021,12,PHI,Quez Watkins,3.0,3.0,0.0,0.0,0.0
2021,12,DEN,Melvin Gordon,43.0,2.5,40.0,2.4,1.0
2021,12,DEN,Javonte Williams,33.0,2.4,21.0,1.5,2.0
2021,12,DEN,Teddy Bridgewater,10.0,5.0,0.0,0.0,0.0
2021,12,LAC,Austin Ekeler,20.0,1.7,11.0,0.9,2.0
2021,12,LAC,Justin Herbert,30.0,7.5,6.0,1.5,0.0
2021,12,LAC,Joshua Kelley,2.0,2.0,3.0,3.0,0.0
2021,12,GB,AJ Dillon,22.0,1.1,47.0,2.4,5.0
2021,12,GB,Aaron Jones,6.0,0.6,17.0,1.7,0.0
2021,12,GB,Aaron Rodgers,0.0,0.0,0.0,0.0,0.0
2021,12,LA,Darrell Henderson,27.0,1.7,28.0,1.8,0.0
2021,12,LA,Sony Michel,5.0,1.7,9.0,3.0,0.0
2021,12,LA,Matthew Stafford,-1.0,-1.0,0.0,0.0,0.0
2021,12,SF,Elijah Mitchell,74.0,2.7,59.0,2.2,2.0
2021,12,SF,Deebo Samuel,11.0,1.8,55.0,9.2,2.0
2021,12,SF,Jimmy Garoppolo,-1.0,-0.3,1.0,0.3,0.0
2021,12,SF,Jeff Wilson,2.0,1.0,3.0,1.5,0.0
2021,12,SF,Brandon Aiyuk,2.0,2.0,2.0,2.0,0.0
2021,12,MIN,Dalvin Cook,9.0,0.9,30.0,3.0,1.0
2021,12,MIN,Alexander Mattison,6.0,0.9,15.0,2.1,1.0
2021,12,MIN,Kene Nwangwu,5.0,5.0,2.0,2.0,0.0
2021,12,BAL,Lamar Jackson,48.0,2.8,20.0,1.2,0.0
2021,12,BAL,Devonta Freeman,29.0,1.8,23.0,1.4,0.0
2021,12,BAL,Latavius Murray,5.0,0.6,9.0,1.1,0.0
2021,12,BAL,Devin Duvernay,7.0,7.0,6.0,6.0,0.0
2021,12,BAL,Ty'Son Williams,0.0,0.0,1.0,1.0,0.0
2021,12,CLE,Nick Chubb,0.0,0.0,16.0,2.0,0.0
2021,12,CLE,Kareem Hunt,4.0,0.6,16.0,2.3,1.0
2021,12,CLE,Baker Mayfield,1.0,0.5,3.0,1.5,0.0
2021,12,WAS,Antonio Gibson,45.0,1.6,66.0,2.3,4.0
2021,12,WAS,J.D. McKissic,20.0,2.9,10.0,1.4,0.0
2021,12,WAS,Taylor Heinicke,-1.0,-0.3,4.0,1.0,0.0
2021,12,WAS,DeAndre Carter,2.0,2.0,2.0,2.0,0.0
2021,12,WAS,Jaret Patterson,0.0,0.0,0.0,0.0,0.0
2021,12,WAS,Curtis Samuel,2.0,2.0,2.0,2.0,0.0
2021,12,SEA,Alex Collins,6.0,0.9,8.0,1.1,0.0
2021,12,SEA,DeeJay Dallas,1.0,0.3,3.0,1.0,0.0
2021,12,SEA,Russell Wilson,9.0,4.5,7.0,3.5,0.0
2021,13,NO,Taysom Hill,74.0,6.7,27.0,2.5,1.0
2021,13,NO,Mark Ingram,18.0,1.8,10.0,1.0,0.0
2021,13,NO,Ty Montgomery,14.0,3.5,7.0,1.8,0.0
2021,13,NO,Deonte Harris,3.0,3.0,0.0,0.0,0.0
2021,13,DAL,Ezekiel Elliott,20.0,1.5,25.0,1.9,1.0
2021,13,DAL,Tony Pollard,12.0,1.7,59.0,8.4,1.0
2021,13,DAL,Dak Prescott,-3.0,-1.0,0.0,0.0,0.0
2021,13,DAL,CeeDee Lamb,27.0,27.0,6.0,6.0,0.0
2021,13,ATL,Cordarrelle Patterson,31.0,2.4,47.0,3.6,1.0
2021,13,ATL,Mike Davis,28.0,7.0,4.0,1.0,0.0
2021,13,ATL,Matt Ryan,1.0,0.3,1.0,0.3,0.0
2021,13,ATL,Qadree Ollison,1.0,0.5,6.0,3.0,0.0
2021,13,ATL,Olamide Zaccheaus,0.0,0.0,2.0,2.0,0.0
2021,13,TB,Leonard Fournette,16.0,1.2,28.0,2.2,0.0
2021,13,TB,Giovani Bernard,2.0,2.0,1.0,1.0,0.0
2021,13,TB,Tom Brady,-1.0,-1.0,0.0,0.0,0.0
2021,13,TB,Chris Godwin,6.0,6.0,3.0,3.0,0.0
2021,13,TB,Ronald Jones II,1.0,1.0,1.0,1.0,0.0
2021,13,CHI,David Montgomery,55.0,2.6,35.0,1.7,2.0
2021,13,CHI,Khalil Herbert,4.0,1.0,12.0,3.0,1.0
2021,13,CHI,Andy Dalton,6.0,3.0,0.0,0.0,0.0
2021,13,ARI,James Conner,36.0,1.8,39.0,2.0,2.0
2021,13,ARI,Kyler Murray,54.0,5.4,5.0,0.5,0.0
2021,13,ARI,Rondale Moore,0.0,0.0,2.0,0.7,0.0
2021,13,ARI,Eno Benjamin,0.0,0.0,1.0,0.5,0.0
2021,13,CIN,Joe Mixon,25.0,1.3,29.0,1.5,0.0
2021,13,CIN,Samaje Perine,18.0,3.6,18.0,3.6,0.0
2021,13,CIN,Joe Burrow,6.0,6.0,0.0,0.0,0.0
2021,13,LAC,Austin Ekeler,27.0,1.9,32.0,2.3,0.0
2021,13,LAC,Justin Jackson,5.0,0.8,10.0,1.7,0.0
2021,13,LAC,Jalen Guyton,-1.0,-1.0,0.0,0.0,0.0
2021,13,LAC,Justin Herbert,6.0,6.0,0.0,0.0,0.0
2021,13,DET,Jamaal Williams,36.0,2.1,35.0,2.1,0.0
2021,13,DET,Jermar Jefferson,12.0,2.4,6.0,1.2,0.0
2021,13,DET,Jared Goff,1.0,0.5,0.0,0.0,0.0
2021,13,DET,Godwin Igwebuike,4.0,2.0,4.0,2.0,0.0
2021,13,DET,Amon-Ra St. Brown,0.0,0.0,2.0,2.0,0.0
2021,13,MIN,Alexander Mattison,44.0,2.0,46.0,2.1,3.0
2021,13,MIN,Kirk Cousins,6.0,3.0,0.0,0.0,0.0
2021,13,MIN,Kene Nwangwu,-1.0,-0.5,1.0,0.5,1.0
2021,13,MIN,Justin Jefferson,4.0,4.0,0.0,0.0,0.0
2021,13,HOU,Rex Burkhead,22.0,2.8,8.0,1.0,0.0
2021,13,HOU,Royce Freeman,8.0,2.7,2.0,0.7,0.0
2021,13,HOU,Tyrod Taylor,8.0,2.7,7.0,2.3,1.0
2021,13,HOU,Davis Mills,11.0,5.5,0.0,0.0,0.0
2021,13,HOU,Jaylen Samuels,0.0,0.0,2.0,1.0,0.0
2021,13,HOU,Brandin Cooks,12.0,12.0,4.0,4.0,0.0
2021,13,IND,Jonathan Taylor,92.0,2.9,51.0,1.6,2.0
2021,13,IND,Deon Jackson,10.0,1.7,9.0,1.5,1.0
2021,13,IND,Nyheim Hines,11.0,3.7,13.0,4.3,2.0
2021,13,IND,Carson Wentz,5.0,1.7,3.0,1.0,0.0
2021,13,IND,Michael Pittman Jr.,29.0,14.5,4.0,2.0,0.0
2021,13,IND,Sam Ehlinger,-1.0,-1.0,0.0,0.0,0.0
2021,13,IND,Zach Pascal,10.0,10.0,2.0,2.0,0.0
2021,13,MIA,Myles Gaskin,29.0,1.9,15.0,1.0,0.0
2021,13,MIA,Salvon Ahmed,17.0,2.1,6.0,0.8,0.0
2021,13,MIA,Tua Tagovailoa,-1.0,-0.5,2.0,1.0,0.0
2021,13,NYG,Saquon Barkley,35.0,3.2,20.0,1.8,0.0
2021,13,NYG,Devontae Booker,24.0,4.0,12.0,2.0,0.0
2021,13,NYJ,Tevin Coleman,12.0,1.1,46.0,4.2,0.0
2021,13,NYJ,Zach Wilson,-1.0,-0.3,1.0,0.3,0.0
2021,13,NYJ,Ty Johnson,0.0,0.0,1.0,1.0,0.0
2021,13,NYJ,Elijah Moore,8.0,8.0,1.0,1.0,0.0
2021,13,NYJ,Austin Walter,1.0,1.0,1.0,1.0,0.0
2021,13,PHI,Miles Sanders,35.0,1.5,85.0,3.5,0.0
2021,13,PHI,Kenneth Gainwell,24.0,2.0,30.0,2.5,2.0
2021,13,PHI,Gardner Minshew II,9.0,2.3,2.0,0.5,0.0
2021,13,PHI,Jalen Reagor,0.0,0.0,0.0,0.0,0.0
2021,13,LA,Sony Michel,70.0,2.9,51.0,2.1,0.0
2021,13,LA,Mekhi Sargent,3.0,1.5,2.0,1.0,0.0
2021,13,LA,Matthew Stafford,1.0,1.0,1.0,1.0,0.0
2021,13,JAX,Carlos Hyde,19.0,2.1,5.0,0.6,0.0
2021,13,JAX,James Robinson,21.0,2.6,3.0,0.4,0.0
2021,13,JAX,Trevor Lawrence,6.0,1.5,4.0,1.0,0.0
2021,13,JAX,Laviska Shenault Jr.,0.0,0.0,1.0,0.3,0.0
2021,13,JAX,C.J. Beathard,2.0,2.0,0.0,0.0,0.0
2021,13,LV,Josh Jacobs,25.0,1.9,27.0,2.1,2.0
2021,13,LV,Derek Carr,23.0,11.5,1.0,0.5,0.0
2021,13,LV,Kenyan Drake,0.0,0.0,0.0,0.0,0.0
2021,13,WAS,Antonio Gibson,51.0,2.2,37.0,1.6,1.0
2021,13,WAS,Taylor Heinicke,8.0,2.7,2.0,0.7,0.0
2021,13,WAS,Curtis Samuel,-2.0,-1.0,1.0,0.5,0.0
2021,13,WAS,Jaret Patterson,2.0,2.0,0.0,0.0,0.0
2021,13,WAS,Wendell Smallwood,11.0,11.0,2.0,2.0,0.0
2021,13,PIT,Najee Harris,23.0,1.1,48.0,2.3,2.0
2021,13,PIT,Benny Snell Jr.,8.0,4.0,5.0,2.5,0.0
2021,13,PIT,Chase Claypool,0.0,0.0,2.0,2.0,0.0
2021,13,PIT,Ben Roethlisberger,-1.0,-1.0,0.0,0.0,0.0
2021,13,BAL,Devonta Freeman,31.0,2.2,21.0,1.5,1.0
2021,13,BAL,Lamar Jackson,42.0,5.3,13.0,1.6,1.0
2021,13,BAL,Latavius Murray,-1.0,-0.5,2.0,1.0,0.0
2021,13,BAL,Nate McCrary,-1.0,-1.0,0.0,0.0,0.0
2021,13,SEA,Adrian Peterson,5.0,0.5,11.0,1.0,1.0
2021,13,SEA,Rashaad Penny,22.0,2.2,13.0,1.3,0.0
2021,13,SEA,Travis Homer,78.0,26.0,2.0,0.7,0.0
2021,13,SEA,Russell Wilson,15.0,5.0,0.0,0.0,0.0
2021,13,SF,Elijah Mitchell,28.0,1.3,38.0,1.7,1.0
2021,13,SF,Jimmy Garoppolo,0.0,0.0,0.0,0.0,0.0
2021,13,SF,George Kittle,3.0,3.0,2.0,2.0,0.0
2021,13,KC,Clyde Edwards-Helaire,32.0,2.3,22.0,1.6,0.0
2021,13,KC,Darrel Williams,10.0,2.0,10.0,2.0,0.0
2021,13,KC,Patrick Mahomes,12.0,3.0,0.0,0.0,0.0
2021,13,KC,Michael Burton,1.0,1.0,2.0,2.0,0.0
2021,13,DEN,Javonte Williams,45.0,2.0,57.0,2.5,7.0
2021,13,DEN,Mike Boone,27.0,6.8,8.0,2.0,0.0
2021,13,DEN,Teddy Bridgewater,10.0,2.5,7.0,1.8,0.0
2021,13,BUF,Devin Singletary,6.0,0.6,30.0,3.0,0.0
2021,13,BUF,Zack Moss,11.0,1.4,10.0,1.3,0.0
2021,13,BUF,Josh Allen,19.0,3.2,20.0,3.3,0.0
2021,13,BUF,Matt Breida,1.0,1.0,2.0,2.0,0.0
2021,13,NE,Rhamondre Stevenson,19.0,0.8,59.0,2.5,7.0
2021,13,NE,Damien Harris,35.0,3.5,76.0,7.6,0.0
2021,13,NE,Mac Jones,-7.0,-1.4,4.0,0.8,0.0
2021,13,NE,Brandon Bolden,12.0,3.0,16.0,4.0,0.0
2021,13,NE,Nelson Agholor,1.0,1.0,5.0,5.0,1.0
2021,13,NE,Kendrick Bourne,0.0,0.0,3.0,3.0,0.0
2021,13,NE,Jonnu Smith,-1.0,-1.0,0.0,0.0,0.0
2021,14,MIN,Dalvin Cook,141.0,5.2,64.0,2.4,3.0
2021,14,MIN,Alexander Mattison,19.0,3.2,8.0,1.3,0.0
2021,14,MIN,Kirk Cousins,3.0,1.5,11.0,5.5,0.0
2021,14,MIN,Justin Jefferson,-4.0,-4.0,0.0,0.0,0.0
2021,14,PIT,Najee Harris,37.0,1.9,57.0,2.9,3.0
2021,14,PIT,Chase Claypool,0.0,0.0,2.0,2.0,0.0
2021,14,PIT,Diontae Johnson,6.0,6.0,1.0,1.0,0.0
2021,14,PIT,Ben Roethlisberger,3.0,3.0,2.0,2.0,0.0
2021,14,PIT,Benny Snell Jr.,-2.0,-2.0,0.0,0.0,1.0
2021,14,CAR,Chuba Hubbard,18.0,1.8,15.0,1.5,0.0
2021,14,CAR,Cam Newton,25.0,2.5,22.0,2.2,1.0
2021,14,CAR,Ameer Abdullah,4.0,1.0,12.0,3.0,1.0
2021,14,CAR,P.J. Walker,-5.0,-2.5,0.0,0.0,0.0
2021,14,ATL,Cordarrelle Patterson,30.0,1.9,28.0,1.8,0.0
2021,14,ATL,Mike Davis,22.0,2.0,22.0,2.0,0.0
2021,14,ATL,Qadree Ollison,11.0,2.2,12.0,2.4,0.0
2021,14,ATL,Matt Ryan,0.0,0.0,3.0,0.8,0.0
2021,14,CLE,Nick Chubb,38.0,2.2,21.0,1.2,1.0
2021,14,CLE,Baker Mayfield,14.0,2.3,0.0,0.0,0.0
2021,14,CLE,D'Ernest Johnson,7.0,1.8,15.0,3.8,1.0
2021,14,CLE,Kareem Hunt,0.0,0.0,5.0,2.5,0.0
2021,14,BAL,Devonta Freeman,56.0,4.3,8.0,0.6,0.0
2021,14,BAL,Tyler Huntley,32.0,5.3,13.0,2.2,1.0
2021,14,BAL,Lamar Jackson,0.0,0.0,5.0,2.5,0.0
2021,14,BAL,Devin Duvernay,2.0,2.0,1.0,1.0,0.0
2021,14,BAL,Latavius Murray,1.0,1.0,0.0,0.0,0.0
2021,14,HOU,Rex Burkhead,35.0,3.2,5.0,0.5,1.0
2021,14,HOU,Royce Freeman,2.0,0.2,13.0,1.2,0.0
2021,14,HOU,Davis Mills,8.0,4.0,0.0,0.0,0.0
2021,14,HOU,Phillip Dorsett,0.0,0.0,0.0,0.0,0.0
2021,14,SEA,Rashaad Penny,58.0,3.6,79.0,4.9,2.0
2021,14,SEA,Alex Collins,11.0,1.6,5.0,0.7,0.0
2021,14,SEA,DeeJay Dallas,13.0,6.5,3.0,1.5,0.0
2021,14,SEA,Russell Wilson,8.0,4.0,0.0,0.0,0.0
2021,14,SEA,Gerald Everett,13.0,13.0,0.0,0.0,0.0
2021,14,SEA,Freddie Swain,3.0,3.0,0.0,0.0,0.0
2021,14,KC,Clyde Edwards-Helaire,23.0,2.3,14.0,1.4,2.0
2021,14,KC,Derrick Gore,13.0,1.4,53.0,5.9,2.0
2021,14,KC,Patrick Mahomes,20.0,5.0,0.0,0.0,0.0
2021,14,KC,Chad Henne,-2.0,-0.7,0.0,0.0,0.0
2021,14,KC,Darrel Williams,8.0,4.0,0.0,0.0,0.0
2021,14,KC,Michael Burton,0.0,0.0,3.0,3.0,0.0
2021,14,KC,Mecole Hardman,0.0,0.0,0.0,0.0,0.0
2021,14,LV,Josh Jacobs,20.0,2.2,4.0,0.4,0.0
2021,14,LV,Peyton Barber,6.0,6.0,1.0,1.0,0.0
2021,14,LV,Dallin Leavitt,4.0,4.0,0.0,0.0,0.0
2021,14,LV,Trey Ragas,7.0,7.0,2.0,2.0,0.0
2021,14,NYJ,La'Mical Perine,21.0,3.0,7.0,1.0,0.0
2021,14,NYJ,Ty Johnson,17.0,2.8,0.0,0.0,0.0
2021,14,NYJ,Zach Wilson,33.0,8.3,0.0,0.0,0.0
2021,14,NO,Alvin Kamara,96.0,3.6,24.0,0.9,3.0
2021,14,NO,Taysom Hill,73.0,6.6,0.0,0.0,0.0
2021,14,NO,Tony Jones,10.0,1.7,0.0,0.0,0.0
2021,14,TEN,D'Onta Foreman,22.0,1.7,25.0,1.9,0.0
2021,14,TEN,Jeremy McNichols,5.0,0.6,11.0,1.4,1.0
2021,14,TEN,Dontrell Hilliard,8.0,1.3,5.0,0.8,0.0
2021,14,TEN,Ryan Tannehill,28.0,7.0,1.0,0.3,0.0
2021,14,TEN,Logan Woodside,-3.0,-1.0,0.0,0.0,0.0
2021,14,JAX,James Robinson,0.0,0.0,4.0,0.7,0.0
2021,14,JAX,Carlos Hyde,0.0,0.0,2.0,2.0,0.0
2021,14,JAX,Trevor Lawrence,0.0,0.0,2.0,2.0,0.0
2021,14,WAS,Antonio Gibson,18.0,1.8,18.0,1.8,0.0
2021,14,WAS,Jaret Patterson,15.0,3.8,14.0,3.5,0.0
2021,14,WAS,Jonathan Williams,9.0,2.3,7.0,1.8,0.0
2021,14,WAS,Taylor Heinicke,8.0,2.7,0.0,0.0,0.0
2021,14,WAS,Kyle Allen,11.0,5.5,0.0,0.0,0.0
2021,14,DAL,Corey Clement,23.0,1.8,21.0,1.6,0.0
2021,14,DAL,Ezekiel Elliott,23.0,1.9,22.0,1.8,0.0
2021,14,DAL,Dak Prescott,15.0,2.1,0.0,0.0,0.0
2021,14,DAL,CeeDee Lamb,13.0,6.5,2.0,1.0,0.0
2021,14,DAL,JaQuan Hardy,3.0,3.0,0.0,0.0,0.0
2021,14,DEN,Melvin Gordon,35.0,1.5,76.0,3.2,5.0
2021,14,DEN,Javonte Williams,27.0,1.8,46.0,3.1,4.0
2021,14,DET,Craig Reynolds,27.0,2.5,56.0,5.1,2.0
2021,14,DET,Godwin Igwebuike,10.0,1.3,15.0,1.9,0.0
2021,14,DET,Jared Goff,10.0,5.0,0.0,0.0,0.0
2021,14,LAC,Austin Ekeler,50.0,4.2,17.0,1.4,0.0
2021,14,LAC,Joshua Kelley,16.0,1.6,17.0,1.7,2.0
2021,14,LAC,Justin Jackson,23.0,2.6,12.0,1.3,0.0
2021,14,LAC,Justin Herbert,17.0,4.3,2.0,0.5,0.0
2021,14,LAC,Chase Daniel,-2.0,-1.0,0.0,0.0,0.0
2021,14,NYG,Saquon Barkley,34.0,2.1,30.0,1.9,0.0
2021,14,NYG,Devontae Booker,28.0,3.5,28.0,3.5,0.0
2021,14,NYG,Mike Glennon,7.0,7.0,0.0,0.0,0.0
2021,14,NYG,Elijhaa Penny,5.0,5.0,3.0,3.0,0.0
2021,14,CIN,Joe Mixon,25.0,1.4,33.0,1.8,0.0
2021,14,CIN,Samaje Perine,5.0,1.3,6.0,1.5,0.0
2021,14,CIN,Joe Burrow,-1.0,-0.5,4.0,2.0,0.0
2021,14,CIN,Tyler Boyd,0.0,0.0,8.0,8.0,1.0
2021,14,CIN,Ja'Marr Chase,0.0,0.0,6.0,6.0,1.0
2021,14,SF,Jeff Wilson,36.0,2.8,20.0,1.5,0.0
2021,14,SF,Deebo Samuel,20.0,2.5,17.0,2.1,1.0
2021,14,SF,Brandon Aiyuk,4.0,4.0,0.0,0.0,0.0
2021,14,SF,Jimmy Garoppolo,0.0,0.0,3.0,3.0,0.0
2021,14,TB,Leonard Fournette,38.0,2.0,75.0,3.9,0.0
2021,14,TB,Tom Brady,12.0,1.7,4.0,0.6,0.0
2021,14,TB,Ronald Jones II,3.0,1.0,5.0,1.7,0.0
2021,14,BUF,Josh Allen,58.0,4.8,51.0,4.3,1.0
2021,14,BUF,Devin Singletary,28.0,7.0,24.0,6.0,0.0
2021,14,BUF,Matt Breida,0.0,0.0,12.0,4.0,0.0
2021,14,GB,AJ Dillon,35.0,2.3,36.0,2.4,1.0
2021,14,GB,Aaron Jones,16.0,3.2,19.0,3.8,1.0
2021,14,GB,Kurt Benkert,-1.0,-0.5,0.0,0.0,0.0
2021,14,GB,Allen Lazard,13.0,13.0,1.0,1.0,0.0
2021,14,GB,Aaron Rodgers,0.0,0.0,0.0,0.0,0.0
2021,14,CHI,David Montgomery,25.0,2.5,17.0,1.7,0.0
2021,14,CHI,Justin Fields,59.0,6.6,15.0,1.7,1.0
2021,14,CHI,Damien Williams,8.0,4.0,5.0,2.5,0.0
2021,14,CHI,Jakeem Grant,0.0,0.0,5.0,5.0,1.0
2021,14,CHI,Khalil Herbert,2.0,2.0,1.0,1.0,0.0
2021,14,ARI,James Conner,10.0,0.8,21.0,1.6,2.0
2021,14,ARI,Kyler Murray,37.0,5.3,24.0,3.4,0.0
2021,14,ARI,Rondale Moore,6.0,3.0,5.0,2.5,0.0
2021,14,LA,Sony Michel,46.0,2.3,33.0,1.7,3.0
2021,14,LA,Van Jefferson,0.0,0.0,10.0,10.0,0.0
2021,15,LAC,Justin Jackson,53.0,4.1,33.0,2.5,0.0
2021,15,LAC,Austin Ekeler,27.0,2.3,32.0,2.7,0.0
2021,15,LAC,Joshua Kelley,14.0,2.0,7.0,1.0,0.0
2021,15,LAC,Justin Herbert,15.0,3.0,1.0,0.2,0.0
2021,15,LAC,Gabe Nabers,3.0,3.0,1.0,1.0,0.0
2021,15,LAC,Andre Roberts,4.0,4.0,2.0,2.0,0.0
2021,15,KC,Clyde Edwards-Helaire,20.0,2.2,12.0,1.3,0.0
2021,15,KC,Darrel Williams,9.0,1.8,3.0,0.6,0.0
2021,15,KC,Patrick Mahomes,31.0,10.3,1.0,0.3,0.0
2021,15,KC,Blake Bell,3.0,3.0,0.0,0.0,0.0
2021,15,KC,Michael Burton,3.0,3.0,4.0,4.0,0.0
2021,15,KC,Mecole Hardman,0.0,0.0,0.0,0.0,0.0
2021,15,IND,Jonathan Taylor,104.0,3.6,66.0,2.3,0.0
2021,15,IND,Carson Wentz,12.0,1.5,5.0,0.6,0.0
2021,15,IND,Ashton Dulin,34.0,17.0,5.0,2.5,0.0
2021,15,NE,Rhamondre Stevenson,19.0,1.9,17.0,1.7,0.0
2021,15,NE,Brandon Bolden,-2.0,-0.5,5.0,1.3,0.0
2021,15,NE,Kendrick Bourne,15.0,7.5,4.0,2.0,0.0
2021,15,NE,Mac Jones,0.0,0.0,12.0,12.0,0.0
2021,15,NE,Jakobi Meyers,8.0,8.0,1.0,1.0,0.0
2021,15,NE,Jonnu Smith,2.0,2.0,0.0,0.0,0.0
2021,15,BUF,Devin Singletary,49.0,2.2,37.0,1.7,1.0
2021,15,BUF,Josh Allen,-2.0,-0.7,26.0,8.7,1.0
2021,15,BUF,Matt Breida,0.0,0.0,1.0,1.0,0.0
2021,15,BUF,Isaiah McKenzie,2.0,2.0,6.0,6.0,0.0
2021,15,CAR,Cam Newton,28.0,1.9,43.0,2.9,1.0
2021,15,CAR,Chuba Hubbard,26.0,3.3,14.0,1.8,0.0
2021,15,CAR,Ameer Abdullah,3.0,0.8,4.0,1.0,0.0
2021,15,CAR,Robby Anderson,1.0,0.5,32.0,16.0,0.0
2021,15,DET,Craig Reynolds,54.0,2.1,58.0,2.2,2.0
2021,15,DET,Jermar Jefferson,4.0,0.8,5.0,1.0,0.0
2021,15,DET,Godwin Igwebuike,0.0,0.0,0.0,0.0,0.0
2021,15,DET,Amon-Ra St. Brown,3.0,3.0,2.0,2.0,0.0
2021,15,ARI,James Conner,17.0,2.1,22.0,2.8,2.0
2021,15,ARI,Chase Edmonds,34.0,5.7,19.0,3.2,1.0
2021,15,ARI,Kyler Murray,3.0,0.8,0.0,0.0,0.0
2021,15,ARI,Colt McCoy,3.0,3.0,0.0,0.0,0.0
2021,15,ARI,Rondale Moore,1.0,1.0,0.0,0.0,0.0
2021,15,ARI,Jonathan Ward,3.0,3.0,3.0,3.0,0.0
2021,15,JAX,James Robinson,48.0,2.7,27.0,1.5,1.0
2021,15,JAX,Trevor Lawrence,18.0,3.6,3.0,0.6,0.0
2021,15,JAX,Dare Ogunbowale,1.0,1.0,0.0,0.0,0.0
2021,15,JAX,Laviska Shenault Jr.,4.0,4.0,6.0,6.0,0.0
2021,15,HOU,Rex Burkhead,24.0,1.5,17.0,1.1,1.0
2021,15,HOU,David Johnson,10.0,1.7,14.0,2.3,0.0
2021,15,HOU,Royce Freeman,3.0,1.0,5.0,1.7,0.0
2021,15,HOU,Davis Mills,1.0,1.0,1.0,1.0,0.0
2021,15,MIA,Duke Johnson,38.0,1.7,69.0,3.1,2.0
2021,15,MIA,Myles Gaskin,11.0,1.1,43.0,4.3,1.0
2021,15,MIA,Tua Tagovailoa,15.0,2.1,4.0,0.6,0.0
2021,15,MIA,Jacoby Brissett,1.0,1.0,1.0,1.0,0.0
2021,15,MIA,Clayton Fejedelem,0.0,0.0,0.0,0.0,0.0
2021,15,MIA,Albert Wilson,0.0,0.0,1.0,1.0,1.0
2021,15,NYJ,Michael Carter,-5.0,-0.6,23.0,2.9,3.0
2021,15,NYJ,Tevin Coleman,16.0,2.0,34.0,4.3,0.0
2021,15,NYJ,Zach Wilson,10.0,2.5,2.0,0.5,0.0
2021,15,NYJ,Braxton Berrios,6.0,3.0,4.0,2.0,0.0
2021,15,NYJ,Austin Walter,8.0,4.0,4.0,2.0,0.0
2021,15,NYG,Saquon Barkley,25.0,1.7,25.0,1.7,0.0
2021,15,NYG,Devontae Booker,61.0,7.6,13.0,1.6,0.0
2021,15,NYG,Mike Glennon,0.0,0.0,0.0,0.0,0.0
2021,15,DAL,Ezekiel Elliott,24.0,1.5,28.0,1.8,0.0
2021,15,DAL,Tony Pollard,56.0,4.7,18.0,1.5,0.0
2021,15,DAL,Dak Prescott,-1.0,-0.5,0.0,0.0,0.0
2021,15,PIT,Najee Harris,1.0,0.1,17.0,1.4,0.0
2021,15,PIT,Ben Roethlisberger,0.0,0.0,0.0,0.0,0.0
2021,15,PIT,Chase Claypool,5.0,5.0,2.0,2.0,0.0
2021,15,PIT,Diontae Johnson,3.0,3.0,7.0,7.0,0.0
2021,15,TEN,D'Onta Foreman,47.0,2.1,61.0,2.8,2.0
2021,15,TEN,Dontrell Hilliard,34.0,3.8,15.0,1.7,0.0
2021,15,TEN,Jeremy McNichols,10.0,1.7,16.0,2.7,0.0
2021,15,TEN,Ryan Tannehill,13.0,2.6,5.0,1.0,1.0
2021,15,DEN,Melvin Gordon,41.0,2.7,12.0,0.8,0.0
2021,15,DEN,Javonte Williams,54.0,3.6,18.0,1.2,1.0
2021,15,DEN,Teddy Bridgewater,9.0,3.0,1.0,0.3,0.0
2021,15,DEN,Drew Lock,-2.0,-2.0,0.0,0.0,0.0
2021,15,CIN,Joe Mixon,45.0,2.6,13.0,0.8,1.0
2021,15,CIN,Joe Burrow,25.0,5.0,0.0,0.0,0.0
2021,15,CIN,Samaje Perine,26.0,6.5,4.0,1.0,0.0
2021,15,SF,Jeff Wilson,79.0,3.8,31.0,1.5,1.0
2021,15,SF,Deebo Samuel,19.0,3.2,10.0,1.7,2.0
2021,15,SF,Jimmy Garoppolo,2.0,0.7,2.0,0.7,0.0
2021,15,SF,Jamycal Hasty,9.0,9.0,4.0,4.0,1.0
2021,15,SF,Kyle Juszczyk,6.0,6.0,0.0,0.0,0.0
2021,15,ATL,Cordarrelle Patterson,17.0,1.5,1.0,0.1,0.0
2021,15,ATL,Mike Davis,9.0,1.5,12.0,2.0,3.0
2021,15,ATL,Matt Ryan,19.0,3.8,1.0,0.2,0.0
2021,15,ATL,Qadree Ollison,2.0,2.0,1.0,1.0,0.0
2021,15,BAL,Tyler Huntley,68.0,5.2,5.0,0.4,0.0
2021,15,BAL,Latavius Murray,22.0,3.1,26.0,3.7,3.0
2021,15,BAL,Devonta Freeman,13.0,2.2,9.0,1.5,0.0
2021,15,GB,Aaron Jones,30.0,2.3,28.0,2.2,1.0
2021,15,GB,AJ Dillon,11.0,1.6,11.0,1.6,0.0
2021,15,GB,Aaron Rodgers,10.0,2.5,1.0,0.3,0.0
2021,15,GB,Allen Lazard,3.0,3.0,2.0,2.0,0.0
2021,15,TB,Leonard Fournette,17.0,1.9,17.0,1.9,1.0
2021,15,TB,Ronald Jones II,39.0,4.9,24.0,3.0,2.0
2021,15,TB,Ke'Shawn Vaughn,1.0,0.3,18.0,6.0,1.0
2021,15,TB,Tom Brady,0.0,0.0,2.0,2.0,0.0
2021,15,NO,Taysom Hill,19.0,1.7,14.0,1.3,0.0
2021,15,NO,Alvin Kamara,-1.0,-0.1,19.0,1.7,2.0
2021,15,NO,Mark Ingram,0.0,0.0,10.0,1.1,0.0
2021,15,CLE,Nick Chubb,43.0,1.9,48.0,2.1,1.0
2021,15,CLE,D'Ernest Johnson,-2.0,-2.0,0.0,0.0,0.0
2021,15,LV,Josh Jacobs,20.0,1.3,32.0,2.1,1.0
2021,15,LV,Peyton Barber,18.0,3.6,16.0,3.2,1.0
2021,15,LV,Derek Carr,5.0,1.7,2.0,0.7,0.0
2021,15,LV,Dallin Leavitt,1.0,1.0,1.0,1.0,0.0
2021,15,LV,Marcus Mariota,2.0,2.0,1.0,1.0,0.0
2021,15,CHI,David Montgomery,31.0,1.7,29.0,1.6,2.0
2021,15,CHI,Justin Fields,32.0,4.6,3.0,0.4,0.0
2021,15,CHI,Jakeem Grant,9.0,4.5,8.0,4.0,1.0
2021,15,CHI,Darnell Mooney,3.0,3.0,0.0,0.0,0.0
2021,15,MIN,Dalvin Cook,65.0,2.3,24.0,0.9,2.0
2021,15,MIN,Kene Nwangwu,23.0,7.7,10.0,3.3,1.0
2021,15,MIN,Kirk Cousins,10.0,5.0,0.0,0.0,0.0
2021,15,LA,Sony Michel,30.0,1.7,62.0,3.4,6.0
2021,15,LA,Darrell Henderson,13.0,2.2,10.0,1.7,0.0
2021,15,LA,Matthew Stafford,-3.0,-1.0,0.0,0.0,0.0
2021,15,LA,Van Jefferson,7.0,7.0,3.0,3.0,0.0
2021,15,LA,Cooper Kupp,0.0,0.0,1.0,1.0,0.0
2021,15,SEA,Rashaad Penny,25.0,2.3,14.0,1.3,0.0
2021,15,SEA,DeeJay Dallas,16.0,2.0,25.0,3.1,1.0
2021,15,PHI,Miles Sanders,74.0,4.1,57.0,3.2,2.0
2021,15,PHI,Jordan Howard,35.0,2.3,34.0,2.3,1.0
2021,15,PHI,Jalen Hurts,32.0,4.0,6.0,0.8,0.0
2021,15,WAS,Antonio Gibson,13.0,0.9,13.0,0.9,0.0
2021,15,WAS,Jaret Patterson,8.0,2.0,12.0,3.0,0.0
2021,15,WAS,DeAndre Carter,12.0,12.0,0.0,0.0,0.0
2021,15,WAS,Jonathan Williams,3.0,3.0,2.0,2.0,0.0
2021,16,TEN,D'Onta Foreman,11.0,1.2,6.0,0.7,1.0
2021,16,TEN,Jeremy McNichols,23.0,3.3,8.0,1.1,0.0
2021,16,TEN,Dontrell Hilliard,18.0,3.6,2.0,0.4,0.0
2021,16,TEN,Ryan Tannehill,0.0,0.0,22.0,7.3,0.0
2021,16,SF,Jeff Wilson,38.0,2.7,7.0,0.5,1.0
2021,16,SF,Deebo Samuel,21.0,4.2,11.0,2.2,1.0
2021,16,SF,Jimmy Garoppolo,3.0,3.0,0.0,0.0,0.0
2021,16,SF,Jamycal Hasty,3.0,3.0,0.0,0.0,0.0
2021,16,GB,Aaron Jones,28.0,2.3,38.0,3.2,4.0
2021,16,GB,AJ Dillon,20.0,2.2,21.0,2.3,0.0
2021,16,GB,Allen Lazard,13.0,13.0,0.0,0.0,0.0
2021,16,GB,Aaron Rodgers,-1.0,-1.0,0.0,0.0,0.0
2021,16,GB,Equanimeous St. Brown,-10.0,-10.0,0.0,0.0,0.0
2021,16,CLE,Nick Chubb,77.0,4.5,49.0,2.9,2.0
2021,16,CLE,D'Ernest Johnson,35.0,8.8,23.0,5.8,1.0
2021,16,CLE,Baker Mayfield,11.0,5.5,0.0,0.0,0.0
2021,16,CLE,Anthony Schwartz,21.0,10.5,3.0,1.5,0.0
2021,16,ARI,Chase Edmonds,42.0,2.6,14.0,0.9,0.0
2021,16,ARI,Kyler Murray,74.0,18.5,0.0,0.0,0.0
2021,16,ARI,Jonathan Ward,2.0,2.0,1.0,1.0,0.0
2021,16,IND,Jonathan Taylor,23.0,0.9,85.0,3.1,3.0
2021,16,IND,Nyheim Hines,9.0,3.0,2.0,0.7,0.0
2021,16,IND,Carson Wentz,4.0,2.0,0.0,0.0,0.0
2021,16,IND,Michael Pittman Jr.,3.0,3.0,0.0,0.0,0.0
2021,16,ATL,Mike Davis,14.0,2.0,14.0,2.0,0.0
2021,16,ATL,Cordarrelle Patterson,6.0,0.9,8.0,1.1,1.0
2021,16,ATL,Matt Ryan,4.0,1.0,1.0,0.3,0.0
2021,16,DET,Jamaal Williams,43.0,2.3,34.0,1.8,3.0
2021,16,DET,Craig Reynolds,11.0,1.0,18.0,1.6,0.0
2021,16,DET,Amon-Ra St. Brown,15.0,7.5,4.0,2.0,0.0
2021,16,DET,Kalif Raymond,3.0,3.0,2.0,2.0,0.0
2021,16,CAR,Chuba Hubbard,3.0,0.5,6.0,1.0,0.0
2021,16,CAR,Cam Newton,42.0,8.4,0.0,0.0,0.0
2021,16,CAR,Ameer Abdullah,1.0,0.5,0.0,0.0,0.0
2021,16,CAR,Reggie Bonnafon,4.0,4.0,0.0,0.0,0.0
2021,16,CAR,Sam Darnold,11.0,11.0,0.0,0.0,0.0
2021,16,TB,Ronald Jones II,38.0,1.9,27.0,1.4,0.0
2021,16,TB,Ke'Shawn Vaughn,10.0,1.4,60.0,8.6,2.0
2021,16,TB,Le'Veon Bell,-1.0,-0.5,0.0,0.0,0.0
2021,16,TB,Tom Brady,11.0,11.0,0.0,0.0,0.0
2021,16,TB,Cyril Grayson,14.0,14.0,0.0,0.0,0.0
2021,16,CIN,Joe Mixon,36.0,2.0,29.0,1.6,0.0
2021,16,CIN,Joe Burrow,11.0,5.5,0.0,0.0,0.0
2021,16,CIN,Chris Evans,1.0,1.0,0.0,0.0,0.0
2021,16,BAL,Devonta Freeman,10.0,1.7,7.0,1.2,0.0
2021,16,BAL,Josh Johnson,4.0,0.8,6.0,1.2,0.0
2021,16,BAL,Latavius Murray,7.0,1.4,5.0,1.0,0.0
2021,16,HOU,Rex Burkhead,69.0,3.1,80.0,3.6,0.0
2021,16,HOU,Royce Freeman,16.0,1.3,18.0,1.5,0.0
2021,16,HOU,Davis Mills,-1.0,-1.0,0.0,0.0,0.0
2021,16,HOU,Tremon Smith,5.0,5.0,2.0,2.0,0.0
2021,16,LAC,Justin Jackson,54.0,4.9,10.0,0.9,0.0
2021,16,LAC,Joshua Kelley,6.0,1.2,1.0,0.2,0.0
2021,16,LAC,Justin Herbert,14.0,3.5,1.0,0.3,0.0
2021,16,LAC,Maurice Ffrench,3.0,3.0,0.0,0.0,0.0
2021,16,MIN,Alexander Mattison,13.0,1.0,28.0,2.2,2.0
2021,16,MIN,Kene Nwangwu,3.0,0.6,5.0,1.0,0.0
2021,16,MIN,Kirk Cousins,15.0,3.8,2.0,0.5,0.0
2021,16,LA,Sony Michel,70.0,2.6,61.0,2.3,1.0
2021,16,LA,Matthew Stafford,6.0,2.0,2.0,0.7,0.0
2021,16,LA,Jake Funk,-1.0,-1.0,0.0,0.0,0.0
2021,16,LA,Darrell Henderson,12.0,12.0,5.0,5.0,0.0
2021,16,LA,Cooper Kupp,2.0,2.0,2.0,2.0,0.0
2021,16,NE,Damien Harris,71.0,3.9,32.0,1.8,2.0
2021,16,NE,Mac Jones,28.0,4.7,5.0,0.8,0.0
2021,16,NE,Brandon Bolden,1.0,0.5,3.0,1.5,0.0
2021,16,NE,Gunner Olszewski,6.0,6.0,3.0,3.0,0.0
2021,16,BUF,Josh Allen,32.0,2.7,32.0,2.7,1.0
2021,16,BUF,Devin Singletary,19.0,1.6,20.0,1.7,1.0
2021,16,BUF,Zack Moss,7.0,2.3,5.0,1.7,0.0
2021,16,BUF,Isaiah McKenzie,-1.0,-1.0,0.0,0.0,0.0
2021,16,NYJ,Michael Carter,83.0,5.2,35.0,2.2,2.0
2021,16,NYJ,Tevin Coleman,25.0,1.8,32.0,2.3,4.0
2021,16,NYJ,Zach Wilson,37.0,9.3,54.0,13.5,1.0
2021,16,NYJ,Braxton Berrios,2.0,2.0,1.0,1.0,0.0
2021,16,NYJ,Braden Mann,2.0,2.0,2.0,2.0,0.0
2021,16,JAX,Dare Ogunbowale,31.0,1.8,26.0,1.5,0.0
2021,16,JAX,Trevor Lawrence,35.0,5.8,2.0,0.3,0.0
2021,16,JAX,Tavon Austin,20.0,6.7,1.0,0.3,0.0
2021,16,JAX,James Robinson,6.0,2.0,4.0,1.3,0.0
2021,16,JAX,Nathan Cottrell,0.0,0.0,3.0,3.0,1.0
2021,16,JAX,Andrew Wingard,3.0,3.0,1.0,1.0,0.0
2021,16,PHI,Boston Scott,29.0,2.4,12.0,1.0,0.0
2021,16,PHI,Jordan Howard,19.0,2.1,18.0,2.0,0.0
2021,16,PHI,Miles Sanders,34.0,4.9,11.0,1.6,0.0
2021,16,PHI,Jalen Hurts,7.0,3.5,0.0,0.0,0.0
2021,16,NYG,Saquon Barkley,9.0,0.6,23.0,1.5,1.0
2021,16,NYG,Devontae Booker,9.0,1.5,18.0,3.0,0.0
2021,16,NYG,Jake Fromm,10.0,3.3,2.0,0.7,0.0
2021,16,NYG,Mike Glennon,11.0,5.5,0.0,0.0,0.0
2021,16,NYG,Elijhaa Penny,1.0,1.0,1.0,1.0,0.0
2021,16,SEA,Rashaad Penny,70.0,4.1,65.0,3.8,5.0
2021,16,SEA,DeeJay Dallas,10.0,2.5,5.0,1.3,1.0
2021,16,SEA,Russell Wilson,13.0,6.5,0.0,0.0,0.0
2021,16,SEA,D'Wayne Eskridge,6.0,6.0,1.0,1.0,0.0
2021,16,CHI,David Montgomery,16.0,0.8,29.0,1.4,1.0
2021,16,CHI,Nick Foles,8.0,2.0,0.0,0.0,0.0
2021,16,CHI,Khalil Herbert,21.0,10.5,0.0,0.0,0.0
2021,16,CHI,Darnell Mooney,2.0,1.0,0.0,0.0,0.0
2021,16,CHI,Damien Williams,8.0,8.0,4.0,4.0,1.0
2021,16,KC,Derrick Gore,18.0,1.5,25.0,2.1,1.0
2021,16,KC,Darrel Williams,35.0,3.2,20.0,1.8,0.0
2021,16,KC,Clyde Edwards-Helaire,6.0,0.7,21.0,2.3,1.0
2021,16,KC,Chad Henne,0.0,0.0,0.0,0.0,0.0
2021,16,KC,Michael Burton,1.0,1.0,1.0,1.0,0.0
2021,16,PIT,Najee Harris,37.0,1.9,56.0,2.9,3.0
2021,16,PIT,Benny Snell Jr.,9.0,1.8,11.0,2.2,1.0
2021,16,PIT,Mason Rudolph,17.0,17.0,0.0,0.0,0.0
2021,16,LV,Josh Jacobs,55.0,2.0,74.0,2.7,1.0
2021,16,LV,Derek Carr,4.0,0.6,1.0,0.1,0.0
2021,16,LV,Peyton Barber,12.0,2.4,10.0,2.0,0.0
2021,16,LV,Jalen Richard,2.0,2.0,2.0,2.0,0.0
2021,16,DEN,Melvin Gordon,-8.0,-1.1,4.0,0.6,0.0
2021,16,DEN,Javonte Williams,1.0,0.1,11.0,1.6,0.0
2021,16,DEN,Drew Lock,7.0,3.5,3.0,1.5,0.0
2021,16,DAL,Ezekiel Elliott,30.0,3.3,7.0,0.8,2.0
2021,16,DAL,Tony Pollard,29.0,3.6,5.0,0.6,0.0
2021,16,DAL,Corey Clement,10.0,2.5,8.0,2.0,1.0
2021,16,DAL,Dak Prescott,20.0,5.0,1.0,0.3,0.0
2021,16,DAL,Cooper Rush,0.0,0.0,0.0,0.0,0.0
2021,16,DAL,CeeDee Lamb,-2.0,-2.0,0.0,0.0,0.0
2021,16,WAS,Jaret Patterson,28.0,3.1,5.0,0.6,1.0
2021,16,WAS,Antonio Gibson,25.0,4.2,4.0,0.7,0.0
2021,16,WAS,Jonathan Williams,4.0,1.3,5.0,1.7,1.0
2021,16,WAS,DeAndre Carter,15.0,15.0,0.0,0.0,0.0
2021,16,WAS,Taylor Heinicke,-1.0,-1.0,0.0,0.0,0.0
2021,16,NO,Alvin Kamara,43.0,3.3,9.0,0.7,0.0
2021,16,NO,Mark Ingram,10.0,2.5,7.0,1.8,1.0
2021,16,NO,Ian Book,4.0,1.3,2.0,0.7,0.0
2021,16,NO,Tony Jones,4.0,2.0,2.0,1.0,0.0
2021,16,NO,Adam Prentice,1.0,1.0,1.0,1.0,0.0
2021,16,MIA,Duke Johnson,18.0,1.4,21.0,1.6,1.0
2021,16,MIA,Phillip Lindsay,21.0,1.6,15.0,1.2,0.0
2021,16,MIA,Myles Gaskin,7.0,2.3,3.0,1.0,0.0
2021,16,MIA,Tua Tagovailoa,1.0,1.0,0.0,0.0,0.0
2021,17,BAL,Devonta Freeman,57.0,4.1,19.0,1.4,0.0
2021,17,BAL,Latavius Murray,19.0,1.7,12.0,1.1,0.0
2021,17,BAL,Tyler Huntley,45.0,7.5,9.0,1.5,0.0
2021,17,BAL,Devin Duvernay,4.0,4.0,0.0,0.0,0.0
2021,17,LA,Sony Michel,40.0,2.1,34.0,1.8,0.0
2021,17,LA,Matthew Stafford,-1.0,-1.0,0.0,0.0,0.0
2021,17,BUF,Devin Singletary,33.0,1.4,77.0,3.3,4.0
2021,17,BUF,Josh Allen,36.0,2.4,45.0,3.0,4.0
2021,17,BUF,Zack Moss,21.0,4.2,18.0,3.6,1.0
2021,17,BUF,Isaiah McKenzie,2.0,2.0,1.0,1.0,0.0
2021,17,ATL,Cordarrelle Patterson,20.0,2.2,8.0,0.9,0.0
2021,17,ATL,Mike Davis,21.0,2.6,21.0,2.6,0.0
2021,17,ATL,Qadree Ollison,10.0,3.3,9.0,3.0,0.0
2021,17,ATL,Matt Ryan,7.0,3.5,0.0,0.0,0.0
2021,17,CHI,David Montgomery,39.0,1.8,25.0,1.1,1.0
2021,17,CHI,Andy Dalton,10.0,3.3,4.0,1.3,0.0
2021,17,CHI,Khalil Herbert,4.0,2.0,5.0,2.5,0.0
2021,17,NYG,Saquon Barkley,63.0,3.0,39.0,1.9,0.0
2021,17,NYG,Devontae Booker,28.0,1.6,18.0,1.0,0.0
2021,17,NYG,Mike Glennon,13.0,13.0,0.0,0.0,0.0
2021,17,CIN,Joe Mixon,27.0,2.3,19.0,1.6,0.0
2021,17,CIN,Joe Burrow,1.0,0.2,9.0,1.8,0.0
2021,17,CIN,Brandon Allen,0.0,0.0,0.0,0.0,0.0
2021,17,CIN,Samaje Perine,2.0,2.0,2.0,2.0,0.0
2021,17,KC,Darrel Williams,47.0,3.4,41.0,2.9,1.0
2021,17,KC,Derrick Gore,29.0,9.7,8.0,2.7,0.0
2021,17,KC,Patrick Mahomes,23.0,11.5,2.0,1.0,0.0
2021,17,KC,Blake Bell,1.0,1.0,1.0,1.0,0.0
2021,17,KC,Michael Burton,1.0,1.0,1.0,1.0,0.0
2021,17,KC,Tyreek Hill,1.0,1.0,1.0,1.0,0.0
2021,17,KC,Travis Kelce,-1.0,-1.0,0.0,0.0,0.0
2021,17,IND,Jonathan Taylor,58.0,2.9,50.0,2.5,2.0
2021,17,IND,Carson Wentz,7.0,2.3,3.0,1.0,0.0
2021,17,IND,Nyheim Hines,3.0,1.5,1.0,0.5,0.0
2021,17,IND,Deon Jackson,0.0,0.0,0.0,0.0,0.0
2021,17,LV,Josh Jacobs,31.0,1.9,32.0,2.0,2.0
2021,17,LV,Peyton Barber,1.0,0.2,2.0,0.3,0.0
2021,17,LV,Marcus Mariota,11.0,3.7,5.0,1.7,0.0
2021,17,LV,Zay Jones,-1.0,-1.0,0.0,0.0,0.0
2021,17,LV,Jalen Richard,2.0,2.0,2.0,2.0,0.0
2021,17,NE,Rhamondre Stevenson,54.0,2.8,53.0,2.8,1.0
2021,17,NE,Damien Harris,19.0,2.1,16.0,1.8,1.0
2021,17,NE,Kendrick Bourne,9.0,4.5,8.0,4.0,1.0
2021,17,NE,Brian Hoyer,0.0,0.0,1.0,0.5,0.0
2021,17,NE,Mac Jones,10.0,5.0,2.0,1.0,0.0
2021,17,NE,Brandon Bolden,1.0,1.0,3.0,3.0,0.0
2021,17,NE,Jonnu Smith,1.0,1.0,4.0,4.0,0.0
2021,17,JAX,Dare Ogunbowale,20.0,2.2,16.0,1.8,0.0
2021,17,JAX,Ryquell Armstead,16.0,2.7,12.0,2.0,0.0
2021,17,JAX,Trevor Lawrence,16.0,8.0,0.0,0.0,0.0
2021,17,NYJ,Austin Walter,29.0,2.1,20.0,1.4,0.0
2021,17,NYJ,Ty Johnson,34.0,6.8,1.0,0.2,0.0
2021,17,NYJ,Michael Carter,2.0,0.7,52.0,17.3,0.0
2021,17,NYJ,Braxton Berrios,9.0,4.5,3.0,1.5,0.0
2021,17,NYJ,Zach Wilson,0.0,0.0,0.0,0.0,0.0
2021,17,TB,Ronald Jones II,10.0,1.0,16.0,1.6,0.0
2021,17,TB,Ke'Shawn Vaughn,17.0,2.1,14.0,1.8,0.0
2021,17,TB,Le'Veon Bell,3.0,1.0,2.0,0.7,0.0
2021,17,TEN,D'Onta Foreman,77.0,3.0,55.0,2.1,2.0
2021,17,TEN,Dontrell Hilliard,39.0,4.9,6.0,0.8,1.0
2021,17,TEN,Ryan Tannehill,5.0,1.3,2.0,0.5,0.0
2021,17,TEN,Jeremy McNichols,11.0,5.5,3.0,1.5,0.0
2021,17,MIA,Duke Johnson,24.0,3.4,25.0,3.6,0.0
2021,17,MIA,Myles Gaskin,10.0,2.0,13.0,2.6,0.0
2021,17,MIA,Phillip Lindsay,0.0,0.0,1.0,0.5,0.0
2021,17,MIA,Tua Tagovailoa,0.0,0.0,1.0,0.5,0.0
2021,17,WAS,Jaret Patterson,26.0,2.2,31.0,2.6,0.0
2021,17,WAS,Wendell Smallwood,6.0,1.5,6.0,1.5,0.0
2021,17,WAS,Taylor Heinicke,14.0,7.0,0.0,0.0,0.0
2021,17,WAS,Jonathan Williams,1.0,0.5,3.0,1.5,0.0
2021,17,WAS,DeAndre Carter,5.0,5.0,1.0,1.0,0.0
2021,17,WAS,Dax Milne,1.0,1.0,0.0,0.0,0.0
2021,17,PHI,Boston Scott,15.0,1.1,32.0,2.3,0.0
2021,17,PHI,Jordan Howard,8.0,0.7,18.0,1.6,0.0
2021,17,PHI,Jalen Hurts,33.0,4.7,11.0,1.6,0.0
2021,17,PHI,Kenneth Gainwell,1.0,1.0,3.0,3.0,0.0
2021,17,PHI,Jalen Reagor,-3.0,-3.0,0.0,0.0,0.0
2021,17,LAC,Austin Ekeler,34.0,2.0,24.0,1.4,1.0
2021,17,LAC,Justin Jackson,33.0,2.8,8.0,0.7,0.0
2021,17,LAC,Justin Herbert,2.0,0.5,0.0,0.0,0.0
2021,17,LAC,Jalen Guyton,0.0,0.0,1.0,1.0,1.0
2021,17,LAC,Gabe Nabers,1.0,1.0,1.0,1.0,0.0
2021,17,DEN,Javonte Williams,17.0,1.2,13.0,0.9,0.0
2021,17,DEN,Melvin Gordon,26.0,2.6,17.0,1.7,2.0
2021,17,DEN,Drew Lock,8.0,2.7,2.0,0.7,0.0
2021,17,SF,Elijah Mitchell,47.0,2.2,72.0,3.4,1.0
2021,17,SF,Trey Lance,25.0,3.1,6.0,0.8,0.0
2021,17,SF,Deebo Samuel,13.0,1.9,6.0,0.9,0.0
2021,17,SF,George Kittle,3.0,3.0,3.0,3.0,0.0
2021,17,HOU,Rex Burkhead,11.0,0.7,36.0,2.3,0.0
2021,17,HOU,Royce Freeman,11.0,1.8,14.0,2.3,0.0
2021,17,HOU,Jaylen Samuels,1.0,0.3,6.0,2.0,0.0
2021,17,HOU,Chris Conley,0.0,0.0,3.0,3.0,0.0
2021,17,HOU,Davis Mills,4.0,4.0,0.0,0.0,0.0
2021,17,DAL,Ezekiel Elliott,9.0,1.0,7.0,0.8,0.0
2021,17,DAL,Dak Prescott,8.0,1.6,12.0,2.4,0.0
2021,17,DAL,Tony Pollard,5.0,1.7,4.0,1.3,0.0
2021,17,ARI,Chase Edmonds,31.0,1.7,22.0,1.2,0.0
2021,17,ARI,Kyler Murray,43.0,4.8,1.0,0.1,0.0
2021,17,ARI,Eno Benjamin,1.0,0.5,2.0,1.0,0.0
2021,17,ARI,Jonathan Ward,1.0,0.5,2.0,1.0,0.0
2021,17,ARI,Greg Dortch,23.0,23.0,1.0,1.0,0.0
2021,17,NO,Alvin Kamara,22.0,1.7,10.0,0.8,1.0
2021,17,NO,Taysom Hill,41.0,3.4,4.0,0.3,0.0
2021,17,NO,Tony Jones,-2.0,-2.0,0.0,0.0,0.0
2021,17,NO,Ty Montgomery,-4.0,-4.0,0.0,0.0,0.0
2021,17,NO,Adam Prentice,2.0,2.0,0.0,0.0,0.0
2021,17,CAR,Chuba Hubbard,35.0,2.1,20.0,1.2,2.0
2021,17,CAR,Ameer Abdullah,20.0,3.3,1.0,0.2,0.0
2021,17,CAR,Sam Darnold,6.0,3.0,1.0,0.5,0.0
2021,17,CAR,Cam Newton,2.0,2.0,3.0,3.0,1.0
2021,17,SEA,Rashaad Penny,93.0,3.7,77.0,3.1,2.0
2021,17,SEA,Travis Homer,8.0,1.3,19.0,3.2,1.0
2021,17,SEA,Russell Wilson,5.0,0.8,19.0,3.2,0.0
2021,17,SEA,DeeJay Dallas,0.0,0.0,1.0,1.0,0.0
2021,17,SEA,D'Wayne Eskridge,24.0,24.0,6.0,6.0,0.0
2021,17,SEA,Tyler Lockett,7.0,7.0,0.0,0.0,0.0
2021,17,SEA,D.K. Metcalf,4.0,4.0,2.0,2.0,0.0
2021,17,DET,Jamaal Williams,8.0,0.7,14.0,1.3,0.0
2021,17,DET,Craig Reynolds,2.0,0.5,2.0,0.5,0.0
2021,17,DET,D'Andre Swift,6.0,1.5,26.0,6.5,0.0
2021,17,DET,Amon-Ra St. Brown,-3.0,-1.5,26.0,13.0,2.0
2021,17,DET,Tim Boyle,13.0,13.0,1.0,1.0,0.0
2021,17,GB,AJ Dillon,41.0,2.9,22.0,1.6,1.0
2021,17,GB,Aaron Jones,49.0,6.1,27.0,3.4,1.0
2021,17,GB,Patrick Taylor,14.0,2.3,4.0,0.7,1.0
2021,17,GB,Jordan Love,9.0,4.5,0.0,0.0,0.0
2021,17,GB,Aaron Rodgers,8.0,4.0,0.0,0.0,0.0
2021,17,MIN,Dalvin Cook,13.0,1.4,0.0,0.0,0.0
2021,17,MIN,Sean Mannion,11.0,5.5,3.0,1.5,0.0
2021,17,PIT,Najee Harris,61.0,2.2,127.0,4.5,8.0
2021,17,PIT,Ben Roethlisberger,-1.0,-1.0,0.0,0.0,0.0
2021,17,PIT,Benny Snell Jr.,1.0,1.0,1.0,1.0,0.0
2021,17,PIT,Derek Watt,0.0,0.0,1.0,1.0,0.0
2021,17,CLE,Nick Chubb,35.0,2.9,23.0,1.9,0.0
2021,17,CLE,D'Ernest Johnson,5.0,1.0,8.0,1.6,1.0
2021,17,CLE,Baker Mayfield,16.0,8.0,0.0,0.0,0.0
2021,17,CLE,Jarvis Landry,5.0,5.0,1.0,1.0,0.0
2021,18,DEN,Melvin Gordon,24.0,2.0,86.0,7.2,0.0
2021,18,DEN,Javonte Williams,23.0,1.9,23.0,1.9,0.0
2021,18,DEN,Drew Lock,32.0,8.0,3.0,0.8,0.0
2021,18,KC,Patrick Mahomes,54.0,6.0,0.0,0.0,0.0
2021,18,KC,Derrick Gore,22.0,3.1,8.0,1.1,0.0
2021,18,KC,Darrel Williams,11.0,1.6,6.0,0.9,0.0
2021,18,KC,Jerick McKinnon,16.0,3.2,8.0,1.6,0.0
2021,18,KC,Mecole Hardman,7.0,7.0,3.0,3.0,0.0
2021,18,PHI,Jason Huntley,38.0,2.9,13.0,1.0,0.0
2021,18,PHI,Kenneth Gainwell,70.0,5.8,8.0,0.7,0.0
2021,18,PHI,Gardner Minshew II,10.0,2.0,0.0,0.0,0.0
2021,18,PHI,Jalen Reagor,7.0,2.3,3.0,1.0,0.0
2021,18,DAL,Ezekiel Elliott,79.0,4.4,8.0,0.4,0.0
2021,18,DAL,Corey Clement,26.0,3.7,32.0,4.6,1.0
2021,18,DAL,JaQuan Hardy,12.0,4.0,14.0,4.7,0.0
2021,18,DAL,Cooper Rush,-4.0,-1.3,0.0,0.0,0.0
2021,18,DAL,Ito Smith,4.0,4.0,0.0,0.0,0.0
2021,18,BAL,Latavius Murray,91.0,5.7,59.0,3.7,2.0
2021,18,BAL,Tyler Huntley,55.0,4.6,17.0,1.4,2.0
2021,18,BAL,Devonta Freeman,19.0,3.8,2.0,0.4,1.0
2021,18,BAL,Mark Andrews,0.0,0.0,0.0,0.0,0.0
2021,18,BAL,Devin Duvernay,2.0,2.0,0.0,0.0,0.0
2021,18,BAL,Ty'Son Williams,3.0,3.0,1.0,1.0,0.0
2021,18,PIT,Benny Snell Jr.,9.0,0.8,13.0,1.1,0.0
2021,18,PIT,Najee Harris,9.0,0.8,19.0,1.7,1.0
2021,18,PIT,Chase Claypool,30.0,10.0,3.0,1.0,0.0
2021,18,PIT,Ben Roethlisberger,-4.0,-1.3,0.0,0.0,0.0
2021,18,PIT,Kalen Ballage,0.0,0.0,0.0,0.0,0.0
2021,18,CLE,D'Ernest Johnson,105.0,4.2,18.0,0.7,1.0
2021,18,CLE,Nick Chubb,14.0,1.6,44.0,4.9,3.0
2021,18,CLE,Case Keenum,14.0,2.8,1.0,0.2,0.0
2021,18,CLE,Demetric Felton,6.0,6.0,0.0,0.0,0.0
2021,18,CLE,Anthony Schwartz,3.0,3.0,0.0,0.0,0.0
2021,18,CIN,Trayveon Williams,21.0,2.3,17.0,1.9,5.0
2021,18,CIN,Chris Evans,26.0,3.7,9.0,1.3,3.0
2021,18,CIN,Brandon Allen,1.0,1.0,2.0,2.0,0.0
2021,18,CIN,Stanley Morgan Jr.,3.0,3.0,0.0,0.0,0.0
2021,18,DET,Jamaal Williams,25.0,1.9,18.0,1.4,0.0
2021,18,DET,D'Andre Swift,22.0,3.1,8.0,1.1,0.0
2021,18,DET,Craig Reynolds,-1.0,-0.3,3.0,1.0,0.0
2021,18,DET,Tim Boyle,-1.0,-1.0,0.0,0.0,0.0
2021,18,DET,Kalif Raymond,9.0,9.0,4.0,4.0,0.0
2021,18,DET,Amon-Ra St. Brown,12.0,12.0,0.0,0.0,0.0
2021,18,GB,AJ Dillon,38.0,2.7,25.0,1.8,1.0
2021,18,GB,Patrick Taylor,29.0,2.6,24.0,2.2,1.0
2021,18,GB,Jordan Love,-1.0,-1.0,0.0,0.0,0.0
2021,18,GB,Aaron Rodgers,7.0,7.0,0.0,0.0,0.0
2021,18,HOU,Rex Burkhead,6.0,0.5,18.0,1.5,0.0
2021,18,HOU,David Johnson,16.0,3.2,12.0,2.4,1.0
2021,18,HOU,Davis Mills,9.0,2.3,3.0,0.8,0.0
2021,18,TEN,D'Onta Foreman,31.0,1.5,38.0,1.8,2.0
2021,18,TEN,Dontrell Hilliard,39.0,4.3,18.0,2.0,0.0
2021,18,TEN,Ryan Tannehill,-2.0,-1.0,0.0,0.0,0.0
2021,18,JAX,Dare Ogunbowale,10.0,0.9,20.0,1.8,0.0
2021,18,JAX,Trevor Lawrence,5.0,0.5,12.0,1.2,0.0
2021,18,JAX,Ryquell Armstead,27.0,3.0,25.0,2.8,0.0
2021,18,JAX,Mekhi Sargent,0.0,0.0,2.0,2.0,0.0
2021,18,IND,Jonathan Taylor,28.0,1.9,49.0,3.3,1.0
2021,18,IND,Carson Wentz,14.0,4.7,3.0,1.0,0.0
2021,18,MIN,Dalvin Cook,62.0,4.4,17.0,1.2,0.0
2021,18,MIN,Alexander Mattison,11.0,2.2,7.0,1.4,0.0
2021,18,MIN,Kirk Cousins,-1.0,-1.0,0.0,0.0,0.0
2021,18,MIN,Justin Jefferson,2.0,2.0,2.0,2.0,0.0
2021,18,MIN,Kene Nwangwu,2.0,2.0,2.0,2.0,0.0
2021,18,CHI,David Montgomery,36.0,1.8,36.0,1.8,0.0
2021,18,CHI,Khalil Herbert,5.0,1.3,6.0,1.5,0.0
2021,18,CHI,Andy Dalton,7.0,7.0,0.0,0.0,0.0
2021,18,NYG,Saquon Barkley,16.0,1.5,14.0,1.3,0.0
2021,18,NYG,Devontae Booker,3.0,0.4,11.0,1.4,0.0
2021,18,NYG,Jake Fromm,20.0,4.0,33.0,6.6,0.0
2021,18,NYG,Alex Bachman,-3.0,-3.0,0.0,0.0,0.0
2021,18,WAS,Antonio Gibson,68.0,3.2,78.0,3.7,0.0
2021,18,WAS,Jonathan Williams,9.0,1.3,36.0,5.1,1.0
2021,18,WAS,Jaret Patterson,12.0,2.0,9.0,1.5,0.0
2021,18,WAS,Taylor Heinicke,3.0,1.5,0.0,0.0,0.0
2021,18,WAS,DeAndre Carter,8.0,8.0,3.0,3.0,0.0
2021,18,ARI,James Conner,33.0,2.2,19.0,1.3,0.0
2021,18,ARI,Eno Benjamin,18.0,2.6,13.0,1.9,0.0
2021,18,ARI,Kyler Murray,27.0,5.4,8.0,1.6,0.0
2021,18,ARI,Andy Lee,0.0,0.0,0.0,0.0,0.0
2021,18,SEA,Rashaad Penny,80.0,3.5,110.0,4.8,1.0
2021,18,SEA,Russell Wilson,3.0,0.8,2.0,0.5,0.0
2021,18,SEA,DeeJay Dallas,1.0,1.0,0.0,0.0,0.0
2021,18,SEA,Travis Homer,3.0,3.0,1.0,1.0,0.0
2021,18,SEA,Tyler Lockett,2.0,2.0,0.0,0.0,0.0
2021,18,ATL,Mike Davis,20.0,3.3,10.0,1.7,1.0
2021,18,ATL,Cordarrelle Patterson,7.0,1.8,4.0,1.0,0.0
2021,18,ATL,Qadree Ollison,9.0,9.0,10.0,10.0,1.0
2021,18,ATL,Matt Ryan,2.0,2.0,0.0,0.0,0.0
2021,18,NO,Alvin Kamara,76.0,2.5,70.0,2.3,4.0
2021,18,NO,Tony Jones,16.0,2.3,6.0,0.9,0.0
2021,18,NO,Taysom Hill,13.0,2.6,5.0,1.0,0.0
2021,18,NO,Trevor Siemian,-1.0,-0.5,0.0,0.0,0.0
2021,18,NO,Deonte Harris,8.0,8.0,1.0,1.0,0.0
2021,18,NO,Adam Prentice,0.0,0.0,1.0,1.0,0.0
2021,18,BUF,Devin Singletary,61.0,3.2,27.0,1.4,0.0
2021,18,BUF,Josh Allen,50.0,10.0,13.0,2.6,0.0
2021,18,BUF,Zack Moss,1.0,0.2,7.0,1.4,0.0
2021,18,BUF,Mitchell Trubisky,-3.0,-1.0,0.0,0.0,0.0
2021,18,BUF,Isaiah McKenzie,9.0,9.0,1.0,1.0,0.0
2021,18,BUF,Dawson Knox,4.0,,0.0,,0.0
2021,18,NYJ,Michael Carter,9.0,1.0,10.0,1.1,1.0
2021,18,NYJ,Tevin Coleman,3.0,0.6,3.0,0.6,0.0
2021,18,NYJ,Zach Wilson,22.0,11.0,2.0,1.0,0.0
2021,18,NYJ,Ty Johnson,-1.0,-1.0,0.0,0.0,0.0
2021,18,LA,Sony Michel,13.0,0.6,30.0,1.4,0.0
2021,18,LA,Cam Akers,-2.0,-0.4,5.0,1.0,0.0
2021,18,LA,Cooper Kupp,16.0,16.0,2.0,2.0,0.0
2021,18,SF,Elijah Mitchell,27.0,1.3,58.0,2.8,3.0
2021,18,SF,Deebo Samuel,23.0,2.9,22.0,2.8,0.0
2021,18,SF,Jimmy Garoppolo,0.0,0.0,1.0,1.0,0.0
2021,18,SF,Jamycal Hasty,0.0,0.0,4.0,4.0,0.0
2021,18,MIA,Duke Johnson,38.0,1.5,79.0,3.2,3.0
2021,18,MIA,Phillip Lindsay,17.0,1.5,23.0,2.1,1.0
2021,18,MIA,Tua Tagovailoa,26.0,5.2,12.0,2.4,0.0
2021,18,MIA,Myles Gaskin,-1.0,-1.0,0.0,0.0,0.0
2021,18,MIA,Michael Palardy,1.0,1.0,0.0,0.0,0.0
2021,18,NE,Damien Harris,18.0,1.6,19.0,1.7,2.0
2021,18,NE,Brandon Bolden,5.0,0.7,41.0,5.9,0.0
2021,18,NE,Rhamondre Stevenson,4.0,1.0,30.0,7.5,0.0
2021,18,NE,Mac Jones,1.0,0.3,3.0,1.0,0.0
2021,18,NE,Kendrick Bourne,8.0,8.0,0.0,0.0,0.0
2021,18,NE,Jonnu Smith,0.0,0.0,5.0,5.0,0.0
2021,18,TB,Ke'Shawn Vaughn,16.0,1.6,13.0,1.3,0.0
2021,18,TB,Kenjon Barner,0.0,0.0,0.0,0.0,0.0
2021,18,TB,Le'Veon Bell,10.0,3.3,4.0,1.3,0.0
2021,18,TB,Scott Miller,43.0,21.5,0.0,0.0,0.0
2021,18,TB,Blaine Gabbert,-1.0,-1.0,0.0,0.0,0.0
2021,18,CAR,Chuba Hubbard,21.0,2.3,27.0,3.0,1.0
2021,18,CAR,Sam Darnold,19.0,2.4,0.0,0.0,0.0
2021,18,CAR,Ameer Abdullah,11.0,1.6,15.0,2.1,1.0
2021,18,CAR,D.J. Moore,4.0,4.0,9.0,9.0,0.0
2021,18,CAR,Tommy Tremble,2.0,2.0,2.0,2.0,0.0
2021,18,LV,Josh Jacobs,47.0,1.8,85.0,3.3,3.0
2021,18,LV,Marcus Mariota,12.0,3.0,11.0,2.8,0.0
2021,18,LV,Jalen Richard,17.0,8.5,7.0,3.5,0.0
2021,18,LV,Derek Carr,-1.0,-1.0,0.0,0.0,0.0
2021,18,LV,Hunter Renfrow,-4.0,-4.0,0.0,0.0,0.0
2021,18,LAC,Austin Ekeler,22.0,1.4,42.0,2.6,1.0
2021,18,LAC,Justin Jackson,6.0,2.0,14.0,4.7,0.0
2021,18,LAC,Justin Herbert,1.0,0.5,0.0,0.0,0.0
2021,19,CIN,Joe Mixon,31.0,1.8,17.0,1.0,0.0
2021,19,CIN,Ja'Marr Chase,20.0,6.7,3.0,1.0,0.0
2021,19,CIN,Joe Burrow,-2.0,-1.0,0.0,0.0,0.0
2021,19,CIN,Tyler Boyd,1.0,1.0,2.0,2.0,0.0
2021,19,CIN,Chris Evans,7.0,7.0,2.0,2.0,0.0
2021,19,CIN,Samaje Perine,1.0,1.0,1.0,1.0,0.0
2021,19,LV,Josh Jacobs,36.0,2.8,47.0,3.6,0.0
2021,19,LV,Derek Carr,20.0,20.0,0.0,0.0,0.0
2021,19,BUF,Devin Singletary,54.0,3.4,27.0,1.7,1.0
2021,19,BUF,Josh Allen,53.0,8.8,13.0,2.2,1.0
2021,19,BUF,Isaiah McKenzie,29.0,9.7,0.0,0.0,0.0
2021,19,BUF,Mitchell Trubisky,-2.0,-0.7,0.0,0.0,0.0
2021,19,BUF,Zack Moss,0.0,0.0,0.0,0.0,0.0
2021,19,NE,Damien Harris,18.0,2.0,12.0,1.3,0.0
2021,19,NE,Rhamondre Stevenson,22.0,2.8,5.0,0.6,0.0
2021,19,NE,Mac Jones,18.0,9.0,0.0,0.0,0.0
2021,19,NE,Kendrick Bourne,13.0,13.0,1.0,1.0,0.0
2021,19,TB,Ke'Shawn Vaughn,16.0,0.9,37.0,2.2,1.0
2021,19,TB,Giovani Bernard,21.0,1.6,23.0,1.8,0.0
2021,19,TB,Scott Miller,9.0,9.0,0.0,0.0,0.0
2021,19,PHI,Jalen Hurts,32.0,4.0,7.0,0.9,0.0
2021,19,PHI,Miles Sanders,6.0,0.9,10.0,1.4,1.0
2021,19,PHI,Kenneth Gainwell,2.0,2.0,4.0,4.0,0.0
2021,19,PHI,Boston Scott,34.0,34.0,0.0,0.0,0.0
2021,19,DAL,Ezekiel Elliott,14.0,1.2,17.0,1.4,1.0
2021,19,DAL,Tony Pollard,6.0,1.5,8.0,2.0,0.0
2021,19,DAL,Dak Prescott,27.0,6.8,0.0,0.0,0.0
2021,19,DAL,CeeDee Lamb,3.0,3.0,2.0,2.0,0.0
2021,19,SF,Elijah Mitchell,28.0,1.0,68.0,2.5,2.0
2021,19,SF,Deebo Samuel,48.0,4.8,24.0,2.4,0.0
2021,19,SF,Jimmy Garoppolo,0.0,0.0,1.0,1.0,0.0
2021,19,KC,Jerick McKinnon,34.0,2.8,27.0,2.3,0.0
2021,19,KC,Derrick Gore,-2.0,-0.7,5.0,1.7,0.0
2021,19,KC,Patrick Mahomes,27.0,9.0,2.0,0.7,0.0
2021,19,KC,Mecole Hardman,3.0,1.5,3.0,1.5,0.0
2021,19,KC,Michael Burton,0.0,0.0,3.0,3.0,0.0
2021,19,KC,Darrel Williams,2.0,2.0,2.0,2.0,0.0
2021,19,PIT,Najee Harris,5.0,0.4,24.0,2.0,0.0
2021,19,PIT,Kalen Ballage,2.0,0.5,11.0,2.8,0.0
2021,19,PIT,Ben Roethlisberger,-1.0,-0.5,0.0,0.0,0.0
2021,19,PIT,Benny Snell Jr.,8.0,4.0,7.0,3.5,0.0
2021,19,LA,Cam Akers,25.0,1.5,30.0,1.8,0.0
2021,19,LA,Sony Michel,36.0,2.8,22.0,1.7,1.0
2021,19,LA,Matthew Stafford,21.0,3.5,1.0,0.2,0.0
2021,19,LA,Jake Funk,3.0,1.5,2.0,1.0,0.0
2021,19,ARI,Chase Edmonds,8.0,1.0,20.0,2.5,0.0
2021,19,ARI,Eno Benjamin,3.0,0.8,5.0,1.3,0.0
2021,19,ARI,James Conner,12.0,3.0,7.0,1.8,0.0
2021,19,ARI,Kyler Murray,-1.0,-0.5,7.0,3.5,0.0
2021,20,TEN,Derrick Henry,21.0,1.1,41.0,2.1,1.0
2021,20,TEN,D'Onta Foreman,24.0,6.0,42.0,10.5,2.0
2021,20,TEN,Ryan Tannehill,8.0,2.7,4.0,1.3,0.0
2021,20,CIN,Joe Mixon,39.0,2.8,15.0,1.1,2.0
2021,20,CIN,Joe Burrow,5.0,2.5,0.0,0.0,0.0
2021,20,CIN,Ja'Marr Chase,2.0,2.0,0.0,0.0,0.0
2021,20,CIN,Chris Evans,3.0,3.0,1.0,1.0,0.0
2021,20,GB,Aaron Jones,20.0,1.7,21.0,1.8,0.0
2021,20,GB,AJ Dillon,15.0,2.1,10.0,1.4,0.0
2021,20,GB,Equanimeous St. Brown,0.0,0.0,1.0,1.0,0.0
2021,20,SF,Elijah Mitchell,39.0,2.3,14.0,0.8,0.0
2021,20,SF,Deebo Samuel,22.0,2.2,17.0,1.7,1.0
2021,20,SF,Kyle Juszczyk,12.0,6.0,2.0,1.0,0.0
2021,20,TB,Leonard Fournette,33.0,2.5,18.0,1.4,1.0
2021,20,TB,Tom Brady,0.0,0.0,0.0,0.0,0.0
2021,20,LA,Cam Akers,19.0,0.8,29.0,1.2,1.0
2021,20,LA,Matthew Stafford,6.0,1.5,0.0,0.0,0.0
2021,20,LA,Van Jefferson,14.0,14.0,1.0,1.0,0.0
2021,20,LA,Sony Michel,3.0,3.0,1.0,1.0,0.0
2021,20,KC,Jerick McKinnon,8.0,0.8,16.0,1.6,0.0
2021,20,KC,Clyde Edwards-Helaire,43.0,6.1,17.0,2.4,0.0
2021,20,KC,Patrick Mahomes,47.0,6.7,22.0,3.1,1.0
2021,20,KC,Mecole Hardman,27.0,13.5,4.0,2.0,0.0
2021,20,KC,Tyreek Hill,-2.0,-2.0,0.0,0.0,0.0
2021,20,BUF,Josh Allen,21.0,1.9,47.0,4.3,0.0
2021,20,BUF,Devin Singletary,10.0,1.0,16.0,1.6,0.0
2021,20,BUF,Isaiah McKenzie,12.0,4.0,3.0,1.0,0.0
2021,21,KC,Jerick McKinnon,40.0,3.3,25.0,2.1,0.0
2021,21,KC,Clyde Edwards-Helaire,21.0,3.5,15.0,2.5,1.0
2021,21,KC,Patrick Mahomes,15.0,5.0,4.0,1.3,0.0
2021,21,KC,Mecole Hardman,16.0,8.0,2.0,1.0,0.0
2021,21,KC,Michael Burton,0.0,0.0,1.0,1.0,0.0
2021,21,CIN,Joe Mixon,51.0,2.4,37.0,1.8,2.0
2021,21,CIN,Joe Burrow,13.0,2.6,12.0,2.4,1.0
2021,21,CIN,Ja'Marr Chase,0.0,0.0,3.0,3.0,1.0
2021,21,LA,Cam Akers,21.0,1.6,27.0,2.1,0.0
2021,21,LA,Sony Michel,4.0,0.4,12.0,1.2,0.0
2021,21,LA,Matthew Stafford,6.0,1.2,2.0,0.4,0.0
2021,21,LA,Cooper Kupp,-2.0,-2.0,0.0,0.0,0.0
2021,21,SF,Elijah Mitchell,6.0,0.5,14.0,1.3,0.0
2021,21,SF,Deebo Samuel,12.0,1.7,14.0,2.0,1.0
2021,21,SF,Jimmy Garoppolo,1.0,1.0,3.0,3.0,0.0
2021,21,SF,Kyle Juszczyk,0.0,0.0,0.0,0.0,0.0
2021,22,CIN,Joe Mixon,29.0,1.9,43.0,2.9,2.0
2021,22,CIN,Joe Burrow,3.0,1.5,0.0,0.0,0.0
2021,22,CIN,Samaje Perine,0.0,0.0,0.0,0.0,0.0
2021,22,CIN,Ja'Marr Chase,2.0,2.0,2.0,2.0,0.0
2021,22,LA,Cam Akers,5.0,0.4,16.0,1.2,1.0
2021,22,LA,Darrell Henderson,2.0,0.5,5.0,1.3,0.0
2021,22,LA,Matthew Stafford,6.0,2.0,0.0,0.0,0.0
2021,22,LA,Sony Michel,-1.0,-0.5,3.0,1.5,0.0
2021,22,LA,Cooper Kupp,4.0,4.0,3.0,3.0,0.0
2022,1,LA,Darrell Henderson,30.0,2.3,17.0,1.3,0.0
2022,1,LA,Cam Akers,0.0,0.0,0.0,0.0,0.0
2022,1,LA,Brandon Powell,3.0,3.0,0.0,0.0,0.0
2022,1,LA,Matthew Stafford,2.0,2.0,0.0,0.0,0.0
2022,1,BUF,Josh Allen,36.0,3.6,20.0,2.0,0.0
2022,1,BUF,Devin Singletary,33.0,4.1,15.0,1.9,0.0
2022,1,BUF,Zack Moss,12.0,2.0,3.0,0.5,0.0
2022,1,BUF,James Cook,2.0,2.0,0.0,0.0,0.0
2022,1,ATL,Cordarrelle Patterson,75.0,3.4,45.0,2.0,0.0
2022,1,ATL,Marcus Mariota,66.0,5.5,6.0,0.5,0.0
2022,1,ATL,Avery Williams,7.0,3.5,0.0,0.0,0.0
2022,1,ATL,Damien Williams,0.0,0.0,2.0,1.0,0.0
2022,1,NO,Alvin Kamara,16.0,1.8,23.0,2.6,1.0
2022,1,NO,Taysom Hill,51.0,12.8,30.0,7.5,0.0
2022,1,NO,Mark Ingram,10.0,2.5,12.0,3.0,0.0
2022,1,NO,Jameis Winston,0.0,0.0,9.0,4.5,0.0
2022,1,CAR,Christian McCaffrey,14.0,1.4,19.0,1.9,1.0
2022,1,CAR,Baker Mayfield,6.0,1.2,0.0,0.0,0.0
2022,1,CAR,D'Onta Foreman,3.0,1.5,2.0,1.0,0.0
2022,1,CAR,Chuba Hubbard,1.0,1.0,2.0,2.0,0.0
2022,1,CAR,D.J. Moore,5.0,5.0,2.0,2.0,0.0
2022,1,CLE,Nick Chubb,100.0,4.5,41.0,1.9,2.0
2022,1,CLE,Kareem Hunt,38.0,3.5,8.0,0.7,2.0
2022,1,CLE,Jacoby Brissett,7.0,1.8,3.0,0.8,0.0
2022,1,CLE,Anthony Schwartz,20.0,10.0,0.0,0.0,0.0
2022,1,CHI,David Montgomery,19.0,1.1,7.0,0.4,1.0
2022,1,CHI,Justin Fields,15.0,1.4,13.0,1.2,1.0
2022,1,CHI,Khalil Herbert,32.0,3.6,13.0,1.4,1.0
2022,1,SF,Trey Lance,38.0,2.9,16.0,1.2,2.0
2022,1,SF,Jeff Wilson,12.0,1.3,10.0,1.1,0.0
2022,1,SF,Deebo Samuel,34.0,4.3,18.0,2.3,1.0
2022,1,SF,Elijah Mitchell,28.0,4.7,13.0,2.2,1.0
2022,1,SF,Brandon Aiyuk,4.0,4.0,3.0,3.0,0.0
2022,1,CIN,Joe Mixon,69.0,2.6,13.0,0.5,1.0
2022,1,CIN,Joe Burrow,43.0,7.2,4.0,0.7,0.0
2022,1,CIN,Samaje Perine,4.0,4.0,0.0,0.0,0.0
2022,1,PIT,Najee Harris,22.0,2.2,1.0,0.1,0.0
2022,1,PIT,Chase Claypool,33.0,5.5,3.0,0.5,0.0
2022,1,PIT,Mitchell Trubisky,9.0,3.0,0.0,0.0,0.0
2022,1,PIT,Jaylen Warren,4.0,1.3,3.0,1.0,0.0
2022,1,DET,D'Andre Swift,72.0,4.8,72.0,4.8,2.0
2022,1,DET,Jamaal Williams,15.0,1.4,13.0,1.2,1.0
2022,1,DET,Jared Goff,4.0,2.0,5.0,2.5,0.0
2022,1,PHI,Jalen Hurts,76.0,4.5,14.0,0.8,1.0
2022,1,PHI,Miles Sanders,41.0,3.2,55.0,4.2,2.0
2022,1,PHI,Kenneth Gainwell,9.0,1.8,11.0,2.2,0.0
2022,1,PHI,Boston Scott,0.0,0.0,10.0,2.5,1.0
2022,1,HOU,Rex Burkhead,31.0,2.2,9.0,0.6,1.0
2022,1,HOU,Dameon Pierce,23.0,2.1,10.0,0.9,2.0
2022,1,HOU,Davis Mills,-1.0,-0.5,0.0,0.0,0.0
2022,1,HOU,Jeff Driskel,5.0,5.0,0.0,0.0,0.0
2022,1,IND,Jonathan Taylor,117.0,3.8,44.0,1.4,5.0
2022,1,IND,Matt Ryan,12.0,3.0,0.0,0.0,0.0
2022,1,IND,Nyheim Hines,0.0,0.0,4.0,1.3,0.0
2022,1,MIA,Chase Edmonds,10.0,0.8,15.0,1.3,0.0
2022,1,MIA,Raheem Mostert,1.0,0.2,15.0,3.0,1.0
2022,1,MIA,Tua Tagovailoa,0.0,0.0,0.0,0.0,0.0
2022,1,MIA,Tyreek Hill,6.0,6.0,0.0,0.0,0.0
2022,1,MIA,Alec Ingold,1.0,1.0,1.0,1.0,0.0
2022,1,MIA,Jaylen Waddle,0.0,0.0,8.0,8.0,0.0
2022,1,MIA,Cedrick Wilson Jr.,1.0,1.0,7.0,7.0,1.0
2022,1,NE,Damien Harris,13.0,1.4,35.0,3.9,2.0
2022,1,NE,Rhamondre Stevenson,15.0,1.9,10.0,1.3,1.0
2022,1,NE,Mac Jones,-1.0,-0.5,1.0,0.5,0.0
2022,1,NE,Ty Montgomery,-2.0,-1.0,0.0,0.0,0.0
2022,1,NE,Jakobi Meyers,4.0,4.0,3.0,3.0,0.0
2022,1,NYJ,Michael Carter,45.0,4.5,15.0,1.5,4.0
2022,1,NYJ,Breece Hall,23.0,3.8,0.0,0.0,0.0
2022,1,NYJ,Joe Flacco,0.0,0.0,0.0,0.0,0.0
2022,1,BAL,Kenyan Drake,25.0,2.3,6.0,0.5,0.0
2022,1,BAL,Lamar Jackson,17.0,2.8,0.0,0.0,1.0
2022,1,BAL,Mike Davis,10.0,5.0,1.0,0.5,0.0
2022,1,BAL,Justice Hill,4.0,2.0,0.0,0.0,0.0
2022,1,WAS,Antonio Gibson,45.0,3.2,13.0,0.9,1.0
2022,1,WAS,Carson Wentz,11.0,1.8,1.0,0.2,0.0
2022,1,WAS,Curtis Samuel,13.0,3.3,4.0,1.0,0.0
2022,1,WAS,J.D. McKissic,6.0,2.0,2.0,0.7,0.0
2022,1,WAS,Jahan Dotson,-10.0,-10.0,0.0,0.0,0.0
2022,1,JAX,James Robinson,46.0,4.2,20.0,1.8,0.0
2022,1,JAX,Travis Etienne,18.0,4.5,29.0,7.3,0.0
2022,1,JAX,Trevor Lawrence,3.0,1.5,1.0,0.5,0.0
2022,1,JAX,Jamal Agnew,5.0,5.0,1.0,1.0,0.0
2022,1,ARI,James Conner,1.0,0.1,25.0,2.5,0.0
2022,1,ARI,Kyler Murray,29.0,5.8,0.0,0.0,0.0
2022,1,ARI,Eno Benjamin,3.0,0.8,25.0,6.3,1.0
2022,1,ARI,Trace McSorley,17.0,5.7,3.0,1.0,0.0
2022,1,KC,Isiah Pacheco,13.0,1.1,49.0,4.1,0.0
2022,1,KC,Clyde Edwards-Helaire,15.0,2.1,27.0,3.9,0.0
2022,1,KC,Jerick McKinnon,11.0,2.8,11.0,2.8,0.0
2022,1,KC,Patrick Mahomes,5.0,1.7,0.0,0.0,0.0
2022,1,KC,Marquez Valdes-Scantling,-3.0,-3.0,0.0,0.0,1.0
2022,1,LAC,Austin Ekeler,13.0,0.9,23.0,1.6,0.0
2022,1,LAC,Sony Michel,-1.0,-0.1,13.0,1.9,0.0
2022,1,LAC,Justin Herbert,1.0,0.3,0.0,0.0,0.0
2022,1,LAC,Joshua Kelley,9.0,2.3,12.0,3.0,0.0
2022,1,LAC,Zander Horvath,1.0,1.0,1.0,1.0,0.0
2022,1,LAC,Josh Palmer,1.0,1.0,3.0,3.0,0.0
2022,1,LV,Josh Jacobs,8.0,0.8,49.0,4.9,0.0
2022,1,LV,Brandon Bolden,3.0,1.0,4.0,1.3,0.0
2022,1,MIN,Dalvin Cook,56.0,2.8,34.0,1.7,2.0
2022,1,MIN,Alexander Mattison,16.0,2.0,20.0,2.5,2.0
2022,1,GB,AJ Dillon,30.0,3.0,15.0,1.5,1.0
2022,1,GB,Aaron Jones,25.0,5.0,24.0,4.8,0.0
2022,1,GB,Romeo Doubs,11.0,11.0,0.0,0.0,0.0
2022,1,GB,Aaron Rodgers,-1.0,-1.0,0.0,0.0,0.0
2022,1,GB,Christian Watson,7.0,7.0,0.0,0.0,0.0
2022,1,TEN,Derrick Henry,36.0,1.7,46.0,2.2,2.0
2022,1,TEN,Dontrell Hilliard,8.0,4.0,0.0,0.0,0.0
2022,1,TEN,Ryan Tannehill,7.0,3.5,0.0,0.0,0.0
2022,1,TEN,Chigoziem Okonkwo,-4.0,-4.0,0.0,0.0,0.0
2022,1,NYG,Saquon Barkley,46.0,2.6,118.0,6.6,0.0
2022,1,NYG,Daniel Jones,25.0,4.2,0.0,0.0,0.0
2022,1,NYG,Matt Breida,14.0,2.8,10.0,2.0,0.0
2022,1,NYG,Kadarius Toney,10.0,5.0,13.0,6.5,0.0
2022,1,NYG,Richie James,2.0,2.0,0.0,0.0,0.0
2022,1,DAL,Ezekiel Elliott,23.0,2.3,29.0,2.9,0.0
2022,1,DAL,Tony Pollard,2.0,0.3,6.0,1.0,0.0
2022,1,DAL,Dak Prescott,11.0,5.5,0.0,0.0,0.0
2022,1,TB,Leonard Fournette,81.0,3.9,46.0,2.2,2.0
2022,1,TB,Rachaad White,8.0,1.3,6.0,1.0,1.0
2022,1,TB,Tom Brady,-1.0,-0.5,0.0,0.0,0.0
2022,1,TB,Julio Jones,14.0,7.0,3.0,1.5,0.0
2022,1,TB,Jaelon Darden,2.0,2.0,0.0,0.0,0.0
2022,1,TB,Breshad Perriman,-7.0,-7.0,0.0,0.0,0.0
2022,1,SEA,Rashaad Penny,11.0,0.9,49.0,4.1,2.0
2022,1,SEA,Geno Smith,11.0,1.8,3.0,0.5,0.0
2022,1,SEA,Travis Homer,0.0,0.0,2.0,2.0,0.0
2022,1,DEN,Melvin Gordon,29.0,2.4,29.0,2.4,1.0
2022,1,DEN,Javonte Williams,30.0,4.3,13.0,1.9,0.0
2022,1,DEN,Russell Wilson,0.0,0.0,2.0,2.0,0.0
2022,2,KC,Clyde Edwards-Helaire,17.0,2.1,57.0,7.1,0.0
2022,2,KC,Jerick McKinnon,9.0,2.3,3.0,0.8,0.0
2022,2,KC,Patrick Mahomes,-1.0,-0.5,0.0,0.0,0.0
2022,2,KC,Isiah Pacheco,3.0,1.5,3.0,1.5,0.0
2022,2,KC,Michael Burton,4.0,4.0,2.0,2.0,0.0
2022,2,KC,Mecole Hardman,-4.0,-4.0,0.0,0.0,0.0
2022,2,LAC,Austin Ekeler,19.0,1.4,20.0,1.4,0.0
2022,2,LAC,Joshua Kelley,8.0,2.0,14.0,3.5,1.0
2022,2,LAC,Sony Michel,8.0,2.0,5.0,1.3,0.0
2022,2,LAC,Justin Herbert,1.0,0.5,0.0,0.0,0.0
2022,2,BAL,Lamar Jackson,101.0,11.2,18.0,2.0,1.0
2022,2,BAL,Kenyan Drake,4.0,0.7,4.0,0.7,0.0
2022,2,BAL,Mike Davis,1.0,0.2,3.0,0.6,0.0
2022,2,BAL,Justice Hill,11.0,3.7,5.0,1.7,0.0
2022,2,BAL,Mark Andrews,1.0,1.0,2.0,2.0,0.0
2022,2,BAL,Patrick Ricard,1.0,1.0,4.0,4.0,0.0
2022,2,MIA,Raheem Mostert,37.0,3.4,14.0,1.3,2.0
2022,2,MIA,Chase Edmonds,27.0,5.4,6.0,1.2,0.0
2022,2,MIA,Alec Ingold,0.0,0.0,1.0,1.0,0.0
2022,2,MIA,Tua Tagovailoa,1.0,1.0,0.0,0.0,0.0
2022,2,CLE,Nick Chubb,46.0,2.7,41.0,2.4,2.0
2022,2,CLE,Kareem Hunt,26.0,2.0,32.0,2.5,0.0
2022,2,CLE,Jacoby Brissett,42.0,7.0,1.0,0.2,0.0
2022,2,CLE,Demetric Felton,-4.0,-4.0,0.0,0.0,0.0
2022,2,NYJ,Michael Carter,15.0,2.1,8.0,1.1,0.0
2022,2,NYJ,Breece Hall,33.0,4.7,17.0,2.4,0.0
2022,2,NYJ,Braxton Berrios,10.0,5.0,12.0,6.0,0.0
2022,2,NYJ,Joe Flacco,6.0,3.0,0.0,0.0,0.0
2022,2,NYJ,Elijah Moore,-6.0,-6.0,0.0,0.0,0.0
2022,2,NYJ,Garrett Wilson,-2.0,-2.0,0.0,0.0,0.0
2022,2,DET,Jamaal Williams,44.0,3.7,9.0,0.8,0.0
2022,2,DET,D'Andre Swift,51.0,10.2,5.0,1.0,0.0
2022,2,DET,Craig Reynolds,11.0,3.7,5.0,1.7,0.0
2022,2,DET,Jared Goff,-2.0,-1.0,0.0,0.0,0.0
2022,2,DET,Amon-Ra St. Brown,63.0,31.5,5.0,2.5,0.0
2022,2,WAS,Antonio Gibson,16.0,1.1,12.0,0.9,0.0
2022,2,WAS,J.D. McKissic,8.0,2.7,1.0,0.3,0.0
2022,2,WAS,Carson Wentz,21.0,10.5,2.0,1.0,0.0
2022,2,WAS,Terry McLaurin,6.0,6.0,1.0,1.0,0.0
2022,2,WAS,Curtis Samuel,20.0,20.0,1.0,1.0,0.0
2022,2,JAX,James Robinson,10.0,0.4,54.0,2.3,3.0
2022,2,JAX,Travis Etienne,12.0,1.3,8.0,0.9,0.0
2022,2,JAX,Trevor Lawrence,9.0,3.0,2.0,0.7,0.0
2022,2,JAX,Jamal Agnew,1.0,0.5,0.0,0.0,0.0
2022,2,IND,Jonathan Taylor,34.0,3.8,20.0,2.2,1.0
2022,2,IND,Deon Jackson,-4.0,-2.0,1.0,0.5,0.0
2022,2,IND,Ashton Dulin,1.0,1.0,2.0,2.0,0.0
2022,2,IND,Nyheim Hines,0.0,0.0,0.0,0.0,0.0
2022,2,NO,Mark Ingram,47.0,4.7,11.0,1.1,1.0
2022,2,NO,Dwayne Washington,9.0,2.3,9.0,2.3,1.0
2022,2,NO,Taysom Hill,13.0,4.3,1.0,0.3,0.0
2022,2,NO,Tony Jones,6.0,3.0,2.0,1.0,0.0
2022,2,NO,Jameis Winston,2.0,2.0,0.0,0.0,0.0
2022,2,TB,Leonard Fournette,37.0,1.5,28.0,1.2,1.0
2022,2,TB,Tom Brady,-2.0,-0.7,0.0,0.0,0.0
2022,2,TB,Rachaad White,0.0,0.0,1.0,0.5,0.0
2022,2,TB,Scott Miller,8.0,8.0,0.0,0.0,0.0
2022,2,NYG,Saquon Barkley,36.0,1.7,36.0,1.7,0.0
2022,2,NYG,Daniel Jones,16.0,1.6,5.0,0.5,0.0
2022,2,NYG,Matt Breida,-4.0,-4.0,0.0,0.0,0.0
2022,2,NYG,Gary Brightwell,5.0,5.0,9.0,9.0,0.0
2022,2,CAR,Christian McCaffrey,52.0,3.5,50.0,3.3,0.0
2022,2,CAR,Baker Mayfield,27.0,4.5,8.0,1.3,0.0
2022,2,CAR,D'Onta Foreman,3.0,1.5,6.0,3.0,0.0
2022,2,PIT,Najee Harris,32.0,2.1,17.0,1.1,0.0
2022,2,PIT,Jaylen Warren,13.0,3.3,2.0,0.5,0.0
2022,2,PIT,Gunner Olszewski,8.0,8.0,10.0,10.0,0.0
2022,2,PIT,Mitchell Trubisky,7.0,7.0,0.0,0.0,0.0
2022,2,PIT,Derek Watt,2.0,2.0,0.0,0.0,0.0
2022,2,NE,Damien Harris,49.0,3.3,22.0,1.5,0.0
2022,2,NE,Rhamondre Stevenson,24.0,2.7,23.0,2.6,0.0
2022,2,NE,Mac Jones,2.0,0.3,4.0,0.6,0.0
2022,2,LA,Cam Akers,11.0,0.7,33.0,2.2,0.0
2022,2,LA,Darrell Henderson,34.0,3.4,13.0,1.3,0.0
2022,2,LA,Brandon Powell,-26.0,-26.0,0.0,0.0,0.0
2022,2,ATL,Tyler Allgeier,14.0,1.4,16.0,1.6,0.0
2022,2,ATL,Cordarrelle Patterson,9.0,0.9,32.0,3.2,0.0
2022,2,ATL,Marcus Mariota,7.0,1.2,9.0,1.5,0.0
2022,2,ATL,Caleb Huntley,1.0,1.0,2.0,2.0,0.0
2022,2,SF,Jeff Wilson,68.0,3.8,16.0,0.9,1.0
2022,2,SF,Tyrion Davis-Price,9.0,0.6,24.0,1.7,1.0
2022,2,SF,Jimmy Garoppolo,1.0,0.3,4.0,1.0,0.0
2022,2,SF,Deebo Samuel,0.0,0.0,53.0,13.3,1.0
2022,2,SF,Trey Lance,12.0,4.0,1.0,0.3,0.0
2022,2,SF,Kyle Juszczyk,0.0,0.0,1.0,0.5,0.0
2022,2,SEA,Rashaad Penny,9.0,1.5,6.0,1.0,0.0
2022,2,SEA,Kenneth Walker III,4.0,1.0,6.0,1.5,1.0
2022,2,SEA,Travis Homer,6.0,3.0,3.0,1.5,0.0
2022,2,SEA,Geno Smith,1.0,0.5,1.0,0.5,0.0
2022,2,DAL,Ezekiel Elliott,40.0,2.7,13.0,0.9,0.0
2022,2,DAL,Tony Pollard,26.0,2.9,17.0,1.9,0.0
2022,2,DAL,CeeDee Lamb,4.0,4.0,2.0,2.0,0.0
2022,2,DAL,Cooper Rush,2.0,2.0,0.0,0.0,0.0
2022,2,DAL,KaVontae Turpin,3.0,3.0,0.0,0.0,0.0
2022,2,CIN,Joe Mixon,31.0,1.6,26.0,1.4,1.0
2022,2,CIN,Joe Burrow,26.0,6.5,0.0,0.0,0.0
2022,2,CIN,Ja'Marr Chase,4.0,4.0,0.0,0.0,0.0
2022,2,CIN,Samaje Perine,2.0,2.0,0.0,0.0,0.0
2022,2,DEN,Javonte Williams,29.0,1.9,46.0,3.1,4.0
2022,2,DEN,Melvin Gordon,18.0,1.8,29.0,2.9,3.0
2022,2,DEN,Russell Wilson,3.0,1.5,0.0,0.0,0.0
2022,2,DEN,Andrew Beck,-1.0,-1.0,0.0,0.0,0.0
2022,2,DEN,Jerry Jeudy,0.0,0.0,1.0,1.0,0.0
2022,2,DEN,Courtland Sutton,3.0,3.0,2.0,2.0,0.0
2022,2,DEN,Montrell Washington,0.0,0.0,19.0,19.0,1.0
2022,2,HOU,Dameon Pierce,31.0,2.1,38.0,2.5,3.0
2022,2,HOU,Davis Mills,0.0,0.0,1.0,0.5,0.0
2022,2,HOU,Jeff Driskel,10.0,10.0,0.0,0.0,0.0
2022,2,LV,Josh Jacobs,33.0,1.7,36.0,1.9,6.0
2022,2,LV,Derek Carr,9.0,9.0,0.0,0.0,0.0
2022,2,LV,Zamir White,0.0,0.0,2.0,2.0,0.0
2022,2,ARI,Eno Benjamin,26.0,3.3,5.0,0.6,1.0
2022,2,ARI,Darrel Williams,47.0,5.9,12.0,1.5,0.0
2022,2,ARI,James Conner,20.0,2.9,5.0,0.7,0.0
2022,2,ARI,Kyler Murray,28.0,5.6,0.0,0.0,0.0
2022,2,GB,AJ Dillon,26.0,1.4,35.0,1.9,2.0
2022,2,GB,Aaron Jones,49.0,3.3,83.0,5.5,1.0
2022,2,GB,Aaron Rodgers,10.0,2.0,0.0,0.0,0.0
2022,2,CHI,David Montgomery,34.0,2.3,88.0,5.9,7.0
2022,2,CHI,Justin Fields,19.0,2.4,1.0,0.1,1.0
2022,2,CHI,Khalil Herbert,33.0,8.3,5.0,1.3,0.0
2022,2,BUF,James Cook,8.0,0.7,45.0,4.1,0.0
2022,2,BUF,Devin Singletary,11.0,1.8,8.0,1.3,1.0
2022,2,BUF,Case Keenum,2.0,0.7,0.0,0.0,0.0
2022,2,BUF,Zack Moss,3.0,1.0,14.0,4.7,0.0
2022,2,BUF,Josh Allen,3.0,3.0,7.0,7.0,0.0
2022,2,TEN,Derrick Henry,4.0,0.3,21.0,1.6,0.0
2022,2,TEN,Hassan Haskins,13.0,1.4,24.0,2.7,0.0
2022,2,TEN,Malik Willis,12.0,3.0,4.0,1.0,0.0
2022,2,TEN,Ryan Tannehill,0.0,0.0,2.0,2.0,0.0
2022,2,PHI,Miles Sanders,42.0,2.5,38.0,2.2,0.0
2022,2,PHI,Jalen Hurts,47.0,4.3,10.0,0.9,3.0
2022,2,PHI,Boston Scott,16.0,4.0,3.0,0.8,0.0
2022,2,PHI,Kenneth Gainwell,3.0,1.5,4.0,2.0,0.0
2022,2,MIN,Dalvin Cook,10.0,1.7,7.0,1.2,0.0
2022,2,MIN,Kirk Cousins,7.0,3.5,13.0,6.5,0.0
2022,2,MIN,Alexander Mattison,2.0,1.0,6.0,3.0,0.0
2022,2,MIN,Jalen Reagor,17.0,17.0,0.0,0.0,0.0
2022,3,CLE,Nick Chubb,36.0,1.6,77.0,3.3,4.0
2022,3,CLE,Kareem Hunt,24.0,2.0,23.0,1.9,0.0
2022,3,CLE,Jacoby Brissett,4.0,1.3,7.0,2.3,0.0
2022,3,PIT,Najee Harris,29.0,1.9,27.0,1.8,2.0
2022,3,PIT,Jaylen Warren,23.0,5.8,7.0,1.8,0.0
2022,3,PIT,Mitchell Trubisky,4.0,2.0,3.0,1.5,0.0
2022,3,PIT,Chase Claypool,4.0,4.0,7.0,7.0,0.0
2022,3,CAR,Christian McCaffrey,63.0,2.5,45.0,1.8,0.0
2022,3,CAR,Chuba Hubbard,10.0,3.3,15.0,5.0,1.0
2022,3,CAR,D.J. Moore,6.0,3.0,7.0,3.5,0.0
2022,3,CAR,Baker Mayfield,-1.0,-1.0,0.0,0.0,0.0
2022,3,NO,Alvin Kamara,35.0,2.3,26.0,1.7,1.0
2022,3,NO,Mark Ingram,8.0,1.6,10.0,2.0,0.0
2022,3,NO,Jameis Winston,5.0,2.5,0.0,0.0,0.0
2022,3,CHI,Khalil Herbert,74.0,3.7,83.0,4.2,4.0
2022,3,CHI,Justin Fields,35.0,4.4,12.0,1.5,0.0
2022,3,CHI,Trestan Ebner,15.0,2.1,8.0,1.1,0.0
2022,3,CHI,David Montgomery,8.0,2.7,3.0,1.0,0.0
2022,3,CHI,Equanimeous St. Brown,36.0,18.0,7.0,3.5,0.0
2022,3,HOU,Dameon Pierce,17.0,0.9,63.0,3.2,1.0
2022,3,HOU,Rex Burkhead,7.0,2.3,2.0,0.7,0.0
2022,3,HOU,M.J. Stewart,1.0,1.0,2.0,2.0,0.0
2022,3,IND,Jonathan Taylor,48.0,2.3,23.0,1.1,2.0
2022,3,IND,Nyheim Hines,7.0,2.3,0.0,0.0,0.0
2022,3,IND,Matt Ryan,2.0,0.7,2.0,0.7,0.0
2022,3,KC,Clyde Edwards-Helaire,-6.0,-0.9,6.0,0.9,1.0
2022,3,KC,Jerick McKinnon,16.0,2.3,4.0,0.6,0.0
2022,3,KC,Patrick Mahomes,26.0,6.5,0.0,0.0,0.0
2022,3,KC,Isiah Pacheco,7.0,2.3,2.0,0.7,0.0
2022,3,KC,Michael Burton,1.0,1.0,1.0,1.0,0.0
2022,3,KC,Travis Kelce,0.0,0.0,1.0,1.0,0.0
2022,3,MIA,Raheem Mostert,3.0,0.4,8.0,1.0,0.0
2022,3,MIA,Chase Edmonds,12.0,2.0,9.0,1.5,0.0
2022,3,MIA,Alec Ingold,0.0,0.0,0.0,0.0,0.0
2022,3,MIA,Tua Tagovailoa,0.0,0.0,0.0,0.0,0.0
2022,3,MIA,Jaylen Waddle,9.0,9.0,0.0,0.0,0.0
2022,3,BUF,Devin Singletary,3.0,0.3,10.0,1.1,0.0
2022,3,BUF,Josh Allen,37.0,4.6,10.0,1.3,0.0
2022,3,BUF,Zack Moss,46.0,11.5,0.0,0.0,0.0
2022,3,BUF,James Cook,3.0,3.0,0.0,0.0,0.0
2022,3,BUF,Isaiah McKenzie,5.0,5.0,1.0,1.0,0.0
2022,3,MIN,Dalvin Cook,60.0,3.5,36.0,2.1,2.0
2022,3,MIN,Alexander Mattison,17.0,2.4,11.0,1.6,1.0
2022,3,MIN,Kirk Cousins,-1.0,-1.0,0.0,0.0,0.0
2022,3,DET,Jamaal Williams,53.0,2.7,34.0,1.7,0.0
2022,3,DET,D'Andre Swift,25.0,3.6,6.0,0.9,0.0
2022,3,DET,Craig Reynolds,11.0,1.8,2.0,0.3,0.0
2022,3,DET,Jared Goff,8.0,4.0,0.0,0.0,0.0
2022,3,NE,Rhamondre Stevenson,38.0,3.2,35.0,2.9,3.0
2022,3,NE,Damien Harris,23.0,2.1,18.0,1.6,2.0
2022,3,NE,Mac Jones,29.0,5.8,2.0,0.4,0.0
2022,3,BAL,Lamar Jackson,85.0,7.7,22.0,2.0,1.0
2022,3,BAL,J.K. Dobbins,12.0,1.7,11.0,1.6,1.0
2022,3,BAL,Justice Hill,53.0,8.8,7.0,1.2,1.0
2022,3,BAL,Devin Duvernay,-2.0,-1.0,0.0,0.0,0.0
2022,3,NYJ,Michael Carter,35.0,3.2,4.0,0.4,0.0
2022,3,NYJ,Breece Hall,28.0,3.5,11.0,1.4,1.0
2022,3,NYJ,Braxton Berrios,-2.0,-2.0,0.0,0.0,0.0
2022,3,CIN,Joe Mixon,19.0,1.6,5.0,0.4,0.0
2022,3,CIN,Samaje Perine,31.0,3.4,16.0,1.8,1.0
2022,3,CIN,Joe Burrow,0.0,0.0,0.0,0.0,0.0
2022,3,CIN,Ja'Marr Chase,-2.0,-1.0,0.0,0.0,0.0
2022,3,TEN,Derrick Henry,31.0,1.6,54.0,2.7,4.0
2022,3,TEN,Ryan Tannehill,-1.0,-0.3,3.0,0.8,0.0
2022,3,TEN,Dontrell Hilliard,9.0,4.5,5.0,2.5,0.0
2022,3,TEN,Treylon Burks,3.0,3.0,5.0,5.0,0.0
2022,3,LV,Josh Jacobs,41.0,3.2,25.0,1.9,0.0
2022,3,LV,Brandon Bolden,17.0,5.7,0.0,0.0,0.0
2022,3,LV,Derek Carr,17.0,8.5,0.0,0.0,0.0
2022,3,LV,Davante Adams,-4.0,-4.0,0.0,0.0,1.0
2022,3,WAS,Antonio Gibson,9.0,0.8,29.0,2.4,1.0
2022,3,WAS,J.D. McKissic,5.0,1.7,3.0,1.0,0.0
2022,3,WAS,Curtis Samuel,-2.0,-0.7,15.0,5.0,1.0
2022,3,WAS,Carson Wentz,13.0,4.3,9.0,3.0,1.0
2022,3,WAS,Jonathan Williams,1.0,1.0,5.0,5.0,0.0
2022,3,PHI,Miles Sanders,29.0,1.9,17.0,1.1,1.0
2022,3,PHI,Jalen Hurts,13.0,1.4,7.0,0.8,0.0
2022,3,PHI,Kenneth Gainwell,2.0,0.7,4.0,1.3,0.0
2022,3,PHI,Boston Scott,-1.0,-0.5,1.0,0.5,0.0
2022,3,PHI,Zach Pascal,0.0,0.0,0.0,0.0,0.0
2022,3,LAC,Sony Michel,12.0,2.4,10.0,2.0,0.0
2022,3,LAC,Austin Ekeler,2.0,0.5,3.0,0.8,0.0
2022,3,LAC,DeAndre Carter,-5.0,-5.0,0.0,0.0,0.0
2022,3,LAC,Justin Herbert,7.0,7.0,0.0,0.0,0.0
2022,3,LAC,Joshua Kelley,-3.0,-3.0,0.0,0.0,0.0
2022,3,JAX,James Robinson,87.0,5.1,13.0,0.8,1.0
2022,3,JAX,Travis Etienne,16.0,1.2,29.0,2.2,1.0
2022,3,JAX,Trevor Lawrence,6.0,2.0,1.0,0.3,0.0
2022,3,JAX,C.J. Beathard,-1.0,-1.0,0.0,0.0,0.0
2022,3,JAX,Evan Engram,0.0,0.0,0.0,0.0,0.0
2022,3,JAX,Zay Jones,0.0,0.0,0.0,0.0,0.0
2022,3,ARI,James Conner,30.0,2.3,9.0,0.7,1.0
2022,3,ARI,Eno Benjamin,15.0,3.0,1.0,0.2,0.0
2022,3,ARI,Kyler Murray,7.0,3.5,1.0,0.5,0.0
2022,3,ARI,Darrel Williams,4.0,4.0,3.0,3.0,0.0
2022,3,LA,Cam Akers,41.0,3.4,20.0,1.7,0.0
2022,3,LA,Darrell Henderson,14.0,3.5,3.0,0.8,0.0
2022,3,LA,Matthew Stafford,2.0,0.7,0.0,0.0,0.0
2022,3,LA,Cooper Kupp,20.0,20.0,0.0,0.0,0.0
2022,3,SEA,Rashaad Penny,44.0,3.1,22.0,1.6,0.0
2022,3,SEA,DeeJay Dallas,18.0,6.0,3.0,1.0,0.0
2022,3,SEA,Kenneth Walker III,4.0,1.3,15.0,5.0,0.0
2022,3,SEA,Geno Smith,-3.0,-1.5,2.0,1.0,0.0
2022,3,SEA,Travis Homer,1.0,1.0,6.0,6.0,0.0
2022,3,ATL,Cordarrelle Patterson,104.0,6.1,37.0,2.2,0.0
2022,3,ATL,Marcus Mariota,4.0,0.6,0.0,0.0,0.0
2022,3,ATL,Tyler Allgeier,18.0,3.0,7.0,1.2,0.0
2022,3,ATL,Avery Williams,2.0,2.0,7.0,7.0,0.0
2022,3,TB,Leonard Fournette,15.0,1.3,20.0,1.7,0.0
2022,3,TB,Tom Brady,-1.0,-1.0,0.0,0.0,0.0
2022,3,TB,Breshad Perriman,0.0,0.0,0.0,0.0,0.0
2022,3,GB,AJ Dillon,11.0,0.9,21.0,1.8,0.0
2022,3,GB,Aaron Jones,11.0,0.9,25.0,2.1,1.0
2022,3,GB,Aaron Rodgers,-1.0,-1.0,0.0,0.0,0.0
2022,3,DEN,Javonte Williams,33.0,2.2,25.0,1.7,2.0
2022,3,DEN,Melvin Gordon,3.0,0.3,23.0,1.9,0.0
2022,3,DEN,Russell Wilson,16.0,2.7,1.0,0.2,0.0
2022,3,SF,Jeff Wilson,56.0,4.7,19.0,1.6,0.0
2022,3,SF,Deebo Samuel,5.0,1.0,1.0,0.2,0.0
2022,3,SF,Jimmy Garoppolo,0.0,0.0,0.0,0.0,0.0
2022,3,SF,Jordan Mason,4.0,4.0,3.0,3.0,0.0
2022,3,NYG,Saquon Barkley,26.0,1.9,55.0,3.9,1.0
2022,3,NYG,Daniel Jones,43.0,4.8,36.0,4.0,1.0
2022,3,NYG,Matt Breida,1.0,1.0,2.0,2.0,0.0
2022,3,NYG,Richie James,0.0,0.0,4.0,4.0,1.0
2022,3,DAL,Ezekiel Elliott,39.0,2.6,34.0,2.3,2.0
2022,3,DAL,Tony Pollard,57.0,4.4,48.0,3.7,1.0
2022,3,DAL,Cooper Rush,-2.0,-1.0,0.0,0.0,0.0
2022,4,CIN,Joe Mixon,42.0,1.8,19.0,0.8,0.0
2022,4,CIN,Joe Burrow,6.0,1.2,0.0,0.0,0.0
2022,4,CIN,Samaje Perine,0.0,0.0,0.0,0.0,0.0
2022,4,MIA,Raheem Mostert,44.0,2.9,25.0,1.7,0.0
2022,4,MIA,Chase Edmonds,4.0,0.8,2.0,0.4,0.0
2022,4,MIA,Teddy Bridgewater,11.0,11.0,0.0,0.0,0.0
2022,4,MIA,Tyreek Hill,-1.0,-1.0,0.0,0.0,0.0
2022,4,NO,Latavius Murray,42.0,3.8,15.0,1.4,0.0
2022,4,NO,Mark Ingram,11.0,1.1,19.0,1.9,2.0
2022,4,NO,Taysom Hill,14.0,2.8,7.0,1.4,0.0
2022,4,NO,Andy Dalton,2.0,2.0,1.0,1.0,0.0
2022,4,MIN,Dalvin Cook,48.0,2.4,28.0,1.4,2.0
2022,4,MIN,Alexander Mattison,1.0,0.3,2.0,0.7,2.0
2022,4,MIN,Justin Jefferson,3.0,3.0,0.0,0.0,0.0
2022,4,MIN,K.J. Osborn,-1.0,-1.0,0.0,0.0,0.0
2022,4,ATL,Tyler Allgeier,48.0,4.8,36.0,3.6,0.0
2022,4,ATL,Caleb Huntley,31.0,3.1,25.0,2.5,0.0
2022,4,ATL,Cordarrelle Patterson,18.0,2.0,20.0,2.2,0.0
2022,4,ATL,Marcus Mariota,3.0,0.6,0.0,0.0,0.0
2022,4,ATL,Avery Williams,21.0,21.0,0.0,0.0,0.0
2022,4,CLE,Nick Chubb,54.0,2.8,64.0,3.4,0.0
2022,4,CLE,Kareem Hunt,27.0,2.7,22.0,2.2,0.0
2022,4,CLE,Jacoby Brissett,6.0,1.2,10.0,2.0,0.0
2022,4,CLE,David Njoku,-6.0,-6.0,0.0,0.0,0.0
2022,4,BAL,J.K. Dobbins,18.0,1.4,23.0,1.8,0.0
2022,4,BAL,Lamar Jackson,51.0,4.6,22.0,2.0,1.0
2022,4,BAL,Justice Hill,15.0,1.9,30.0,3.8,2.0
2022,4,BAL,Patrick Ricard,1.0,1.0,2.0,2.0,0.0
2022,4,BUF,Josh Allen,25.0,2.3,45.0,4.1,0.0
2022,4,BUF,Devin Singletary,26.0,2.4,23.0,2.1,0.0
2022,4,BUF,Zack Moss,1.0,0.3,5.0,1.7,0.0
2022,4,DAL,Ezekiel Elliott,14.0,0.7,35.0,1.8,0.0
2022,4,DAL,Tony Pollard,-4.0,-0.5,10.0,1.3,1.0
2022,4,DAL,Cooper Rush,7.0,3.5,0.0,0.0,0.0
2022,4,WAS,Antonio Gibson,24.0,1.8,25.0,1.9,1.0
2022,4,WAS,J.D. McKissic,27.0,3.4,13.0,1.6,1.0
2022,4,WAS,Jonathan Williams,20.0,4.0,28.0,5.6,1.0
2022,4,WAS,Carson Wentz,0.0,0.0,5.0,5.0,0.0
2022,4,DET,Jamaal Williams,43.0,2.3,65.0,3.4,1.0
2022,4,DET,Justin Jackson,1.0,0.5,2.0,1.0,0.0
2022,4,DET,Craig Reynolds,23.0,11.5,7.0,3.5,0.0
2022,4,DET,Jared Goff,1.0,1.0,0.0,0.0,0.0
2022,4,DET,Kalif Raymond,3.0,3.0,0.0,0.0,0.0
2022,4,SEA,Rashaad Penny,57.0,3.4,94.0,5.5,0.0
2022,4,SEA,Kenneth Walker III,15.0,1.9,14.0,1.8,0.0
2022,4,SEA,Geno Smith,48.0,6.9,1.0,0.1,0.0
2022,4,SEA,D'Wayne Eskridge,5.0,5.0,1.0,1.0,0.0
2022,4,HOU,Dameon Pierce,51.0,3.6,80.0,5.7,1.0
2022,4,LAC,Austin Ekeler,43.0,3.3,17.0,1.3,0.0
2022,4,LAC,Sony Michel,2.0,0.3,9.0,1.5,1.0
2022,4,LAC,Justin Herbert,-5.0,-1.3,0.0,0.0,0.0
2022,4,LAC,Joshua Kelley,8.0,2.0,7.0,1.8,1.0
2022,4,IND,Jonathan Taylor,15.0,0.8,27.0,1.4,3.0
2022,4,IND,Matt Ryan,-4.0,-2.0,0.0,0.0,0.0
2022,4,IND,Nyheim Hines,0.0,0.0,0.0,0.0,0.0
2022,4,TEN,Derrick Henry,82.0,3.7,32.0,1.5,1.0
2022,4,TEN,Ryan Tannehill,9.0,1.8,0.0,0.0,0.0
2022,4,TEN,Treylon Burks,3.0,3.0,1.0,1.0,0.0
2022,4,NYG,Saquon Barkley,110.0,3.5,36.0,1.2,2.0
2022,4,NYG,Daniel Jones,68.0,11.3,0.0,0.0,0.0
2022,4,NYG,Matt Breida,15.0,5.0,3.0,1.0,0.0
2022,4,NYG,Tyrod Taylor,24.0,8.0,6.0,2.0,0.0
2022,4,NYG,Gary Brightwell,0.0,0.0,0.0,0.0,0.0
2022,4,CHI,Khalil Herbert,53.0,2.8,24.0,1.3,0.0
2022,4,CHI,Justin Fields,40.0,5.7,12.0,1.7,0.0
2022,4,CHI,Trestan Ebner,13.0,2.2,7.0,1.2,1.0
2022,4,PHI,Miles Sanders,87.0,3.2,47.0,1.7,1.0
2022,4,PHI,Jalen Hurts,30.0,1.9,8.0,0.5,0.0
2022,4,PHI,Kenneth Gainwell,13.0,2.6,6.0,1.2,0.0
2022,4,PHI,Trey Sermon,10.0,5.0,9.0,4.5,0.0
2022,4,JAX,Travis Etienne,17.0,2.1,15.0,1.9,0.0
2022,4,JAX,James Robinson,22.0,2.8,7.0,0.9,0.0
2022,4,JAX,Trevor Lawrence,7.0,3.5,0.0,0.0,0.0
2022,4,JAX,Christian Kirk,0.0,0.0,3.0,3.0,1.0
2022,4,PIT,Najee Harris,44.0,2.4,30.0,1.7,0.0
2022,4,PIT,Kenny Pickett,14.0,2.3,1.0,0.2,0.0
2022,4,PIT,Jaylen Warren,15.0,5.0,3.0,1.0,0.0
2022,4,PIT,Diontae Johnson,11.0,5.5,0.0,0.0,0.0
2022,4,PIT,Gunner Olszewski,0.0,0.0,0.0,0.0,0.0
2022,4,PIT,Mitchell Trubisky,1.0,1.0,0.0,0.0,0.0
2022,4,NYJ,Breece Hall,52.0,3.1,14.0,0.8,0.0
2022,4,NYJ,Michael Carter,15.0,1.7,0.0,0.0,0.0
2022,4,NYJ,Zach Wilson,15.0,7.5,0.0,0.0,0.0
2022,4,NYJ,Elijah Moore,2.0,2.0,0.0,0.0,0.0
2022,4,CAR,Christian McCaffrey,11.0,1.4,16.0,2.0,0.0
2022,4,CAR,Baker Mayfield,0.0,0.0,0.0,0.0,0.0
2022,4,CAR,D'Onta Foreman,2.0,2.0,0.0,0.0,0.0
2022,4,CAR,D.J. Moore,8.0,8.0,3.0,3.0,0.0
2022,4,CAR,Laviska Shenault Jr.,0.0,0.0,0.0,0.0,0.0
2022,4,ARI,James Conner,44.0,2.9,11.0,0.7,0.0
2022,4,ARI,Kyler Murray,23.0,1.9,3.0,0.3,0.0
2022,4,ARI,Eno Benjamin,32.0,6.4,4.0,0.8,0.0
2022,4,ARI,Darrel Williams,16.0,4.0,3.0,0.8,0.0
2022,4,ARI,Rondale Moore,-4.0,-4.0,0.0,0.0,0.0
2022,4,GB,AJ Dillon,52.0,3.1,21.0,1.2,0.0
2022,4,GB,Aaron Jones,77.0,4.8,33.0,2.1,2.0
2022,4,GB,Aaron Rodgers,1.0,1.0,0.0,0.0,0.0
2022,4,GB,Christian Watson,15.0,15.0,0.0,0.0,0.0
2022,4,NE,Damien Harris,72.0,4.0,14.0,0.8,0.0
2022,4,NE,Rhamondre Stevenson,48.0,3.4,18.0,1.3,1.0
2022,4,NE,Kendrick Bourne,15.0,15.0,0.0,0.0,0.0
2022,4,LV,Josh Jacobs,25.0,0.9,119.0,4.3,2.0
2022,4,LV,Derek Carr,30.0,4.3,10.0,1.4,0.0
2022,4,LV,Zamir White,16.0,8.0,8.0,4.0,0.0
2022,4,LV,Davante Adams,4.0,4.0,0.0,0.0,0.0
2022,4,DEN,Javonte Williams,2.0,0.2,26.0,2.6,0.0
2022,4,DEN,Russell Wilson,25.0,6.3,4.0,1.0,0.0
2022,4,DEN,Mike Boone,6.0,2.0,14.0,4.7,2.0
2022,4,DEN,Melvin Gordon,3.0,1.0,5.0,1.7,0.0
2022,4,TB,Leonard Fournette,-3.0,-1.0,0.0,0.0,0.0
2022,4,TB,Rachaad White,4.0,1.3,2.0,0.7,0.0
2022,4,KC,Clyde Edwards-Helaire,48.0,2.5,44.0,2.3,1.0
2022,4,KC,Isiah Pacheco,35.0,3.2,28.0,2.5,1.0
2022,4,KC,Patrick Mahomes,34.0,8.5,0.0,0.0,0.0
2022,4,KC,Jerick McKinnon,-1.0,-0.5,0.0,0.0,0.0
2022,4,KC,Noah Gray,1.0,1.0,0.0,0.0,0.0
2022,4,SF,Jeff Wilson,52.0,2.9,22.0,1.2,0.0
2022,4,SF,Deebo Samuel,2.0,1.0,0.0,0.0,0.0
2022,4,SF,Jimmy Garoppolo,3.0,3.0,0.0,0.0,0.0
2022,4,SF,Kyle Juszczyk,7.0,7.0,2.0,2.0,0.0
2022,4,LA,Cam Akers,1.0,0.1,12.0,1.5,0.0
2022,4,LA,Darrell Henderson,13.0,1.9,14.0,2.0,0.0
2022,4,LA,Matthew Stafford,0.0,0.0,6.0,3.0,1.0
2022,4,LA,Brandon Powell,10.0,10.0,1.0,1.0,0.0
2022,5,DEN,Melvin Gordon,25.0,1.7,29.0,1.9,1.0
2022,5,DEN,Mike Boone,27.0,3.9,11.0,1.6,0.0
2022,5,DEN,Russell Wilson,22.0,5.5,0.0,0.0,0.0
2022,5,DEN,Devine Ozigbo,2.0,2.0,0.0,0.0,0.0
2022,5,DEN,Montrell Washington,9.0,9.0,0.0,0.0,0.0
2022,5,IND,Deon Jackson,42.0,3.2,20.0,1.5,0.0
2022,5,IND,Phillip Lindsay,24.0,2.2,16.0,1.5,0.0
2022,5,IND,Nyheim Hines,2.0,2.0,1.0,1.0,0.0
2022,5,IND,Matt Ryan,1.0,1.0,0.0,0.0,0.0
2022,5,GB,Aaron Jones,42.0,3.2,21.0,1.6,0.0
2022,5,GB,AJ Dillon,31.0,5.2,3.0,0.5,0.0
2022,5,GB,Christian Watson,-3.0,-3.0,0.0,0.0,0.0
2022,5,NYG,Saquon Barkley,59.0,4.5,11.0,0.8,0.0
2022,5,NYG,Daniel Jones,34.0,3.4,3.0,0.3,0.0
2022,5,NYG,Matt Breida,5.0,1.3,9.0,2.3,0.0
2022,5,NYG,Gary Brightwell,3.0,1.5,2.0,1.0,0.0
2022,5,NYG,Daniel Bellinger,0.0,0.0,2.0,2.0,0.0
2022,5,NYG,Jamie Gillan,-3.0,-3.0,0.0,0.0,0.0
2022,5,BUF,Devin Singletary,31.0,5.2,11.0,1.8,0.0
2022,5,BUF,Josh Allen,36.0,7.2,6.0,1.2,0.0
2022,5,BUF,James Cook,17.0,4.3,14.0,3.5,0.0
2022,5,BUF,Case Keenum,-2.0,-1.0,0.0,0.0,0.0
2022,5,BUF,Zack Moss,7.0,7.0,0.0,0.0,0.0
2022,5,PIT,Najee Harris,13.0,1.2,7.0,0.6,0.0
2022,5,PIT,Jaylen Warren,13.0,2.6,11.0,2.2,0.0
2022,5,PIT,Kenny Pickett,10.0,10.0,0.0,0.0,0.0
2022,5,CLE,Nick Chubb,67.0,3.9,67.0,3.9,2.0
2022,5,CLE,Kareem Hunt,18.0,1.6,29.0,2.6,0.0
2022,5,CLE,Jacoby Brissett,17.0,5.7,15.0,5.0,1.0
2022,5,LAC,Austin Ekeler,127.0,7.9,46.0,2.9,2.0
2022,5,LAC,Joshua Kelley,27.0,2.7,22.0,2.2,1.0
2022,5,LAC,Justin Herbert,13.0,2.6,0.0,0.0,0.0
2022,5,LAC,Zander Horvath,2.0,1.0,1.0,0.5,0.0
2022,5,LAC,Sony Michel,0.0,0.0,0.0,0.0,0.0
2022,5,JAX,Travis Etienne,53.0,5.3,18.0,1.8,0.0
2022,5,JAX,James Robinson,17.0,1.7,10.0,1.0,0.0
2022,5,JAX,Trevor Lawrence,22.0,5.5,7.0,1.8,1.0
2022,5,JAX,Jamal Agnew,1.0,1.0,2.0,2.0,0.0
2022,5,JAX,Jamycal Hasty,2.0,2.0,4.0,4.0,0.0
2022,5,HOU,Dameon Pierce,20.0,0.8,79.0,3.0,9.0
2022,5,HOU,Rex Burkhead,5.0,1.7,10.0,3.3,1.0
2022,5,HOU,Davis Mills,2.0,1.0,0.0,0.0,0.0
2022,5,MIN,Dalvin Cook,66.0,3.7,28.0,1.6,2.0
2022,5,MIN,Alexander Mattison,14.0,1.6,5.0,0.6,0.0
2022,5,MIN,Kirk Cousins,3.0,0.8,1.0,0.3,0.0
2022,5,CHI,David Montgomery,5.0,0.4,15.0,1.3,1.0
2022,5,CHI,Justin Fields,26.0,3.3,21.0,2.6,1.0
2022,5,CHI,Khalil Herbert,7.0,1.8,4.0,1.0,0.0
2022,5,NE,Rhamondre Stevenson,64.0,2.6,97.0,3.9,3.0
2022,5,NE,Bailey Zappe,5.0,1.0,0.0,0.0,0.0
2022,5,NE,Damien Harris,9.0,2.3,2.0,0.5,0.0
2022,5,NE,Kendrick Bourne,-1.0,-1.0,0.0,0.0,0.0
2022,5,DET,Jamaal Williams,40.0,2.7,16.0,1.1,1.0
2022,5,DET,Craig Reynolds,9.0,1.5,15.0,2.5,0.0
2022,5,DET,Jared Goff,7.0,2.3,0.0,0.0,0.0
2022,5,DET,Justin Jackson,6.0,2.0,8.0,2.7,1.0
2022,5,NO,Alvin Kamara,78.0,3.4,25.0,1.1,0.0
2022,5,NO,Taysom Hill,93.0,10.3,19.0,2.1,0.0
2022,5,NO,Mark Ingram,11.0,1.2,5.0,0.6,0.0
2022,5,NO,Andy Dalton,4.0,0.6,0.0,0.0,0.0
2022,5,SEA,Rashaad Penny,48.0,6.0,6.0,0.8,0.0
2022,5,SEA,Kenneth Walker III,84.0,10.5,4.0,0.5,0.0
2022,5,SEA,Geno Smith,13.0,4.3,0.0,0.0,0.0
2022,5,SEA,DeeJay Dallas,0.0,0.0,4.0,4.0,0.0
2022,5,SEA,Michael Dickson,-8.0,-8.0,0.0,0.0,0.0
2022,5,NYJ,Breece Hall,41.0,2.3,56.0,3.1,2.0
2022,5,NYJ,Michael Carter,3.0,0.3,18.0,1.8,1.0
2022,5,NYJ,Zach Wilson,1.0,0.3,1.0,0.3,0.0
2022,5,NYJ,Braxton Berrios,14.0,14.0,1.0,1.0,0.0
2022,5,MIA,Raheem Mostert,59.0,3.3,54.0,3.0,2.0
2022,5,MIA,Myles Gaskin,2.0,0.5,7.0,1.8,0.0
2022,5,MIA,Tyreek Hill,9.0,4.5,4.0,2.0,1.0
2022,5,MIA,Chase Edmonds,0.0,0.0,1.0,1.0,0.0
2022,5,MIA,Durham Smythe,0.0,0.0,1.0,1.0,0.0
2022,5,TB,Leonard Fournette,25.0,1.8,31.0,2.2,0.0
2022,5,TB,Rachaad White,5.0,1.0,9.0,1.8,0.0
2022,5,TB,Tom Brady,-3.0,-1.0,0.0,0.0,0.0
2022,5,TB,Chris Godwin,2.0,2.0,0.0,0.0,0.0
2022,5,ATL,Tyler Allgeier,22.0,1.7,23.0,1.8,0.0
2022,5,ATL,Caleb Huntley,23.0,2.9,11.0,1.4,0.0
2022,5,ATL,Marcus Mariota,54.0,7.7,7.0,1.0,0.0
2022,5,ATL,Avery Williams,7.0,2.3,4.0,1.3,0.0
2022,5,WAS,Brian Robinson Jr.,19.0,2.1,3.0,0.3,0.0
2022,5,WAS,Carson Wentz,15.0,3.0,0.0,0.0,0.0
2022,5,WAS,Antonio Gibson,3.0,1.0,3.0,1.0,0.0
2022,5,TEN,Derrick Henry,43.0,1.5,59.0,2.1,5.0
2022,5,TEN,Ryan Tannehill,3.0,1.0,0.0,0.0,0.0
2022,5,TEN,Dontrell Hilliard,0.0,0.0,0.0,0.0,0.0
2022,5,CAR,Christian McCaffrey,29.0,2.1,25.0,1.8,0.0
2022,5,CAR,D'Onta Foreman,0.0,0.0,2.0,1.0,0.0
2022,5,CAR,D.J. Moore,7.0,7.0,1.0,1.0,0.0
2022,5,SF,Jeff Wilson,94.0,5.5,26.0,1.5,1.0
2022,5,SF,Tevin Coleman,14.0,1.8,9.0,1.1,0.0
2022,5,SF,Deebo Samuel,8.0,4.0,4.0,2.0,0.0
2022,5,SF,Jimmy Garoppolo,-1.0,-1.0,0.0,0.0,0.0
2022,5,SF,Brock Purdy,-1.0,-1.0,0.0,0.0,0.0
2022,5,ARI,James Conner,31.0,3.4,24.0,2.7,0.0
2022,5,ARI,Eno Benjamin,20.0,2.5,5.0,0.6,0.0
2022,5,ARI,Kyler Murray,39.0,9.8,3.0,0.8,0.0
2022,5,ARI,Darrel Williams,9.0,3.0,0.0,0.0,0.0
2022,5,ARI,Rondale Moore,-7.0,-3.5,0.0,0.0,0.0
2022,5,PHI,Jalen Hurts,59.0,3.9,2.0,0.1,0.0
2022,5,PHI,Miles Sanders,45.0,3.0,13.0,0.9,1.0
2022,5,PHI,Kenneth Gainwell,12.0,4.0,8.0,2.7,1.0
2022,5,LA,Cam Akers,12.0,0.9,21.0,1.6,1.0
2022,5,LA,Cooper Kupp,2.0,2.0,2.0,2.0,0.0
2022,5,LA,Brandon Powell,1.0,1.0,0.0,0.0,0.0
2022,5,DAL,Ezekiel Elliott,48.0,2.2,30.0,1.4,0.0
2022,5,DAL,Tony Pollard,30.0,3.8,56.0,7.0,2.0
2022,5,DAL,Cooper Rush,-1.0,-0.3,0.0,0.0,0.0
2022,5,BAL,Lamar Jackson,52.0,4.3,6.0,0.5,2.0
2022,5,BAL,J.K. Dobbins,22.0,2.8,22.0,2.8,2.0
2022,5,BAL,Kenyan Drake,24.0,6.0,2.0,0.5,0.0
2022,5,BAL,Devin Duvernay,24.0,8.0,0.0,0.0,0.0
2022,5,BAL,Mike Davis,2.0,2.0,1.0,1.0,1.0
2022,5,CIN,Joe Mixon,55.0,3.9,23.0,1.6,2.0
2022,5,CIN,Joe Burrow,6.0,2.0,0.0,0.0,0.0
2022,5,CIN,Samaje Perine,10.0,3.3,7.0,2.3,0.0
2022,5,CIN,Ja'Marr Chase,0.0,0.0,0.0,0.0,0.0
2022,5,KC,Clyde Edwards-Helaire,3.0,0.3,12.0,1.3,0.0
2022,5,KC,Jerick McKinnon,15.0,1.9,38.0,4.8,3.0
2022,5,KC,Patrick Mahomes,27.0,6.8,1.0,0.3,0.0
2022,5,KC,Mecole Hardman,3.0,3.0,4.0,4.0,1.0
2022,5,KC,Isiah Pacheco,0.0,0.0,0.0,0.0,0.0
2022,5,LV,Josh Jacobs,56.0,2.7,98.0,4.7,4.0
2022,5,LV,Brandon Bolden,5.0,5.0,0.0,0.0,0.0
2022,5,LV,Derek Carr,3.0,3.0,0.0,0.0,0.0
2022,5,LV,Zamir White,-7.0,-7.0,0.0,0.0,0.0
2022,6,CHI,David Montgomery,29.0,1.9,38.0,2.5,0.0
2022,6,CHI,Justin Fields,69.0,5.8,19.0,1.6,2.0
2022,6,CHI,Khalil Herbert,5.0,0.7,69.0,9.9,1.0
2022,6,CHI,Velus Jones Jr.,8.0,8.0,0.0,0.0,0.0
2022,6,CHI,Ihmir Smith-Marsette,-1.0,-1.0,0.0,0.0,0.0
2022,6,CHI,Equanimeous St. Brown,1.0,1.0,0.0,0.0,0.0
2022,6,WAS,Brian Robinson Jr.,33.0,1.9,27.0,1.6,2.0
2022,6,WAS,Antonio Gibson,30.0,6.0,5.0,1.0,0.0
2022,6,WAS,J.D. McKissic,14.0,7.0,6.0,3.0,0.0
2022,6,WAS,Terry McLaurin,8.0,4.0,3.0,1.5,0.0
2022,6,WAS,Carson Wentz,2.0,1.0,0.0,0.0,0.0
2022,6,ATL,Caleb Huntley,31.0,1.9,28.0,1.8,0.0
2022,6,ATL,Tyler Allgeier,25.0,1.7,26.0,1.7,0.0
2022,6,ATL,Marcus Mariota,47.0,7.8,3.0,0.5,0.0
2022,6,ATL,Avery Williams,6.0,3.0,0.0,0.0,0.0
2022,6,ATL,Keith Smith,0.0,0.0,2.0,2.0,0.0
2022,6,SF,Jeff Wilson,16.0,2.3,9.0,1.3,0.0
2022,6,SF,Tevin Coleman,-1.0,-0.3,4.0,1.0,0.0
2022,6,SF,Jimmy Garoppolo,5.0,1.7,6.0,2.0,0.0
2022,6,SF,Deebo Samuel,9.0,4.5,2.0,1.0,0.0
2022,6,CLE,Nick Chubb,49.0,4.1,7.0,0.6,0.0
2022,6,CLE,Kareem Hunt,4.0,1.0,8.0,2.0,1.0
2022,6,CLE,Jacoby Brissett,0.0,0.0,0.0,0.0,0.0
2022,6,CLE,Donovan Peoples-Jones,2.0,2.0,0.0,0.0,0.0
2022,6,NE,Rhamondre Stevenson,41.0,2.2,35.0,1.8,4.0
2022,6,NE,Kevin Harris,3.0,1.0,2.0,0.7,0.0
2022,6,NE,Tyquan Thornton,16.0,5.3,0.0,0.0,0.0
2022,6,NE,Bailey Zappe,-4.0,-1.3,0.0,0.0,0.0
2022,6,NE,Pierre Strong,3.0,3.0,2.0,2.0,0.0
2022,6,GB,AJ Dillon,35.0,3.5,6.0,0.6,0.0
2022,6,GB,Aaron Jones,11.0,1.2,8.0,0.9,0.0
2022,6,GB,Aaron Rodgers,0.0,0.0,0.0,0.0,0.0
2022,6,NYJ,Breece Hall,88.0,4.4,28.0,1.4,0.0
2022,6,NYJ,Michael Carter,31.0,5.2,10.0,1.7,0.0
2022,6,NYJ,Zach Wilson,1.0,0.2,0.0,0.0,0.0
2022,6,NYJ,Braxton Berrios,20.0,20.0,0.0,0.0,0.0
2022,6,NYJ,Tyler Conklin,0.0,0.0,1.0,1.0,0.0
2022,6,IND,Deon Jackson,26.0,2.2,16.0,1.3,1.0
2022,6,IND,Phillip Lindsay,5.0,1.7,2.0,0.7,0.0
2022,6,IND,Matt Ryan,-4.0,-4.0,0.0,0.0,0.0
2022,6,JAX,James Robinson,40.0,3.3,14.0,1.2,0.0
2022,6,JAX,Travis Etienne,60.0,6.0,26.0,2.6,0.0
2022,6,JAX,Trevor Lawrence,23.0,3.8,0.0,0.0,0.0
2022,6,JAX,Jamycal Hasty,57.0,19.0,0.0,0.0,0.0
2022,6,JAX,Jamal Agnew,19.0,19.0,0.0,0.0,0.0
2022,6,JAX,Christian Kirk,0.0,0.0,4.0,4.0,0.0
2022,6,MIA,Raheem Mostert,30.0,2.1,19.0,1.4,0.0
2022,6,MIA,Chase Edmonds,1.0,0.5,2.0,1.0,0.0
2022,6,MIA,Teddy Bridgewater,9.0,9.0,1.0,1.0,0.0
2022,6,MIA,Clayton Fejedelem,0.0,0.0,0.0,0.0,0.0
2022,6,MIA,Alec Ingold,1.0,1.0,1.0,1.0,0.0
2022,6,MIA,Skylar Thompson,9.0,9.0,0.0,0.0,0.0
2022,6,MIN,Dalvin Cook,16.0,1.2,61.0,4.7,1.0
2022,6,MIN,Kirk Cousins,-5.0,-2.5,0.0,0.0,0.0
2022,6,MIN,C.J. Ham,2.0,2.0,1.0,1.0,0.0
2022,6,MIN,Alexander Mattison,1.0,1.0,2.0,2.0,0.0
2022,6,NO,Alvin Kamara,57.0,3.0,42.0,2.2,3.0
2022,6,NO,Mark Ingram,28.0,3.1,18.0,2.0,1.0
2022,6,NO,Taysom Hill,8.0,1.6,31.0,6.2,1.0
2022,6,NO,Rashid Shaheed,29.0,29.0,15.0,15.0,1.0
2022,6,CIN,Joe Mixon,23.0,2.9,22.0,2.8,1.0
2022,6,CIN,Joe Burrow,25.0,6.3,0.0,0.0,0.0
2022,6,CIN,Samaje Perine,4.0,2.0,1.0,0.5,0.0
2022,6,NYG,Saquon Barkley,38.0,1.7,45.0,2.0,1.0
2022,6,NYG,Daniel Jones,3.0,0.5,3.0,0.5,0.0
2022,6,NYG,Matt Breida,-6.0,-2.0,0.0,0.0,0.0
2022,6,BAL,Kenyan Drake,99.0,9.9,20.0,2.0,0.0
2022,6,BAL,J.K. Dobbins,7.0,1.0,8.0,1.1,0.0
2022,6,BAL,Lamar Jackson,38.0,5.4,39.0,5.6,1.0
2022,6,PIT,Najee Harris,15.0,1.1,27.0,1.9,3.0
2022,6,PIT,Mitchell Trubisky,-5.0,-0.8,10.0,1.7,1.0
2022,6,PIT,Diontae Johnson,4.0,2.0,4.0,2.0,0.0
2022,6,PIT,Kenny Pickett,8.0,4.0,8.0,4.0,0.0
2022,6,PIT,Jaylen Warren,0.0,0.0,2.0,1.0,0.0
2022,6,PIT,Chase Claypool,6.0,6.0,2.0,2.0,0.0
2022,6,PIT,George Pickens,1.0,1.0,0.0,0.0,0.0
2022,6,PIT,Steven Sims,-5.0,-5.0,0.0,0.0,0.0
2022,6,TB,Leonard Fournette,26.0,1.2,37.0,1.8,1.0
2022,6,TB,Rachaad White,4.0,1.0,8.0,2.0,1.0
2022,6,TB,Tom Brady,0.0,0.0,0.0,0.0,0.0
2022,6,LA,Darrell Henderson,21.0,1.8,22.0,1.8,1.0
2022,6,LA,Malcolm Brown,9.0,1.3,6.0,0.9,1.0
2022,6,LA,Brandon Powell,11.0,3.7,2.0,0.7,0.0
2022,6,LA,Cooper Kupp,14.0,7.0,3.0,1.5,0.0
2022,6,LA,Matthew Stafford,-3.0,-1.5,0.0,0.0,0.0
2022,6,LA,Tutu Atwell,7.0,7.0,2.0,2.0,0.0
2022,6,LA,Ronnie Rivers,0.0,0.0,0.0,0.0,0.0
2022,6,LA,Ben Skowronek,17.0,17.0,0.0,0.0,0.0
2022,6,CAR,Christian McCaffrey,45.0,3.5,24.0,1.8,2.0
2022,6,CAR,D'Onta Foreman,12.0,2.4,7.0,1.4,0.0
2022,6,CAR,Chuba Hubbard,3.0,1.5,3.0,1.5,0.0
2022,6,CAR,P.J. Walker,-1.0,-1.0,0.0,0.0,0.0
2022,6,SEA,Kenneth Walker III,48.0,2.3,49.0,2.3,5.0
2022,6,SEA,Geno Smith,44.0,7.3,4.0,0.7,1.0
2022,6,SEA,DeeJay Dallas,0.0,0.0,1.0,0.5,1.0
2022,6,SEA,Michael Dickson,-10.0,-10.0,0.0,0.0,0.0
2022,6,ARI,Eno Benjamin,18.0,1.2,19.0,1.3,4.0
2022,6,ARI,Kyler Murray,92.0,9.2,8.0,0.8,2.0
2022,6,ARI,Keaontay Ingram,1.0,0.3,6.0,2.0,0.0
2022,6,KC,Clyde Edwards-Helaire,26.0,2.9,7.0,0.8,0.0
2022,6,KC,Patrick Mahomes,19.0,4.8,2.0,0.5,0.0
2022,6,KC,Jerick McKinnon,1.0,0.5,0.0,0.0,0.0
2022,6,KC,Isiah Pacheco,6.0,3.0,3.0,1.5,0.0
2022,6,KC,Travis Kelce,1.0,1.0,3.0,3.0,0.0
2022,6,BUF,Devin Singletary,62.0,3.6,23.0,1.4,1.0
2022,6,BUF,Josh Allen,23.0,1.9,9.0,0.8,0.0
2022,6,BUF,James Cook,4.0,2.0,4.0,2.0,0.0
2022,6,PHI,Miles Sanders,47.0,2.6,24.0,1.3,2.0
2022,6,PHI,Jalen Hurts,23.0,2.6,4.0,0.4,0.0
2022,6,PHI,Boston Scott,13.0,2.2,3.0,0.5,0.0
2022,6,PHI,Kenneth Gainwell,18.0,3.6,7.0,1.4,0.0
2022,6,PHI,Quez Watkins,-3.0,-3.0,0.0,0.0,0.0
2022,6,DAL,Ezekiel Elliott,47.0,3.6,34.0,2.6,1.0
2022,6,DAL,Tony Pollard,27.0,2.5,17.0,1.5,1.0
2022,6,DAL,CeeDee Lamb,9.0,4.5,0.0,0.0,0.0
2022,6,LAC,Austin Ekeler,15.0,1.1,21.0,1.5,0.0
2022,6,LAC,Sony Michel,7.0,0.9,21.0,2.6,2.0
2022,6,LAC,Justin Herbert,9.0,4.5,0.0,0.0,0.0
2022,6,DEN,Latavius Murray,29.0,1.9,37.0,2.5,0.0
2022,6,DEN,Russell Wilson,19.0,4.8,4.0,1.0,0.0
2022,6,DEN,Melvin Gordon,3.0,1.0,5.0,1.7,0.0
2022,6,DEN,Mike Boone,1.0,1.0,0.0,0.0,0.0
2022,7,ARI,Eno Benjamin,22.0,1.8,70.0,5.8,1.0
2022,7,ARI,Keaontay Ingram,-2.0,-0.2,16.0,1.8,0.0
2022,7,ARI,Kyler Murray,27.0,3.9,3.0,0.4,0.0
2022,7,ARI,Greg Dortch,0.0,0.0,1.0,1.0,0.0
2022,7,NO,Alvin Kamara,22.0,2.0,27.0,2.5,0.0
2022,7,NO,Andy Dalton,21.0,5.3,0.0,0.0,0.0
2022,7,NO,Mark Ingram,3.0,0.8,3.0,0.8,0.0
2022,7,NO,Taysom Hill,6.0,2.0,3.0,1.0,0.0
2022,7,BAL,Gus Edwards,38.0,2.4,28.0,1.8,4.0
2022,7,BAL,Kenyan Drake,2.0,0.2,3.0,0.3,0.0
2022,7,BAL,Lamar Jackson,34.0,3.4,25.0,2.5,3.0
2022,7,BAL,Justice Hill,14.0,2.8,12.0,2.4,3.0
2022,7,BAL,Mark Andrews,2.0,2.0,2.0,2.0,0.0
2022,7,BAL,Patrick Ricard,0.0,0.0,0.0,0.0,0.0
2022,7,CLE,Nick Chubb,40.0,2.5,51.0,3.2,3.0
2022,7,CLE,Kareem Hunt,-1.0,-0.2,5.0,1.0,1.0
2022,7,CLE,Jacoby Brissett,15.0,5.0,3.0,1.0,0.0
2022,7,CAR,D'Onta Foreman,61.0,4.1,57.0,3.8,1.0
2022,7,CAR,Chuba Hubbard,50.0,5.6,13.0,1.4,0.0
2022,7,CAR,Raheem Blackshear,-5.0,-2.5,0.0,0.0,0.0
2022,7,CAR,D.J. Moore,-3.0,-3.0,0.0,0.0,0.0
2022,7,TB,Leonard Fournette,8.0,1.0,11.0,1.4,0.0
2022,7,TB,Rachaad White,10.0,1.7,14.0,2.3,0.0
2022,7,TB,Tom Brady,0.0,0.0,1.0,1.0,0.0
2022,7,TB,Chris Godwin,2.0,2.0,0.0,0.0,0.0
2022,7,CIN,Joe Mixon,51.0,3.0,7.0,0.4,0.0
2022,7,CIN,Joe Burrow,20.0,6.7,0.0,0.0,0.0
2022,7,CIN,Samaje Perine,0.0,0.0,0.0,0.0,0.0
2022,7,ATL,Tyler Allgeier,35.0,2.2,15.0,0.9,0.0
2022,7,ATL,Caleb Huntley,9.0,1.5,13.0,2.2,0.0
2022,7,ATL,Marcus Mariota,31.0,5.2,0.0,0.0,0.0
2022,7,ATL,Avery Williams,4.0,4.0,0.0,0.0,0.0
2022,7,DAL,Ezekiel Elliott,48.0,3.2,9.0,0.6,1.0
2022,7,DAL,Tony Pollard,24.0,2.0,59.0,4.9,1.0
2022,7,DAL,Dak Prescott,0.0,0.0,0.0,0.0,0.0
2022,7,DAL,CeeDee Lamb,-4.0,-4.0,0.0,0.0,0.0
2022,7,DAL,KaVontae Turpin,3.0,3.0,0.0,0.0,0.0
2022,7,DET,Jamaal Williams,43.0,2.9,36.0,2.4,0.0
2022,7,DET,Craig Reynolds,7.0,1.8,5.0,1.3,0.0
2022,7,DET,Justin Jackson,2.0,0.7,0.0,0.0,0.0
2022,7,DET,Kalif Raymond,15.0,7.5,5.0,2.5,0.0
2022,7,DET,Jared Goff,4.0,4.0,0.0,0.0,0.0
2022,7,JAX,Travis Etienne,90.0,6.4,24.0,1.7,1.0
2022,7,JAX,Trevor Lawrence,3.0,0.8,0.0,0.0,0.0
2022,7,JAX,Jamycal Hasty,6.0,6.0,0.0,0.0,0.0
2022,7,JAX,Zay Jones,14.0,14.0,0.0,0.0,0.0
2022,7,JAX,Christian Kirk,5.0,5.0,0.0,0.0,0.0
2022,7,NYG,Saquon Barkley,54.0,2.3,56.0,2.3,1.0
2022,7,NYG,Daniel Jones,85.0,7.7,22.0,2.0,0.0
2022,7,NYG,Matt Breida,14.0,3.5,5.0,1.3,1.0
2022,7,TEN,Derrick Henry,46.0,1.5,82.0,2.7,2.0
2022,7,TEN,Ryan Tannehill,4.0,1.0,2.0,0.5,0.0
2022,7,TEN,Dontrell Hilliard,2.0,2.0,2.0,2.0,0.0
2022,7,IND,Jonathan Taylor,21.0,2.1,37.0,3.7,1.0
2022,7,IND,Nyheim Hines,1.0,0.3,1.0,0.3,0.0
2022,7,IND,Deon Jackson,0.0,0.0,3.0,1.5,0.0
2022,7,IND,Matt Ryan,2.0,2.0,0.0,0.0,0.0
2022,7,WAS,Brian Robinson Jr.,30.0,1.5,43.0,2.2,0.0
2022,7,WAS,Antonio Gibson,32.0,3.2,27.0,2.7,1.0
2022,7,WAS,Curtis Samuel,18.0,3.6,8.0,1.6,0.0
2022,7,WAS,Taylor Heinicke,4.0,2.0,0.0,0.0,0.0
2022,7,WAS,J.D. McKissic,2.0,2.0,2.0,2.0,0.0
2022,7,GB,Aaron Jones,7.0,0.9,16.0,2.0,0.0
2022,7,GB,AJ Dillon,5.0,1.3,10.0,2.5,0.0
2022,7,DEN,Melvin Gordon,27.0,2.5,6.0,0.5,0.0
2022,7,DEN,Latavius Murray,14.0,1.8,10.0,1.3,0.0
2022,7,DEN,Mike Boone,20.0,5.0,3.0,0.8,0.0
2022,7,DEN,Brett Rypien,8.0,2.7,1.0,0.3,0.0
2022,7,DEN,KJ Hamler,13.0,13.0,1.0,1.0,0.0
2022,7,DEN,Montrell Washington,1.0,1.0,1.0,1.0,1.0
2022,7,NYJ,Michael Carter,19.0,1.5,10.0,0.8,0.0
2022,7,NYJ,Breece Hall,67.0,16.8,5.0,1.3,0.0
2022,7,NYJ,Zach Wilson,24.0,6.0,0.0,0.0,0.0
2022,7,NYJ,Braxton Berrios,23.0,11.5,4.0,2.0,0.0
2022,7,NYJ,Ty Johnson,1.0,1.0,2.0,2.0,0.0
2022,7,LV,Josh Jacobs,98.0,4.9,45.0,2.3,0.0
2022,7,LV,Derek Carr,-1.0,-0.3,0.0,0.0,0.0
2022,7,LV,DJ Turner,4.0,1.3,16.0,5.3,0.0
2022,7,LV,Zamir White,0.0,0.0,2.0,2.0,0.0
2022,7,HOU,Dameon Pierce,44.0,2.2,48.0,2.4,0.0
2022,7,HOU,Rex Burkhead,3.0,1.5,5.0,2.5,0.0
2022,7,HOU,Dare Ogunbowale,5.0,5.0,3.0,3.0,0.0
2022,7,LAC,Austin Ekeler,26.0,2.9,5.0,0.6,0.0
2022,7,LAC,Justin Herbert,22.0,7.3,0.0,0.0,0.0
2022,7,LAC,Sony Michel,3.0,1.5,2.0,1.0,0.0
2022,7,LAC,Isaiah Spiller,-5.0,-5.0,0.0,0.0,0.0
2022,7,SEA,Kenneth Walker III,67.0,2.9,100.0,4.3,0.0
2022,7,SEA,DeeJay Dallas,30.0,5.0,5.0,0.8,0.0
2022,7,SEA,Geno Smith,7.0,1.8,0.0,0.0,0.0
2022,7,SEA,D'Wayne Eskridge,4.0,4.0,0.0,0.0,0.0
2022,7,SF,Christian McCaffrey,28.0,3.5,10.0,1.3,1.0
2022,7,SF,Jeff Wilson,40.0,5.7,14.0,2.0,1.0
2022,7,SF,Tyrion Davis-Price,0.0,0.0,4.0,2.0,1.0
2022,7,SF,Jimmy Garoppolo,2.0,1.0,0.0,0.0,0.0
2022,7,SF,Brock Purdy,1.0,1.0,0.0,0.0,0.0
2022,7,SF,Deebo Samuel,1.0,1.0,1.0,1.0,0.0
2022,7,KC,Isiah Pacheco,32.0,4.0,11.0,1.4,0.0
2022,7,KC,Clyde Edwards-Helaire,21.0,3.5,11.0,1.8,1.0
2022,7,KC,Chad Henne,-3.0,-1.0,0.0,0.0,0.0
2022,7,KC,Mecole Hardman,28.0,14.0,0.0,0.0,0.0
2022,7,KC,Jerick McKinnon,9.0,4.5,3.0,1.5,0.0
2022,7,MIA,Raheem Mostert,67.0,4.2,12.0,0.8,1.0
2022,7,MIA,Chase Edmonds,15.0,2.1,2.0,0.3,0.0
2022,7,MIA,Tua Tagovailoa,15.0,3.8,0.0,0.0,0.0
2022,7,PIT,Najee Harris,46.0,2.7,19.0,1.1,2.0
2022,7,PIT,Kenny Pickett,19.0,6.3,1.0,0.3,0.0
2022,7,PIT,Jaylen Warren,5.0,2.5,2.0,1.0,0.0
2022,7,PIT,Diontae Johnson,3.0,3.0,0.0,0.0,0.0
2022,7,NE,Rhamondre Stevenson,17.0,1.5,22.0,2.0,0.0
2022,7,NE,Damien Harris,3.0,1.0,5.0,1.7,0.0
2022,7,NE,Mac Jones,24.0,8.0,0.0,0.0,0.0
2022,7,NE,Bailey Zappe,-1.0,-0.5,0.0,0.0,0.0
2022,7,CHI,David Montgomery,18.0,1.2,44.0,2.9,2.0
2022,7,CHI,Justin Fields,68.0,4.9,14.0,1.0,0.0
2022,7,CHI,Khalil Herbert,32.0,2.7,30.0,2.5,1.0
2022,7,CHI,Trestan Ebner,4.0,1.3,4.0,1.3,0.0
2022,7,CHI,Dante Pettis,29.0,29.0,0.0,0.0,0.0
2022,8,TB,Leonard Fournette,15.0,1.7,9.0,1.0,0.0
2022,8,TB,Rachaad White,12.0,3.0,7.0,1.8,0.0
2022,8,TB,Tom Brady,1.0,1.0,0.0,0.0,0.0
2022,8,TB,Julio Jones,0.0,0.0,0.0,0.0,0.0
2022,8,BAL,Gus Edwards,18.0,1.6,47.0,4.3,1.0
2022,8,BAL,Lamar Jackson,23.0,2.6,20.0,2.2,0.0
2022,8,BAL,Kenyan Drake,46.0,6.6,16.0,2.3,0.0
2022,8,BAL,Justice Hill,20.0,5.0,8.0,2.0,1.0
2022,8,BAL,Devin Duvernay,33.0,16.5,0.0,0.0,0.0
2022,8,JAX,Travis Etienne,63.0,2.6,93.0,3.9,7.0
2022,8,JAX,Jamycal Hasty,7.0,1.8,6.0,1.5,0.0
2022,8,JAX,Trevor Lawrence,10.0,3.3,5.0,1.7,0.0
2022,8,JAX,Zay Jones,5.0,5.0,2.0,2.0,0.0
2022,8,DEN,Latavius Murray,18.0,1.3,28.0,2.0,4.0
2022,8,DEN,Melvin Gordon,14.0,1.6,15.0,1.7,0.0
2022,8,DEN,Russell Wilson,14.0,3.5,3.0,0.8,0.0
2022,8,DEN,KJ Hamler,0.0,0.0,9.0,9.0,1.0
2022,8,ATL,Caleb Huntley,38.0,2.4,53.0,3.3,0.0
2022,8,ATL,Tyler Allgeier,29.0,2.1,10.0,0.7,0.0
2022,8,ATL,Marcus Mariota,13.0,2.2,30.0,5.0,0.0
2022,8,ATL,Olamide Zaccheaus,-6.0,-6.0,0.0,0.0,0.0
2022,8,CAR,D'Onta Foreman,81.0,3.1,37.0,1.4,0.0
2022,8,CAR,Spencer Brown,21.0,3.5,6.0,1.0,0.0
2022,8,CAR,Raheem Blackshear,1.0,0.5,0.0,0.0,0.0
2022,8,CAR,D.J. Moore,3.0,3.0,0.0,0.0,0.0
2022,8,CAR,P.J. Walker,20.0,20.0,0.0,0.0,0.0
2022,8,DAL,Tony Pollard,56.0,4.0,75.0,5.4,0.0
2022,8,DAL,Malik Davis,17.0,2.1,6.0,0.8,0.0
2022,8,DAL,Dak Prescott,10.0,2.0,24.0,4.8,0.0
2022,8,DAL,CeeDee Lamb,0.0,0.0,1.0,1.0,0.0
2022,8,DAL,KaVontae Turpin,11.0,11.0,0.0,0.0,0.0
2022,8,CHI,Khalil Herbert,77.0,4.8,22.0,1.4,0.0
2022,8,CHI,David Montgomery,24.0,1.6,29.0,1.9,0.0
2022,8,CHI,Justin Fields,39.0,4.9,21.0,2.6,0.0
2022,8,CHI,Trestan Ebner,-8.0,-4.0,3.0,1.5,0.0
2022,8,CHI,Velus Jones Jr.,29.0,14.5,4.0,2.0,0.0
2022,8,DET,Jamaal Williams,43.0,4.3,10.0,1.0,0.0
2022,8,DET,D'Andre Swift,5.0,1.0,1.0,0.2,0.0
2022,8,DET,Craig Reynolds,7.0,3.5,0.0,0.0,0.0
2022,8,DET,Jared Goff,3.0,3.0,0.0,0.0,0.0
2022,8,DET,C.J. Moore,13.0,13.0,0.0,0.0,0.0
2022,8,MIA,Raheem Mostert,52.0,3.7,12.0,0.9,0.0
2022,8,MIA,Tua Tagovailoa,19.0,3.8,0.0,0.0,0.0
2022,8,MIA,Chase Edmonds,14.0,3.5,0.0,0.0,0.0
2022,8,MIA,Salvon Ahmed,2.0,2.0,0.0,0.0,0.0
2022,8,MIA,Tyreek Hill,7.0,7.0,0.0,0.0,0.0
2022,8,MIA,Alec Ingold,0.0,0.0,1.0,1.0,0.0
2022,8,MIN,Dalvin Cook,61.0,3.1,50.0,2.5,1.0
2022,8,MIN,Alexander Mattison,30.0,6.0,10.0,2.0,1.0
2022,8,MIN,Kirk Cousins,19.0,4.8,3.0,0.8,0.0
2022,8,ARI,Eno Benjamin,10.0,1.1,12.0,1.3,0.0
2022,8,ARI,Kyler Murray,33.0,5.5,3.0,0.5,0.0
2022,8,ARI,Darrel Williams,2.0,0.4,6.0,1.2,0.0
2022,8,ARI,Rondale Moore,10.0,5.0,2.0,1.0,0.0
2022,8,NO,Alvin Kamara,28.0,1.6,34.0,1.9,1.0
2022,8,NO,Taysom Hill,45.0,4.5,16.0,1.6,0.0
2022,8,NO,Dwayne Washington,5.0,1.3,8.0,2.0,0.0
2022,8,LV,Josh Jacobs,10.0,1.0,33.0,3.3,0.0
2022,8,LV,Davante Adams,-1.0,-1.0,0.0,0.0,0.0
2022,8,LV,Derek Carr,-1.0,-1.0,0.0,0.0,0.0
2022,8,LV,Matthias Farley,-3.0,-3.0,0.0,0.0,0.0
2022,8,NYJ,Michael Carter,15.0,2.1,11.0,1.6,0.0
2022,8,NYJ,James Robinson,11.0,2.2,6.0,1.2,0.0
2022,8,NYJ,Ty Johnson,2.0,1.0,4.0,2.0,0.0
2022,8,NYJ,Zach Wilson,1.0,1.0,1.0,1.0,0.0
2022,8,NE,Rhamondre Stevenson,4.0,0.3,67.0,4.2,4.0
2022,8,NE,Damien Harris,20.0,1.8,17.0,1.5,0.0
2022,8,NE,Mac Jones,16.0,2.3,3.0,0.4,0.0
2022,8,PHI,Miles Sanders,71.0,7.9,7.0,0.8,0.0
2022,8,PHI,Boston Scott,21.0,3.0,0.0,0.0,0.0
2022,8,PHI,Jalen Hurts,10.0,5.0,0.0,0.0,0.0
2022,8,PHI,Kenneth Gainwell,3.0,3.0,0.0,0.0,0.0
2022,8,PHI,Gardner Minshew II,-1.0,-1.0,0.0,0.0,0.0
2022,8,PIT,Najee Harris,21.0,2.6,11.0,1.4,0.0
2022,8,PIT,Kenny Pickett,36.0,5.1,1.0,0.1,0.0
2022,8,PIT,Jaylen Warren,40.0,6.7,10.0,1.7,0.0
2022,8,PIT,Steven Sims,21.0,10.5,0.0,0.0,0.0
2022,8,PIT,Marcus Allen,4.0,4.0,0.0,0.0,0.0
2022,8,HOU,Dameon Pierce,22.0,1.5,13.0,0.9,1.0
2022,8,HOU,Davis Mills,8.0,2.7,0.0,0.0,0.0
2022,8,TEN,Derrick Henry,92.0,2.9,127.0,4.0,4.0
2022,8,TEN,Dontrell Hilliard,61.0,7.6,22.0,2.8,0.0
2022,8,TEN,Malik Willis,12.0,2.4,0.0,0.0,0.0
2022,8,IND,Jonathan Taylor,51.0,3.2,25.0,1.6,0.0
2022,8,IND,Sam Ehlinger,12.0,2.0,3.0,0.5,0.0
2022,8,IND,Nyheim Hines,18.0,3.6,2.0,0.4,0.0
2022,8,IND,Parris Campbell,11.0,11.0,17.0,17.0,0.0
2022,8,IND,Deon Jackson,-4.0,-4.0,0.0,0.0,0.0
2022,8,WAS,Brian Robinson Jr.,9.0,1.1,11.0,1.4,0.0
2022,8,WAS,Antonio Gibson,10.0,1.4,9.0,1.3,0.0
2022,8,WAS,Taylor Heinicke,22.0,3.7,7.0,1.2,0.0
2022,8,WAS,Curtis Samuel,20.0,5.0,9.0,2.3,0.0
2022,8,WAS,J.D. McKissic,2.0,1.0,4.0,2.0,0.0
2022,8,WAS,Terry McLaurin,-7.0,-7.0,0.0,0.0,0.0
2022,8,LA,Ronnie Rivers,16.0,2.0,5.0,0.6,0.0
2022,8,LA,Malcolm Brown,8.0,1.6,2.0,0.4,0.0
2022,8,LA,Darrell Henderson,13.0,3.3,3.0,0.8,0.0
2022,8,LA,Cooper Kupp,7.0,3.5,3.0,1.5,0.0
2022,8,LA,Matthew Stafford,-1.0,-0.5,0.0,0.0,0.0
2022,8,SF,Christian McCaffrey,61.0,3.4,33.0,1.8,3.0
2022,8,SF,Jeff Wilson,11.0,2.8,3.0,0.8,0.0
2022,8,SF,Jimmy Garoppolo,2.0,2.0,1.0,1.0,0.0
2022,8,SEA,Kenneth Walker III,29.0,1.6,22.0,1.2,1.0
2022,8,SEA,Geno Smith,20.0,4.0,6.0,1.2,0.0
2022,8,SEA,Travis Homer,7.0,3.5,3.0,1.5,0.0
2022,8,NYG,Saquon Barkley,29.0,1.5,24.0,1.2,2.0
2022,8,NYG,Daniel Jones,20.0,3.3,0.0,0.0,0.0
2022,8,NYG,Matt Breida,5.0,2.5,0.0,0.0,0.0
2022,8,BUF,Devin Singletary,49.0,3.5,18.0,1.3,0.0
2022,8,BUF,Josh Allen,44.0,7.3,5.0,0.8,1.0
2022,8,BUF,James Cook,27.0,5.4,8.0,1.6,0.0
2022,8,BUF,Isaiah McKenzie,0.0,0.0,2.0,1.0,0.0
2022,8,GB,Aaron Jones,95.0,4.8,48.0,2.4,2.0
2022,8,GB,AJ Dillon,37.0,3.7,17.0,1.7,0.0
2022,8,GB,Aaron Rodgers,11.0,11.0,0.0,0.0,0.0
2022,8,CLE,Nick Chubb,59.0,2.6,42.0,1.8,4.0
2022,8,CLE,Kareem Hunt,15.0,1.4,27.0,2.5,1.0
2022,8,CLE,Jacoby Brissett,0.0,0.0,12.0,2.0,0.0
2022,8,CLE,D'Ernest Johnson,5.0,1.3,12.0,3.0,0.0
2022,8,CIN,Joe Mixon,11.0,1.4,16.0,2.0,0.0
2022,8,CIN,Joe Burrow,0.0,0.0,2.0,2.0,0.0
2022,8,CIN,Samaje Perine,2.0,2.0,5.0,5.0,0.0
2022,9,HOU,Dameon Pierce,67.0,2.5,72.0,2.7,5.0
2022,9,HOU,Davis Mills,18.0,6.0,0.0,0.0,0.0
2022,9,HOU,Rex Burkhead,4.0,4.0,5.0,5.0,0.0
2022,9,HOU,Chris Moore,2.0,2.0,0.0,0.0,0.0
2022,9,PHI,Miles Sanders,58.0,3.4,35.0,2.1,2.0
2022,9,PHI,Jalen Hurts,7.0,0.8,16.0,1.8,0.0
2022,9,PHI,Kenneth Gainwell,15.0,3.8,7.0,1.8,1.0
2022,9,PHI,Boston Scott,5.0,5.0,0.0,0.0,0.0
2022,9,ATL,Cordarrelle Patterson,39.0,3.0,5.0,0.4,0.0
2022,9,ATL,Tyler Allgeier,62.0,6.2,37.0,3.7,0.0
2022,9,ATL,Caleb Huntley,28.0,4.0,6.0,0.9,0.0
2022,9,ATL,Marcus Mariota,24.0,4.8,0.0,0.0,0.0
2022,9,LAC,Austin Ekeler,38.0,2.7,9.0,0.6,0.0
2022,9,LAC,Isaiah Spiller,13.0,1.9,16.0,2.3,0.0
2022,9,LAC,Gerald Everett,0.0,0.0,0.0,0.0,0.0
2022,9,LAC,Justin Herbert,3.0,3.0,0.0,0.0,0.0
2022,9,LAC,Sony Michel,9.0,9.0,3.0,3.0,0.0
2022,9,CHI,Justin Fields,156.0,10.4,22.0,1.5,1.0
2022,9,CHI,David Montgomery,15.0,1.1,21.0,1.5,0.0
2022,9,CHI,Khalil Herbert,6.0,0.9,17.0,2.4,0.0
2022,9,CHI,Cole Kmet,9.0,4.5,0.0,0.0,0.0
2022,9,CHI,Chase Claypool,2.0,2.0,2.0,2.0,0.0
2022,9,CHI,Darnell Mooney,0.0,0.0,2.0,2.0,0.0
2022,9,MIA,Raheem Mostert,19.0,2.1,7.0,0.8,0.0
2022,9,MIA,Jeff Wilson,27.0,3.0,24.0,2.7,1.0
2022,9,MIA,Tua Tagovailoa,0.0,0.0,0.0,0.0,0.0
2022,9,CIN,Joe Mixon,69.0,3.1,84.0,3.8,2.0
2022,9,CIN,Samaje Perine,25.0,4.2,26.0,4.3,0.0
2022,9,CIN,Joe Burrow,5.0,1.3,4.0,1.0,0.0
2022,9,CIN,Brandon Allen,-1.0,-0.3,0.0,0.0,0.0
2022,9,CIN,Trent Taylor,15.0,5.0,3.0,1.0,1.0
2022,9,CIN,Trenton Irwin,8.0,8.0,3.0,3.0,0.0
2022,9,CAR,D'Onta Foreman,16.0,2.3,7.0,1.0,0.0
2022,9,CAR,Raheem Blackshear,12.0,2.4,1.0,0.2,0.0
2022,9,CAR,Spencer Brown,11.0,3.7,5.0,1.7,0.0
2022,9,CAR,Laviska Shenault Jr.,4.0,2.0,2.0,1.0,0.0
2022,9,CAR,P.J. Walker,3.0,3.0,3.0,3.0,0.0
2022,9,DET,Jamaal Williams,37.0,1.5,44.0,1.8,2.0
2022,9,DET,Justin Jackson,10.0,2.5,17.0,4.3,0.0
2022,9,DET,D'Andre Swift,6.0,3.0,4.0,2.0,0.0
2022,9,DET,Jared Goff,-1.0,-1.0,0.0,0.0,0.0
2022,9,GB,AJ Dillon,19.0,1.7,15.0,1.4,0.0
2022,9,GB,Aaron Jones,7.0,0.8,18.0,2.0,0.0
2022,9,GB,Aaron Rodgers,40.0,10.0,0.0,0.0,0.0
2022,9,GB,Kylin Hill,2.0,2.0,5.0,5.0,0.0
2022,9,JAX,Travis Etienne,60.0,2.1,49.0,1.8,4.0
2022,9,JAX,Trevor Lawrence,47.0,7.8,6.0,1.0,0.0
2022,9,JAX,Jamycal Hasty,1.0,0.3,5.0,1.7,1.0
2022,9,LV,Josh Jacobs,16.0,0.9,51.0,3.0,4.0
2022,9,LV,Brandon Bolden,5.0,5.0,0.0,0.0,0.0
2022,9,LV,Zamir White,-1.0,-1.0,0.0,0.0,0.0
2022,9,LV,Foster Moreau,2.0,,0.0,,0.0
2022,9,NE,Rhamondre Stevenson,39.0,2.6,21.0,1.4,2.0
2022,9,NE,J.J. Taylor,4.0,0.4,5.0,0.5,1.0
2022,9,NE,Kendrick Bourne,1.0,1.0,0.0,0.0,0.0
2022,9,NE,Mac Jones,-2.0,-2.0,0.0,0.0,0.0
2022,9,NE,Jakobi Meyers,1.0,1.0,1.0,1.0,0.0
2022,9,IND,Deon Jackson,18.0,1.6,5.0,0.5,0.0
2022,9,IND,Sam Ehlinger,38.0,7.6,1.0,0.2,0.0
2022,9,IND,Jordan Wilkins,10.0,3.3,3.0,1.0,0.0
2022,9,IND,Parris Campbell,1.0,1.0,0.0,0.0,0.0
2022,9,IND,Kylen Granson,0.0,0.0,0.0,0.0,0.0
2022,9,IND,Phillip Lindsay,1.0,1.0,1.0,1.0,0.0
2022,9,NYJ,James Robinson,38.0,2.9,10.0,0.8,0.0
2022,9,NYJ,Michael Carter,44.0,3.7,32.0,2.7,0.0
2022,9,NYJ,Zach Wilson,22.0,4.4,2.0,0.4,0.0
2022,9,NYJ,Ty Johnson,13.0,6.5,4.0,2.0,0.0
2022,9,NYJ,Ashtyn Davis,1.0,1.0,1.0,1.0,0.0
2022,9,NYJ,Garrett Wilson,7.0,7.0,0.0,0.0,0.0
2022,9,BUF,Josh Allen,81.0,9.0,5.0,0.6,0.0
2022,9,BUF,Devin Singletary,17.0,2.1,7.0,0.9,0.0
2022,9,BUF,James Cook,8.0,2.0,7.0,1.8,0.0
2022,9,BUF,Isaiah McKenzie,7.0,7.0,2.0,2.0,0.0
2022,9,WAS,Brian Robinson Jr.,27.0,2.1,17.0,1.3,1.0
2022,9,WAS,Antonio Gibson,21.0,1.9,15.0,1.4,0.0
2022,9,WAS,Taylor Heinicke,10.0,2.5,7.0,1.8,1.0
2022,9,WAS,Armani Rogers,0.0,0.0,24.0,24.0,0.0
2022,9,WAS,Curtis Samuel,6.0,6.0,10.0,10.0,0.0
2022,9,MIN,Dalvin Cook,27.0,1.6,20.0,1.2,0.0
2022,9,MIN,Kirk Cousins,-2.0,-1.0,0.0,0.0,0.0
2022,9,MIN,Alexander Mattison,1.0,0.5,0.0,0.0,0.0
2022,9,MIN,Justin Jefferson,7.0,7.0,3.0,3.0,0.0
2022,9,ARI,Kyler Murray,58.0,7.3,2.0,0.3,0.0
2022,9,ARI,James Conner,19.0,2.7,26.0,3.7,0.0
2022,9,ARI,Eno Benjamin,6.0,1.5,6.0,1.5,0.0
2022,9,ARI,Greg Dortch,0.0,0.0,3.0,3.0,0.0
2022,9,ARI,Keaontay Ingram,2.0,2.0,0.0,0.0,0.0
2022,9,SEA,Kenneth Walker III,84.0,3.2,25.0,1.0,0.0
2022,9,SEA,Geno Smith,38.0,6.3,0.0,0.0,0.0
2022,9,SEA,DeeJay Dallas,4.0,4.0,0.0,0.0,0.0
2022,9,SEA,Travis Homer,7.0,7.0,0.0,0.0,0.0
2022,9,TB,Leonard Fournette,16.0,1.8,3.0,0.3,0.0
2022,9,TB,Rachaad White,18.0,2.3,9.0,1.1,0.0
2022,9,TB,Ke'Shawn Vaughn,-1.0,-0.5,5.0,2.5,1.0
2022,9,TB,Chris Godwin,0.0,0.0,1.0,1.0,0.0
2022,9,LA,Darrell Henderson,39.0,3.3,17.0,1.4,1.0
2022,9,LA,Cam Akers,3.0,0.6,0.0,0.0,0.0
2022,9,LA,Cooper Kupp,1.0,0.3,0.0,0.0,0.0
2022,9,LA,Malcolm Brown,9.0,4.5,0.0,0.0,0.0
2022,9,LA,Matthew Stafford,-1.0,-0.5,0.0,0.0,0.0
2022,9,KC,Patrick Mahomes,61.0,10.2,2.0,0.3,0.0
2022,9,KC,Isiah Pacheco,3.0,0.6,2.0,0.4,0.0
2022,9,KC,Clyde Edwards-Helaire,2.0,0.5,3.0,0.8,0.0
2022,9,KC,Jerick McKinnon,3.0,1.0,1.0,0.3,0.0
2022,9,KC,Michael Burton,0.0,0.0,0.0,0.0,0.0
2022,9,TEN,Derrick Henry,43.0,2.5,72.0,4.2,2.0
2022,9,TEN,Malik Willis,32.0,4.0,8.0,1.0,1.0
2022,9,TEN,Dontrell Hilliard,9.0,3.0,3.0,1.0,0.0
2022,9,TEN,Hassan Haskins,4.0,4.0,1.0,1.0,0.0
2022,9,NO,Alvin Kamara,21.0,2.3,9.0,1.0,0.0
2022,9,NO,Dwayne Washington,3.0,1.0,4.0,1.3,0.0
2022,9,NO,Andy Dalton,3.0,1.5,2.0,1.0,0.0
2022,9,NO,Taysom Hill,4.0,4.0,2.0,2.0,0.0
2022,9,BAL,Kenyan Drake,45.0,1.9,48.0,2.0,0.0
2022,9,BAL,Lamar Jackson,30.0,2.7,52.0,4.7,3.0
2022,9,BAL,Justice Hill,4.0,1.0,7.0,1.8,0.0
2022,9,BAL,Patrick Ricard,0.0,0.0,2.0,2.0,0.0
2022,10,CAR,D'Onta Foreman,63.0,2.0,67.0,2.2,3.0
2022,10,CAR,Raheem Blackshear,16.0,2.7,16.0,2.7,1.0
2022,10,CAR,Chuba Hubbard,12.0,2.4,2.0,0.4,0.0
2022,10,CAR,P.J. Walker,6.0,2.0,8.0,2.7,1.0
2022,10,CAR,Laviska Shenault Jr.,42.0,21.0,0.0,0.0,0.0
2022,10,ATL,Tyler Allgeier,7.0,0.9,13.0,1.6,1.0
2022,10,ATL,Caleb Huntley,31.0,6.2,1.0,0.2,0.0
2022,10,ATL,Cordarrelle Patterson,9.0,1.8,9.0,1.8,0.0
2022,10,ATL,Avery Williams,22.0,5.5,3.0,0.8,0.0
2022,10,ATL,Marcus Mariota,17.0,5.7,26.0,8.7,0.0
2022,10,TB,Rachaad White,65.0,3.0,40.0,1.8,1.0
2022,10,TB,Leonard Fournette,41.0,2.9,16.0,1.1,0.0
2022,10,TB,Tom Brady,-3.0,-0.5,0.0,0.0,0.0
2022,10,TB,Ke'Shawn Vaughn,2.0,1.0,0.0,0.0,0.0
2022,10,SEA,Kenneth Walker III,9.0,0.9,8.0,0.8,0.0
2022,10,SEA,Geno Smith,13.0,3.3,9.0,2.3,0.0
2022,10,BUF,Devin Singletary,26.0,2.0,21.0,1.6,1.0
2022,10,BUF,Josh Allen,62.0,10.3,22.0,3.7,0.0
2022,10,BUF,James Cook,8.0,1.6,14.0,2.8,0.0
2022,10,BUF,Duke Johnson,1.0,0.5,3.0,1.5,0.0
2022,10,BUF,Isaiah McKenzie,18.0,18.0,0.0,0.0,0.0
2022,10,MIN,Dalvin Cook,20.0,1.4,99.0,7.1,0.0
2022,10,MIN,Kirk Cousins,12.0,2.0,0.0,0.0,0.0
2022,10,MIN,Alexander Mattison,3.0,1.0,8.0,2.7,0.0
2022,10,MIN,C.J. Ham,3.0,3.0,0.0,0.0,0.0
2022,10,MIN,K.J. Osborn,0.0,0.0,2.0,2.0,1.0
2022,10,CHI,Justin Fields,130.0,10.0,17.0,1.3,1.0
2022,10,CHI,Khalil Herbert,33.0,3.3,24.0,2.4,2.0
2022,10,CHI,David Montgomery,18.0,2.0,19.0,2.1,2.0
2022,10,CHI,Equanimeous St. Brown,4.0,2.0,5.0,2.5,0.0
2022,10,CHI,Dante Pettis,8.0,8.0,0.0,0.0,0.0
2022,10,DET,Jamaal Williams,26.0,1.6,33.0,2.1,4.0
2022,10,DET,D'Andre Swift,3.0,0.5,3.0,0.5,0.0
2022,10,DET,Jared Goff,14.0,3.5,0.0,0.0,0.0
2022,10,DET,Justin Jackson,10.0,2.5,4.0,1.0,0.0
2022,10,DET,Amon-Ra St. Brown,1.0,1.0,1.0,1.0,0.0
2022,10,KC,Isiah Pacheco,52.0,3.3,30.0,1.9,0.0
2022,10,KC,Patrick Mahomes,39.0,5.6,0.0,0.0,0.0
2022,10,KC,Kadarius Toney,33.0,16.5,0.0,0.0,0.0
2022,10,KC,Michael Burton,-1.0,-1.0,0.0,0.0,0.0
2022,10,KC,Jerick McKinnon,2.0,2.0,0.0,0.0,0.0
2022,10,JAX,Travis Etienne,34.0,3.1,11.0,1.0,0.0
2022,10,JAX,Trevor Lawrence,25.0,6.3,1.0,0.3,0.0
2022,10,JAX,Jamycal Hasty,4.0,4.0,0.0,0.0,0.0
2022,10,MIA,Jeff Wilson,74.0,4.4,45.0,2.6,2.0
2022,10,MIA,Raheem Mostert,52.0,6.5,13.0,1.6,0.0
2022,10,MIA,Salvon Ahmed,4.0,1.3,7.0,2.3,0.0
2022,10,MIA,Skylar Thompson,0.0,0.0,0.0,0.0,0.0
2022,10,MIA,Robert Hunt,0.0,0.0,0.0,0.0,0.0
2022,10,MIA,Durham Smythe,0.0,0.0,0.0,0.0,0.0
2022,10,MIA,Tua Tagovailoa,0.0,0.0,0.0,0.0,0.0
2022,10,CLE,Nick Chubb,23.0,2.1,40.0,3.6,2.0
2022,10,CLE,Jacoby Brissett,38.0,5.4,2.0,0.3,0.0
2022,10,CLE,Kareem Hunt,3.0,0.5,6.0,1.0,0.0
2022,10,NYG,Saquon Barkley,111.0,3.2,41.0,1.2,0.0
2022,10,NYG,Matt Breida,18.0,3.0,2.0,0.3,0.0
2022,10,NYG,Daniel Jones,21.0,4.2,3.0,0.6,0.0
2022,10,NYG,Wan'Dale Robinson,-5.0,-5.0,0.0,0.0,0.0
2022,10,HOU,Dameon Pierce,76.0,4.5,18.0,1.1,0.0
2022,10,HOU,Rex Burkhead,2.0,2.0,0.0,0.0,0.0
2022,10,HOU,Brandin Cooks,5.0,5.0,0.0,0.0,0.0
2022,10,PIT,Najee Harris,40.0,2.0,59.0,3.0,1.0
2022,10,PIT,Jaylen Warren,10.0,1.1,27.0,3.0,2.0
2022,10,PIT,Kenny Pickett,39.0,4.9,12.0,1.5,0.0
2022,10,PIT,George Pickens,19.0,9.5,4.0,2.0,0.0
2022,10,PIT,Steven Sims,0.0,0.0,2.0,1.0,0.0
2022,10,PIT,Derek Watt,2.0,1.0,3.0,1.5,0.0
2022,10,NO,Alvin Kamara,12.0,1.5,14.0,1.8,1.0
2022,10,NO,Andy Dalton,0.0,0.0,1.0,0.3,0.0
2022,10,NO,Taysom Hill,-1.0,-0.3,2.0,0.7,0.0
2022,10,NO,Jordan Howard,0.0,0.0,1.0,1.0,0.0
2022,10,TEN,Derrick Henry,44.0,2.3,9.0,0.5,0.0
2022,10,TEN,Ryan Tannehill,12.0,6.0,0.0,0.0,0.0
2022,10,TEN,Dontrell Hilliard,2.0,2.0,0.0,0.0,0.0
2022,10,TEN,Malik Willis,-4.0,-4.0,0.0,0.0,0.0
2022,10,DEN,Latavius Murray,17.0,1.9,7.0,0.8,0.0
2022,10,DEN,Melvin Gordon,21.0,3.0,3.0,0.4,0.0
2022,10,DEN,Russell Wilson,6.0,0.9,2.0,0.3,0.0
2022,10,DEN,Chase Edmonds,3.0,1.5,6.0,3.0,0.0
2022,10,LV,Josh Jacobs,44.0,2.1,34.0,1.6,0.0
2022,10,LV,Zamir White,-2.0,-1.0,1.0,0.5,0.0
2022,10,LV,Mack Hollins,0.0,0.0,0.0,0.0,0.0
2022,10,IND,Jonathan Taylor,111.0,5.0,36.0,1.6,0.0
2022,10,IND,Matt Ryan,34.0,8.5,4.0,1.0,0.0
2022,10,IND,Jordan Wilkins,8.0,2.7,10.0,3.3,0.0
2022,10,IND,Zack Moss,3.0,3.0,1.0,1.0,0.0
2022,10,GB,Aaron Jones,112.0,4.7,26.0,1.1,0.0
2022,10,GB,AJ Dillon,26.0,2.0,39.0,3.0,1.0
2022,10,GB,Aaron Rodgers,4.0,2.0,0.0,0.0,0.0
2022,10,DAL,Tony Pollard,70.0,3.2,45.0,2.0,0.0
2022,10,DAL,Malik Davis,26.0,5.2,12.0,2.4,0.0
2022,10,DAL,Dak Prescott,1.0,0.3,5.0,1.3,0.0
2022,10,LA,Cam Akers,9.0,1.5,13.0,2.2,0.0
2022,10,LA,Darrell Henderson,14.0,2.3,7.0,1.2,0.0
2022,10,LA,Bryce Perkins,3.0,1.0,1.0,0.3,0.0
2022,10,LA,John Wolford,-1.0,-0.3,4.0,1.3,0.0
2022,10,LA,Brandon Powell,5.0,5.0,2.0,2.0,0.0
2022,10,LA,Kyren Williams,7.0,7.0,2.0,2.0,0.0
2022,10,ARI,James Conner,32.0,1.5,37.0,1.8,0.0
2022,10,ARI,Colt McCoy,3.0,0.8,1.0,0.3,0.0
2022,10,ARI,Keaontay Ingram,4.0,4.0,1.0,1.0,0.0
2022,10,SF,Elijah Mitchell,54.0,3.0,35.0,1.9,0.0
2022,10,SF,Christian McCaffrey,22.0,1.6,16.0,1.1,1.0
2022,10,SF,Jimmy Garoppolo,2.0,0.4,1.0,0.2,0.0
2022,10,SF,Deebo Samuel,13.0,3.3,14.0,3.5,1.0
2022,10,LAC,Austin Ekeler,16.0,2.7,8.0,1.3,0.0
2022,10,LAC,Justin Herbert,20.0,4.0,2.0,0.4,0.0
2022,10,LAC,Isaiah Spiller,1.0,0.3,2.0,0.5,0.0
2022,10,LAC,Sony Michel,1.0,1.0,1.0,1.0,0.0
2022,10,PHI,Miles Sanders,28.0,2.3,26.0,2.2,0.0
2022,10,PHI,Jalen Hurts,19.0,3.2,9.0,1.5,0.0
2022,10,PHI,Kenneth Gainwell,2.0,2.0,5.0,5.0,0.0
2022,10,PHI,Boston Scott,3.0,3.0,2.0,2.0,0.0
2022,10,WAS,Brian Robinson Jr.,36.0,1.4,50.0,1.9,1.0
2022,10,WAS,Antonio Gibson,19.0,1.4,25.0,1.8,1.0
2022,10,WAS,Taylor Heinicke,6.0,1.2,4.0,0.8,0.0
2022,10,WAS,Curtis Samuel,8.0,2.0,4.0,1.0,0.0
2022,11,GB,Aaron Jones,19.0,1.6,21.0,1.8,3.0
2022,11,GB,AJ Dillon,7.0,1.2,6.0,1.0,0.0
2022,11,GB,Christian Watson,3.0,3.0,0.0,0.0,0.0
2022,11,TEN,Derrick Henry,42.0,1.5,45.0,1.6,5.0
2022,11,TEN,Ryan Tannehill,-3.0,-1.0,0.0,0.0,0.0
2022,11,TEN,Dontrell Hilliard,2.0,2.0,2.0,2.0,0.0
2022,11,ATL,Marcus Mariota,14.0,1.1,11.0,0.8,0.0
2022,11,ATL,Cordarrelle Patterson,27.0,2.7,25.0,2.5,1.0
2022,11,ATL,Tyler Allgeier,32.0,4.0,23.0,2.9,1.0
2022,11,ATL,Caleb Huntley,3.0,3.0,1.0,1.0,0.0
2022,11,ATL,Olamide Zaccheaus,0.0,0.0,13.0,13.0,0.0
2022,11,CHI,Justin Fields,62.0,3.4,23.0,1.3,0.0
2022,11,CHI,David Montgomery,37.0,2.2,30.0,1.8,0.0
2022,11,CHI,Trestan Ebner,0.0,0.0,8.0,1.3,0.0
2022,11,BAL,Lamar Jackson,31.0,2.8,0.0,0.0,0.0
2022,11,BAL,Kenyan Drake,39.0,3.9,7.0,0.7,0.0
2022,11,BAL,Justice Hill,22.0,3.1,8.0,1.1,0.0
2022,11,BAL,Devin Duvernay,4.0,4.0,0.0,0.0,0.0
2022,11,BAL,Patrick Ricard,3.0,3.0,1.0,1.0,0.0
2022,11,CAR,D'Onta Foreman,15.0,1.4,9.0,0.8,0.0
2022,11,CAR,Chuba Hubbard,-1.0,-0.3,1.0,0.3,0.0
2022,11,CAR,Baker Mayfield,12.0,6.0,0.0,0.0,0.0
2022,11,BUF,Devin Singletary,49.0,2.7,37.0,2.1,3.0
2022,11,BUF,James Cook,64.0,5.8,22.0,2.0,0.0
2022,11,BUF,Josh Allen,6.0,2.0,1.0,0.3,0.0
2022,11,BUF,Nyheim Hines,-8.0,-8.0,0.0,0.0,0.0
2022,11,CLE,Nick Chubb,-7.0,-0.5,26.0,1.9,2.0
2022,11,CLE,Jacoby Brissett,29.0,4.1,0.0,0.0,0.0
2022,11,CLE,Kareem Hunt,17.0,3.4,15.0,3.0,0.0
2022,11,HOU,Dameon Pierce,3.0,0.3,5.0,0.5,0.0
2022,11,HOU,Davis Mills,10.0,2.0,0.0,0.0,0.0
2022,11,HOU,Chris Moore,2.0,2.0,1.0,1.0,0.0
2022,11,WAS,Antonio Gibson,43.0,2.4,29.0,1.6,0.0
2022,11,WAS,Brian Robinson Jr.,32.0,2.1,25.0,1.7,0.0
2022,11,WAS,Taylor Heinicke,2.0,0.7,0.0,0.0,0.0
2022,11,WAS,Curtis Samuel,16.0,8.0,2.0,1.0,0.0
2022,11,WAS,Jahan Dotson,2.0,2.0,1.0,1.0,0.0
2022,11,WAS,Terry McLaurin,1.0,1.0,0.0,0.0,0.0
2022,11,IND,Jonathan Taylor,37.0,1.7,47.0,2.1,3.0
2022,11,IND,Zack Moss,2.0,1.0,5.0,2.5,0.0
2022,11,IND,Deon Jackson,2.0,2.0,5.0,5.0,0.0
2022,11,IND,Matt Ryan,1.0,1.0,0.0,0.0,0.0
2022,11,PHI,Jalen Hurts,55.0,3.4,31.0,1.9,4.0
2022,11,PHI,Miles Sanders,31.0,2.4,16.0,1.2,0.0
2022,11,PHI,Boston Scott,7.0,2.3,1.0,0.3,0.0
2022,11,PHI,Kenneth Gainwell,0.0,0.0,0.0,0.0,0.0
2022,11,NE,Rhamondre Stevenson,19.0,1.3,7.0,0.5,0.0
2022,11,NE,Damien Harris,47.0,5.9,18.0,2.3,0.0
2022,11,NE,Mac Jones,2.0,1.0,1.0,0.5,0.0
2022,11,NE,Jonnu Smith,5.0,5.0,0.0,0.0,0.0
2022,11,NYJ,Michael Carter,13.0,1.6,6.0,0.8,0.0
2022,11,NYJ,James Robinson,9.0,1.3,1.0,0.1,2.0
2022,11,NYJ,Ty Johnson,0.0,0.0,4.0,1.0,0.0
2022,11,NYJ,Zach Wilson,26.0,8.7,0.0,0.0,0.0
2022,11,NYJ,Garrett Wilson,0.0,0.0,0.0,0.0,0.0
2022,11,NO,Alvin Kamara,24.0,2.0,18.0,1.5,0.0
2022,11,NO,Taysom Hill,32.0,3.6,20.0,2.2,0.0
2022,11,NO,Andy Dalton,-2.0,-1.0,0.0,0.0,0.0
2022,11,NO,David Johnson,-4.0,-4.0,0.0,0.0,0.0
2022,11,LA,Cam Akers,31.0,2.2,30.0,2.1,1.0
2022,11,LA,Kyren Williams,21.0,3.0,15.0,2.1,0.0
2022,11,LA,Bryce Perkins,15.0,3.0,24.0,4.8,0.0
2022,11,LA,Darrell Henderson,7.0,3.5,2.0,1.0,0.0
2022,11,LA,Brandon Powell,-1.0,-1.0,0.0,0.0,0.0
2022,11,LA,Matthew Stafford,4.0,4.0,0.0,0.0,0.0
2022,11,NYG,Saquon Barkley,10.0,0.7,12.0,0.8,0.0
2022,11,NYG,Daniel Jones,46.0,6.6,4.0,0.6,0.0
2022,11,NYG,Matt Breida,7.0,2.3,6.0,2.0,0.0
2022,11,NYG,Wan'Dale Robinson,4.0,4.0,0.0,0.0,0.0
2022,11,DET,Jamaal Williams,41.0,2.4,23.0,1.4,0.0
2022,11,DET,Justin Jackson,30.0,3.3,36.0,4.0,1.0
2022,11,DET,D'Andre Swift,14.0,2.8,6.0,1.2,0.0
2022,11,DET,Jared Goff,-1.0,-0.3,0.0,0.0,0.0
2022,11,DET,Kalif Raymond,7.0,7.0,0.0,0.0,0.0
2022,11,DET,Amon-Ra St. Brown,0.0,0.0,4.0,4.0,0.0
2022,11,DEN,Latavius Murray,39.0,2.3,10.0,0.6,0.0
2022,11,DEN,Melvin Gordon,25.0,3.1,6.0,0.8,0.0
2022,11,DEN,Chase Edmonds,4.0,2.0,2.0,1.0,0.0
2022,11,DEN,Russell Wilson,8.0,8.0,0.0,0.0,0.0
2022,11,LV,Josh Jacobs,68.0,2.8,41.0,1.7,0.0
2022,11,MIN,Dalvin Cook,59.0,5.4,13.0,1.2,0.0
2022,11,MIN,Kene Nwangwu,-1.0,-0.3,2.0,0.5,0.0
2022,11,MIN,Alexander Mattison,0.0,0.0,0.0,0.0,0.0
2022,11,DAL,Ezekiel Elliott,30.0,2.0,12.0,0.8,1.0
2022,11,DAL,Tony Pollard,43.0,2.9,37.0,2.5,0.0
2022,11,DAL,Malik Davis,12.0,1.7,1.0,0.1,1.0
2022,11,DAL,Dak Prescott,15.0,5.0,1.0,0.3,1.0
2022,11,PIT,Najee Harris,39.0,2.0,51.0,2.6,1.0
2022,11,PIT,Kenny Pickett,14.0,7.0,0.0,0.0,0.0
2022,11,PIT,Diontae Johnson,0.0,0.0,1.0,1.0,0.0
2022,11,PIT,Steven Sims,-3.0,-3.0,0.0,0.0,0.0
2022,11,CIN,Samaje Perine,15.0,1.4,15.0,1.4,0.0
2022,11,CIN,Joe Mixon,7.0,1.0,13.0,1.9,0.0
2022,11,CIN,Joe Burrow,3.0,0.8,2.0,0.5,0.0
2022,11,CIN,Trayveon Williams,3.0,1.5,4.0,2.0,0.0
2022,11,LAC,Austin Ekeler,56.0,2.9,27.0,1.4,0.0
2022,11,LAC,Justin Herbert,12.0,2.4,5.0,1.0,0.0
2022,11,LAC,Isaiah Spiller,5.0,1.3,6.0,1.5,0.0
2022,11,LAC,Zander Horvath,3.0,3.0,0.0,0.0,0.0
2022,11,LAC,Sony Michel,1.0,1.0,0.0,0.0,0.0
2022,11,KC,Isiah Pacheco,83.0,5.5,24.0,1.6,0.0
2022,11,KC,Jerick McKinnon,17.0,2.8,7.0,1.2,0.0
2022,11,KC,Patrick Mahomes,23.0,5.8,0.0,0.0,0.0
2022,11,KC,Clyde Edwards-Helaire,8.0,4.0,1.0,0.5,0.0
2022,11,ARI,James Conner,12.0,0.9,30.0,2.1,0.0
2022,11,ARI,Keaontay Ingram,10.0,2.0,9.0,1.8,0.0
2022,11,ARI,Colt McCoy,6.0,2.0,0.0,0.0,0.0
2022,11,ARI,Trace McSorley,6.0,6.0,0.0,0.0,0.0
2022,11,ARI,Rondale Moore,-6.0,-6.0,0.0,0.0,0.0
2022,11,SF,Elijah Mitchell,36.0,4.0,23.0,2.6,1.0
2022,11,SF,Christian McCaffrey,19.0,2.7,20.0,2.9,0.0
2022,11,SF,Jordan Mason,2.0,0.5,12.0,3.0,1.0
2022,11,SF,Brock Purdy,0.0,0.0,3.0,1.0,0.0
2022,11,SF,Deebo Samuel,37.0,12.3,0.0,0.0,0.0
2022,11,SF,Jimmy Garoppolo,0.0,0.0,3.0,3.0,0.0
2022,11,SF,Kyle Juszczyk,2.0,2.0,2.0,2.0,0.0
2022,12,DET,Jamaal Williams,61.0,3.4,5.0,0.3,1.0
2022,12,DET,D'Andre Swift,16.0,3.2,3.0,0.6,2.0
2022,12,DET,Justin Jackson,-7.0,-1.8,11.0,2.8,1.0
2022,12,DET,Amon-Ra St. Brown,7.0,7.0,0.0,0.0,0.0
2022,12,BUF,Devin Singletary,66.0,4.7,6.0,0.4,1.0
2022,12,BUF,Josh Allen,70.0,7.0,8.0,0.8,1.0
2022,12,BUF,James Cook,4.0,2.0,0.0,0.0,0.0
2022,12,BUF,Isaiah McKenzie,7.0,3.5,0.0,0.0,0.0
2022,12,BUF,Nyheim Hines,3.0,3.0,0.0,0.0,0.0
2022,12,DAL,Tony Pollard,25.0,1.4,35.0,1.9,0.0
2022,12,DAL,Ezekiel Elliott,59.0,3.7,33.0,2.1,1.0
2022,12,DAL,CeeDee Lamb,9.0,4.5,2.0,1.0,0.0
2022,12,DAL,Dak Prescott,-1.0,-0.5,5.0,2.5,0.0
2022,12,DAL,Peyton Hendershot,2.0,2.0,0.0,0.0,0.0
2022,12,NYG,Saquon Barkley,31.0,2.8,8.0,0.7,0.0
2022,12,NYG,Gary Brightwell,30.0,6.0,1.0,0.2,0.0
2022,12,NYG,Daniel Jones,8.0,2.7,6.0,2.0,0.0
2022,12,NYG,Matt Breida,3.0,1.5,3.0,1.5,0.0
2022,12,MIN,Dalvin Cook,38.0,1.7,4.0,0.2,0.0
2022,12,MIN,Alexander Mattison,9.0,3.0,2.0,0.7,0.0
2022,12,MIN,Kirk Cousins,-1.0,-1.0,0.0,0.0,0.0
2022,12,MIN,K.J. Osborn,3.0,3.0,2.0,2.0,0.0
2022,12,NE,Rhamondre Stevenson,22.0,3.1,14.0,2.0,0.0
2022,12,NE,Damien Harris,12.0,2.4,4.0,0.8,0.0
2022,12,NE,Kendrick Bourne,-7.0,-7.0,0.0,0.0,0.0
2022,12,CAR,D'Onta Foreman,51.0,2.1,62.0,2.6,3.0
2022,12,CAR,Chuba Hubbard,52.0,3.1,13.0,0.8,1.0
2022,12,CAR,Sam Darnold,1.0,0.3,2.0,0.7,0.0
2022,12,CAR,Sean Chandler,0.0,0.0,2.0,2.0,0.0
2022,12,CAR,Laviska Shenault Jr.,2.0,2.0,0.0,0.0,0.0
2022,12,DEN,Latavius Murray,38.0,2.9,54.0,4.2,0.0
2022,12,DEN,Marlon Mack,3.0,1.5,4.0,2.0,1.0
2022,12,DEN,Russell Wilson,8.0,4.0,0.0,0.0,0.0
2022,12,DEN,Kendall Hinton,13.0,13.0,0.0,0.0,0.0
2022,12,DEN,Montrell Washington,1.0,1.0,0.0,0.0,0.0
2022,12,CLE,Nick Chubb,80.0,3.1,36.0,1.4,2.0
2022,12,CLE,Kareem Hunt,10.0,2.0,5.0,1.0,0.0
2022,12,CLE,Jacoby Brissett,10.0,5.0,17.0,8.5,1.0
2022,12,CLE,Anthony Schwartz,31.0,31.0,0.0,0.0,0.0
2022,12,TB,Rachaad White,58.0,4.1,6.0,0.4,0.0
2022,12,TB,Ke'Shawn Vaughn,10.0,2.5,5.0,1.3,0.0
2022,12,TB,Tom Brady,2.0,2.0,0.0,0.0,0.0
2022,12,TB,Julio Jones,15.0,15.0,0.0,0.0,0.0
2022,12,JAX,Jamycal Hasty,8.0,0.7,20.0,1.7,4.0
2022,12,JAX,Snoop Conner,8.0,2.7,3.0,1.0,0.0
2022,12,JAX,Travis Etienne,3.0,1.5,0.0,0.0,0.0
2022,12,JAX,Trevor Lawrence,1.0,0.5,0.0,0.0,0.0
2022,12,JAX,Christian Kirk,-5.0,-5.0,0.0,0.0,0.0
2022,12,BAL,Gus Edwards,28.0,1.8,24.0,1.5,0.0
2022,12,BAL,Lamar Jackson,73.0,5.2,16.0,1.1,1.0
2022,12,BAL,Kenyan Drake,-3.0,-1.5,5.0,2.5,0.0
2022,12,BAL,Devin Duvernay,9.0,4.5,7.0,3.5,0.0
2022,12,BAL,Justice Hill,2.0,2.0,1.0,1.0,0.0
2022,12,MIA,Jeff Wilson,31.0,2.4,8.0,0.6,2.0
2022,12,MIA,Myles Gaskin,12.0,2.0,5.0,0.8,0.0
2022,12,MIA,Skylar Thompson,5.0,0.8,0.0,0.0,0.0
2022,12,MIA,Tyreek Hill,3.0,3.0,2.0,2.0,0.0
2022,12,HOU,Dameon Pierce,5.0,1.0,3.0,0.6,1.0
2022,12,HOU,Kyle Allen,12.0,3.0,0.0,0.0,0.0
2022,12,HOU,Dare Ogunbowale,12.0,3.0,2.0,0.5,0.0
2022,12,HOU,Brandin Cooks,2.0,2.0,0.0,0.0,0.0
2022,12,NYJ,Zonovan Knight,48.0,3.4,21.0,1.5,2.0
2022,12,NYJ,Michael Carter,14.0,2.3,7.0,1.2,1.0
2022,12,NYJ,Ty Johnson,16.0,3.2,46.0,9.2,5.0
2022,12,NYJ,Mike White,2.0,0.7,0.0,0.0,0.0
2022,12,NYJ,Braxton Berrios,7.0,3.5,2.0,1.0,0.0
2022,12,NYJ,Elijah Moore,-4.0,-4.0,0.0,0.0,0.0
2022,12,NYJ,Garrett Wilson,-1.0,-1.0,0.0,0.0,0.0
2022,12,CHI,David Montgomery,41.0,2.9,38.0,2.7,6.0
2022,12,CHI,Darrynton Evans,25.0,2.8,9.0,1.0,0.0
2022,12,CHI,Trevor Siemian,8.0,2.0,0.0,0.0,0.0
2022,12,CHI,Velus Jones Jr.,5.0,2.5,1.0,0.5,0.0
2022,12,TEN,Derrick Henry,24.0,1.4,14.0,0.8,0.0
2022,12,TEN,Dontrell Hilliard,15.0,7.5,1.0,0.5,0.0
2022,12,TEN,Ryan Tannehill,6.0,3.0,3.0,1.5,0.0
2022,12,CIN,Samaje Perine,36.0,2.1,22.0,1.3,1.0
2022,12,CIN,Joe Burrow,32.0,3.6,0.0,0.0,0.0
2022,12,CIN,Trayveon Williams,3.0,1.5,15.0,7.5,1.0
2022,12,WAS,Brian Robinson Jr.,74.0,4.1,31.0,1.7,0.0
2022,12,WAS,Antonio Gibson,27.0,3.0,5.0,0.6,0.0
2022,12,WAS,Curtis Samuel,8.0,2.0,5.0,1.3,0.0
2022,12,WAS,Jonathan Williams,11.0,2.8,11.0,2.8,0.0
2022,12,WAS,Taylor Heinicke,-1.0,-1.0,0.0,0.0,0.0
2022,12,WAS,Terry McLaurin,5.0,5.0,0.0,0.0,0.0
2022,12,ATL,Tyler Allgeier,34.0,3.1,20.0,1.8,0.0
2022,12,ATL,Cordarrelle Patterson,25.0,2.3,27.0,2.5,0.0
2022,12,ATL,Marcus Mariota,42.0,7.0,7.0,1.2,1.0
2022,12,ATL,Caleb Huntley,12.0,12.0,0.0,0.0,0.0
2022,12,ARI,James Conner,85.0,3.4,35.0,1.4,1.0
2022,12,ARI,Kyler Murray,56.0,8.0,0.0,0.0,0.0
2022,12,ARI,Keaontay Ingram,2.0,1.0,3.0,1.5,0.0
2022,12,LAC,Austin Ekeler,14.0,2.8,6.0,1.2,0.0
2022,12,LAC,Justin Herbert,38.0,9.5,0.0,0.0,0.0
2022,12,LAC,Joshua Kelley,2.0,1.0,2.0,1.0,0.0
2022,12,LAC,Isaiah Spiller,3.0,1.5,0.0,0.0,0.0
2022,12,SEA,Kenneth Walker III,11.0,0.8,15.0,1.1,0.0
2022,12,SEA,Geno Smith,21.0,4.2,1.0,0.2,0.0
2022,12,SEA,Travis Homer,7.0,3.5,1.0,0.5,0.0
2022,12,SEA,DeeJay Dallas,0.0,0.0,2.0,2.0,0.0
2022,12,SEA,Marquise Goodwin,7.0,7.0,0.0,0.0,0.0
2022,12,LV,Josh Jacobs,161.0,4.9,68.0,2.1,0.0
2022,12,LV,Ameer Abdullah,11.0,3.7,5.0,1.7,0.0
2022,12,LV,Derek Carr,10.0,5.0,0.0,0.0,0.0
2022,12,LV,Zamir White,20.0,10.0,8.0,4.0,0.0
2022,12,KC,Isiah Pacheco,35.0,1.6,34.0,1.5,1.0
2022,12,KC,Ronald Jones II,6.0,1.5,6.0,1.5,0.0
2022,12,KC,Patrick Mahomes,36.0,9.0,0.0,0.0,0.0
2022,12,LA,Kyren Williams,22.0,2.0,13.0,1.2,0.0
2022,12,LA,Bryce Perkins,34.0,3.8,10.0,1.1,0.0
2022,12,LA,Cam Akers,10.0,1.3,27.0,3.4,1.0
2022,12,SF,Christian McCaffrey,14.0,1.3,18.0,1.6,0.0
2022,12,SF,Elijah Mitchell,8.0,1.1,27.0,3.9,0.0
2022,12,SF,Jordan Mason,11.0,2.2,14.0,2.8,0.0
2022,12,SF,Jimmy Garoppolo,0.0,0.0,4.0,1.0,0.0
2022,12,SF,Deebo Samuel,-3.0,-1.5,3.0,1.5,0.0
2022,12,NO,Alvin Kamara,6.0,0.9,7.0,1.0,0.0
2022,12,NO,Taysom Hill,4.0,0.7,9.0,1.5,0.0
2022,12,NO,Andy Dalton,18.0,4.5,3.0,0.8,0.0
2022,12,NO,Mark Ingram,8.0,2.0,2.0,0.5,0.0
2022,12,NO,Rashid Shaheed,6.0,6.0,0.0,0.0,0.0
2022,12,PHI,Miles Sanders,92.0,4.4,51.0,2.4,0.0
2022,12,PHI,Jalen Hurts,134.0,7.9,23.0,1.4,0.0
2022,12,PHI,Kenneth Gainwell,31.0,3.9,8.0,1.0,0.0
2022,12,PHI,Boston Scott,19.0,6.3,5.0,1.7,0.0
2022,12,GB,Aaron Jones,25.0,2.1,18.0,1.5,0.0
2022,12,GB,AJ Dillon,44.0,5.5,20.0,2.5,0.0
2022,12,GB,Aaron Rodgers,-1.0,-1.0,0.0,0.0,0.0
2022,12,IND,Jonathan Taylor,34.0,1.7,52.0,2.6,3.0
2022,12,IND,Matt Ryan,18.0,4.5,4.0,1.0,0.0
2022,12,IND,Zack Moss,1.0,1.0,1.0,1.0,0.0
2022,12,PIT,Benny Snell Jr.,38.0,3.2,24.0,2.0,0.0
2022,12,PIT,Najee Harris,9.0,0.9,26.0,2.6,1.0
2022,12,PIT,Anthony McFarland Jr.,16.0,2.7,14.0,2.3,1.0
2022,12,PIT,Kenny Pickett,29.0,4.8,3.0,0.5,0.0
2022,12,PIT,Gunner Olszewski,6.0,6.0,3.0,3.0,0.0
2022,12,PIT,Derek Watt,1.0,1.0,3.0,3.0,0.0
2022,13,NE,Rhamondre Stevenson,14.0,1.4,40.0,4.0,3.0
2022,13,NE,Mac Jones,7.0,2.3,0.0,0.0,0.0
2022,13,NE,Kevin Harris,-1.0,-1.0,0.0,0.0,0.0
2022,13,BUF,James Cook,34.0,2.4,30.0,2.1,1.0
2022,13,BUF,Devin Singletary,31.0,2.4,20.0,1.5,0.0
2022,13,BUF,Josh Allen,13.0,1.6,7.0,0.9,0.0
2022,13,BUF,Nyheim Hines,-3.0,-1.5,0.0,0.0,0.0
2022,13,ATL,Cordarrelle Patterson,36.0,3.3,24.0,2.2,1.0
2022,13,ATL,Tyler Allgeier,22.0,2.2,30.0,3.0,1.0
2022,13,ATL,Caleb Huntley,12.0,3.0,5.0,1.3,0.0
2022,13,ATL,Marcus Mariota,11.0,3.7,6.0,2.0,0.0
2022,13,PIT,Najee Harris,45.0,2.6,41.0,2.4,4.0
2022,13,PIT,Kenny Pickett,13.0,1.9,1.0,0.1,0.0
2022,13,PIT,Benny Snell Jr.,12.0,2.0,12.0,2.0,0.0
2022,13,PIT,Steven Sims,19.0,6.3,0.0,0.0,0.0
2022,13,PIT,Gunner Olszewski,2.0,1.0,0.0,0.0,0.0
2022,13,PIT,Jaylen Warren,1.0,1.0,4.0,4.0,0.0
2022,13,PIT,Derek Watt,1.0,1.0,3.0,3.0,0.0
2022,13,BAL,Tyler Huntley,40.0,4.0,1.0,0.1,0.0
2022,13,BAL,Kenyan Drake,24.0,3.4,5.0,0.7,0.0
2022,13,BAL,Gus Edwards,7.0,1.2,5.0,0.8,0.0
2022,13,BAL,Devin Duvernay,7.0,3.5,2.0,1.0,0.0
2022,13,BAL,Mark Andrews,1.0,1.0,0.0,0.0,0.0
2022,13,BAL,Justice Hill,2.0,2.0,0.0,0.0,0.0
2022,13,BAL,Lamar Jackson,7.0,7.0,2.0,2.0,0.0
2022,13,DEN,Latavius Murray,31.0,1.8,16.0,0.9,1.0
2022,13,DEN,Mike Boone,13.0,2.2,5.0,0.8,1.0
2022,13,DEN,Marlon Mack,2.0,1.0,1.0,0.5,0.0
2022,13,DEN,Russell Wilson,20.0,10.0,1.0,0.5,0.0
2022,13,DEN,Montrell Washington,-1.0,-1.0,0.0,0.0,0.0
2022,13,CHI,David Montgomery,44.0,3.1,17.0,1.2,1.0
2022,13,CHI,Justin Fields,16.0,2.7,55.0,9.2,1.0
2022,13,CHI,Darrynton Evans,3.0,1.0,18.0,6.0,0.0
2022,13,CHI,Velus Jones Jr.,0.0,0.0,1.0,1.0,1.0
2022,13,CHI,Equanimeous St. Brown,1.0,1.0,0.0,0.0,0.0
2022,13,GB,AJ Dillon,74.0,4.1,19.0,1.1,1.0
2022,13,GB,Aaron Jones,12.0,1.3,14.0,1.6,2.0
2022,13,GB,Aaron Rodgers,4.0,1.3,0.0,0.0,0.0
2022,13,GB,Patrick Taylor,4.0,4.0,2.0,2.0,0.0
2022,13,GB,Christian Watson,46.0,46.0,0.0,0.0,0.0
2022,13,DET,D'Andre Swift,55.0,3.9,7.0,0.5,0.0
2022,13,DET,Jamaal Williams,30.0,2.7,5.0,0.5,0.0
2022,13,DET,Nate Sudfeld,-1.0,-0.5,0.0,0.0,0.0
2022,13,DET,Jason Cabinda,4.0,4.0,0.0,0.0,0.0
2022,13,DET,Justin Jackson,3.0,3.0,1.0,1.0,0.0
2022,13,DET,Kalif Raymond,-6.0,-6.0,0.0,0.0,0.0
2022,13,DET,Amon-Ra St. Brown,0.0,0.0,2.0,2.0,0.0
2022,13,JAX,Travis Etienne,45.0,3.5,9.0,0.7,0.0
2022,13,JAX,Trevor Lawrence,32.0,8.0,0.0,0.0,0.0
2022,13,JAX,Jamal Agnew,3.0,3.0,0.0,0.0,0.0
2022,13,JAX,Snoop Conner,3.0,3.0,3.0,3.0,0.0
2022,13,HOU,Dameon Pierce,38.0,2.1,35.0,1.9,3.0
2022,13,HOU,Kyle Allen,0.0,0.0,1.0,0.5,0.0
2022,13,HOU,Dare Ogunbowale,4.0,2.0,4.0,2.0,0.0
2022,13,CLE,Nick Chubb,37.0,2.2,43.0,2.5,0.0
2022,13,CLE,Kareem Hunt,22.0,2.4,34.0,3.8,1.0
2022,13,CLE,Deshaun Watson,15.0,2.1,6.0,0.9,0.0
2022,13,CLE,Jerome Ford,-1.0,-0.3,4.0,1.3,0.0
2022,13,CLE,Harrison Bryant,6.0,6.0,2.0,2.0,0.0
2022,13,CLE,Anthony Schwartz,4.0,4.0,2.0,2.0,0.0
2022,13,MIN,Dalvin Cook,76.0,3.8,10.0,0.5,0.0
2022,13,MIN,Kirk Cousins,-2.0,-0.7,11.0,3.7,0.0
2022,13,MIN,Alexander Mattison,11.0,3.7,3.0,1.0,0.0
2022,13,MIN,Justin Jefferson,11.0,5.5,0.0,0.0,0.0
2022,13,MIN,Jalen Reagor,5.0,5.0,3.0,3.0,0.0
2022,13,NYJ,Zonovan Knight,77.0,5.1,13.0,0.9,0.0
2022,13,NYJ,James Robinson,8.0,2.0,2.0,0.5,0.0
2022,13,NYJ,Mike White,5.0,1.7,2.0,0.7,0.0
2022,13,NYJ,Ty Johnson,3.0,3.0,0.0,0.0,0.0
2022,13,NYJ,Elijah Moore,1.0,1.0,9.0,9.0,0.0
2022,13,NYG,Saquon Barkley,43.0,2.4,20.0,1.1,0.0
2022,13,NYG,Daniel Jones,51.0,4.3,20.0,1.7,0.0
2022,13,WAS,Brian Robinson Jr.,74.0,3.5,22.0,1.0,1.0
2022,13,WAS,Antonio Gibson,30.0,3.3,9.0,1.0,0.0
2022,13,WAS,Curtis Samuel,19.0,6.3,4.0,1.3,0.0
2022,13,WAS,Taylor Heinicke,6.0,3.0,0.0,0.0,0.0
2022,13,WAS,Jonathan Williams,1.0,1.0,0.0,0.0,0.0
2022,13,PHI,Miles Sanders,11.0,1.1,13.0,1.3,0.0
2022,13,PHI,Boston Scott,10.0,1.7,6.0,1.0,0.0
2022,13,PHI,Jalen Hurts,9.0,1.8,3.0,0.6,0.0
2022,13,PHI,Kenneth Gainwell,13.0,4.3,2.0,0.7,0.0
2022,13,TEN,Derrick Henry,27.0,2.5,3.0,0.3,0.0
2022,13,TEN,Julius Chestnut,7.0,1.4,6.0,1.2,1.0
2022,13,TEN,Ryan Tannehill,34.0,11.3,0.0,0.0,0.0
2022,13,TEN,Dontrell Hilliard,1.0,1.0,1.0,1.0,0.0
2022,13,TEN,Malik Willis,0.0,0.0,8.0,8.0,0.0
2022,13,LA,Cam Akers,30.0,1.8,30.0,1.8,0.0
2022,13,LA,John Wolford,26.0,5.2,3.0,0.6,0.0
2022,13,LA,Tutu Atwell,19.0,4.8,4.0,1.0,0.0
2022,13,LA,Brandon Powell,22.0,7.3,23.0,7.7,0.0
2022,13,LA,Kyren Williams,2.0,0.7,7.0,2.3,0.0
2022,13,LA,Bryce Perkins,3.0,3.0,2.0,2.0,0.0
2022,13,SEA,DeeJay Dallas,19.0,1.9,18.0,1.8,0.0
2022,13,SEA,Tony Jones,5.0,0.7,9.0,1.3,1.0
2022,13,SEA,Kenneth Walker III,30.0,10.0,6.0,2.0,0.0
2022,13,SEA,Geno Smith,3.0,1.5,0.0,0.0,0.0
2022,13,SF,Christian McCaffrey,50.0,2.9,16.0,0.9,0.0
2022,13,SF,Jordan Mason,39.0,4.9,12.0,1.5,1.0
2022,13,SF,Brock Purdy,-3.0,-0.8,2.0,0.5,0.0
2022,13,SF,Deebo Samuel,-1.0,-0.3,6.0,1.5,0.0
2022,13,SF,Kyle Juszczyk,0.0,0.0,0.0,0.0,0.0
2022,13,MIA,Raheem Mostert,20.0,2.9,10.0,1.4,0.0
2022,13,MIA,Jeff Wilson,0.0,0.0,3.0,3.0,0.0
2022,13,CIN,Samaje Perine,55.0,2.6,51.0,2.4,2.0
2022,13,CIN,Joe Burrow,27.0,2.5,19.0,1.7,0.0
2022,13,CIN,Trent Taylor,-3.0,-3.0,0.0,0.0,0.0
2022,13,CIN,Trayveon Williams,1.0,1.0,2.0,2.0,0.0
2022,13,KC,Isiah Pacheco,37.0,2.6,29.0,2.1,1.0
2022,13,KC,Jerick McKinnon,30.0,3.8,21.0,2.6,0.0
2022,13,KC,Patrick Mahomes,9.0,4.5,0.0,0.0,0.0
2022,13,KC,Skyy Moore,9.0,9.0,3.0,3.0,0.0
2022,13,LV,Josh Jacobs,73.0,2.8,71.0,2.7,12.0
2022,13,LV,Zamir White,2.0,1.0,4.0,2.0,0.0
2022,13,LV,Ameer Abdullah,2.0,2.0,2.0,2.0,0.0
2022,13,LAC,Austin Ekeler,23.0,2.3,12.0,1.2,0.0
2022,13,LAC,Joshua Kelley,27.0,3.9,3.0,0.4,1.0
2022,13,LAC,Justin Herbert,7.0,1.4,0.0,0.0,0.0
2022,13,DAL,Ezekiel Elliott,39.0,2.3,38.0,2.2,1.0
2022,13,DAL,Tony Pollard,46.0,3.8,45.0,3.8,2.0
2022,13,DAL,Malik Davis,24.0,8.0,5.0,1.7,0.0
2022,13,DAL,CeeDee Lamb,17.0,8.5,6.0,3.0,1.0
2022,13,IND,Jonathan Taylor,13.0,0.6,69.0,3.3,6.0
2022,13,IND,Zack Moss,8.0,2.7,10.0,3.3,0.0
2022,13,IND,Matt Ryan,-3.0,-1.0,1.0,0.3,0.0
2022,13,IND,Deon Jackson,2.0,1.0,4.0,2.0,0.0
2022,13,IND,Parris Campbell,2.0,2.0,0.0,0.0,0.0
2022,13,TB,Leonard Fournette,30.0,3.0,19.0,1.9,0.0
2022,13,TB,Rachaad White,16.0,1.8,12.0,1.3,0.0
2022,13,TB,Tom Brady,-1.0,-1.0,0.0,0.0,0.0
2022,13,NO,Alvin Kamara,11.0,0.9,15.0,1.3,0.0
2022,13,NO,Mark Ingram,13.0,1.9,14.0,2.0,0.0
2022,13,NO,Taysom Hill,4.0,1.3,6.0,2.0,0.0
2022,13,NO,Andy Dalton,0.0,0.0,1.0,1.0,0.0
2022,13,NO,Adam Prentice,0.0,0.0,2.0,2.0,0.0
2022,13,NO,Rashid Shaheed,0.0,0.0,0.0,0.0,0.0
2022,14,LA,Cam Akers,22.0,1.8,20.0,1.7,0.0
2022,14,LA,Baker Mayfield,10.0,2.5,0.0,0.0,0.0
2022,14,LA,Kyren Williams,10.0,3.3,9.0,3.0,0.0
2022,14,LA,Tutu Atwell,-6.0,-3.0,1.0,0.5,0.0
2022,14,LA,Malcolm Brown,5.0,5.0,0.0,0.0,0.0
2022,14,LV,Josh Jacobs,38.0,1.4,61.0,2.3,0.0
2022,14,LV,Derek Carr,10.0,2.5,1.0,0.3,0.0
2022,14,LV,Mack Hollins,38.0,12.7,2.0,0.7,0.0
2022,14,LV,Zamir White,4.0,1.3,5.0,1.7,0.0
2022,14,LV,DJ Turner,3.0,3.0,3.0,3.0,0.0
2022,14,BUF,Josh Allen,44.0,4.4,3.0,0.3,0.0
2022,14,BUF,Devin Singletary,25.0,3.1,14.0,1.8,0.0
2022,14,BUF,James Cook,6.0,1.5,0.0,0.0,0.0
2022,14,BUF,Nyheim Hines,3.0,3.0,0.0,0.0,0.0
2022,14,BUF,Isaiah McKenzie,7.0,7.0,0.0,0.0,0.0
2022,14,NYJ,Zonovan Knight,47.0,2.8,24.0,1.4,0.0
2022,14,NYJ,Michael Carter,4.0,0.8,1.0,0.2,0.0
2022,14,CIN,Joe Mixon,30.0,2.1,66.0,4.7,0.0
2022,14,CIN,Joe Burrow,4.0,0.7,6.0,1.0,0.0
2022,14,CIN,Samaje Perine,9.0,2.3,13.0,3.3,1.0
2022,14,CIN,Ja'Marr Chase,4.0,4.0,2.0,2.0,0.0
2022,14,CIN,Trayveon Williams,2.0,2.0,0.0,0.0,0.0
2022,14,CLE,Nick Chubb,16.0,1.1,18.0,1.3,0.0
2022,14,CLE,Deshaun Watson,24.0,4.0,9.0,1.5,0.0
2022,14,CLE,Kareem Hunt,2.0,0.5,4.0,1.0,0.0
2022,14,CLE,David Njoku,-2.0,-2.0,0.0,0.0,0.0
2022,14,DAL,Ezekiel Elliott,20.0,1.3,42.0,2.8,1.0
2022,14,DAL,Tony Pollard,19.0,1.9,23.0,2.3,1.0
2022,14,DAL,Dak Prescott,17.0,2.8,6.0,1.0,0.0
2022,14,HOU,Dameon Pierce,36.0,1.6,42.0,1.9,1.0
2022,14,HOU,Jeff Driskel,13.0,1.9,23.0,3.3,0.0
2022,14,HOU,Eno Benjamin,1.0,0.3,0.0,0.0,0.0
2022,14,HOU,Rex Burkhead,-3.0,-1.5,0.0,0.0,0.0
2022,14,HOU,Davis Mills,2.0,2.0,0.0,0.0,0.0
2022,14,HOU,Dare Ogunbowale,-3.0,-3.0,0.0,0.0,0.0
2022,14,HOU,Amari Rodgers,3.0,3.0,0.0,0.0,0.0
2022,14,DET,Jamaal Williams,35.0,2.2,2.0,0.1,0.0
2022,14,DET,D'Andre Swift,14.0,2.3,7.0,1.2,0.0
2022,14,DET,Justin Jackson,19.0,4.8,0.0,0.0,0.0
2022,14,DET,Jared Goff,9.0,4.5,0.0,0.0,0.0
2022,14,DET,C.J. Moore,42.0,42.0,0.0,0.0,0.0
2022,14,DET,Amon-Ra St. Brown,6.0,6.0,0.0,0.0,0.0
2022,14,MIN,Dalvin Cook,19.0,1.3,4.0,0.3,0.0
2022,14,MIN,Alexander Mattison,-1.0,-0.5,0.0,0.0,0.0
2022,14,NYG,Saquon Barkley,13.0,1.4,15.0,1.7,0.0
2022,14,NYG,Gary Brightwell,16.0,3.2,7.0,1.4,0.0
2022,14,NYG,Daniel Jones,25.0,6.3,1.0,0.3,0.0
2022,14,NYG,Matt Breida,5.0,1.7,1.0,0.3,0.0
2022,14,NYG,Tyrod Taylor,40.0,20.0,0.0,0.0,0.0
2022,14,NYG,Jamie Gillan,0.0,0.0,0.0,0.0,0.0
2022,14,PHI,Miles Sanders,113.0,6.6,31.0,1.8,1.0
2022,14,PHI,Jalen Hurts,71.0,10.1,6.0,0.9,0.0
2022,14,PHI,Boston Scott,31.0,5.2,2.0,0.3,0.0
2022,14,PHI,Gardner Minshew II,-1.0,-1.0,0.0,0.0,0.0
2022,14,PIT,Najee Harris,21.0,1.8,12.0,1.0,0.0
2022,14,PIT,Jaylen Warren,4.0,1.3,7.0,2.3,1.0
2022,14,PIT,Kenny Pickett,16.0,8.0,0.0,0.0,0.0
2022,14,PIT,Benny Snell Jr.,4.0,2.0,0.0,0.0,0.0
2022,14,PIT,Steven Sims,1.0,1.0,0.0,0.0,0.0
2022,14,BAL,J.K. Dobbins,90.0,6.0,30.0,2.0,3.0
2022,14,BAL,Gus Edwards,45.0,3.5,21.0,1.6,1.0
2022,14,BAL,Tyler Huntley,31.0,3.4,0.0,0.0,0.0
2022,14,BAL,Anthony Brown,-5.0,-1.7,0.0,0.0,0.0
2022,14,BAL,Kenyan Drake,1.0,1.0,0.0,0.0,0.0
2022,14,BAL,Patrick Ricard,2.0,2.0,0.0,0.0,0.0
2022,14,TEN,Derrick Henry,66.0,3.9,55.0,3.2,2.0
2022,14,TEN,Ryan Tannehill,6.0,3.0,10.0,5.0,1.0
2022,14,TEN,Chigoziem Okonkwo,0.0,0.0,0.0,0.0,0.0
2022,14,JAX,Travis Etienne,13.0,0.8,19.0,1.1,0.0
2022,14,JAX,Jamycal Hasty,7.0,1.8,6.0,1.5,0.0
2022,14,JAX,Trevor Lawrence,6.0,2.0,1.0,0.3,1.0
2022,14,JAX,Jamal Agnew,8.0,8.0,0.0,0.0,0.0
2022,14,DEN,Latavius Murray,21.0,2.6,11.0,1.4,0.0
2022,14,DEN,Russell Wilson,57.0,14.3,0.0,0.0,0.0
2022,14,DEN,Mike Boone,2.0,0.7,0.0,0.0,0.0
2022,14,DEN,Marlon Mack,13.0,4.3,2.0,0.7,0.0
2022,14,DEN,Brett Rypien,0.0,0.0,0.0,0.0,0.0
2022,14,KC,Isiah Pacheco,54.0,4.2,16.0,1.2,1.0
2022,14,KC,Jerick McKinnon,18.0,3.0,4.0,0.7,1.0
2022,14,KC,Patrick Mahomes,-3.0,-1.0,0.0,0.0,0.0
2022,14,KC,Michael Burton,0.0,0.0,0.0,0.0,0.0
2022,14,SEA,Travis Homer,12.0,1.3,14.0,1.6,1.0
2022,14,SEA,Geno Smith,20.0,6.7,0.0,0.0,0.0
2022,14,SEA,Marquise Goodwin,-2.0,-2.0,0.0,0.0,0.0
2022,14,SEA,Tony Jones,1.0,1.0,1.0,1.0,0.0
2022,14,CAR,D'Onta Foreman,48.0,2.3,26.0,1.2,2.0
2022,14,CAR,Chuba Hubbard,41.0,2.9,33.0,2.4,2.0
2022,14,CAR,Raheem Blackshear,11.0,2.8,21.0,5.3,0.0
2022,14,CAR,Sam Darnold,30.0,7.5,0.0,0.0,0.0
2022,14,CAR,D.J. Moore,6.0,3.0,0.0,0.0,0.0
2022,14,CAR,Laviska Shenault Jr.,7.0,7.0,0.0,0.0,0.0
2022,14,SF,Christian McCaffrey,84.0,6.0,35.0,2.5,0.0
2022,14,SF,Jordan Mason,27.0,2.5,29.0,2.6,0.0
2022,14,SF,Deebo Samuel,18.0,4.5,3.0,0.8,0.0
2022,14,SF,Ray-Ray McCloud,5.0,1.7,2.0,0.7,0.0
2022,14,SF,Josh Johnson,-1.0,-0.5,4.0,2.0,0.0
2022,14,SF,Brock Purdy,2.0,1.0,1.0,0.5,0.0
2022,14,TB,Rachaad White,44.0,3.4,12.0,0.9,0.0
2022,14,TB,Leonard Fournette,7.0,1.8,6.0,1.5,0.0
2022,14,TB,Tom Brady,0.0,0.0,0.0,0.0,0.0
2022,14,LAC,Austin Ekeler,21.0,1.4,24.0,1.6,0.0
2022,14,LAC,Justin Herbert,8.0,2.0,0.0,0.0,0.0
2022,14,LAC,Joshua Kelley,14.0,3.5,15.0,3.8,0.0
2022,14,MIA,Raheem Mostert,20.0,1.8,17.0,1.5,0.0
2022,14,MIA,Jeff Wilson,17.0,4.3,9.0,2.3,0.0
2022,14,MIA,Tua Tagovailoa,19.0,6.3,9.0,3.0,0.0
2022,14,MIA,Salvon Ahmed,0.0,0.0,1.0,1.0,0.0
2022,14,ARI,James Conner,30.0,2.0,55.0,3.7,1.0
2022,14,ARI,Colt McCoy,6.0,1.2,18.0,3.6,1.0
2022,14,ARI,Keaontay Ingram,1.0,1.0,0.0,0.0,0.0
2022,14,ARI,Kyler Murray,3.0,3.0,0.0,0.0,0.0
2022,14,NE,Kevin Harris,10.0,1.3,16.0,2.0,1.0
2022,14,NE,Mac Jones,-1.0,-0.2,0.0,0.0,0.0
2022,14,NE,Pierre Strong,58.0,11.6,12.0,2.4,0.0
2022,14,NE,Rhamondre Stevenson,3.0,1.0,5.0,1.7,1.0
2022,15,SEA,Kenneth Walker III,31.0,2.6,16.0,1.3,1.0
2022,15,SEA,Travis Homer,2.0,2.0,3.0,3.0,0.0
2022,15,SEA,Geno Smith,16.0,16.0,2.0,2.0,0.0
2022,15,SF,Christian McCaffrey,62.0,2.4,46.0,1.8,2.0
2022,15,SF,Jordan Mason,11.0,2.8,53.0,13.3,1.0
2022,15,SF,Brock Purdy,-2.0,-0.5,0.0,0.0,0.0
2022,15,MIN,Dalvin Cook,63.0,3.7,32.0,1.9,1.0
2022,15,MIN,Kirk Cousins,-1.0,-0.5,1.0,0.5,0.0
2022,15,MIN,C.J. Ham,0.0,0.0,1.0,0.5,0.0
2022,15,MIN,Alexander Mattison,0.0,0.0,1.0,0.5,0.0
2022,15,MIN,Jalen Reagor,-5.0,-5.0,0.0,0.0,0.0
2022,15,IND,Zack Moss,34.0,1.4,47.0,2.0,1.0
2022,15,IND,Deon Jackson,25.0,1.9,30.0,2.3,0.0
2022,15,IND,Matt Ryan,0.0,0.0,0.0,0.0,0.0
2022,15,IND,Michael Pittman Jr.,24.0,12.0,6.0,3.0,0.0
2022,15,IND,Ashton Dulin,5.0,5.0,0.0,0.0,0.0
2022,15,CLE,Nick Chubb,49.0,2.3,50.0,2.4,0.0
2022,15,CLE,Deshaun Watson,20.0,3.3,2.0,0.3,0.0
2022,15,CLE,Kareem Hunt,18.0,4.5,6.0,1.5,0.0
2022,15,CLE,Jacoby Brissett,1.0,1.0,2.0,2.0,0.0
2022,15,CLE,Michael Woods II,-5.0,-5.0,0.0,0.0,0.0
2022,15,BAL,J.K. Dobbins,65.0,5.0,60.0,4.6,0.0
2022,15,BAL,Gus Edwards,32.0,4.6,23.0,3.3,0.0
2022,15,BAL,Tyler Huntley,14.0,2.3,1.0,0.2,0.0
2022,15,BAL,Justice Hill,2.0,2.0,1.0,1.0,0.0
2022,15,BAL,Patrick Ricard,0.0,0.0,0.0,0.0,0.0
2022,15,BUF,Devin Singletary,20.0,1.5,22.0,1.7,0.0
2022,15,BUF,Josh Allen,55.0,5.5,22.0,2.2,3.0
2022,15,BUF,James Cook,26.0,5.2,8.0,1.6,0.0
2022,15,BUF,Stefon Diggs,-3.0,-3.0,0.0,0.0,0.0
2022,15,MIA,Raheem Mostert,33.0,1.9,103.0,6.1,5.0
2022,15,MIA,Salvon Ahmed,26.0,4.3,17.0,2.8,1.0
2022,15,MIA,Alec Ingold,1.0,1.0,1.0,1.0,0.0
2022,15,MIA,Tua Tagovailoa,7.0,7.0,0.0,0.0,0.0
2022,15,CAR,D'Onta Foreman,4.0,0.4,5.0,0.5,1.0
2022,15,CAR,Chuba Hubbard,7.0,1.8,3.0,0.8,0.0
2022,15,CAR,Sam Darnold,2.0,1.0,0.0,0.0,0.0
2022,15,PIT,Najee Harris,59.0,2.5,27.0,1.1,3.0
2022,15,PIT,Jaylen Warren,27.0,2.5,11.0,1.0,2.0
2022,15,PIT,Mitchell Trubisky,7.0,1.2,2.0,0.3,0.0
2022,15,PIT,Steven Sims,19.0,9.5,0.0,0.0,0.0
2022,15,PIT,Diontae Johnson,1.0,1.0,1.0,1.0,0.0
2022,15,PIT,Derek Watt,2.0,2.0,0.0,0.0,0.0
2022,15,CHI,Justin Fields,55.0,3.7,40.0,2.7,2.0
2022,15,CHI,David Montgomery,50.0,4.2,3.0,0.3,0.0
2022,15,CHI,Darrynton Evans,9.0,4.5,0.0,0.0,0.0
2022,15,CHI,Velus Jones Jr.,0.0,0.0,0.0,0.0,0.0
2022,15,PHI,Jalen Hurts,61.0,3.6,0.0,0.0,0.0
2022,15,PHI,Miles Sanders,40.0,3.6,2.0,0.2,0.0
2022,15,PHI,Kenneth Gainwell,5.0,1.7,0.0,0.0,0.0
2022,15,PHI,Quez Watkins,4.0,2.0,0.0,0.0,0.0
2022,15,HOU,Royce Freeman,44.0,4.0,7.0,0.6,1.0
2022,15,HOU,Dare Ogunbowale,14.0,1.8,0.0,0.0,0.0
2022,15,HOU,Davis Mills,21.0,4.2,0.0,0.0,0.0
2022,15,HOU,Jeff Driskel,8.0,2.0,0.0,0.0,1.0
2022,15,KC,Isiah Pacheco,77.0,5.1,9.0,0.6,0.0
2022,15,KC,Jerick McKinnon,45.0,4.5,7.0,0.7,1.0
2022,15,KC,Patrick Mahomes,33.0,6.6,0.0,0.0,0.0
2022,15,KC,Skyy Moore,12.0,6.0,0.0,0.0,0.0
2022,15,KC,Ronald Jones II,6.0,6.0,0.0,0.0,0.0
2022,15,JAX,Travis Etienne,90.0,4.7,13.0,0.7,0.0
2022,15,JAX,Jamal Agnew,49.0,16.3,3.0,1.0,1.0
2022,15,JAX,Trevor Lawrence,21.0,7.0,0.0,0.0,1.0
2022,15,JAX,Snoop Conner,3.0,3.0,0.0,0.0,0.0
2022,15,JAX,Jamycal Hasty,13.0,13.0,0.0,0.0,0.0
2022,15,DAL,Tony Pollard,53.0,2.8,22.0,1.2,2.0
2022,15,DAL,Ezekiel Elliott,42.0,2.6,16.0,1.0,0.0
2022,15,DAL,Dak Prescott,18.0,3.6,2.0,0.4,0.0
2022,15,DAL,CeeDee Lamb,1.0,1.0,0.0,0.0,0.0
2022,15,NO,Alvin Kamara,43.0,2.0,48.0,2.3,0.0
2022,15,NO,Taysom Hill,15.0,2.1,15.0,2.1,0.0
2022,15,NO,David Johnson,4.0,1.0,8.0,2.0,0.0
2022,15,NO,Andy Dalton,1.0,0.5,0.0,0.0,0.0
2022,15,ATL,Tyler Allgeier,38.0,2.2,101.0,5.9,2.0
2022,15,ATL,Cordarrelle Patterson,13.0,0.9,39.0,2.8,0.0
2022,15,ATL,Desmond Ridder,32.0,5.3,6.0,1.0,0.0
2022,15,ATL,Feleipe Franks,0.0,0.0,0.0,0.0,0.0
2022,15,ATL,Caleb Huntley,0.0,0.0,2.0,2.0,0.0
2022,15,NYJ,Zonovan Knight,16.0,1.2,7.0,0.5,0.0
2022,15,NYJ,Michael Carter,10.0,2.5,5.0,1.3,1.0
2022,15,NYJ,Zach Wilson,7.0,2.3,0.0,0.0,0.0
2022,15,NYJ,Tyler Conklin,2.0,2.0,0.0,0.0,0.0
2022,15,NYJ,Elijah Moore,3.0,3.0,0.0,0.0,0.0
2022,15,DET,Jamaal Williams,20.0,1.5,13.0,1.0,1.0
2022,15,DET,D'Andre Swift,38.0,4.8,14.0,1.8,0.0
2022,15,DET,Justin Jackson,16.0,2.7,0.0,0.0,0.0
2022,15,DET,Amon-Ra St. Brown,3.0,3.0,3.0,3.0,0.0
2022,15,DEN,Latavius Murray,73.0,3.0,57.0,2.4,0.0
2022,15,DEN,Marlon Mack,25.0,5.0,12.0,2.4,0.0
2022,15,DEN,Devine Ozigbo,0.0,0.0,2.0,1.0,0.0
2022,15,DEN,Brett Rypien,-2.0,-1.0,0.0,0.0,0.0
2022,15,DEN,Andrew Beck,0.0,0.0,1.0,1.0,0.0
2022,15,ARI,James Conner,23.0,1.4,40.0,2.5,1.0
2022,15,ARI,Colt McCoy,1.0,0.5,1.0,0.5,0.0
2022,15,ARI,Keaontay Ingram,0.0,0.0,0.0,0.0,0.0
2022,15,ARI,Trace McSorley,8.0,8.0,0.0,0.0,0.0
2022,15,LV,Josh Jacobs,80.0,3.6,13.0,0.6,1.0
2022,15,LV,Zamir White,4.0,4.0,0.0,0.0,0.0
2022,15,NE,Rhamondre Stevenson,159.0,8.4,13.0,0.7,1.0
2022,15,NE,Kevin Harris,15.0,3.0,4.0,0.8,2.0
2022,15,NE,Mac Jones,10.0,2.5,0.0,0.0,0.0
2022,15,NE,Pierre Strong,20.0,5.0,5.0,1.3,0.0
2022,15,NE,Jakobi Meyers,-20.0,,0.0,,0.0
2022,15,LAC,Austin Ekeler,25.0,2.1,33.0,2.8,0.0
2022,15,LAC,Joshua Kelley,18.0,1.8,6.0,0.6,0.0
2022,15,LAC,DeAndre Carter,-10.0,-10.0,0.0,0.0,0.0
2022,15,LAC,Justin Herbert,2.0,2.0,0.0,0.0,0.0
2022,15,TEN,Derrick Henry,57.0,2.7,47.0,2.2,0.0
2022,15,TEN,Ryan Tannehill,0.0,0.0,1.0,0.3,0.0
2022,15,TEN,Hassan Haskins,4.0,4.0,4.0,4.0,0.0
2022,15,TEN,Chigoziem Okonkwo,4.0,4.0,2.0,2.0,0.0
2022,15,TEN,Malik Willis,8.0,8.0,0.0,0.0,0.0
2022,15,TB,Rachaad White,31.0,2.8,7.0,0.6,0.0
2022,15,TB,Leonard Fournette,32.0,3.2,12.0,1.2,0.0
2022,15,TB,Tom Brady,1.0,0.5,0.0,0.0,0.0
2022,15,TB,Giovani Bernard,0.0,0.0,0.0,0.0,0.0
2022,15,TB,Deven Thompkins,9.0,9.0,0.0,0.0,0.0
2022,15,CIN,Joe Mixon,12.0,1.1,9.0,0.8,0.0
2022,15,CIN,Samaje Perine,18.0,2.6,6.0,0.9,0.0
2022,15,CIN,Joe Burrow,8.0,2.7,0.0,0.0,0.0
2022,15,WAS,Brian Robinson Jr.,53.0,4.4,36.0,3.0,1.0
2022,15,WAS,Antonio Gibson,15.0,3.0,6.0,1.2,0.0
2022,15,WAS,Curtis Samuel,-2.0,-0.4,3.0,0.6,0.0
2022,15,WAS,Taylor Heinicke,26.0,8.7,7.0,2.3,0.0
2022,15,WAS,Dyami Brown,15.0,15.0,0.0,0.0,0.0
2022,15,NYG,Saquon Barkley,43.0,2.4,44.0,2.4,3.0
2022,15,NYG,Daniel Jones,21.0,2.1,14.0,1.4,0.0
2022,15,NYG,Matt Breida,0.0,0.0,6.0,3.0,0.0
2022,15,GB,Aaron Jones,48.0,2.8,42.0,2.5,0.0
2022,15,GB,AJ Dillon,15.0,1.4,21.0,1.9,1.0
2022,15,GB,Patrick Taylor,5.0,1.3,10.0,2.5,0.0
2022,15,GB,Aaron Rodgers,-3.0,-1.0,0.0,0.0,0.0
2022,15,LA,Cam Akers,23.0,1.9,42.0,3.5,0.0
2022,15,LA,Kyren Williams,2.0,1.0,5.0,2.5,0.0
2022,15,LA,Tutu Atwell,-4.0,-4.0,0.0,0.0,0.0
2022,15,LA,Baker Mayfield,1.0,1.0,0.0,0.0,0.0
2022,15,LA,Brandon Powell,3.0,3.0,0.0,0.0,0.0
2022,16,NYJ,Chris Streveler,42.0,4.7,12.0,1.3,0.0
2022,16,NYJ,Zonovan Knight,-2.0,-0.3,0.0,0.0,0.0
2022,16,NYJ,Michael Carter,3.0,1.5,3.0,1.5,0.0
2022,16,NYJ,Ty Johnson,5.0,2.5,2.0,1.0,0.0
2022,16,NYJ,Zach Wilson,1.0,1.0,0.0,0.0,0.0
2022,16,JAX,Travis Etienne,61.0,2.8,22.0,1.0,0.0
2022,16,JAX,Trevor Lawrence,40.0,5.7,11.0,1.6,0.0
2022,16,JAX,C.J. Beathard,-3.0,-1.0,0.0,0.0,0.0
2022,16,JAX,Jamycal Hasty,5.0,1.7,5.0,1.7,0.0
2022,16,JAX,Snoop Conner,2.0,1.0,3.0,1.5,0.0
2022,16,JAX,Zay Jones,-3.0,-3.0,0.0,0.0,0.0
2022,16,JAX,Christian Kirk,4.0,4.0,0.0,0.0,0.0
2022,16,BAL,J.K. Dobbins,52.0,4.3,7.0,0.6,1.0
2022,16,BAL,Gus Edwards,62.0,5.6,37.0,3.4,0.0
2022,16,BAL,Tyler Huntley,26.0,2.4,0.0,0.0,0.0
2022,16,ATL,Tyler Allgeier,54.0,3.0,20.0,1.1,0.0
2022,16,ATL,Cordarrelle Patterson,7.0,0.9,10.0,1.3,1.0
2022,16,ATL,Desmond Ridder,8.0,2.0,0.0,0.0,0.0
2022,16,ATL,Avery Williams,16.0,5.3,0.0,0.0,0.0
2022,16,CAR,D'Onta Foreman,98.0,4.7,67.0,3.2,0.0
2022,16,CAR,Chuba Hubbard,88.0,7.3,37.0,3.1,0.0
2022,16,CAR,Sam Darnold,11.0,1.8,8.0,1.3,0.0
2022,16,CAR,Raheem Blackshear,3.0,1.0,0.0,0.0,0.0
2022,16,CAR,D.J. Moore,5.0,5.0,3.0,3.0,0.0
2022,16,DET,Jamaal Williams,4.0,0.6,7.0,1.0,0.0
2022,16,DET,D'Andre Swift,8.0,2.0,4.0,1.0,0.0
2022,16,DET,Jared Goff,15.0,5.0,0.0,0.0,0.0
2022,16,DET,Justin Jackson,-1.0,-1.0,0.0,0.0,0.0
2022,16,DET,Kalif Raymond,4.0,4.0,4.0,4.0,0.0
2022,16,DET,Amon-Ra St. Brown,0.0,0.0,0.0,0.0,0.0
2022,16,CHI,David Montgomery,36.0,2.3,26.0,1.6,0.0
2022,16,CHI,Justin Fields,9.0,1.3,2.0,0.3,0.0
2022,16,CHI,Khalil Herbert,1.0,0.2,6.0,1.0,0.0
2022,16,BUF,Devin Singletary,82.0,6.8,24.0,2.0,1.0
2022,16,BUF,James Cook,81.0,7.4,18.0,1.6,0.0
2022,16,BUF,Josh Allen,41.0,6.8,0.0,0.0,0.0
2022,16,BUF,Nyheim Hines,1.0,1.0,1.0,1.0,0.0
2022,16,BUF,Isaiah McKenzie,3.0,3.0,3.0,3.0,0.0
2022,16,CLE,Nick Chubb,54.0,2.3,38.0,1.6,0.0
2022,16,CLE,Kareem Hunt,-1.0,-0.1,9.0,1.3,0.0
2022,16,CLE,Deshaun Watson,17.0,5.7,7.0,2.3,0.0
2022,16,NO,Alvin Kamara,34.0,1.7,42.0,2.1,0.0
2022,16,NO,Taysom Hill,37.0,4.1,19.0,2.1,0.0
2022,16,NO,David Johnson,6.0,0.9,10.0,1.4,0.0
2022,16,NO,Adam Prentice,3.0,1.5,2.0,1.0,0.0
2022,16,NO,Andy Dalton,-1.0,-1.0,0.0,0.0,0.0
2022,16,KC,Isiah Pacheco,28.0,2.0,30.0,2.1,0.0
2022,16,KC,Jerick McKinnon,2.0,0.4,5.0,1.0,0.0
2022,16,KC,Patrick Mahomes,5.0,2.5,3.0,1.5,0.0
2022,16,KC,Ronald Jones II,1.0,1.0,3.0,3.0,0.0
2022,16,SEA,Kenneth Walker III,49.0,1.9,58.0,2.2,1.0
2022,16,SEA,Geno Smith,14.0,4.7,2.0,0.7,0.0
2022,16,SEA,DeeJay Dallas,7.0,3.5,3.0,1.5,0.0
2022,16,MIN,Dalvin Cook,35.0,2.5,29.0,2.1,1.0
2022,16,MIN,Alexander Mattison,11.0,2.8,6.0,1.5,0.0
2022,16,MIN,Kirk Cousins,2.0,2.0,0.0,0.0,0.0
2022,16,NYG,Saquon Barkley,54.0,3.9,30.0,2.1,2.0
2022,16,NYG,Daniel Jones,28.0,7.0,6.0,1.5,0.0
2022,16,NYG,Matt Breida,5.0,2.5,4.0,2.0,0.0
2022,16,NYG,Gary Brightwell,-1.0,-1.0,0.0,0.0,0.0
2022,16,NE,Rhamondre Stevenson,25.0,1.9,5.0,0.4,0.0
2022,16,NE,Kendrick Bourne,15.0,15.0,14.0,14.0,2.0
2022,16,NE,Kevin Harris,2.0,2.0,1.0,1.0,0.0
2022,16,NE,Mac Jones,-1.0,-1.0,0.0,0.0,0.0
2022,16,CIN,Joe Mixon,59.0,3.7,6.0,0.4,1.0
2022,16,CIN,Joe Burrow,5.0,1.3,0.0,0.0,0.0
2022,16,CIN,Samaje Perine,3.0,0.8,0.0,0.0,0.0
2022,16,TEN,Derrick Henry,53.0,2.3,73.0,3.2,7.0
2022,16,TEN,Malik Willis,29.0,4.1,14.0,2.0,2.0
2022,16,TEN,Treylon Burks,9.0,9.0,6.0,6.0,0.0
2022,16,HOU,Royce Freeman,23.0,1.4,9.0,0.6,1.0
2022,16,HOU,Dare Ogunbowale,17.0,2.1,11.0,1.4,0.0
2022,16,HOU,Davis Mills,8.0,2.0,0.0,0.0,0.0
2022,16,HOU,Jeff Driskel,2.0,1.0,0.0,0.0,0.0
2022,16,SF,Christian McCaffrey,27.0,1.8,19.0,1.3,0.0
2022,16,SF,Tyrion Davis-Price,14.0,1.6,16.0,1.8,0.0
2022,16,SF,Ray-Ray McCloud,71.0,71.0,0.0,0.0,0.0
2022,16,SF,Brock Purdy,5.0,5.0,1.0,1.0,0.0
2022,16,WAS,Brian Robinson Jr.,34.0,1.5,24.0,1.1,1.0
2022,16,WAS,Antonio Gibson,2.0,0.4,8.0,1.6,0.0
2022,16,WAS,Jonathan Williams,6.0,2.0,7.0,2.3,0.0
2022,16,WAS,Taylor Heinicke,-4.0,-2.0,0.0,0.0,0.0
2022,16,WAS,Curtis Samuel,1.0,1.0,1.0,1.0,0.0
2022,16,DAL,Ezekiel Elliott,54.0,3.4,1.0,0.1,0.0
2022,16,DAL,Tony Pollard,19.0,2.1,0.0,0.0,0.0
2022,16,DAL,Dak Prescott,41.0,6.8,0.0,0.0,0.0
2022,16,PHI,Miles Sanders,42.0,2.0,23.0,1.1,3.0
2022,16,PHI,Kenneth Gainwell,16.0,4.0,1.0,0.3,0.0
2022,16,PHI,Gardner Minshew II,5.0,1.3,0.0,0.0,0.0
2022,16,PIT,Najee Harris,22.0,1.4,31.0,1.9,0.0
2022,16,PIT,Jaylen Warren,4.0,0.7,19.0,3.2,0.0
2022,16,PIT,Kenny Pickett,7.0,2.3,2.0,0.7,0.0
2022,16,PIT,Connor Heyward,21.0,21.0,0.0,0.0,0.0
2022,16,PIT,Derek Watt,0.0,0.0,0.0,0.0,0.0
2022,16,LV,Josh Jacobs,24.0,1.6,20.0,1.3,0.0
2022,16,LV,Derek Carr,13.0,4.3,1.0,0.3,0.0
2022,16,LV,Brandon Bolden,0.0,0.0,0.0,0.0,0.0
2022,16,MIA,Jeff Wilson,23.0,2.6,14.0,1.6,0.0
2022,16,MIA,Raheem Mostert,27.0,3.4,18.0,2.3,0.0
2022,16,MIA,Tua Tagovailoa,0.0,0.0,0.0,0.0,0.0
2022,16,GB,AJ Dillon,17.0,1.5,19.0,1.7,0.0
2022,16,GB,Aaron Rodgers,13.0,1.9,5.0,0.7,0.0
2022,16,GB,Aaron Jones,12.0,2.0,13.0,2.2,0.0
2022,16,GB,Dallin Leavitt,0.0,0.0,0.0,0.0,0.0
2022,16,LA,Cam Akers,68.0,3.0,50.0,2.2,6.0
2022,16,LA,Kyren Williams,13.0,2.2,5.0,0.8,0.0
2022,16,LA,Malcolm Brown,8.0,4.0,11.0,5.5,1.0
2022,16,LA,Baker Mayfield,2.0,1.0,0.0,0.0,0.0
2022,16,LA,Brandon Powell,3.0,1.5,0.0,0.0,0.0
2022,16,LA,Bryce Perkins,-2.0,-2.0,0.0,0.0,0.0
2022,16,DEN,Latavius Murray,24.0,3.0,10.0,1.3,0.0
2022,16,DEN,Chase Edmonds,20.0,3.3,11.0,1.8,0.0
2022,16,DEN,Marlon Mack,18.0,4.5,4.0,1.0,1.0
2022,16,DEN,Russell Wilson,16.0,8.0,1.0,0.5,0.0
2022,16,ARI,James Conner,57.0,3.8,22.0,1.5,1.0
2022,16,ARI,Trace McSorley,12.0,1.7,2.0,0.3,0.0
2022,16,ARI,Greg Dortch,20.0,6.7,5.0,1.7,0.0
2022,16,ARI,Marquise Brown,0.0,0.0,1.0,1.0,0.0
2022,16,ARI,Keaontay Ingram,2.0,2.0,0.0,0.0,0.0
2022,16,TB,Leonard Fournette,40.0,2.0,32.0,1.6,0.0
2022,16,TB,Rachaad White,20.0,2.9,16.0,2.3,0.0
2022,16,TB,Tom Brady,0.0,0.0,1.0,0.5,0.0
2022,16,TB,Ke'Shawn Vaughn,5.0,5.0,1.0,1.0,0.0
2022,16,IND,Zack Moss,34.0,2.8,31.0,2.6,1.0
2022,16,IND,Nick Foles,0.0,0.0,0.0,0.0,0.0
2022,16,IND,Jordan Wilkins,2.0,2.0,2.0,2.0,0.0
2022,16,LAC,Austin Ekeler,29.0,1.6,38.0,2.1,0.0
2022,16,LAC,Joshua Kelley,15.0,1.7,18.0,2.0,0.0
2022,16,LAC,Justin Herbert,-1.0,-0.2,2.0,0.4,0.0
2022,17,TEN,Hassan Haskins,9.0,0.8,31.0,2.6,2.0
2022,17,TEN,Julius Chestnut,-2.0,-0.5,1.0,0.3,0.0
2022,17,TEN,Jonathan Ward,17.0,4.3,9.0,2.3,0.0
2022,17,TEN,Joshua Dobbs,9.0,3.0,3.0,1.0,0.0
2022,17,TEN,Treylon Burks,17.0,17.0,3.0,3.0,0.0
2022,17,DAL,Ezekiel Elliott,11.0,0.6,26.0,1.4,1.0
2022,17,DAL,Malik Davis,28.0,2.8,11.0,1.1,1.0
2022,17,DAL,Dak Prescott,9.0,3.0,2.0,0.7,0.0
2022,17,ATL,Tyler Allgeier,66.0,3.3,17.0,0.9,0.0
2022,17,ATL,Cordarrelle Patterson,34.0,3.8,8.0,0.9,1.0
2022,17,ATL,Desmond Ridder,9.0,2.3,0.0,0.0,0.0
2022,17,ATL,Avery Williams,-2.0,-2.0,0.0,0.0,0.0
2022,17,ARI,James Conner,60.0,3.8,19.0,1.2,0.0
2022,17,ARI,Corey Clement,28.0,4.0,4.0,0.6,0.0
2022,17,ARI,David Blough,7.0,3.5,0.0,0.0,0.0
2022,17,ARI,Pharoh Cooper,8.0,4.0,0.0,0.0,0.0
2022,17,DET,Jamaal Williams,56.0,2.5,88.0,4.0,2.0
2022,17,DET,D'Andre Swift,45.0,4.1,33.0,3.0,1.0
2022,17,DET,Nate Sudfeld,-3.0,-1.0,0.0,0.0,0.0
2022,17,DET,Jared Goff,1.0,1.0,1.0,1.0,0.0
2022,17,DET,Kalif Raymond,1.0,1.0,3.0,3.0,0.0
2022,17,DET,Jameson Williams,37.0,37.0,3.0,3.0,0.0
2022,17,CHI,Justin Fields,117.0,11.7,15.0,1.5,0.0
2022,17,CHI,David Montgomery,20.0,3.3,4.0,0.7,0.0
2022,17,CHI,Khalil Herbert,13.0,2.6,18.0,3.6,0.0
2022,17,CHI,Velus Jones Jr.,12.0,12.0,1.0,1.0,0.0
2022,17,HOU,Royce Freeman,17.0,2.4,2.0,0.3,0.0
2022,17,HOU,Dare Ogunbowale,17.0,2.4,4.0,0.6,0.0
2022,17,HOU,Davis Mills,33.0,8.3,0.0,0.0,0.0
2022,17,HOU,Jeff Driskel,7.0,3.5,0.0,0.0,0.0
2022,17,HOU,Amari Rodgers,4.0,4.0,0.0,0.0,0.0
2022,17,JAX,Jamycal Hasty,33.0,3.3,0.0,0.0,0.0
2022,17,JAX,Travis Etienne,89.0,9.9,19.0,2.1,1.0
2022,17,JAX,Snoop Conner,15.0,3.0,2.0,0.4,0.0
2022,17,JAX,Jamal Agnew,-6.0,-3.0,0.0,0.0,0.0
2022,17,JAX,Trevor Lawrence,4.0,2.0,0.0,0.0,0.0
2022,17,JAX,Evan Engram,13.0,13.0,0.0,0.0,0.0
2022,17,KC,Isiah Pacheco,30.0,3.3,1.0,0.1,0.0
2022,17,KC,Patrick Mahomes,8.0,2.0,0.0,0.0,0.0
2022,17,KC,Jerick McKinnon,4.0,2.0,0.0,0.0,0.0
2022,17,KC,Ronald Jones II,3.0,3.0,0.0,0.0,0.0
2022,17,DEN,Latavius Murray,51.0,4.3,5.0,0.4,0.0
2022,17,DEN,Chase Edmonds,34.0,4.9,0.0,0.0,0.0
2022,17,DEN,Russell Wilson,27.0,6.8,0.0,0.0,0.0
2022,17,DEN,Kendall Hinton,0.0,0.0,0.0,0.0,0.0
2022,17,NE,Damien Harris,15.0,1.7,16.0,1.8,1.0
2022,17,NE,Rhamondre Stevenson,20.0,2.5,22.0,2.8,1.0
2022,17,NE,Mac Jones,1.0,0.3,0.0,0.0,0.0
2022,17,NE,Kendrick Bourne,2.0,2.0,0.0,0.0,0.0
2022,17,MIA,Jeff Wilson,26.0,1.7,19.0,1.3,0.0
2022,17,MIA,Raheem Mostert,14.0,1.6,15.0,1.7,0.0
2022,17,MIA,Teddy Bridgewater,5.0,5.0,1.0,1.0,0.0
2022,17,MIA,Tyreek Hill,2.0,2.0,0.0,0.0,0.0
2022,17,MIA,Skylar Thompson,4.0,4.0,0.0,0.0,0.0
2022,17,NYG,Saquon Barkley,46.0,3.8,12.0,1.0,0.0
2022,17,NYG,Daniel Jones,68.0,6.2,23.0,2.1,1.0
2022,17,NYG,Matt Breida,44.0,4.9,15.0,1.7,1.0
2022,17,NYG,Gary Brightwell,6.0,1.2,3.0,0.6,0.0
2022,17,IND,Zack Moss,42.0,2.8,32.0,2.1,2.0
2022,17,IND,Jordan Wilkins,21.0,3.5,2.0,0.3,0.0
2022,17,IND,Deon Jackson,6.0,2.0,4.0,1.3,0.0
2022,17,IND,Parris Campbell,1.0,1.0,0.0,0.0,0.0
2022,17,IND,Sam Ehlinger,12.0,12.0,0.0,0.0,0.0
2022,17,IND,Nick Foles,8.0,8.0,0.0,0.0,0.0
2022,17,PHI,Miles Sanders,33.0,2.8,28.0,2.3,0.0
2022,17,PHI,Boston Scott,4.0,2.0,2.0,1.0,0.0
2022,17,PHI,Gardner Minshew II,0.0,0.0,0.0,0.0,0.0
2022,17,NO,Alvin Kamara,45.0,2.8,28.0,1.8,0.0
2022,17,NO,Taysom Hill,15.0,1.1,31.0,2.2,0.0
2022,17,NO,Eno Benjamin,7.0,3.5,3.0,1.5,0.0
2022,17,NO,Andy Dalton,-2.0,-1.0,0.0,0.0,0.0
2022,17,NO,Adam Prentice,0.0,0.0,2.0,2.0,0.0
2022,17,TB,Rachaad White,5.0,0.5,17.0,1.5,1.0
2022,17,TB,Leonard Fournette,12.0,1.2,16.0,1.6,0.0
2022,17,TB,Tom Brady,1.0,0.3,3.0,1.0,0.0
2022,17,TB,Julio Jones,9.0,9.0,4.0,4.0,0.0
2022,17,CAR,D'Onta Foreman,12.0,0.9,23.0,1.8,0.0
2022,17,CAR,Sam Darnold,20.0,4.0,0.0,0.0,0.0
2022,17,CAR,Chuba Hubbard,8.0,2.7,4.0,1.3,0.0
2022,17,CAR,Laviska Shenault Jr.,5.0,5.0,2.0,2.0,0.0
2022,17,WAS,Brian Robinson Jr.,36.0,1.5,51.0,2.1,1.0
2022,17,WAS,Jonathan Williams,8.0,0.9,22.0,2.4,0.0
2022,17,WAS,Carson Wentz,3.0,1.0,4.0,1.3,0.0
2022,17,WAS,Terry McLaurin,10.0,10.0,2.0,2.0,0.0
2022,17,CLE,Nick Chubb,61.0,4.4,43.0,3.1,3.0
2022,17,CLE,Deshaun Watson,20.0,2.5,11.0,1.4,0.0
2022,17,CLE,Jerome Ford,0.0,0.0,9.0,1.8,0.0
2022,17,CLE,Kareem Hunt,-1.0,-0.5,1.0,0.5,0.0
2022,17,CLE,Jacoby Brissett,1.0,1.0,1.0,1.0,0.0
2022,17,LV,Josh Jacobs,32.0,1.9,37.0,2.2,0.0
2022,17,LV,Brandon Bolden,20.0,2.5,12.0,1.5,0.0
2022,17,LV,Jarrett Stidham,30.0,4.3,4.0,0.6,0.0
2022,17,SF,Christian McCaffrey,78.0,4.1,43.0,2.3,0.0
2022,17,SF,Jordan Mason,7.0,3.5,6.0,3.0,0.0
2022,17,SF,Brock Purdy,-3.0,-1.5,0.0,0.0,0.0
2022,17,SF,Brandon Aiyuk,11.0,11.0,5.0,5.0,0.0
2022,17,SF,Tyrion Davis-Price,2.0,2.0,3.0,3.0,0.0
2022,17,SF,Danny Gray,2.0,2.0,7.0,7.0,0.0
2022,17,SF,Kyle Juszczyk,1.0,1.0,8.0,8.0,0.0
2022,17,SEA,Kenneth Walker III,118.0,5.1,15.0,0.7,0.0
2022,17,SEA,DeeJay Dallas,30.0,4.3,13.0,1.9,1.0
2022,17,SEA,Geno Smith,18.0,3.6,0.0,0.0,0.0
2022,17,SEA,Godwin Igwebuike,4.0,1.3,0.0,0.0,0.0
2022,17,NYJ,Ty Johnson,26.0,3.3,20.0,2.5,1.0
2022,17,NYJ,Zonovan Knight,15.0,1.9,12.0,1.5,0.0
2022,17,NYJ,Michael Carter,2.0,2.0,0.0,0.0,0.0
2022,17,GB,Aaron Jones,80.0,5.7,31.0,2.2,1.0
2022,17,GB,AJ Dillon,11.0,0.9,30.0,2.5,0.0
2022,17,GB,Patrick Taylor,4.0,0.8,6.0,1.2,0.0
2022,17,GB,Jordan Love,-1.0,-1.0,0.0,0.0,0.0
2022,17,GB,Aaron Rodgers,0.0,0.0,2.0,2.0,0.0
2022,17,MIN,Dalvin Cook,10.0,1.1,17.0,1.9,0.0
2022,17,MIN,Alexander Mattison,25.0,3.1,13.0,1.6,0.0
2022,17,MIN,Kirk Cousins,35.0,11.7,2.0,0.7,0.0
2022,17,LAC,Austin Ekeler,39.0,3.9,83.0,8.3,3.0
2022,17,LAC,Larry Rountree,6.0,0.6,9.0,0.9,0.0
2022,17,LAC,Joshua Kelley,27.0,3.0,18.0,2.0,0.0
2022,17,LAC,Keenan Allen,6.0,6.0,2.0,2.0,0.0
2022,17,LAC,Justin Herbert,2.0,2.0,0.0,0.0,0.0
2022,17,LA,Cam Akers,58.0,3.1,65.0,3.4,4.0
2022,17,LA,Baker Mayfield,2.0,0.7,6.0,2.0,1.0
2022,17,LA,Kyren Williams,3.0,1.5,3.0,1.5,0.0
2022,17,LA,Malcolm Brown,23.0,23.0,0.0,0.0,0.0
2022,17,LA,Brandon Powell,6.0,6.0,0.0,0.0,0.0
2022,17,BAL,J.K. Dobbins,53.0,3.1,40.0,2.4,2.0
2022,17,BAL,Tyler Huntley,21.0,3.0,3.0,0.4,0.0
2022,17,BAL,Gus Edwards,2.0,0.7,0.0,0.0,0.0
2022,17,BAL,Andy Isabella,1.0,1.0,0.0,0.0,0.0
2022,17,PIT,Najee Harris,50.0,2.3,61.0,2.8,3.0
2022,17,PIT,Jaylen Warren,48.0,4.0,28.0,2.3,0.0
2022,17,PIT,Kenny Pickett,1.0,0.2,1.0,0.2,0.0
2022,17,PIT,Gunner Olszewski,5.0,5.0,1.0,1.0,0.0
2022,17,PIT,Derek Watt,3.0,3.0,0.0,0.0,0.0
2022,18,LV,Josh Jacobs,25.0,1.5,20.0,1.2,2.0
2022,18,LV,Jarrett Stidham,49.0,7.0,1.0,0.1,0.0
2022,18,LV,Zamir White,3.0,3.0,1.0,1.0,0.0
2022,18,KC,Ronald Jones II,31.0,3.1,14.0,1.4,1.0
2022,18,KC,Isiah Pacheco,42.0,5.3,22.0,2.8,0.0
2022,18,KC,Patrick Mahomes,24.0,8.0,5.0,1.7,0.0
2022,18,KC,Kadarius Toney,12.0,4.0,14.0,4.7,1.0
2022,18,KC,Chad Henne,-2.0,-1.0,0.0,0.0,0.0
2022,18,KC,Jerick McKinnon,-1.0,-0.5,7.0,3.5,1.0
2022,18,JAX,Travis Etienne,14.0,2.0,3.0,0.4,0.0
2022,18,JAX,Trevor Lawrence,-4.0,-1.0,1.0,0.3,0.0
2022,18,JAX,Jamycal Hasty,2.0,0.7,3.0,1.0,0.0
2022,18,TEN,Derrick Henry,50.0,1.7,59.0,2.0,1.0
2022,18,TEN,Joshua Dobbs,28.0,5.6,4.0,0.8,0.0
2022,18,TEN,Hassan Haskins,1.0,0.5,2.0,1.0,0.0
2022,18,TEN,Racey McMath,1.0,1.0,3.0,3.0,0.0
2022,18,TEN,Jonathan Ward,-1.0,-1.0,0.0,0.0,0.0
2022,18,ATL,Tyler Allgeier,103.0,4.3,32.0,1.3,0.0
2022,18,ATL,Cordarrelle Patterson,18.0,3.6,0.0,0.0,0.0
2022,18,ATL,Avery Williams,0.0,0.0,12.0,3.0,0.0
2022,18,ATL,Desmond Ridder,0.0,0.0,9.0,4.5,0.0
2022,18,TB,Ke'Shawn Vaughn,25.0,3.1,1.0,0.1,0.0
2022,18,TB,Giovani Bernard,26.0,3.7,2.0,0.3,0.0
2022,18,TB,Rachaad White,15.0,3.8,0.0,0.0,0.0
2022,18,TB,Deven Thompkins,13.0,13.0,4.0,4.0,0.0
2022,18,BUF,Josh Allen,16.0,1.8,0.0,0.0,0.0
2022,18,BUF,James Cook,37.0,4.1,8.0,0.9,2.0
2022,18,BUF,Devin Singletary,15.0,2.1,14.0,2.0,1.0
2022,18,NE,Damien Harris,41.0,3.2,7.0,0.5,0.0
2022,18,NE,Rhamondre Stevenson,49.0,8.2,5.0,0.8,0.0
2022,18,NE,Mac Jones,5.0,1.3,0.0,0.0,0.0
2022,18,CHI,Khalil Herbert,38.0,3.8,12.0,1.2,0.0
2022,18,CHI,David Montgomery,7.0,1.0,14.0,2.0,0.0
2022,18,CHI,Tim Boyle,-2.0,-1.0,0.0,0.0,0.0
2022,18,CHI,Nathan Peterman,6.0,3.0,1.0,0.5,0.0
2022,18,CHI,Velus Jones Jr.,12.0,12.0,30.0,30.0,0.0
2022,18,MIN,Dalvin Cook,28.0,2.5,9.0,0.8,0.0
2022,18,MIN,Alexander Mattison,31.0,3.1,23.0,2.3,0.0
2022,18,MIN,Ty Chandler,8.0,1.3,12.0,2.0,0.0
2022,18,MIN,Kene Nwangwu,5.0,1.0,8.0,1.6,0.0
2022,18,MIN,Nick Mullens,7.0,1.8,1.0,0.3,0.0
2022,18,MIN,Jalen Reagor,4.0,4.0,1.0,1.0,0.0
2022,18,MIN,Adam Thielen,3.0,3.0,1.0,1.0,0.0
2022,18,CIN,Joe Mixon,27.0,2.5,0.0,0.0,0.0
2022,18,CIN,Samaje Perine,18.0,3.0,0.0,0.0,0.0
2022,18,CIN,Joe Burrow,10.0,3.3,0.0,0.0,0.0
2022,18,BAL,Kenyan Drake,49.0,3.1,11.0,0.7,0.0
2022,18,BAL,Justice Hill,27.0,3.9,7.0,1.0,0.0
2022,18,BAL,Gus Edwards,16.0,4.0,0.0,0.0,0.0
2022,18,IND,Zack Moss,70.0,3.9,44.0,2.4,4.0
2022,18,IND,Deon Jackson,23.0,2.9,12.0,1.5,0.0
2022,18,IND,Sam Ehlinger,18.0,3.6,3.0,0.6,0.0
2022,18,IND,Parris Campbell,26.0,26.0,0.0,0.0,0.0
2022,18,IND,Michael Pittman Jr.,0.0,0.0,0.0,0.0,0.0
2022,18,HOU,Dare Ogunbowale,21.0,1.9,12.0,1.1,0.0
2022,18,HOU,Royce Freeman,8.0,1.1,7.0,1.0,0.0
2022,18,HOU,Jeff Driskel,5.0,1.7,2.0,0.7,0.0
2022,18,HOU,Davis Mills,6.0,6.0,0.0,0.0,0.0
2022,18,HOU,Chris Moore,-2.0,-2.0,0.0,0.0,0.0
2022,18,MIA,Jeff Wilson,35.0,2.2,37.0,2.3,1.0
2022,18,MIA,Raheem Mostert,34.0,3.1,37.0,3.4,5.0
2022,18,MIA,Skylar Thompson,2.0,0.7,1.0,0.3,0.0
2022,18,MIA,Salvon Ahmed,5.0,5.0,2.0,2.0,0.0
2022,18,MIA,Jaylen Waddle,7.0,7.0,2.0,2.0,0.0
2022,18,NYJ,Zonovan Knight,13.0,1.1,9.0,0.8,0.0
2022,18,NYJ,Ty Johnson,6.0,1.2,6.0,1.2,1.0
2022,18,NYJ,Michael Carter,2.0,0.7,2.0,0.7,0.0
2022,18,NO,Alvin Kamara,18.0,0.8,89.0,3.9,0.0
2022,18,NO,Taysom Hill,14.0,2.8,10.0,2.0,0.0
2022,18,NO,Eno Benjamin,0.0,0.0,3.0,1.5,0.0
2022,18,NO,Andy Dalton,1.0,1.0,1.0,1.0,0.0
2022,18,NO,Rashid Shaheed,6.0,6.0,1.0,1.0,0.0
2022,18,CAR,Chuba Hubbard,24.0,1.1,45.0,2.1,0.0
2022,18,CAR,D'Onta Foreman,36.0,3.0,32.0,2.7,0.0
2022,18,CAR,Sam Darnold,18.0,3.0,14.0,2.3,0.0
2022,18,CAR,Raheem Blackshear,0.0,0.0,1.0,1.0,0.0
2022,18,CAR,Laviska Shenault Jr.,1.0,1.0,0.0,0.0,0.0
2022,18,PIT,Najee Harris,70.0,3.0,10.0,0.4,1.0
2022,18,PIT,Jaylen Warren,35.0,5.8,1.0,0.2,0.0
2022,18,PIT,Kenny Pickett,1.0,0.3,0.0,0.0,0.0
2022,18,PIT,Gunner Olszewski,4.0,2.0,0.0,0.0,0.0
2022,18,PIT,Connor Heyward,3.0,3.0,3.0,3.0,0.0
2022,18,PIT,Steven Sims,13.0,13.0,3.0,3.0,0.0
2022,18,PIT,Derek Watt,1.0,1.0,0.0,0.0,0.0
2022,18,CLE,Nick Chubb,66.0,5.5,11.0,0.9,2.0
2022,18,CLE,Deshaun Watson,44.0,7.3,0.0,0.0,0.0
2022,18,CLE,Kareem Hunt,12.0,3.0,1.0,0.3,0.0
2022,18,DEN,Latavius Murray,81.0,5.4,22.0,1.5,0.0
2022,18,DEN,Chase Edmonds,10.0,1.1,35.0,3.9,0.0
2022,18,DEN,Russell Wilson,15.0,1.9,3.0,0.4,0.0
2022,18,DEN,Jerry Jeudy,35.0,11.7,4.0,1.3,0.0
2022,18,DEN,Tyler Badie,0.0,0.0,0.0,0.0,0.0
2022,18,LAC,Austin Ekeler,23.0,2.1,11.0,1.0,0.0
2022,18,LAC,Joshua Kelley,13.0,2.6,5.0,1.0,0.0
2022,18,LAC,Larry Rountree,3.0,1.0,1.0,0.3,0.0
2022,18,LAC,Justin Herbert,-1.0,-0.5,0.0,0.0,0.0
2022,18,LAC,Chase Daniel,4.0,4.0,0.0,0.0,0.0
2022,18,PHI,Miles Sanders,27.0,2.5,6.0,0.5,0.0
2022,18,PHI,Jalen Hurts,13.0,1.4,0.0,0.0,0.0
2022,18,PHI,Boston Scott,42.0,4.7,12.0,1.3,1.0
2022,18,PHI,Kenneth Gainwell,27.0,5.4,8.0,1.6,0.0
2022,18,NYG,Gary Brightwell,23.0,2.1,37.0,3.4,1.0
2022,18,NYG,Davis Webb,41.0,6.8,0.0,0.0,0.0
2022,18,NYG,Matt Breida,25.0,6.3,3.0,0.8,0.0
2022,18,SEA,Kenneth Walker III,40.0,1.4,74.0,2.6,3.0
2022,18,SEA,Geno Smith,42.0,10.5,9.0,2.3,1.0
2022,18,SEA,DeeJay Dallas,23.0,11.5,6.0,3.0,1.0
2022,18,SEA,Nick Bellore,1.0,1.0,2.0,2.0,0.0
2022,18,LA,Cam Akers,60.0,2.9,44.0,2.1,0.0
2022,18,LA,Baker Mayfield,11.0,2.2,5.0,1.0,0.0
2022,18,LA,Tutu Atwell,9.0,9.0,2.0,2.0,0.0
2022,18,LA,Brandon Powell,14.0,14.0,1.0,1.0,0.0
2022,18,SF,Christian McCaffrey,24.0,2.4,21.0,2.1,0.0
2022,18,SF,Tyrion Davis-Price,21.0,2.6,6.0,0.8,0.0
2022,18,SF,Jordan Mason,22.0,2.8,6.0,0.8,0.0
2022,18,SF,Elijah Mitchell,44.0,8.8,11.0,2.2,0.0
2022,18,SF,Brock Purdy,7.0,1.8,0.0,0.0,0.0
2022,18,SF,Kyle Juszczyk,2.0,2.0,1.0,1.0,0.0
2022,18,SF,Deebo Samuel,4.0,4.0,0.0,0.0,0.0
2022,18,ARI,Corey Clement,13.0,1.6,10.0,1.3,0.0
2022,18,ARI,Keaontay Ingram,4.0,1.3,1.0,0.3,0.0
2022,18,ARI,Trace McSorley,13.0,4.3,0.0,0.0,0.0
2022,18,ARI,David Blough,-2.0,-1.0,0.0,0.0,0.0
2022,18,ARI,Pharoh Cooper,4.0,2.0,3.0,1.5,1.0
2022,18,ARI,Greg Dortch,8.0,4.0,7.0,3.5,0.0
2022,18,WAS,Jaret Patterson,40.0,2.4,38.0,2.2,0.0
2022,18,WAS,Jonathan Williams,15.0,1.1,17.0,1.2,0.0
2022,18,WAS,Sam Howell,30.0,6.0,5.0,1.0,0.0
2022,18,WAS,Reggie Bonnafon,5.0,1.7,3.0,1.0,0.0
2022,18,WAS,Armani Rogers,1.0,1.0,1.0,1.0,0.0
2022,18,WAS,Curtis Samuel,-4.0,-4.0,0.0,0.0,0.0
2022,18,DAL,Ezekiel Elliott,6.0,0.8,4.0,0.5,0.0
2022,18,DAL,Tony Pollard,11.0,1.6,8.0,1.1,0.0
2022,18,DAL,Dak Prescott,11.0,1.8,5.0,0.8,0.0
2022,18,DAL,Malik Davis,12.0,2.4,7.0,1.4,0.0
2022,18,DAL,Bryan Anger,0.0,0.0,0.0,0.0,0.0
2022,18,GB,Aaron Jones,13.0,1.1,35.0,2.9,1.0
2022,18,GB,AJ Dillon,13.0,1.4,20.0,2.2,0.0
2022,18,GB,Aaron Rodgers,5.0,1.7,5.0,1.7,0.0
2022,18,GB,Allen Lazard,-1.0,-0.5,1.0,0.5,0.0
2022,18,GB,Christian Watson,9.0,4.5,3.0,1.5,0.0
2022,18,DET,Jamaal Williams,35.0,2.2,37.0,2.3,0.0
2022,18,DET,D'Andre Swift,17.0,2.8,8.0,1.3,0.0
2022,18,DET,Jared Goff,5.0,2.5,0.0,0.0,0.0
2022,18,DET,Justin Jackson,1.0,1.0,1.0,1.0,0.0
2022,19,SF,Christian McCaffrey,51.0,3.4,68.0,4.5,0.0
2022,19,SF,Elijah Mitchell,-4.0,-0.4,6.0,0.7,0.0
2022,19,SF,Brock Purdy,12.0,3.0,4.0,1.0,0.0
2022,19,SF,Deebo Samuel,18.0,6.0,14.0,4.7,0.0
2022,19,SF,Jordan Mason,7.0,3.5,5.0,2.5,0.0
2022,19,SEA,Kenneth Walker III,43.0,2.9,20.0,1.3,0.0
2022,19,SEA,DeeJay Dallas,5.0,0.8,8.0,1.3,0.0
2022,19,SEA,Geno Smith,26.0,6.5,2.0,0.5,0.0
2022,19,JAX,Travis Etienne,59.0,3.0,50.0,2.5,0.0
2022,19,JAX,Trevor Lawrence,8.0,8.0,0.0,0.0,0.0
2022,19,LAC,Austin Ekeler,15.0,1.2,20.0,1.5,2.0
2022,19,LAC,Joshua Kelley,10.0,1.4,10.0,1.4,0.0
2022,19,LAC,Justin Herbert,12.0,4.0,0.0,0.0,0.0
2022,19,BUF,James Cook,37.0,3.1,2.0,0.2,0.0
2022,19,BUF,Devin Singletary,34.0,3.4,14.0,1.4,0.0
2022,19,BUF,Josh Allen,12.0,3.0,8.0,2.0,1.0
2022,19,MIA,Jeff Wilson,22.0,2.2,1.0,0.1,0.0
2022,19,MIA,Salvon Ahmed,3.0,0.6,0.0,0.0,0.0
2022,19,MIA,Tyreek Hill,2.0,1.0,3.0,1.5,0.0
2022,19,MIA,Skylar Thompson,3.0,1.5,0.0,0.0,0.0
2022,19,MIA,Jaylen Waddle,8.0,8.0,0.0,0.0,0.0
2022,19,MIN,Dalvin Cook,40.0,2.7,20.0,1.3,1.0
2022,19,MIN,Kirk Cousins,1.0,1.0,0.0,0.0,0.0
2022,19,NYG,Daniel Jones,54.0,3.2,24.0,1.4,0.0
2022,19,NYG,Saquon Barkley,40.0,4.4,13.0,1.4,1.0
2022,19,NYG,Matt Breida,4.0,1.3,4.0,1.3,1.0
2022,19,NYG,Darius Slayton,3.0,3.0,0.0,0.0,0.0
2022,19,CIN,Joe Mixon,24.0,2.2,15.0,1.4,0.0
2022,19,CIN,Joe Burrow,3.0,0.6,6.0,1.2,1.0
2022,19,CIN,Samaje Perine,0.0,0.0,3.0,1.5,0.0
2022,19,BAL,J.K. Dobbins,39.0,3.0,23.0,1.8,1.0
2022,19,BAL,Gus Edwards,18.0,1.5,21.0,1.8,1.0
2022,19,BAL,Tyler Huntley,40.0,4.4,14.0,1.6,0.0
2022,19,BAL,Mark Andrews,0.0,0.0,0.0,0.0,0.0
2022,19,TB,Rachaad White,20.0,2.9,21.0,3.0,0.0
2022,19,TB,Leonard Fournette,2.0,0.4,9.0,1.8,0.0
2022,19,DAL,Tony Pollard,33.0,2.2,44.0,2.9,3.0
2022,19,DAL,Ezekiel Elliott,8.0,0.6,19.0,1.5,1.0
2022,19,DAL,Dak Prescott,16.0,2.3,8.0,1.1,0.0
2022,20,KC,Isiah Pacheco,42.0,3.5,53.0,4.4,0.0
2022,20,KC,Jerick McKinnon,22.0,2.0,3.0,0.3,0.0
2022,20,KC,Patrick Mahomes,-1.0,-0.3,9.0,3.0,1.0
2022,20,KC,Noah Gray,0.0,0.0,0.0,0.0,0.0
2022,20,KC,Chad Henne,-1.0,-1.0,0.0,0.0,0.0
2022,20,KC,Skyy Moore,3.0,3.0,0.0,0.0,0.0
2022,20,KC,Kadarius Toney,7.0,7.0,7.0,7.0,1.0
2022,20,JAX,Travis Etienne,34.0,3.4,28.0,2.8,2.0
2022,20,JAX,Jamycal Hasty,32.0,8.0,4.0,1.0,0.0
2022,20,JAX,Trevor Lawrence,19.0,6.3,7.0,2.3,0.0
2022,20,JAX,Jamal Agnew,1.0,1.0,1.0,1.0,0.0
2022,20,JAX,Christian Kirk,18.0,18.0,0.0,0.0,0.0
2022,20,PHI,Miles Sanders,45.0,2.6,45.0,2.6,1.0
2022,20,PHI,Kenneth Gainwell,67.0,5.6,45.0,3.8,4.0
2022,20,PHI,Jalen Hurts,27.0,3.0,7.0,0.8,1.0
2022,20,PHI,Boston Scott,18.0,3.0,14.0,2.3,1.0
2022,20,NYG,Saquon Barkley,39.0,4.3,22.0,2.4,0.0
2022,20,NYG,Daniel Jones,22.0,3.7,2.0,0.3,0.0
2022,20,NYG,Matt Breida,18.0,4.5,5.0,1.3,0.0
2022,20,NYG,Gary Brightwell,8.0,8.0,2.0,2.0,0.0
2022,20,BUF,Josh Allen,15.0,1.9,11.0,1.4,0.0
2022,20,BUF,Devin Singletary,15.0,2.5,10.0,1.7,0.0
2022,20,BUF,James Cook,8.0,1.6,5.0,1.0,0.0
2022,20,CIN,Joe Mixon,53.0,2.7,52.0,2.6,0.0
2022,20,CIN,Samaje Perine,10.0,1.4,23.0,3.3,2.0
2022,20,CIN,Joe Burrow,27.0,4.5,4.0,0.7,0.0
2022,20,CIN,Ja'Marr Chase,2.0,2.0,1.0,1.0,0.0
2022,20,SF,Elijah Mitchell,42.0,3.0,9.0,0.6,1.0
2022,20,SF,Christian McCaffrey,22.0,2.2,13.0,1.3,0.0
2022,20,SF,Deebo Samuel,7.0,1.8,4.0,1.0,0.0
2022,20,SF,Brock Purdy,8.0,2.7,0.0,0.0,0.0
2022,20,SF,Kyle Juszczyk,6.0,6.0,2.0,2.0,0.0
2022,20,DAL,Ezekiel Elliott,17.0,1.7,9.0,0.9,0.0
2022,20,DAL,Tony Pollard,16.0,2.7,6.0,1.0,0.0
2022,20,DAL,Dak Prescott,22.0,5.5,0.0,0.0,0.0
2022,20,DAL,CeeDee Lamb,6.0,3.0,0.0,0.0,0.0
2022,21,PHI,Kenneth Gainwell,29.0,2.1,19.0,1.4,0.0
2022,21,PHI,Jalen Hurts,20.0,1.8,19.0,1.7,1.0
2022,21,PHI,Miles Sanders,34.0,3.1,8.0,0.7,1.0
2022,21,PHI,Boston Scott,10.0,1.7,11.0,1.8,0.0
2022,21,PHI,Gardner Minshew II,-2.0,-1.0,0.0,0.0,0.0
2022,21,SF,Christian McCaffrey,35.0,2.3,49.0,3.3,4.0
2022,21,SF,Deebo Samuel,-15.0,-2.5,6.0,1.0,0.0
2022,21,SF,Josh Johnson,1.0,0.5,1.0,0.5,0.0
2022,21,SF,George Kittle,0.0,0.0,4.0,4.0,0.0
2022,21,KC,Isiah Pacheco,19.0,1.9,7.0,0.7,0.0
2022,21,KC,Jerick McKinnon,-1.0,-0.3,2.0,0.5,0.0
2022,21,KC,Patrick Mahomes,8.0,2.7,0.0,0.0,0.0
2022,21,KC,Mecole Hardman,6.0,3.0,1.0,0.5,0.0
2022,21,KC,Ronald Jones II,0.0,0.0,0.0,0.0,0.0
2022,21,CIN,Joe Mixon,13.0,1.6,6.0,0.8,0.0
2022,21,CIN,Samaje Perine,14.0,2.8,8.0,1.6,0.0
2022,21,CIN,Joe Burrow,24.0,6.0,6.0,1.5,0.0
2022,22,PHI,Jalen Hurts,28.0,1.9,42.0,2.8,1.0
2022,22,PHI,Kenneth Gainwell,11.0,1.6,10.0,1.4,0.0
2022,22,PHI,Miles Sanders,3.0,0.4,13.0,1.9,0.0
2022,22,PHI,Boston Scott,4.0,1.3,4.0,1.3,0.0
2022,22,KC,Isiah Pacheco,26.0,1.7,50.0,3.3,2.0
2022,22,KC,Patrick Mahomes,40.0,6.7,4.0,0.7,0.0
2022,22,KC,Jerick McKinnon,29.0,7.3,5.0,1.3,0.0
2022,22,KC,Skyy Moore,4.0,4.0,0.0,0.0,0.0
2023,1,KC,Isiah Pacheco,13.0,1.6,10.0,1.3,0.0
2023,1,KC,Clyde Edwards-Helaire,22.0,3.7,0.0,0.0,0.0
2023,1,KC,Patrick Mahomes,45.0,7.5,0.0,0.0,0.0
2023,1,KC,Skyy Moore,2.0,2.0,2.0,2.0,0.0
2023,1,KC,Rashee Rice,-3.0,-3.0,0.0,0.0,0.0
2023,1,KC,Kadarius Toney,-1.0,-1.0,0.0,0.0,0.0
2023,1,DET,David Montgomery,51.0,2.4,23.0,1.1,1.0
2023,1,DET,Jahmyr Gibbs,19.0,2.7,23.0,3.3,6.0
2023,1,DET,Jared Goff,-1.0,-0.2,0.0,0.0,0.0
2023,1,DET,Jalen Reeves-Maybin,3.0,3.0,0.0,0.0,0.0
2023,1,ATL,Tyler Allgeier,17.0,1.1,58.0,3.9,6.0
2023,1,ATL,Bijan Robinson,30.0,3.0,26.0,2.6,1.0
2023,1,ATL,Desmond Ridder,-1.0,-1.0,0.0,0.0,0.0
2023,1,CAR,Miles Sanders,48.0,2.7,24.0,1.3,1.0
2023,1,CAR,Chuba Hubbard,22.0,2.4,38.0,4.2,4.0
2023,1,CAR,Bryce Young,16.0,5.3,1.0,0.3,0.0
2023,1,CAR,Laviska Shenault Jr.,3.0,1.5,2.0,1.0,0.0
2023,1,BAL,J.K. Dobbins,18.0,2.3,4.0,0.5,0.0
2023,1,BAL,Gus Edwards,26.0,3.3,6.0,0.8,0.0
2023,1,BAL,Justice Hill,4.0,0.5,5.0,0.6,2.0
2023,1,BAL,Lamar Jackson,17.0,2.8,21.0,3.5,1.0
2023,1,BAL,Zay Flowers,9.0,4.5,0.0,0.0,0.0
2023,1,HOU,Dameon Pierce,23.0,2.1,15.0,1.4,2.0
2023,1,HOU,Devin Singletary,10.0,1.4,5.0,0.7,0.0
2023,1,HOU,C.J. Stroud,20.0,5.0,0.0,0.0,0.0
2023,1,HOU,Noah Brown,-1.0,-1.0,0.0,0.0,1.0
2023,1,CLE,Nick Chubb,69.0,3.8,37.0,2.1,1.0
2023,1,CLE,Jerome Ford,18.0,1.2,18.0,1.2,0.0
2023,1,CLE,Deshaun Watson,30.0,6.0,15.0,3.0,1.0
2023,1,CLE,Elijah Moore,13.0,6.5,6.0,3.0,0.0
2023,1,CIN,Joe Mixon,15.0,1.2,41.0,3.2,1.0
2023,1,CIN,Chris Evans,7.0,3.5,5.0,2.5,0.0
2023,1,CIN,Trayveon Williams,2.0,1.0,5.0,2.5,0.0
2023,1,CIN,Jake Browning,-1.0,-1.0,0.0,0.0,0.0
2023,1,CIN,Joe Burrow,-1.0,-1.0,0.0,0.0,0.0
2023,1,CIN,Ja'Marr Chase,0.0,0.0,2.0,2.0,0.0
2023,1,IND,Deon Jackson,2.0,0.2,12.0,0.9,0.0
2023,1,IND,Anthony Richardson,25.0,2.5,15.0,1.5,0.0
2023,1,IND,Jake Funk,10.0,5.0,0.0,0.0,0.0
2023,1,IND,Evan Hull,1.0,1.0,0.0,0.0,0.0
2023,1,JAX,Travis Etienne,33.0,1.8,44.0,2.4,5.0
2023,1,JAX,Tank Bigsby,5.0,0.7,8.0,1.1,2.0
2023,1,JAX,Trevor Lawrence,19.0,2.7,2.0,0.3,0.0
2023,1,JAX,Jamal Agnew,-2.0,-1.0,0.0,0.0,0.0
2023,1,JAX,D'Ernest Johnson,-4.0,-4.0,0.0,0.0,0.0
2023,1,MIN,Alexander Mattison,13.0,1.2,21.0,1.9,0.0
2023,1,MIN,Ty Chandler,-1.0,-0.3,1.0,0.3,0.0
2023,1,MIN,Kirk Cousins,6.0,2.0,1.0,0.3,0.0
2023,1,TB,Rachaad White,20.0,1.2,19.0,1.1,0.0
2023,1,TB,Baker Mayfield,4.0,0.5,7.0,0.9,0.0
2023,1,TB,Sean Tucker,9.0,1.8,6.0,1.2,0.0
2023,1,TB,Chase Edmonds,7.0,3.5,1.0,0.5,0.0
2023,1,TB,Rakim Jarrett,0.0,0.0,0.0,0.0,0.0
2023,1,NO,Jamaal Williams,30.0,1.7,15.0,0.8,0.0
2023,1,NO,Derek Carr,4.0,1.3,0.0,0.0,0.0
2023,1,NO,Taysom Hill,4.0,1.3,0.0,0.0,0.0
2023,1,NO,Rashid Shaheed,11.0,5.5,0.0,0.0,0.0
2023,1,NO,Tony Jones,3.0,3.0,2.0,2.0,0.0
2023,1,TEN,Derrick Henry,44.0,2.9,19.0,1.3,0.0
2023,1,TEN,Tyjae Spears,22.0,7.3,5.0,1.7,0.0
2023,1,TEN,Ryan Tannehill,0.0,0.0,5.0,1.7,0.0
2023,1,TEN,Treylon Burks,7.0,7.0,2.0,2.0,0.0
2023,1,PIT,Najee Harris,24.0,4.0,7.0,1.2,0.0
2023,1,PIT,Jaylen Warren,3.0,1.0,3.0,1.0,0.0
2023,1,PIT,Kenny Pickett,4.0,4.0,0.0,0.0,0.0
2023,1,SF,Christian McCaffrey,45.0,2.0,107.0,4.9,1.0
2023,1,SF,Elijah Mitchell,2.0,0.4,8.0,1.6,0.0
2023,1,SF,Brock Purdy,14.0,4.7,6.0,2.0,0.0
2023,1,SF,Sam Darnold,-2.0,-1.0,0.0,0.0,0.0
2023,1,SF,Deebo Samuel,5.0,2.5,3.0,1.5,0.0
2023,1,WAS,Brian Robinson Jr.,54.0,2.8,5.0,0.3,1.0
2023,1,WAS,Antonio Gibson,9.0,3.0,0.0,0.0,0.0
2023,1,WAS,Chris Rodriguez,7.0,2.3,0.0,0.0,0.0
2023,1,WAS,Sam Howell,11.0,5.5,0.0,0.0,0.0
2023,1,WAS,Curtis Samuel,6.0,6.0,0.0,0.0,0.0
2023,1,ARI,James Conner,51.0,3.6,11.0,0.8,2.0
2023,1,ARI,Keaontay Ingram,-7.0,-1.4,3.0,0.6,3.0
2023,1,ARI,Joshua Dobbs,-3.0,-1.0,0.0,0.0,0.0
2023,1,ARI,Rondale Moore,12.0,6.0,0.0,0.0,0.0
2023,1,ARI,Marquise Brown,29.0,29.0,0.0,0.0,0.0
2023,1,CHI,Justin Fields,42.0,4.7,17.0,1.9,4.0
2023,1,CHI,Khalil Herbert,16.0,1.8,11.0,1.2,0.0
2023,1,CHI,D'Onta Foreman,7.0,1.4,9.0,1.8,0.0
2023,1,CHI,Roschon Johnson,9.0,1.8,11.0,2.2,0.0
2023,1,CHI,Cole Kmet,0.0,0.0,0.0,0.0,0.0
2023,1,GB,AJ Dillon,4.0,0.3,15.0,1.2,0.0
2023,1,GB,Aaron Jones,25.0,2.8,16.0,1.8,2.0
2023,1,GB,Patrick Taylor,5.0,1.0,17.0,3.4,2.0
2023,1,GB,Jordan Love,7.0,2.3,5.0,1.7,1.0
2023,1,GB,Sean Clifford,0.0,0.0,0.0,0.0,0.0
2023,1,GB,Jayden Reed,-2.0,-2.0,0.0,0.0,0.0
2023,1,DEN,Javonte Williams,6.0,0.5,46.0,3.5,2.0
2023,1,DEN,Samaje Perine,7.0,0.9,34.0,4.3,0.0
2023,1,DEN,Russell Wilson,1.0,1.0,0.0,0.0,0.0
2023,1,LV,Josh Jacobs,11.0,0.6,37.0,1.9,1.0
2023,1,LV,Jimmy Garoppolo,6.0,0.7,5.0,0.6,1.0
2023,1,LV,Zamir White,0.0,0.0,2.0,2.0,0.0
2023,1,LAC,Austin Ekeler,61.0,3.8,56.0,3.5,2.0
2023,1,LAC,Joshua Kelley,64.0,4.0,27.0,1.7,3.0
2023,1,LAC,Justin Herbert,18.0,3.6,0.0,0.0,0.0
2023,1,LAC,Keenan Allen,6.0,3.0,0.0,0.0,0.0
2023,1,LAC,Gerald Everett,2.0,2.0,0.0,0.0,0.0
2023,1,MIA,Raheem Mostert,25.0,2.5,12.0,1.2,2.0
2023,1,MIA,Tua Tagovailoa,5.0,1.0,0.0,0.0,0.0
2023,1,MIA,Salvon Ahmed,3.0,1.0,8.0,2.7,1.0
2023,1,MIA,Erik Ezukanma,11.0,5.5,6.0,3.0,0.0
2023,1,NE,Rhamondre Stevenson,23.0,1.9,2.0,0.2,0.0
2023,1,NE,Ezekiel Elliott,26.0,3.7,3.0,0.4,0.0
2023,1,NE,Mac Jones,15.0,7.5,0.0,0.0,0.0
2023,1,NE,Ty Montgomery,7.0,7.0,0.0,0.0,0.0
2023,1,PHI,Kenneth Gainwell,43.0,3.1,11.0,0.8,2.0
2023,1,PHI,Jalen Hurts,37.0,4.1,0.0,0.0,0.0
2023,1,PHI,Boston Scott,3.0,3.0,0.0,0.0,0.0
2023,1,PHI,D'Andre Swift,2.0,2.0,1.0,1.0,0.0
2023,1,SEA,Kenneth Walker III,55.0,4.6,9.0,0.8,1.0
2023,1,SEA,Zach Charbonnet,11.0,3.7,0.0,0.0,0.0
2023,1,SEA,DeeJay Dallas,4.0,2.0,0.0,0.0,0.0
2023,1,SEA,Geno Smith,6.0,6.0,0.0,0.0,0.0
2023,1,LA,Cam Akers,15.0,0.7,14.0,0.6,4.0
2023,1,LA,Kyren Williams,33.0,2.2,19.0,1.3,0.0
2023,1,LA,Matthew Stafford,11.0,3.7,0.0,0.0,0.0
2023,1,NYG,Daniel Jones,35.0,2.7,8.0,0.6,0.0
2023,1,NYG,Saquon Barkley,21.0,1.8,30.0,2.5,0.0
2023,1,NYG,Matt Breida,2.0,1.0,7.0,3.5,0.0
2023,1,NYG,Gary Brightwell,2.0,2.0,3.0,3.0,0.0
2023,1,DAL,Tony Pollard,43.0,3.1,27.0,1.9,0.0
2023,1,DAL,Rico Dowdle,14.0,2.3,10.0,1.7,0.0
2023,1,DAL,Deuce Vaughn,6.0,1.0,2.0,0.3,0.0
2023,1,DAL,KaVontae Turpin,9.0,3.0,5.0,1.7,0.0
2023,1,DAL,Dak Prescott,6.0,6.0,0.0,0.0,0.0
2023,1,NYJ,Dalvin Cook,14.0,1.1,19.0,1.5,1.0
2023,1,NYJ,Breece Hall,29.0,2.9,98.0,9.8,1.0
2023,1,NYJ,Zach Wilson,3.0,0.8,3.0,0.8,0.0
2023,1,NYJ,Michael Carter,2.0,2.0,4.0,4.0,0.0
2023,1,BUF,James Cook,8.0,0.7,38.0,3.2,0.0
2023,1,BUF,Josh Allen,23.0,3.8,13.0,2.2,0.0
2023,1,BUF,Latavius Murray,2.0,1.0,6.0,3.0,0.0
2023,1,BUF,Damien Harris,2.0,2.0,1.0,1.0,0.0
2023,1,BUF,Deonte Harty,3.0,3.0,1.0,1.0,0.0
2023,2,PHI,D'Andre Swift,118.0,4.2,57.0,2.0,5.0
2023,2,PHI,Jalen Hurts,32.0,2.7,3.0,0.3,1.0
2023,2,PHI,Boston Scott,32.0,6.4,8.0,1.6,2.0
2023,2,PHI,Rashaad Penny,9.0,3.0,0.0,0.0,0.0
2023,2,MIN,Alexander Mattison,28.0,3.5,0.0,0.0,0.0
2023,2,MIN,Ty Chandler,0.0,0.0,0.0,0.0,0.0
2023,2,ATL,Bijan Robinson,79.0,4.2,45.0,2.4,1.0
2023,2,ATL,Tyler Allgeier,16.0,1.0,32.0,2.0,0.0
2023,2,ATL,Desmond Ridder,34.0,3.4,5.0,0.5,0.0
2023,2,GB,AJ Dillon,22.0,1.5,33.0,2.2,0.0
2023,2,GB,Emanuel Wilson,2.0,0.7,3.0,1.0,0.0
2023,2,GB,Jordan Love,20.0,10.0,3.0,1.5,0.0
2023,2,GB,Patrick Taylor,0.0,0.0,1.0,1.0,0.0
2023,2,BUF,James Cook,55.0,3.2,68.0,4.0,1.0
2023,2,BUF,Damien Harris,21.0,3.0,12.0,1.7,0.0
2023,2,BUF,Latavius Murray,16.0,2.7,6.0,1.0,0.0
2023,2,BUF,Josh Allen,4.0,1.3,3.0,1.0,0.0
2023,2,BUF,Kyle Allen,-2.0,-1.0,0.0,0.0,0.0
2023,2,LV,Josh Jacobs,-3.0,-0.3,1.0,0.1,0.0
2023,2,LV,Zamir White,13.0,3.3,9.0,2.3,0.0
2023,2,LV,Jimmy Garoppolo,1.0,1.0,0.0,0.0,0.0
2023,2,LV,Tre Tucker,31.0,31.0,3.0,3.0,0.0
2023,2,CIN,Joe Mixon,34.0,2.6,25.0,1.9,0.0
2023,2,CIN,Chase Brown,2.0,2.0,0.0,0.0,0.0
2023,2,CIN,Joe Burrow,5.0,5.0,0.0,0.0,0.0
2023,2,BAL,Lamar Jackson,45.0,3.8,9.0,0.8,0.0
2023,2,BAL,Justice Hill,20.0,1.8,21.0,1.9,0.0
2023,2,BAL,Gus Edwards,48.0,4.8,14.0,1.4,0.0
2023,2,BAL,Devin Duvernay,12.0,4.0,3.0,1.0,0.0
2023,2,BAL,Zay Flowers,6.0,6.0,0.0,0.0,0.0
2023,2,DET,David Montgomery,40.0,2.5,27.0,1.7,5.0
2023,2,DET,Jahmyr Gibbs,12.0,1.7,5.0,0.7,0.0
2023,2,DET,Craig Reynolds,4.0,1.3,3.0,1.0,1.0
2023,2,DET,Kalif Raymond,10.0,10.0,1.0,1.0,0.0
2023,2,SEA,Kenneth Walker III,25.0,1.5,18.0,1.1,3.0
2023,2,SEA,Zach Charbonnet,3.0,0.8,13.0,3.3,2.0
2023,2,SEA,Geno Smith,20.0,6.7,0.0,0.0,0.0
2023,2,SEA,DeeJay Dallas,1.0,1.0,2.0,2.0,0.0
2023,2,HOU,Dameon Pierce,13.0,0.9,18.0,1.2,1.0
2023,2,HOU,Devin Singletary,10.0,2.5,4.0,1.0,0.0
2023,2,HOU,C.J. Stroud,1.0,0.3,0.0,0.0,0.0
2023,2,HOU,Andrew Beck,1.0,0.5,1.0,0.5,0.0
2023,2,HOU,Dare Ogunbowale,1.0,0.5,3.0,1.5,0.0
2023,2,IND,Zack Moss,54.0,3.0,34.0,1.9,2.0
2023,2,IND,Anthony Richardson,34.0,11.3,1.0,0.3,0.0
2023,2,IND,Gardner Minshew II,1.0,0.5,2.0,1.0,0.0
2023,2,JAX,Travis Etienne,30.0,2.5,10.0,0.8,2.0
2023,2,JAX,Trevor Lawrence,20.0,4.0,6.0,1.2,1.0
2023,2,JAX,D'Ernest Johnson,8.0,8.0,0.0,0.0,0.0
2023,2,KC,Isiah Pacheco,53.0,4.4,17.0,1.4,1.0
2023,2,KC,Patrick Mahomes,30.0,4.3,0.0,0.0,0.0
2023,2,KC,Clyde Edwards-Helaire,0.0,0.0,0.0,0.0,2.0
2023,2,KC,Jerick McKinnon,-2.0,-2.0,0.0,0.0,0.0
2023,2,KC,Kadarius Toney,1.0,1.0,2.0,2.0,0.0
2023,2,TB,Rachaad White,31.0,1.8,42.0,2.5,4.0
2023,2,TB,Sean Tucker,2.0,0.3,5.0,0.6,1.0
2023,2,TB,Baker Mayfield,8.0,1.3,9.0,1.5,1.0
2023,2,TB,Chase Edmonds,10.0,5.0,2.0,1.0,0.0
2023,2,TB,Deven Thompkins,9.0,9.0,2.0,2.0,0.0
2023,2,CHI,Khalil Herbert,12.0,1.7,23.0,3.3,5.0
2023,2,CHI,Justin Fields,-2.0,-0.5,5.0,1.3,1.0
2023,2,CHI,Roschon Johnson,30.0,7.5,2.0,0.5,1.0
2023,2,CHI,Velus Jones Jr.,-3.0,-3.0,0.0,0.0,0.0
2023,2,TEN,Derrick Henry,36.0,1.4,44.0,1.8,0.0
2023,2,TEN,Tyjae Spears,21.0,2.6,28.0,3.5,2.0
2023,2,TEN,Ryan Tannehill,10.0,10.0,2.0,2.0,0.0
2023,2,LAC,Joshua Kelley,24.0,1.8,15.0,1.2,0.0
2023,2,LAC,Elijah Dotson,3.0,0.8,3.0,0.8,0.0
2023,2,LAC,Derius Davis,8.0,8.0,2.0,2.0,0.0
2023,2,LAC,Justin Herbert,0.0,0.0,0.0,0.0,0.0
2023,2,LAC,Isaiah Spiller,3.0,3.0,0.0,0.0,0.0
2023,2,LAC,Mike Williams,2.0,2.0,1.0,1.0,0.0
2023,2,ARI,James Conner,84.0,3.7,22.0,1.0,3.0
2023,2,ARI,Joshua Dobbs,31.0,10.3,10.0,3.3,1.0
2023,2,ARI,Keaontay Ingram,6.0,3.0,0.0,0.0,0.0
2023,2,ARI,Emari Demercado,-2.0,-2.0,0.0,0.0,0.0
2023,2,NYG,Saquon Barkley,27.0,1.6,36.0,2.1,3.0
2023,2,NYG,Daniel Jones,59.0,6.6,0.0,0.0,0.0
2023,2,NYG,Matt Breida,5.0,5.0,0.0,0.0,0.0
2023,2,LA,Kyren Williams,28.0,2.0,24.0,1.7,0.0
2023,2,LA,Matthew Stafford,17.0,4.3,0.0,0.0,0.0
2023,2,LA,Puka Nacua,0.0,0.0,4.0,2.0,0.0
2023,2,LA,Tutu Atwell,4.0,4.0,1.0,1.0,0.0
2023,2,LA,Ben Skowronek,5.0,5.0,6.0,6.0,0.0
2023,2,SF,Christian McCaffrey,33.0,1.7,83.0,4.2,0.0
2023,2,SF,Deebo Samuel,24.0,4.8,14.0,2.8,0.0
2023,2,SF,Brock Purdy,5.0,1.7,0.0,0.0,0.0
2023,2,DAL,Tony Pollard,47.0,1.9,25.0,1.0,1.0
2023,2,DAL,Rico Dowdle,15.0,2.1,11.0,1.6,0.0
2023,2,DAL,Dak Prescott,-1.0,-0.2,15.0,2.5,0.0
2023,2,DAL,Deuce Vaughn,14.0,4.7,2.0,0.7,0.0
2023,2,DAL,KaVontae Turpin,4.0,2.0,2.0,1.0,1.0
2023,2,DAL,Peyton Hendershot,0.0,0.0,0.0,0.0,0.0
2023,2,NYJ,Zach Wilson,31.0,6.2,5.0,1.0,0.0
2023,2,NYJ,Dalvin Cook,4.0,1.0,3.0,0.8,2.0
2023,2,NYJ,Breece Hall,9.0,2.3,0.0,0.0,0.0
2023,2,NYJ,Michael Carter,8.0,4.0,0.0,0.0,0.0
2023,2,NYJ,Ashtyn Davis,2.0,2.0,2.0,2.0,0.0
2023,2,DEN,Javonte Williams,16.0,1.3,28.0,2.3,2.0
2023,2,DEN,Russell Wilson,55.0,9.2,1.0,0.2,0.0
2023,2,DEN,Marvin Mims,3.0,1.5,7.0,3.5,0.0
2023,2,DEN,Michael Burton,0.0,0.0,3.0,3.0,0.0
2023,2,DEN,Jaleel McLaughlin,5.0,5.0,0.0,0.0,0.0
2023,2,DEN,Samaje Perine,0.0,0.0,4.0,4.0,0.0
2023,2,WAS,Brian Robinson Jr.,20.0,1.1,67.0,3.7,3.0
2023,2,WAS,Antonio Gibson,0.0,0.0,9.0,4.5,0.0
2023,2,WAS,Sam Howell,3.0,1.5,10.0,5.0,0.0
2023,2,WAS,Curtis Samuel,0.0,0.0,13.0,13.0,0.0
2023,2,NE,Rhamondre Stevenson,42.0,2.8,8.0,0.5,3.0
2023,2,NE,Ezekiel Elliott,13.0,2.6,0.0,0.0,0.0
2023,2,NE,Mac Jones,25.0,5.0,0.0,0.0,0.0
2023,2,MIA,Raheem Mostert,118.0,6.6,3.0,0.2,1.0
2023,2,MIA,Tua Tagovailoa,3.0,0.8,0.0,0.0,0.0
2023,2,MIA,Salvon Ahmed,6.0,2.0,7.0,2.3,1.0
2023,2,MIA,Erik Ezukanma,-2.0,-0.7,7.0,2.3,1.0
2023,2,MIA,Devon Achane,5.0,5.0,0.0,0.0,0.0
2023,2,MIA,Jaylen Waddle,-2.0,-2.0,0.0,0.0,0.0
2023,2,CAR,Miles Sanders,22.0,1.6,21.0,1.5,0.0
2023,2,CAR,Chuba Hubbard,3.0,1.5,13.0,6.5,0.0
2023,2,CAR,Bryce Young,33.0,16.5,1.0,0.5,0.0
2023,2,CAR,Laviska Shenault Jr.,2.0,2.0,5.0,5.0,0.0
2023,2,NO,Tony Jones,12.0,1.0,22.0,1.8,0.0
2023,2,NO,Taysom Hill,36.0,4.0,39.0,4.3,2.0
2023,2,NO,Jamaal Williams,14.0,1.6,15.0,1.7,1.0
2023,2,NO,Derek Carr,-4.0,-1.3,0.0,0.0,0.0
2023,2,PIT,Najee Harris,2.0,0.2,41.0,4.1,2.0
2023,2,PIT,Jaylen Warren,9.0,1.5,11.0,1.8,1.0
2023,2,PIT,Kenny Pickett,-6.0,-1.5,0.0,0.0,0.0
2023,2,PIT,Calvin Austin,-2.0,-2.0,0.0,0.0,0.0
2023,2,CLE,Jerome Ford,64.0,4.0,42.0,2.6,2.0
2023,2,CLE,Nick Chubb,31.0,3.1,33.0,3.3,1.0
2023,2,CLE,Deshaun Watson,16.0,2.7,6.0,1.0,0.0
2023,2,CLE,Pierre Strong,1.0,0.5,0.0,0.0,0.0
2023,2,CLE,Elijah Moore,2.0,2.0,3.0,3.0,0.0
2023,3,SF,Christian McCaffrey,66.0,3.7,19.0,1.1,3.0
2023,3,SF,Elijah Mitchell,25.0,2.3,17.0,1.5,2.0
2023,3,SF,Brock Purdy,-1.0,-0.3,0.0,0.0,0.0
2023,3,SF,Jordan Mason,11.0,3.7,0.0,0.0,0.0
2023,3,SF,Sam Darnold,-1.0,-1.0,0.0,0.0,0.0
2023,3,SF,Kyle Juszczyk,3.0,3.0,0.0,0.0,0.0
2023,3,SF,Deebo Samuel,2.0,2.0,0.0,0.0,0.0
2023,3,NYG,Matt Breida,12.0,3.0,5.0,1.3,1.0
2023,3,NYG,Gary Brightwell,3.0,0.8,2.0,0.5,1.0
2023,3,NYG,Daniel Jones,5.0,2.5,0.0,0.0,0.0
2023,3,NYG,Tyrod Taylor,2.0,2.0,0.0,0.0,0.0
2023,3,BAL,Lamar Jackson,64.0,4.6,37.0,2.6,2.0
2023,3,BAL,Gus Edwards,28.0,2.5,23.0,2.1,0.0
2023,3,BAL,Melvin Gordon,6.0,0.6,26.0,2.6,0.0
2023,3,BAL,Kenyan Drake,0.0,0.0,0.0,0.0,0.0
2023,3,BAL,Zay Flowers,0.0,0.0,2.0,2.0,1.0
2023,3,IND,Zack Moss,74.0,2.5,48.0,1.6,0.0
2023,3,IND,Trey Sermon,8.0,1.6,9.0,1.8,0.0
2023,3,CLE,Jerome Ford,0.0,0.0,18.0,1.8,5.0
2023,3,CLE,Pierre Strong,6.0,1.0,21.0,3.5,1.0
2023,3,CLE,Kareem Hunt,3.0,0.6,10.0,2.0,1.0
2023,3,CLE,Deshaun Watson,9.0,2.3,7.0,1.8,2.0
2023,3,CLE,Elijah Moore,-3.0,-1.0,2.0,0.7,0.0
2023,3,CLE,Harrison Bryant,2.0,1.0,2.0,1.0,0.0
2023,3,CLE,Marquise Goodwin,1.0,1.0,0.0,0.0,0.0
2023,3,TEN,Derrick Henry,1.0,0.1,19.0,1.7,3.0
2023,3,TEN,Tyjae Spears,1.0,0.3,5.0,1.3,0.0
2023,3,DET,Jahmyr Gibbs,46.0,2.7,34.0,2.0,0.0
2023,3,DET,Jared Goff,-2.0,-0.4,5.0,1.0,0.0
2023,3,DET,Craig Reynolds,15.0,3.8,0.0,0.0,0.0
2023,3,DET,Zonovan Knight,7.0,2.3,6.0,2.0,0.0
2023,3,DET,Jason Cabinda,0.0,0.0,0.0,0.0,0.0
2023,3,DET,Amon-Ra St. Brown,0.0,0.0,4.0,4.0,0.0
2023,3,ATL,Bijan Robinson,17.0,1.7,16.0,1.6,1.0
2023,3,ATL,Tyler Allgeier,5.0,0.7,7.0,1.0,2.0
2023,3,ATL,Desmond Ridder,2.0,1.0,1.0,0.5,0.0
2023,3,ATL,Kyle Pitts,-4.0,-4.0,0.0,0.0,0.0
2023,3,GB,AJ Dillon,16.0,1.5,17.0,1.5,1.0
2023,3,GB,Jordan Love,34.0,3.8,5.0,0.6,1.0
2023,3,GB,Patrick Taylor,5.0,1.7,1.0,0.3,0.0
2023,3,GB,Emanuel Wilson,6.0,3.0,0.0,0.0,0.0
2023,3,GB,Keisean Nixon,0.0,0.0,11.0,11.0,1.0
2023,3,NO,Kendre Miller,24.0,2.7,10.0,1.1,0.0
2023,3,NO,Tony Jones,30.0,3.8,1.0,0.1,0.0
2023,3,NO,Taysom Hill,6.0,1.5,6.0,1.5,1.0
2023,3,NO,Rashid Shaheed,0.0,0.0,0.0,0.0,0.0
2023,3,JAX,Travis Etienne,45.0,2.4,43.0,2.3,3.0
2023,3,JAX,D'Ernest Johnson,3.0,1.0,3.0,1.0,0.0
2023,3,JAX,Trevor Lawrence,11.0,3.7,1.0,0.3,0.0
2023,3,JAX,Tank Bigsby,7.0,3.5,3.0,1.5,0.0
2023,3,HOU,Dameon Pierce,18.0,1.3,13.0,0.9,1.0
2023,3,HOU,Devin Singletary,27.0,3.0,14.0,1.6,0.0
2023,3,HOU,C.J. Stroud,14.0,4.7,0.0,0.0,0.0
2023,3,MIA,De'Von Achane,156.0,8.7,47.0,2.6,0.0
2023,3,MIA,Raheem Mostert,50.0,3.8,32.0,2.5,1.0
2023,3,MIA,Chris Brooks,21.0,2.3,45.0,5.0,1.0
2023,3,MIA,Alec Ingold,0.0,0.0,0.0,0.0,0.0
2023,3,MIA,Mike White,-1.0,-1.0,0.0,0.0,0.0
2023,3,DEN,Javonte Williams,31.0,2.8,11.0,1.0,0.0
2023,3,DEN,Jaleel McLaughlin,15.0,3.0,0.0,0.0,0.0
2023,3,DEN,Samaje Perine,9.0,3.0,0.0,0.0,0.0
2023,3,DEN,Marvin Mims,3.0,3.0,0.0,0.0,0.0
2023,3,MIN,Alexander Mattison,48.0,2.4,45.0,2.3,0.0
2023,3,MIN,Ty Chandler,21.0,7.0,6.0,2.0,0.0
2023,3,MIN,Kirk Cousins,10.0,10.0,0.0,0.0,0.0
2023,3,LAC,Joshua Kelley,7.0,0.6,5.0,0.5,0.0
2023,3,LAC,Justin Herbert,11.0,5.5,0.0,0.0,0.0
2023,3,LAC,Isaiah Spiller,1.0,0.5,6.0,3.0,0.0
2023,3,NYJ,Breece Hall,3.0,0.3,15.0,1.3,0.0
2023,3,NYJ,Dalvin Cook,8.0,1.0,10.0,1.3,1.0
2023,3,NYJ,Nick Bawden,0.0,0.0,1.0,1.0,0.0
2023,3,NYJ,Zach Wilson,0.0,0.0,1.0,1.0,0.0
2023,3,NE,Rhamondre Stevenson,31.0,1.6,28.0,1.5,0.0
2023,3,NE,Ezekiel Elliott,50.0,3.1,30.0,1.9,0.0
2023,3,NE,Mac Jones,12.0,3.0,1.0,0.3,0.0
2023,3,NE,Demario Douglas,4.0,4.0,1.0,1.0,0.0
2023,3,WAS,Brian Robinson Jr.,53.0,5.3,17.0,1.7,2.0
2023,3,WAS,Antonio Gibson,17.0,8.5,0.0,0.0,0.0
2023,3,WAS,Sam Howell,18.0,18.0,0.0,0.0,2.0
2023,3,BUF,James Cook,81.0,5.4,17.0,1.1,1.0
2023,3,BUF,Damien Harris,13.0,2.6,2.0,0.4,0.0
2023,3,BUF,Latavius Murray,15.0,3.0,0.0,0.0,0.0
2023,3,BUF,Josh Allen,36.0,12.0,10.0,3.3,0.0
2023,3,BUF,Kyle Allen,-2.0,-1.0,0.0,0.0,0.0
2023,3,BUF,Deonte Harty,-3.0,-1.5,1.0,0.5,1.0
2023,3,BUF,Gabriel Davis,-2.0,-2.0,0.0,0.0,0.0
2023,3,SEA,Kenneth Walker III,62.0,3.4,35.0,1.9,3.0
2023,3,SEA,Zach Charbonnet,29.0,3.2,17.0,1.9,1.0
2023,3,SEA,Geno Smith,-4.0,-1.0,0.0,0.0,0.0
2023,3,SEA,DeeJay Dallas,7.0,3.5,0.0,0.0,0.0
2023,3,CAR,Miles Sanders,8.0,0.9,16.0,1.8,2.0
2023,3,CAR,Andy Dalton,10.0,5.0,1.0,0.5,0.0
2023,3,CAR,Laviska Shenault Jr.,4.0,2.0,3.0,1.5,0.0
2023,3,CAR,Chuba Hubbard,2.0,2.0,0.0,0.0,0.0
2023,3,ARI,James Conner,71.0,5.1,27.0,1.9,0.0
2023,3,ARI,Joshua Dobbs,30.0,5.0,25.0,4.2,0.0
2023,3,ARI,Keaontay Ingram,9.0,1.8,4.0,0.8,0.0
2023,3,ARI,Rondale Moore,51.0,17.0,3.0,1.0,0.0
2023,3,ARI,Emari Demercado,1.0,0.5,1.0,0.5,0.0
2023,3,DAL,Tony Pollard,56.0,2.4,66.0,2.9,1.0
2023,3,DAL,Rico Dowdle,10.0,2.5,11.0,2.8,0.0
2023,3,DAL,Dak Prescott,22.0,7.3,2.0,0.7,1.0
2023,3,DAL,CeeDee Lamb,8.0,4.0,1.0,0.5,1.0
2023,3,DAL,Hunter Luepke,5.0,5.0,4.0,4.0,0.0
2023,3,KC,Clyde Edwards-Helaire,34.0,2.3,21.0,1.4,0.0
2023,3,KC,Isiah Pacheco,29.0,1.9,33.0,2.2,3.0
2023,3,KC,Patrick Mahomes,28.0,9.3,0.0,0.0,0.0
2023,3,KC,Blaine Gabbert,-1.0,-0.5,0.0,0.0,0.0
2023,3,KC,Jerick McKinnon,7.0,3.5,2.0,1.0,0.0
2023,3,CHI,Justin Fields,35.0,3.2,12.0,1.1,0.0
2023,3,CHI,Roschon Johnson,23.0,2.9,15.0,1.9,0.0
2023,3,CHI,Khalil Herbert,17.0,2.4,14.0,2.0,0.0
2023,3,LV,Josh Jacobs,39.0,2.3,23.0,1.4,0.0
2023,3,LV,Jimmy Garoppolo,7.0,3.5,0.0,0.0,0.0
2023,3,PIT,Najee Harris,37.0,1.9,28.0,1.5,2.0
2023,3,PIT,Jaylen Warren,21.0,2.6,8.0,1.0,0.0
2023,3,PIT,Kenny Pickett,11.0,3.7,0.0,0.0,0.0
2023,3,PIT,Connor Heyward,0.0,0.0,0.0,0.0,0.0
2023,3,TB,Rachaad White,23.0,1.6,15.0,1.1,0.0
2023,3,TB,Sean Tucker,0.0,0.0,1.0,0.5,0.0
2023,3,TB,Baker Mayfield,1.0,1.0,1.0,1.0,0.0
2023,3,PHI,D'Andre Swift,99.0,6.2,31.0,1.9,2.0
2023,3,PHI,Kenneth Gainwell,22.0,1.6,21.0,1.5,0.0
2023,3,PHI,Jalen Hurts,24.0,2.4,4.0,0.4,0.0
2023,3,CIN,Joe Mixon,29.0,1.5,36.0,1.9,1.0
2023,3,CIN,Joe Burrow,-2.0,-0.7,0.0,0.0,0.0
2023,3,CIN,Trayveon Williams,1.0,1.0,3.0,3.0,0.0
2023,3,LA,Kyren Williams,19.0,1.9,19.0,1.9,1.0
2023,3,LA,Tutu Atwell,17.0,17.0,5.0,5.0,0.0
2023,3,LA,Van Jefferson,3.0,3.0,1.0,1.0,0.0
2023,3,LA,Matthew Stafford,7.0,7.0,0.0,0.0,0.0
2023,4,GB,AJ Dillon,11.0,2.2,0.0,0.0,0.0
2023,4,GB,Aaron Jones,18.0,3.6,0.0,0.0,0.0
2023,4,GB,Jordan Love,-2.0,-1.0,0.0,0.0,0.0
2023,4,DET,David Montgomery,77.0,2.4,44.0,1.4,6.0
2023,4,DET,Jahmyr Gibbs,40.0,5.0,0.0,0.0,0.0
2023,4,DET,Jared Goff,10.0,5.0,0.0,0.0,0.0
2023,4,DET,Kalif Raymond,40.0,40.0,0.0,0.0,0.0
2023,4,JAX,Travis Etienne,42.0,2.1,13.0,0.7,0.0
2023,4,JAX,Trevor Lawrence,40.0,5.0,2.0,0.3,0.0
2023,4,JAX,Tank Bigsby,8.0,2.7,2.0,0.7,0.0
2023,4,JAX,D'Ernest Johnson,-2.0,-2.0,0.0,0.0,0.0
2023,4,ATL,Bijan Robinson,95.0,6.8,10.0,0.7,0.0
2023,4,ATL,Tyler Allgeier,9.0,1.3,7.0,1.0,0.0
2023,4,ATL,Desmond Ridder,6.0,6.0,0.0,0.0,0.0
2023,4,BUF,James Cook,14.0,1.2,15.0,1.3,0.0
2023,4,BUF,Damien Harris,9.0,1.5,20.0,3.3,2.0
2023,4,BUF,Josh Allen,15.0,3.8,2.0,0.5,0.0
2023,4,BUF,Latavius Murray,10.0,2.5,22.0,5.5,1.0
2023,4,BUF,Kyle Allen,-3.0,-1.0,0.0,0.0,0.0
2023,4,MIA,De'Von Achane,35.0,4.4,66.0,8.3,4.0
2023,4,MIA,Raheem Mostert,2.0,0.3,7.0,1.0,0.0
2023,4,MIA,Tua Tagovailoa,4.0,2.0,3.0,1.5,1.0
2023,4,MIA,Braxton Berrios,1.0,1.0,10.0,10.0,1.0
2023,4,MIA,Tyreek Hill,0.0,0.0,14.0,14.0,1.0
2023,4,CAR,Chuba Hubbard,19.0,1.4,22.0,1.6,0.0
2023,4,CAR,Miles Sanders,6.0,0.5,13.0,1.0,0.0
2023,4,CAR,Bryce Young,8.0,4.0,2.0,1.0,0.0
2023,4,CAR,Laviska Shenault Jr.,2.0,2.0,5.0,5.0,0.0
2023,4,CAR,Adam Thielen,2.0,2.0,4.0,4.0,0.0
2023,4,MIN,Alexander Mattison,52.0,3.1,43.0,2.5,0.0
2023,4,MIN,Cam Akers,29.0,5.8,11.0,2.2,0.0
2023,4,MIN,Kirk Cousins,0.0,0.0,0.0,0.0,0.0
2023,4,CHI,Khalil Herbert,71.0,3.9,32.0,1.8,0.0
2023,4,CHI,Roschon Johnson,12.0,2.4,1.0,0.2,0.0
2023,4,CHI,Justin Fields,21.0,5.3,4.0,1.0,0.0
2023,4,CHI,Tyler Scott,19.0,9.5,0.0,0.0,0.0
2023,4,CHI,Velus Jones Jr.,0.0,0.0,10.0,10.0,0.0
2023,4,CHI,Cole Kmet,1.0,1.0,0.0,0.0,0.0
2023,4,DEN,Jaleel McLaughlin,18.0,2.6,54.0,7.7,0.0
2023,4,DEN,Samaje Perine,10.0,1.7,2.0,0.3,0.0
2023,4,DEN,Russell Wilson,12.0,3.0,1.0,0.3,0.0
2023,4,DEN,Javonte Williams,0.0,0.0,0.0,0.0,0.0
2023,4,CLE,Jerome Ford,24.0,2.7,2.0,0.2,1.0
2023,4,CLE,Kareem Hunt,10.0,2.0,2.0,0.4,0.0
2023,4,CLE,Pierre Strong,49.0,9.8,0.0,0.0,0.0
2023,4,CLE,Dorian Thompson-Robinson,18.0,4.5,6.0,1.5,2.0
2023,4,CLE,Harrison Bryant,2.0,2.0,0.0,0.0,0.0
2023,4,CLE,Elijah Moore,-20.0,-20.0,0.0,0.0,0.0
2023,4,BAL,Gus Edwards,36.0,2.4,12.0,0.8,2.0
2023,4,BAL,Lamar Jackson,27.0,3.0,0.0,0.0,0.0
2023,4,BAL,Melvin Gordon,21.0,7.0,0.0,0.0,0.0
2023,4,BAL,Justice Hill,19.0,6.3,14.0,4.7,2.0
2023,4,BAL,Tyler Huntley,8.0,4.0,0.0,0.0,0.0
2023,4,BAL,Zay Flowers,-6.0,-6.0,0.0,0.0,0.0
2023,4,HOU,Dameon Pierce,33.0,1.4,48.0,2.0,3.0
2023,4,HOU,Devin Singletary,7.0,1.0,18.0,2.6,1.0
2023,4,HOU,C.J. Stroud,11.0,2.8,5.0,1.3,1.0
2023,4,HOU,Tank Dell,12.0,6.0,1.0,0.5,0.0
2023,4,HOU,Mike Boone,2.0,2.0,2.0,2.0,0.0
2023,4,PIT,Najee Harris,19.0,1.4,52.0,3.7,4.0
2023,4,PIT,Jaylen Warren,15.0,1.9,14.0,1.8,1.0
2023,4,PIT,Kenny Pickett,5.0,2.5,4.0,2.0,0.0
2023,4,PIT,Calvin Austin,5.0,5.0,0.0,0.0,0.0
2023,4,IND,Zack Moss,32.0,1.8,38.0,2.1,0.0
2023,4,IND,Anthony Richardson,49.0,4.9,7.0,0.7,0.0
2023,4,IND,Trey Sermon,4.0,1.3,3.0,1.0,0.0
2023,4,LA,Kyren Williams,73.0,2.9,30.0,1.2,0.0
2023,4,LA,Ronnie Rivers,32.0,3.6,15.0,1.7,0.0
2023,4,LA,Matthew Stafford,14.0,7.0,0.0,0.0,0.0
2023,4,NO,Alvin Kamara,42.0,3.8,9.0,0.8,2.0
2023,4,NO,Taysom Hill,10.0,2.5,0.0,0.0,0.0
2023,4,NO,Derek Carr,1.0,0.5,0.0,0.0,0.0
2023,4,NO,Kendre Miller,3.0,3.0,0.0,0.0,0.0
2023,4,NO,Adam Prentice,5.0,5.0,0.0,0.0,0.0
2023,4,TB,Rachaad White,56.0,3.7,0.0,0.0,0.0
2023,4,TB,Ke'Shawn Vaughn,8.0,0.9,8.0,0.9,1.0
2023,4,TB,Baker Mayfield,31.0,3.9,0.0,0.0,0.0
2023,4,TB,Deven Thompkins,11.0,11.0,0.0,0.0,0.0
2023,4,PHI,D'Andre Swift,31.0,2.2,25.0,1.8,2.0
2023,4,PHI,Jalen Hurts,31.0,3.4,3.0,0.3,0.0
2023,4,PHI,Kenneth Gainwell,7.0,1.8,7.0,1.8,0.0
2023,4,WAS,Brian Robinson Jr.,24.0,1.7,21.0,1.5,1.0
2023,4,WAS,Antonio Gibson,6.0,1.0,13.0,2.2,1.0
2023,4,WAS,Sam Howell,28.0,4.7,12.0,2.0,1.0
2023,4,WAS,Curtis Samuel,1.0,1.0,0.0,0.0,0.0
2023,4,WAS,Logan Thomas,0.0,0.0,2.0,2.0,0.0
2023,4,TEN,Derrick Henry,59.0,2.7,63.0,2.9,1.0
2023,4,TEN,Ryan Tannehill,3.0,0.5,8.0,1.3,0.0
2023,4,TEN,Tyjae Spears,11.0,2.2,29.0,5.8,0.0
2023,4,CIN,Joe Mixon,50.0,3.6,17.0,1.2,0.0
2023,4,CIN,Joe Burrow,1.0,0.3,0.0,0.0,0.0
2023,4,CIN,Trayveon Williams,3.0,3.0,1.0,1.0,0.0
2023,4,LAC,Joshua Kelley,20.0,1.2,45.0,2.6,1.0
2023,4,LAC,Justin Herbert,20.0,1.7,7.0,0.6,1.0
2023,4,LAC,Isaiah Spiller,6.0,1.2,6.0,1.2,0.0
2023,4,LAC,Derius Davis,45.0,15.0,6.0,2.0,0.0
2023,4,LV,Josh Jacobs,40.0,2.4,18.0,1.1,0.0
2023,4,LV,Aidan O'Connell,3.0,1.0,0.0,0.0,0.0
2023,4,LV,Zamir White,14.0,4.7,1.0,0.3,0.0
2023,4,DAL,Tony Pollard,27.0,2.5,20.0,1.8,0.0
2023,4,DAL,Deuce Vaughn,1.0,0.1,8.0,1.0,0.0
2023,4,DAL,Rico Dowdle,4.0,1.3,5.0,1.7,0.0
2023,4,DAL,Cooper Rush,-2.0,-0.7,0.0,0.0,0.0
2023,4,DAL,Hunter Luepke,0.0,0.0,4.0,2.0,0.0
2023,4,DAL,CeeDee Lamb,10.0,10.0,2.0,2.0,0.0
2023,4,DAL,Dak Prescott,-1.0,-1.0,0.0,0.0,0.0
2023,4,DAL,KaVontae Turpin,32.0,32.0,14.0,14.0,0.0
2023,4,NE,Rhamondre Stevenson,3.0,0.2,27.0,1.9,0.0
2023,4,NE,Ezekiel Elliott,8.0,1.3,8.0,1.3,0.0
2023,4,NE,Mac Jones,7.0,2.3,0.0,0.0,0.0
2023,4,SF,Christian McCaffrey,65.0,3.3,41.0,2.1,0.0
2023,4,SF,Jordan Mason,6.0,2.0,4.0,1.3,0.0
2023,4,SF,Deebo Samuel,5.0,1.7,1.0,0.3,0.0
2023,4,SF,Kyle Juszczyk,3.0,1.5,0.0,0.0,0.0
2023,4,SF,Brock Purdy,0.0,0.0,0.0,0.0,0.0
2023,4,SF,Sam Darnold,-1.0,-1.0,0.0,0.0,0.0
2023,4,ARI,Joshua Dobbs,46.0,3.8,2.0,0.2,0.0
2023,4,ARI,James Conner,36.0,3.3,16.0,1.5,0.0
2023,4,ARI,Emari Demercado,0.0,0.0,3.0,3.0,0.0
2023,4,ARI,Zeke Turner,2.0,2.0,0.0,0.0,0.0
2023,4,NYJ,Breece Hall,46.0,7.7,10.0,1.7,0.0
2023,4,NYJ,Dalvin Cook,12.0,2.4,4.0,0.8,0.0
2023,4,NYJ,Xavier Gipson,7.0,3.5,6.0,3.0,1.0
2023,4,NYJ,Zach Wilson,14.0,7.0,0.0,0.0,0.0
2023,4,NYJ,Michael Carter,9.0,9.0,0.0,0.0,0.0
2023,4,KC,Isiah Pacheco,94.0,4.7,21.0,1.1,4.0
2023,4,KC,Patrick Mahomes,51.0,7.3,0.0,0.0,0.0
2023,4,KC,Clyde Edwards-Helaire,9.0,3.0,3.0,1.0,0.0
2023,4,KC,Jerick McKinnon,5.0,1.7,2.0,0.7,0.0
2023,4,KC,Skyy Moore,16.0,8.0,3.0,1.5,0.0
2023,4,NYG,Matt Breida,12.0,0.9,18.0,1.3,0.0
2023,4,NYG,Daniel Jones,52.0,5.2,14.0,1.4,0.0
2023,4,NYG,Gary Brightwell,2.0,0.5,7.0,1.8,0.0
2023,4,NYG,Wan'Dale Robinson,5.0,5.0,2.0,2.0,0.0
2023,4,SEA,Kenneth Walker III,23.0,1.4,56.0,3.3,0.0
2023,4,SEA,Zach Charbonnet,18.0,3.6,13.0,2.6,0.0
2023,4,SEA,Drew Lock,11.0,11.0,0.0,0.0,0.0
2023,5,WAS,Brian Robinson Jr.,5.0,0.8,5.0,0.8,0.0
2023,5,WAS,Sam Howell,7.0,1.8,12.0,3.0,0.0
2023,5,CHI,Justin Fields,38.0,3.5,19.0,1.7,0.0
2023,5,CHI,Khalil Herbert,33.0,3.3,43.0,4.3,0.0
2023,5,CHI,Khari Blasingame,11.0,1.4,15.0,1.9,0.0
2023,5,CHI,Roschon Johnson,14.0,4.7,5.0,1.7,0.0
2023,5,BUF,James Cook,-4.0,-0.8,0.0,0.0,0.0
2023,5,BUF,Josh Allen,11.0,2.8,3.0,0.8,0.0
2023,5,BUF,Damien Harris,11.0,3.7,2.0,0.7,0.0
2023,5,BUF,Latavius Murray,4.0,2.0,2.0,1.0,0.0
2023,5,JAX,Travis Etienne,66.0,2.5,70.0,2.7,6.0
2023,5,JAX,Trevor Lawrence,19.0,2.7,12.0,1.7,1.0
2023,5,JAX,Tank Bigsby,5.0,1.7,3.0,1.0,1.0
2023,5,JAX,Calvin Ridley,14.0,7.0,0.0,0.0,0.0
2023,5,JAX,Jamal Agnew,1.0,1.0,0.0,0.0,0.0
2023,5,JAX,Christian Kirk,6.0,6.0,0.0,0.0,0.0
2023,5,ATL,Tyler Allgeier,13.0,0.8,27.0,1.6,0.0
2023,5,ATL,Bijan Robinson,14.0,1.0,32.0,2.3,3.0
2023,5,ATL,Desmond Ridder,10.0,2.5,0.0,0.0,0.0
2023,5,ATL,KhaDarel Hodge,0.0,0.0,0.0,0.0,0.0
2023,5,HOU,Dameon Pierce,31.0,1.6,35.0,1.8,2.0
2023,5,HOU,Tank Dell,-5.0,-2.5,1.0,0.5,0.0
2023,5,HOU,C.J. Stroud,1.0,1.0,1.0,1.0,0.0
2023,5,DET,David Montgomery,70.0,3.7,39.0,2.1,0.0
2023,5,DET,Craig Reynolds,25.0,3.6,27.0,3.9,0.0
2023,5,DET,Teddy Bridgewater,-2.0,-1.0,0.0,0.0,0.0
2023,5,DET,Jared Goff,0.0,0.0,0.0,0.0,0.0
2023,5,CAR,Chuba Hubbard,19.0,2.1,16.0,1.8,0.0
2023,5,CAR,Miles Sanders,13.0,1.9,19.0,2.7,0.0
2023,5,CAR,Laviska Shenault Jr.,15.0,3.0,12.0,2.4,1.0
2023,5,CAR,Andy Dalton,1.0,1.0,0.0,0.0,0.0
2023,5,CAR,Bryce Young,4.0,4.0,0.0,0.0,0.0
2023,5,IND,Zack Moss,89.0,3.9,76.0,3.3,0.0
2023,5,IND,Jonathan Taylor,5.0,0.8,13.0,2.2,0.0
2023,5,IND,Gardner Minshew II,0.0,0.0,1.0,0.5,0.0
2023,5,IND,Anthony Richardson,4.0,2.0,1.0,0.5,0.0
2023,5,IND,Isaiah McKenzie,4.0,4.0,0.0,0.0,0.0
2023,5,TEN,Derrick Henry,19.0,1.5,24.0,1.8,0.0
2023,5,TEN,Tyjae Spears,19.0,2.7,15.0,2.1,1.0
2023,5,TEN,Ryan Tannehill,12.0,6.0,0.0,0.0,0.0
2023,5,MIA,De'Von Achane,74.0,6.7,77.0,7.0,1.0
2023,5,MIA,Raheem Mostert,14.0,1.4,51.0,5.1,0.0
2023,5,MIA,Tua Tagovailoa,6.0,3.0,0.0,0.0,0.0
2023,5,NYG,Eric Gray,14.0,1.2,11.0,0.9,1.0
2023,5,NYG,Matt Breida,12.0,1.3,9.0,1.0,0.0
2023,5,NYG,Daniel Jones,21.0,5.3,3.0,0.8,0.0
2023,5,NYG,Tyrod Taylor,9.0,3.0,5.0,1.7,1.0
2023,5,NYG,Wan'Dale Robinson,1.0,1.0,0.0,0.0,0.0
2023,5,NE,Ezekiel Elliott,19.0,2.4,2.0,0.3,0.0
2023,5,NE,Rhamondre Stevenson,10.0,1.3,14.0,1.8,0.0
2023,5,NE,Mac Jones,0.0,0.0,0.0,0.0,0.0
2023,5,NE,Ty Montgomery,0.0,0.0,0.0,0.0,0.0
2023,5,NO,Alvin Kamara,63.0,2.9,17.0,0.8,0.0
2023,5,NO,Kendre Miller,15.0,1.3,22.0,1.8,1.0
2023,5,NO,Taysom Hill,13.0,4.3,6.0,2.0,1.0
2023,5,NO,Jameis Winston,-4.0,-1.3,0.0,0.0,0.0
2023,5,NO,Derek Carr,4.0,2.0,0.0,0.0,0.0
2023,5,PIT,Najee Harris,37.0,2.6,0.0,0.0,0.0
2023,5,PIT,Jaylen Warren,40.0,4.4,0.0,0.0,3.0
2023,5,PIT,Kenny Pickett,-6.0,-1.0,0.0,0.0,0.0
2023,5,PIT,George Pickens,16.0,16.0,0.0,0.0,0.0
2023,5,BAL,Gus Edwards,48.0,4.0,0.0,0.0,0.0
2023,5,BAL,Justice Hill,32.0,4.6,0.0,0.0,0.0
2023,5,BAL,Lamar Jackson,45.0,7.5,0.0,0.0,2.0
2023,5,ARI,Emari Demercado,21.0,2.1,24.0,2.4,2.0
2023,5,ARI,James Conner,30.0,5.0,16.0,2.7,1.0
2023,5,ARI,Joshua Dobbs,0.0,0.0,1.0,0.3,0.0
2023,5,ARI,Rondale Moore,45.0,15.0,5.0,1.7,0.0
2023,5,CIN,Joe Mixon,59.0,2.4,22.0,0.9,0.0
2023,5,CIN,Joe Burrow,7.0,1.8,0.0,0.0,0.0
2023,5,CIN,Trayveon Williams,5.0,5.0,0.0,0.0,0.0
2023,5,LA,Kyren Williams,34.0,2.6,19.0,1.5,0.0
2023,5,LA,Ronnie Rivers,1.0,1.0,0.0,0.0,0.0
2023,5,PHI,D'Andre Swift,52.0,3.1,18.0,1.1,0.0
2023,5,PHI,Jalen Hurts,47.0,3.1,25.0,1.7,0.0
2023,5,PHI,Kenneth Gainwell,13.0,1.9,4.0,0.6,0.0
2023,5,DEN,Jaleel McLaughlin,36.0,4.0,32.0,3.6,1.0
2023,5,DEN,Russell Wilson,49.0,7.0,0.0,0.0,0.0
2023,5,DEN,Samaje Perine,10.0,1.7,12.0,2.0,0.0
2023,5,NYJ,Breece Hall,133.0,6.0,44.0,2.0,2.0
2023,5,NYJ,Dalvin Cook,8.0,1.3,15.0,2.5,2.0
2023,5,NYJ,Zach Wilson,15.0,5.0,11.0,3.7,1.0
2023,5,NYJ,Michael Carter,4.0,4.0,4.0,4.0,0.0
2023,5,MIN,Alexander Mattison,15.0,1.9,11.0,1.4,0.0
2023,5,MIN,Cam Akers,9.0,1.8,6.0,1.2,0.0
2023,5,MIN,Kirk Cousins,4.0,1.3,1.0,0.3,0.0
2023,5,MIN,Ty Chandler,14.0,14.0,1.0,1.0,0.0
2023,5,MIN,Brandon Powell,9.0,9.0,0.0,0.0,0.0
2023,5,KC,Isiah Pacheco,24.0,1.5,31.0,1.9,1.0
2023,5,KC,Clyde Edwards-Helaire,2.0,0.7,2.0,0.7,0.0
2023,5,KC,Jerick McKinnon,6.0,6.0,1.0,1.0,0.0
2023,5,KC,Kadarius Toney,1.0,1.0,0.0,0.0,0.0
2023,5,SF,Christian McCaffrey,45.0,2.4,6.0,0.3,0.0
2023,5,SF,Jordan Mason,52.0,5.2,17.0,1.7,0.0
2023,5,SF,Tyrion Davis-Price,2.0,0.3,19.0,3.2,0.0
2023,5,SF,Deebo Samuel,12.0,2.4,18.0,3.6,0.0
2023,5,SF,Sam Darnold,-1.0,-1.0,0.0,0.0,0.0
2023,5,DAL,Tony Pollard,27.0,3.4,2.0,0.3,0.0
2023,5,DAL,Rico Dowdle,8.0,1.6,7.0,1.4,0.0
2023,5,DAL,Deuce Vaughn,5.0,1.7,2.0,0.7,0.0
2023,5,DAL,Brandin Cooks,4.0,4.0,2.0,2.0,0.0
2023,5,DAL,Dak Prescott,2.0,2.0,0.0,0.0,0.0
2023,5,DAL,Cooper Rush,-2.0,-2.0,0.0,0.0,0.0
2023,5,LV,Josh Jacobs,38.0,1.9,31.0,1.6,0.0
2023,5,LV,Jimmy Garoppolo,-2.0,-0.5,6.0,1.5,0.0
2023,5,LV,DeAndre Carter,2.0,1.0,1.0,0.5,0.0
2023,5,LV,Ameer Abdullah,3.0,3.0,1.0,1.0,0.0
2023,5,LV,Jakobi Meyers,0.0,0.0,0.0,0.0,0.0
2023,5,LV,Tre Tucker,11.0,11.0,5.0,5.0,0.0
2023,5,GB,AJ Dillon,35.0,1.8,41.0,2.1,1.0
2023,5,GB,Jordan Love,37.0,18.5,0.0,0.0,0.0
2023,5,GB,Patrick Taylor,-1.0,-0.5,3.0,1.5,0.0
2023,5,GB,Christian Watson,-5.0,-5.0,0.0,0.0,0.0
2023,6,KC,Isiah Pacheco,46.0,2.9,16.0,1.0,0.0
2023,6,KC,Patrick Mahomes,31.0,5.2,0.0,0.0,0.0
2023,6,KC,Clyde Edwards-Helaire,2.0,1.0,5.0,2.5,1.0
2023,6,KC,Kadarius Toney,-5.0,-2.5,0.0,0.0,0.0
2023,6,KC,Noah Gray,1.0,1.0,0.0,0.0,0.0
2023,6,DEN,Javonte Williams,32.0,3.2,20.0,2.0,0.0
2023,6,DEN,Jaleel McLaughlin,20.0,2.9,10.0,1.4,0.0
2023,6,DEN,Russell Wilson,25.0,6.3,6.0,1.5,0.0
2023,6,DEN,Michael Burton,1.0,0.5,1.0,0.5,0.0
2023,6,TEN,Derrick Henry,70.0,5.8,27.0,2.3,4.0
2023,6,TEN,Tyjae Spears,9.0,2.3,6.0,1.5,0.0
2023,6,TEN,Malik Willis,14.0,4.7,3.0,1.0,0.0
2023,6,BAL,Gus Edwards,8.0,0.5,33.0,2.1,2.0
2023,6,BAL,Lamar Jackson,48.0,3.7,14.0,1.1,1.0
2023,6,BAL,Justice Hill,23.0,2.9,12.0,1.5,1.0
2023,6,BAL,Mark Andrews,0.0,0.0,0.0,0.0,0.0
2023,6,BAL,Zay Flowers,1.0,1.0,0.0,0.0,0.0
2023,6,ATL,Tyler Allgeier,30.0,2.3,21.0,1.6,1.0
2023,6,ATL,Bijan Robinson,29.0,2.2,8.0,0.6,1.0
2023,6,ATL,Desmond Ridder,13.0,6.5,5.0,2.5,1.0
2023,6,ATL,Cordarrelle Patterson,0.0,0.0,0.0,0.0,0.0
2023,6,WAS,Brian Robinson Jr.,27.0,2.7,4.0,0.4,0.0
2023,6,WAS,Sam Howell,3.0,0.8,0.0,0.0,0.0
2023,6,WAS,Chris Rodriguez,18.0,4.5,5.0,1.3,1.0
2023,6,WAS,Antonio Gibson,9.0,3.0,6.0,2.0,0.0
2023,6,WAS,Curtis Samuel,0.0,0.0,0.0,0.0,0.0
2023,6,CHI,D'Onta Foreman,36.0,2.4,29.0,1.9,1.0
2023,6,CHI,Darrynton Evans,19.0,2.1,13.0,1.4,0.0
2023,6,CHI,Justin Fields,36.0,4.5,10.0,1.3,0.0
2023,6,CHI,Tyson Bagent,4.0,2.0,0.0,0.0,0.0
2023,6,CHI,Velus Jones Jr.,15.0,7.5,0.0,0.0,0.0
2023,6,MIN,Alexander Mattison,32.0,1.8,12.0,0.7,1.0
2023,6,MIN,Kirk Cousins,-6.0,-3.0,1.0,0.5,0.0
2023,6,MIN,Cam Akers,7.0,7.0,1.0,1.0,0.0
2023,6,MIN,Brandon Powell,-1.0,-1.0,0.0,0.0,0.0
2023,6,CIN,Joe Mixon,30.0,2.5,8.0,0.7,0.0
2023,6,CIN,Joe Burrow,4.0,2.0,0.0,0.0,0.0
2023,6,CIN,Chase Brown,2.0,2.0,2.0,2.0,0.0
2023,6,SEA,Kenneth Walker III,47.0,2.5,15.0,0.8,2.0
2023,6,SEA,Geno Smith,20.0,5.0,0.0,0.0,0.0
2023,6,SEA,Zach Charbonnet,5.0,2.5,0.0,0.0,0.0
2023,6,CLE,Jerome Ford,53.0,3.1,31.0,1.8,1.0
2023,6,CLE,Kareem Hunt,40.0,3.3,7.0,0.6,0.0
2023,6,CLE,P.J. Walker,1.0,0.3,0.0,0.0,0.0
2023,6,CLE,Marquise Goodwin,20.0,20.0,0.0,0.0,0.0
2023,6,CLE,Elijah Moore,8.0,8.0,0.0,0.0,0.0
2023,6,SF,Christian McCaffrey,28.0,2.5,15.0,1.4,1.0
2023,6,SF,Jordan Mason,11.0,2.2,16.0,3.2,0.0
2023,6,SF,Brock Purdy,7.0,2.3,0.0,0.0,0.0
2023,6,SF,Ray-Ray McCloud,21.0,10.5,2.0,1.0,0.0
2023,6,SF,Elijah Mitchell,-3.0,-1.5,0.0,0.0,0.0
2023,6,SF,Deebo Samuel,8.0,4.0,3.0,1.5,0.0
2023,6,HOU,Dameon Pierce,9.0,0.7,25.0,1.9,0.0
2023,6,HOU,Devin Singletary,32.0,2.7,26.0,2.2,0.0
2023,6,HOU,C.J. Stroud,1.0,0.3,1.0,0.3,0.0
2023,6,HOU,Xavier Hutchinson,10.0,5.0,5.0,2.5,0.0
2023,6,HOU,Mike Boone,8.0,8.0,3.0,3.0,0.0
2023,6,NO,Alvin Kamara,33.0,1.7,35.0,1.8,0.0
2023,6,NO,Kendre Miller,-3.0,-1.5,2.0,1.0,0.0
2023,6,NO,Rashid Shaheed,12.0,6.0,6.0,3.0,1.0
2023,6,NO,Derek Carr,0.0,0.0,2.0,2.0,0.0
2023,6,NO,Taysom Hill,0.0,0.0,2.0,2.0,0.0
2023,6,JAX,Travis Etienne,24.0,1.3,31.0,1.7,0.0
2023,6,JAX,C.J. Beathard,-2.0,-0.7,0.0,0.0,0.0
2023,6,JAX,Tank Bigsby,-1.0,-0.3,3.0,1.0,0.0
2023,6,JAX,Trevor Lawrence,13.0,4.3,2.0,0.7,0.0
2023,6,JAX,D'Ernest Johnson,14.0,14.0,5.0,5.0,0.0
2023,6,JAX,Calvin Ridley,-4.0,-4.0,0.0,0.0,0.0
2023,6,IND,Jonathan Taylor,10.0,1.3,9.0,1.1,0.0
2023,6,IND,Zack Moss,10.0,1.4,11.0,1.6,0.0
2023,6,IND,Gardner Minshew II,4.0,2.0,0.0,0.0,0.0
2023,6,MIA,Raheem Mostert,75.0,4.4,40.0,2.4,2.0
2023,6,MIA,Salvon Ahmed,23.0,3.8,0.0,0.0,0.0
2023,6,MIA,Chris Brooks,3.0,0.5,25.0,4.2,1.0
2023,6,MIA,Mike White,-4.0,-1.3,0.0,0.0,0.0
2023,6,MIA,Tua Tagovailoa,0.0,0.0,0.0,0.0,0.0
2023,6,CAR,Chuba Hubbard,83.0,4.4,5.0,0.3,1.0
2023,6,CAR,Raheem Blackshear,18.0,3.6,0.0,0.0,0.0
2023,6,CAR,Laviska Shenault Jr.,2.0,2.0,0.0,0.0,0.0
2023,6,LV,Josh Jacobs,53.0,2.1,24.0,1.0,0.0
2023,6,LV,Brian Hoyer,-3.0,-1.0,0.0,0.0,0.0
2023,6,LV,Jimmy Garoppolo,3.0,1.5,1.0,0.5,0.0
2023,6,LV,Zamir White,0.0,0.0,2.0,1.0,0.0
2023,6,LV,Tre Tucker,1.0,1.0,3.0,3.0,0.0
2023,6,NE,Rhamondre Stevenson,32.0,3.2,14.0,1.4,0.0
2023,6,NE,Ezekiel Elliott,22.0,3.1,12.0,1.7,0.0
2023,6,NE,Kendrick Bourne,3.0,3.0,1.0,1.0,0.0
2023,6,NE,Mac Jones,-1.0,-1.0,0.0,0.0,0.0
2023,6,LA,Kyren Williams,143.0,7.2,15.0,0.8,2.0
2023,6,LA,Zach Evans,10.0,2.5,0.0,0.0,0.0
2023,6,LA,Ronnie Rivers,9.0,3.0,0.0,0.0,0.0
2023,6,LA,Matthew Stafford,2.0,2.0,0.0,0.0,0.0
2023,6,ARI,Keaontay Ingram,40.0,4.0,0.0,0.0,0.0
2023,6,ARI,Damien Williams,27.0,3.4,9.0,1.1,1.0
2023,6,ARI,Joshua Dobbs,34.0,4.9,13.0,1.9,1.0
2023,6,ARI,Rondale Moore,-4.0,-1.3,0.0,0.0,0.0
2023,6,ARI,Emari Demercado,11.0,5.5,0.0,0.0,0.0
2023,6,NYJ,Breece Hall,26.0,2.2,13.0,1.1,0.0
2023,6,NYJ,Zach Wilson,15.0,3.8,0.0,0.0,0.0
2023,6,NYJ,Dalvin Cook,6.0,2.0,6.0,2.0,0.0
2023,6,NYJ,Michael Carter,3.0,3.0,2.0,2.0,0.0
2023,6,NYJ,Xavier Gipson,16.0,16.0,2.0,2.0,0.0
2023,6,PHI,D'Andre Swift,11.0,1.1,7.0,0.7,0.0
2023,6,PHI,Jalen Hurts,38.0,4.8,9.0,1.1,0.0
2023,6,PHI,Kenneth Gainwell,7.0,3.5,6.0,3.0,0.0
2023,6,PHI,Boston Scott,0.0,0.0,2.0,1.0,0.0
2023,6,TB,Rachaad White,16.0,2.3,10.0,1.4,1.0
2023,6,TB,Ke'Shawn Vaughn,2.0,0.3,7.0,1.2,1.0
2023,6,TB,Baker Mayfield,6.0,3.0,0.0,0.0,0.0
2023,6,TB,Deven Thompkins,5.0,5.0,0.0,0.0,0.0
2023,6,DET,Craig Reynolds,12.0,1.2,3.0,0.3,0.0
2023,6,DET,David Montgomery,8.0,1.3,6.0,1.0,0.0
2023,6,DET,Devine Ozigbo,2.0,0.7,3.0,1.0,1.0
2023,6,DET,Jared Goff,3.0,1.5,0.0,0.0,0.0
2023,6,DET,Kalif Raymond,2.0,2.0,1.0,1.0,0.0
2023,6,BUF,James Cook,39.0,2.8,32.0,2.3,0.0
2023,6,BUF,Latavius Murray,25.0,2.1,20.0,1.7,0.0
2023,6,BUF,Josh Allen,3.0,1.5,8.0,4.0,0.0
2023,6,BUF,Damien Harris,1.0,1.0,0.0,0.0,0.0
2023,6,NYG,Saquon Barkley,65.0,2.7,28.0,1.2,0.0
2023,6,NYG,Tyrod Taylor,22.0,4.4,2.0,0.4,0.0
2023,6,NYG,Matt Breida,7.0,1.8,6.0,1.5,0.0
2023,6,NYG,Eric Gray,2.0,2.0,0.0,0.0,0.0
2023,6,LAC,Austin Ekeler,9.0,0.6,18.0,1.3,0.0
2023,6,LAC,Justin Herbert,11.0,1.8,9.0,1.5,0.0
2023,6,LAC,Gerald Everett,1.0,1.0,1.0,1.0,0.0
2023,6,LAC,Joshua Kelley,1.0,1.0,1.0,1.0,0.0
2023,6,LAC,Isaiah Spiller,0.0,0.0,2.0,2.0,0.0
2023,6,DAL,Tony Pollard,12.0,0.8,18.0,1.2,0.0
2023,6,DAL,Dak Prescott,28.0,4.0,12.0,1.7,0.0
2023,6,DAL,Rico Dowdle,5.0,1.7,7.0,2.3,0.0
2023,6,DAL,Brandin Cooks,13.0,13.0,1.0,1.0,0.0
2023,7,NO,Alvin Kamara,48.0,2.8,14.0,0.8,0.0
2023,7,NO,Taysom Hill,13.0,2.6,5.0,1.0,0.0
2023,7,NO,Jamaal Williams,11.0,2.2,3.0,0.6,0.0
2023,7,NO,Derek Carr,14.0,4.7,0.0,0.0,0.0
2023,7,NO,Rashid Shaheed,3.0,3.0,1.0,1.0,0.0
2023,7,JAX,Travis Etienne,34.0,2.4,19.0,1.4,1.0
2023,7,JAX,Trevor Lawrence,54.0,6.8,5.0,0.6,0.0
2023,7,JAX,Tank Bigsby,2.0,1.0,0.0,0.0,0.0
2023,7,JAX,Jamal Agnew,-1.0,-1.0,0.0,0.0,0.0
2023,7,JAX,Calvin Ridley,0.0,0.0,0.0,0.0,0.0
2023,7,BAL,Gus Edwards,29.0,2.1,35.0,2.5,2.0
2023,7,BAL,Lamar Jackson,27.0,3.0,9.0,1.0,0.0
2023,7,BAL,Justice Hill,33.0,8.3,13.0,3.3,1.0
2023,7,DET,Jahmyr Gibbs,47.0,4.3,21.0,1.9,1.0
2023,7,DET,Craig Reynolds,5.0,1.7,11.0,3.7,0.0
2023,7,CHI,D'Onta Foreman,83.0,5.2,6.0,0.4,2.0
2023,7,CHI,Darrynton Evans,48.0,3.4,0.0,0.0,0.0
2023,7,CHI,Tyson Bagent,24.0,8.0,0.0,0.0,0.0
2023,7,CHI,Nathan Peterman,-4.0,-2.0,0.0,0.0,0.0
2023,7,CHI,Tyler Scott,14.0,7.0,0.0,0.0,0.0
2023,7,CHI,Darnell Mooney,2.0,2.0,0.0,0.0,0.0
2023,7,LV,Josh Jacobs,27.0,2.5,8.0,0.7,2.0
2023,7,LV,Zamir White,2.0,1.0,0.0,0.0,0.0
2023,7,LV,Tre Tucker,2.0,2.0,0.0,0.0,0.0
2023,7,IND,Zack Moss,36.0,2.0,21.0,1.2,0.0
2023,7,IND,Jonathan Taylor,38.0,2.1,37.0,2.1,0.0
2023,7,IND,Gardner Minshew II,29.0,9.7,0.0,0.0,0.0
2023,7,IND,Isaiah McKenzie,0.0,0.0,7.0,7.0,0.0
2023,7,CLE,Jerome Ford,69.0,6.3,5.0,0.5,0.0
2023,7,CLE,Kareem Hunt,23.0,2.3,8.0,0.8,0.0
2023,7,CLE,Pierre Strong,18.0,2.3,7.0,0.9,0.0
2023,7,CLE,P.J. Walker,2.0,0.7,1.0,0.3,0.0
2023,7,CLE,Marquise Goodwin,17.0,17.0,0.0,0.0,0.0
2023,7,NE,Ezekiel Elliott,20.0,1.8,11.0,1.0,0.0
2023,7,NE,Rhamondre Stevenson,21.0,2.3,13.0,1.4,1.0
2023,7,NE,Mac Jones,7.0,2.3,4.0,1.3,0.0
2023,7,NE,Demario Douglas,3.0,3.0,17.0,17.0,0.0
2023,7,BUF,James Cook,23.0,1.8,33.0,2.5,0.0
2023,7,BUF,Josh Allen,12.0,1.7,5.0,0.7,0.0
2023,7,BUF,Latavius Murray,7.0,1.8,1.0,0.3,0.0
2023,7,NYG,Saquon Barkley,52.0,2.5,25.0,1.2,1.0
2023,7,NYG,Tyrod Taylor,18.0,2.3,7.0,0.9,0.0
2023,7,NYG,Matt Breida,2.0,0.7,2.0,0.7,0.0
2023,7,WAS,Brian Robinson Jr.,13.0,1.6,10.0,1.3,0.0
2023,7,WAS,Chris Rodriguez,13.0,1.9,18.0,2.6,1.0
2023,7,WAS,Antonio Gibson,4.0,2.0,3.0,1.5,0.0
2023,7,WAS,Sam Howell,15.0,7.5,0.0,0.0,0.0
2023,7,TB,Rachaad White,26.0,2.0,8.0,0.6,0.0
2023,7,TB,Ke'Shawn Vaughn,5.0,1.3,2.0,0.5,1.0
2023,7,TB,Baker Mayfield,7.0,2.3,25.0,8.3,0.0
2023,7,ATL,Tyler Allgeier,35.0,1.7,24.0,1.1,0.0
2023,7,ATL,Cordarrelle Patterson,37.0,3.7,19.0,1.9,1.0
2023,7,ATL,Desmond Ridder,37.0,6.2,1.0,0.2,0.0
2023,7,ATL,Bijan Robinson,2.0,2.0,1.0,1.0,0.0
2023,7,LA,Darrell Henderson,27.0,1.5,34.0,1.9,1.0
2023,7,LA,Royce Freeman,23.0,1.9,43.0,3.6,4.0
2023,7,LA,Matthew Stafford,6.0,6.0,2.0,2.0,0.0
2023,7,PIT,Najee Harris,22.0,1.6,31.0,2.2,6.0
2023,7,PIT,Kenny Pickett,-2.0,-0.3,2.0,0.3,0.0
2023,7,PIT,Jaylen Warren,13.0,2.2,19.0,3.2,1.0
2023,7,PIT,Calvin Austin,0.0,0.0,1.0,1.0,0.0
2023,7,SEA,Kenneth Walker III,78.0,3.0,27.0,1.0,0.0
2023,7,SEA,Geno Smith,7.0,1.2,3.0,0.5,0.0
2023,7,ARI,Emari Demercado,52.0,4.0,6.0,0.5,0.0
2023,7,ARI,Joshua Dobbs,24.0,3.4,19.0,2.7,0.0
2023,7,ARI,Rondale Moore,17.0,4.3,7.0,1.8,0.0
2023,7,ARI,Damien Williams,2.0,2.0,0.0,0.0,0.0
2023,7,DEN,Javonte Williams,36.0,2.4,46.0,3.1,2.0
2023,7,DEN,Jaleel McLaughlin,33.0,6.6,12.0,2.4,0.0
2023,7,DEN,Samaje Perine,3.0,1.5,7.0,3.5,0.0
2023,7,DEN,Michael Burton,-2.0,-2.0,0.0,0.0,0.0
2023,7,DEN,Marvin Mims,-11.0,-11.0,0.0,0.0,0.0
2023,7,DEN,Russell Wilson,8.0,8.0,13.0,13.0,1.0
2023,7,GB,AJ Dillon,32.0,2.1,29.0,1.9,0.0
2023,7,GB,Aaron Jones,24.0,3.0,11.0,1.4,0.0
2023,7,GB,Jordan Love,17.0,5.7,4.0,1.3,0.0
2023,7,GB,Emanuel Wilson,12.0,6.0,7.0,3.5,0.0
2023,7,GB,Dontayvion Wicks,0.0,0.0,1.0,1.0,0.0
2023,7,KC,Isiah Pacheco,23.0,1.8,9.0,0.7,2.0
2023,7,KC,Patrick Mahomes,29.0,7.3,0.0,0.0,0.0
2023,7,KC,Clyde Edwards-Helaire,5.0,2.5,0.0,0.0,0.0
2023,7,KC,Jerick McKinnon,2.0,1.0,0.0,0.0,0.0
2023,7,LAC,Austin Ekeler,42.0,3.0,3.0,0.2,0.0
2023,7,LAC,Joshua Kelley,41.0,5.9,34.0,4.9,1.0
2023,7,LAC,Derius Davis,7.0,2.3,7.0,2.3,1.0
2023,7,LAC,Justin Herbert,5.0,2.5,0.0,0.0,0.0
2023,7,PHI,D'Andre Swift,44.0,2.9,18.0,1.2,0.0
2023,7,PHI,Jalen Hurts,19.0,1.7,2.0,0.2,0.0
2023,7,PHI,Kenneth Gainwell,13.0,1.6,3.0,0.4,0.0
2023,7,MIA,Raheem Mostert,23.0,2.6,22.0,2.4,0.0
2023,7,MIA,Salvon Ahmed,3.0,1.5,0.0,0.0,0.0
2023,7,MIA,Tua Tagovailoa,-3.0,-3.0,0.0,0.0,0.0
2023,7,MIN,Cam Akers,8.0,0.8,23.0,2.3,2.0
2023,7,MIN,Alexander Mattison,14.0,1.8,25.0,3.1,0.0
2023,7,MIN,Kirk Cousins,-1.0,-0.5,0.0,0.0,0.0
2023,7,MIN,Brandon Powell,4.0,4.0,1.0,1.0,0.0
2023,7,SF,Christian McCaffrey,25.0,1.7,20.0,1.3,1.0
2023,7,SF,Brock Purdy,-9.0,-1.8,28.0,5.6,1.0
2023,7,SF,George Kittle,1.0,1.0,1.0,1.0,0.0
2023,7,SF,Elijah Mitchell,-1.0,-1.0,0.0,0.0,0.0
2023,8,BUF,James Cook,44.0,3.1,23.0,1.6,0.0
2023,8,BUF,Josh Allen,36.0,5.1,5.0,0.7,0.0
2023,8,BUF,Latavius Murray,3.0,0.6,4.0,0.8,0.0
2023,8,TB,Rachaad White,20.0,2.2,19.0,2.1,1.0
2023,8,TB,Chase Edmonds,4.0,1.3,1.0,0.3,0.0
2023,8,TB,Baker Mayfield,6.0,2.0,13.0,4.3,0.0
2023,8,TB,Chris Godwin,2.0,2.0,12.0,12.0,1.0
2023,8,TB,Ke'Shawn Vaughn,1.0,1.0,0.0,0.0,0.0
2023,8,CAR,Chuba Hubbard,10.0,0.7,18.0,1.2,2.0
2023,8,CAR,Bryce Young,6.0,1.5,5.0,1.3,1.0
2023,8,CAR,Raheem Blackshear,-1.0,-0.3,6.0,2.0,1.0
2023,8,CAR,Miles Sanders,-4.0,-2.0,4.0,2.0,0.0
2023,8,HOU,Dameon Pierce,12.0,1.0,34.0,2.8,1.0
2023,8,HOU,Devin Singletary,6.0,0.6,24.0,2.4,4.0
2023,8,HOU,Tank Dell,-2.0,-0.7,17.0,5.7,2.0
2023,8,HOU,Andrew Beck,1.0,0.5,0.0,0.0,0.0
2023,8,HOU,C.J. Stroud,12.0,6.0,1.0,0.5,0.0
2023,8,HOU,Mike Boone,4.0,4.0,1.0,1.0,0.0
2023,8,DAL,Tony Pollard,33.0,2.8,20.0,1.7,0.0
2023,8,DAL,Rico Dowdle,8.0,1.6,10.0,2.0,0.0
2023,8,DAL,Dak Prescott,19.0,4.8,0.0,0.0,0.0
2023,8,DAL,Cooper Rush,-3.0,-1.0,0.0,0.0,0.0
2023,8,DAL,Brandin Cooks,2.0,2.0,1.0,1.0,0.0
2023,8,DAL,CeeDee Lamb,9.0,9.0,3.0,3.0,0.0
2023,8,LA,Darrell Henderson,10.0,0.8,21.0,1.8,0.0
2023,8,LA,Royce Freeman,19.0,2.1,25.0,2.8,0.0
2023,8,LA,Tutu Atwell,8.0,4.0,0.0,0.0,0.0
2023,8,LA,Matthew Stafford,9.0,9.0,0.0,0.0,0.0
2023,8,GB,Aaron Jones,29.0,4.1,0.0,0.0,0.0
2023,8,GB,AJ Dillon,9.0,1.5,2.0,0.3,0.0
2023,8,GB,Jordan Love,34.0,8.5,0.0,0.0,0.0
2023,8,MIN,Alexander Mattison,31.0,1.9,0.0,0.0,2.0
2023,8,MIN,Cam Akers,19.0,2.1,0.0,0.0,0.0
2023,8,MIN,Kirk Cousins,9.0,4.5,0.0,0.0,0.0
2023,8,MIN,Jaren Hall,-1.0,-0.5,0.0,0.0,0.0
2023,8,MIN,Jordan Addison,2.0,2.0,0.0,0.0,0.0
2023,8,MIN,Brandon Powell,2.0,2.0,0.0,0.0,0.0
2023,8,IND,Jonathan Taylor,44.0,3.7,51.0,4.3,6.0
2023,8,IND,Zack Moss,54.0,4.9,12.0,1.1,0.0
2023,8,IND,Gardner Minshew II,3.0,3.0,0.0,0.0,0.0
2023,8,NO,Alvin Kamara,51.0,3.0,8.0,0.5,0.0
2023,8,NO,Taysom Hill,53.0,5.9,10.0,1.1,0.0
2023,8,NO,Jamaal Williams,17.0,2.8,13.0,2.2,1.0
2023,8,NO,Kendre Miller,7.0,2.3,3.0,1.0,0.0
2023,8,NO,Derek Carr,-1.0,-1.0,0.0,0.0,0.0
2023,8,MIA,Raheem Mostert,38.0,2.9,8.0,0.6,0.0
2023,8,MIA,Tua Tagovailoa,8.0,1.3,0.0,0.0,0.0
2023,8,MIA,Jeff Wilson,20.0,4.0,3.0,0.6,0.0
2023,8,MIA,Salvon Ahmed,1.0,0.5,0.0,0.0,0.0
2023,8,NE,Rhamondre Stevenson,21.0,2.1,18.0,1.8,1.0
2023,8,NE,Ezekiel Elliott,18.0,2.6,18.0,2.6,0.0
2023,8,NE,Demario Douglas,4.0,4.0,0.0,0.0,0.0
2023,8,NE,Mac Jones,-2.0,-2.0,0.0,0.0,0.0
2023,8,NYG,Saquon Barkley,42.0,1.2,86.0,2.4,1.0
2023,8,NYG,Matt Breida,7.0,1.4,6.0,1.2,0.0
2023,8,NYG,Tyrod Taylor,14.0,2.8,19.0,3.8,0.0
2023,8,NYG,Tommy DeVito,12.0,3.0,0.0,0.0,0.0
2023,8,NYG,Wan'Dale Robinson,14.0,7.0,3.0,1.5,0.0
2023,8,NYJ,Breece Hall,4.0,0.3,13.0,1.1,0.0
2023,8,NYJ,Zach Wilson,25.0,6.3,0.0,0.0,0.0
2023,8,NYJ,Michael Carter,1.0,0.5,1.0,0.5,0.0
2023,8,NYJ,Dalvin Cook,4.0,2.0,1.0,0.5,0.0
2023,8,NYJ,Xavier Gipson,2.0,2.0,1.0,1.0,0.0
2023,8,NYJ,Garrett Wilson,3.0,3.0,3.0,3.0,0.0
2023,8,PIT,Najee Harris,5.0,0.7,8.0,1.1,0.0
2023,8,PIT,Jaylen Warren,11.0,2.2,8.0,1.6,0.0
2023,8,PIT,Mitchell Trubisky,18.0,6.0,0.0,0.0,0.0
2023,8,PIT,Calvin Austin,9.0,4.5,1.0,0.5,0.0
2023,8,PIT,Kenny Pickett,9.0,9.0,1.0,1.0,0.0
2023,8,JAX,Travis Etienne,54.0,2.3,25.0,1.0,0.0
2023,8,JAX,Tank Bigsby,6.0,2.0,3.0,1.0,0.0
2023,8,JAX,D'Ernest Johnson,3.0,1.5,5.0,2.5,0.0
2023,8,JAX,Trevor Lawrence,0.0,0.0,10.0,10.0,1.0
2023,8,TEN,Derrick Henry,56.0,2.5,45.0,2.0,0.0
2023,8,TEN,Will Levis,9.0,1.3,2.0,0.3,0.0
2023,8,TEN,Tyjae Spears,14.0,4.7,13.0,4.3,0.0
2023,8,TEN,Malik Willis,4.0,2.0,0.0,0.0,0.0
2023,8,TEN,Amani Hooker,2.0,2.0,0.0,0.0,0.0
2023,8,TEN,Chigoziem Okonkwo,3.0,3.0,1.0,1.0,0.0
2023,8,ATL,Bijan Robinson,43.0,3.9,19.0,1.7,0.0
2023,8,ATL,Tyler Allgeier,20.0,2.5,11.0,1.4,0.0
2023,8,ATL,Desmond Ridder,26.0,8.7,0.0,0.0,0.0
2023,8,ATL,Taylor Heinicke,14.0,7.0,0.0,0.0,0.0
2023,8,ATL,Cordarrelle Patterson,3.0,1.5,4.0,2.0,0.0
2023,8,WAS,Brian Robinson Jr.,39.0,3.9,20.0,2.0,0.0
2023,8,WAS,Sam Howell,6.0,2.0,5.0,1.7,0.0
2023,8,WAS,Antonio Gibson,5.0,2.5,9.0,4.5,1.0
2023,8,WAS,Dyami Brown,0.0,0.0,0.0,0.0,0.0
2023,8,PHI,D'Andre Swift,30.0,1.9,27.0,1.7,0.0
2023,8,PHI,Jalen Hurts,6.0,1.5,0.0,0.0,0.0
2023,8,PHI,Kenneth Gainwell,-4.0,-2.0,0.0,0.0,0.0
2023,8,SEA,Kenneth Walker III,57.0,7.1,9.0,1.1,0.0
2023,8,SEA,Zach Charbonnet,27.0,5.4,26.0,5.2,1.0
2023,8,SEA,Geno Smith,-3.0,-1.5,0.0,0.0,0.0
2023,8,SEA,Jake Bobo,1.0,1.0,2.0,2.0,0.0
2023,8,SEA,D'Wayne Eskridge,-5.0,-5.0,0.0,0.0,0.0
2023,8,CLE,Kareem Hunt,34.0,2.4,21.0,1.5,0.0
2023,8,CLE,Pierre Strong,33.0,3.3,8.0,0.8,0.0
2023,8,CLE,Jerome Ford,28.0,3.1,9.0,1.0,0.0
2023,8,CLE,P.J. Walker,27.0,4.5,0.0,0.0,0.0
2023,8,CLE,Marquise Goodwin,-5.0,-5.0,0.0,0.0,0.0
2023,8,ARI,Emari Demercado,53.0,2.7,25.0,1.3,0.0
2023,8,ARI,Joshua Dobbs,24.0,4.0,2.0,0.3,0.0
2023,8,ARI,Keaontay Ingram,-3.0,-1.5,12.0,6.0,0.0
2023,8,ARI,Rondale Moore,7.0,3.5,4.0,2.0,1.0
2023,8,ARI,Damien Williams,-1.0,-0.5,6.0,3.0,0.0
2023,8,BAL,Gus Edwards,49.0,2.6,31.0,1.6,0.0
2023,8,BAL,Lamar Jackson,8.0,1.6,9.0,1.8,0.0
2023,8,BAL,Justice Hill,11.0,2.8,4.0,1.0,0.0
2023,8,BAL,Rashod Bateman,17.0,17.0,1.0,1.0,0.0
2023,8,DEN,Javonte Williams,69.0,2.6,16.0,0.6,2.0
2023,8,DEN,Russell Wilson,30.0,3.8,0.0,0.0,0.0
2023,8,DEN,Jaleel McLaughlin,25.0,6.3,8.0,2.0,1.0
2023,8,DEN,Samaje Perine,5.0,5.0,0.0,0.0,0.0
2023,8,KC,Isiah Pacheco,25.0,3.1,15.0,1.9,1.0
2023,8,KC,Patrick Mahomes,20.0,6.7,0.0,0.0,0.0
2023,8,KC,Jerick McKinnon,-2.0,-1.0,0.0,0.0,0.0
2023,8,KC,Clyde Edwards-Helaire,2.0,2.0,2.0,2.0,1.0
2023,8,KC,Mecole Hardman,3.0,3.0,0.0,0.0,0.0
2023,8,KC,Kadarius Toney,-3.0,-3.0,0.0,0.0,0.0
2023,8,SF,Christian McCaffrey,37.0,3.1,17.0,1.4,0.0
2023,8,SF,Brock Purdy,57.0,9.5,0.0,0.0,0.0
2023,8,SF,Elijah Mitchell,0.0,0.0,2.0,0.7,0.0
2023,8,SF,Kyle Juszczyk,0.0,0.0,0.0,0.0,0.0
2023,8,CIN,Joe Mixon,67.0,4.2,20.0,1.3,1.0
2023,8,CIN,Joe Burrow,39.0,6.5,4.0,0.7,0.0
2023,8,CIN,Ja'Marr Chase,-8.0,-4.0,0.0,0.0,0.0
2023,8,CIN,Trayveon Williams,2.0,1.0,4.0,2.0,0.0
2023,8,CIN,Tyler Boyd,6.0,6.0,0.0,0.0,0.0
2023,8,LAC,Austin Ekeler,16.0,1.1,13.0,0.9,0.0
2023,8,LAC,Joshua Kelley,11.0,1.8,10.0,1.7,0.0
2023,8,LAC,Isaiah Spiller,0.0,0.0,3.0,1.0,0.0
2023,8,LAC,Justin Herbert,1.0,1.0,0.0,0.0,0.0
2023,8,CHI,D'Onta Foreman,22.0,2.4,12.0,1.3,0.0
2023,8,CHI,Roschon Johnson,14.0,2.3,7.0,1.2,0.0
2023,8,CHI,Tyson Bagent,-2.0,-0.5,1.0,0.3,0.0
2023,8,CHI,Darrynton Evans,16.0,4.0,2.0,0.5,0.0
2023,8,CHI,Darnell Mooney,2.0,2.0,1.0,1.0,0.0
2023,8,CHI,Trent Taylor,-2.0,-2.0,0.0,0.0,0.0
2023,8,DET,Jahmyr Gibbs,73.0,2.8,79.0,3.0,3.0
2023,8,DET,Craig Reynolds,43.0,3.1,31.0,2.2,0.0
2023,8,DET,Jared Goff,-2.0,-1.0,0.0,0.0,0.0
2023,8,DET,Kalif Raymond,-2.0,-2.0,0.0,0.0,0.0
2023,8,LV,Josh Jacobs,30.0,2.0,31.0,2.1,1.0
2023,8,LV,Jimmy Garoppolo,11.0,5.5,1.0,0.5,0.0
2023,8,LV,Ameer Abdullah,5.0,5.0,2.0,2.0,0.0
2023,9,PIT,Najee Harris,37.0,2.3,32.0,2.0,0.0
2023,9,PIT,Jaylen Warren,46.0,4.2,42.0,3.8,1.0
2023,9,PIT,Calvin Austin,8.0,4.0,2.0,1.0,0.0
2023,9,PIT,Kenny Pickett,-1.0,-1.0,0.0,0.0,0.0
2023,9,TEN,Derrick Henry,47.0,2.8,28.0,1.6,1.0
2023,9,TEN,Tyjae Spears,8.0,1.6,10.0,2.0,0.0
2023,9,TEN,Treylon Burks,0.0,0.0,5.0,5.0,0.0
2023,9,TEN,DeAndre Hopkins,1.0,1.0,4.0,4.0,0.0
2023,9,TEN,Will Levis,0.0,0.0,2.0,2.0,0.0
2023,9,KC,Isiah Pacheco,40.0,2.5,26.0,1.6,0.0
2023,9,KC,Patrick Mahomes,19.0,3.2,5.0,0.8,0.0
2023,9,KC,Jerick McKinnon,2.0,2.0,0.0,0.0,0.0
2023,9,KC,La'Mical Perine,1.0,1.0,0.0,0.0,0.0
2023,9,MIA,Raheem Mostert,56.0,4.7,29.0,2.4,1.0
2023,9,MIA,Salvon Ahmed,-1.0,-0.3,5.0,1.7,0.0
2023,9,MIA,Tua Tagovailoa,7.0,3.5,0.0,0.0,0.0
2023,9,MIA,Jeff Wilson,4.0,2.0,2.0,1.0,0.0
2023,9,MIA,Tyreek Hill,0.0,0.0,3.0,3.0,0.0
2023,9,MIA,Jaylen Waddle,12.0,12.0,0.0,0.0,0.0
2023,9,ATL,Tyler Allgeier,10.0,0.8,29.0,2.4,0.0
2023,9,ATL,Bijan Robinson,33.0,3.0,18.0,1.6,0.0
2023,9,ATL,Taylor Heinicke,19.0,6.3,1.0,0.3,0.0
2023,9,ATL,Cordarrelle Patterson,0.0,0.0,0.0,0.0,0.0
2023,9,ATL,Jonnu Smith,0.0,0.0,0.0,0.0,0.0
2023,9,MIN,Alexander Mattison,17.0,1.1,27.0,1.7,0.0
2023,9,MIN,Cam Akers,13.0,1.6,12.0,1.5,0.0
2023,9,MIN,Joshua Dobbs,15.0,2.1,51.0,7.3,3.0
2023,9,MIN,Jaren Hall,10.0,5.0,1.0,0.5,0.0
2023,9,BAL,Justice Hill,30.0,2.3,10.0,0.8,0.0
2023,9,BAL,Lamar Jackson,28.0,2.8,32.0,3.2,0.0
2023,9,BAL,Keaton Mitchell,63.0,7.0,75.0,8.3,0.0
2023,9,BAL,Gus Edwards,14.0,2.8,38.0,7.6,1.0
2023,9,BAL,Tyler Huntley,8.0,2.0,0.0,0.0,0.0
2023,9,SEA,Kenneth Walker III,11.0,1.2,5.0,0.6,0.0
2023,9,SEA,Zach Charbonnet,6.0,1.5,2.0,0.5,0.0
2023,9,SEA,Geno Smith,-1.0,-0.5,5.0,2.5,0.0
2023,9,CLE,Jerome Ford,20.0,1.0,24.0,1.2,0.0
2023,9,CLE,Kareem Hunt,19.0,1.4,19.0,1.4,1.0
2023,9,CLE,Pierre Strong,4.0,1.3,5.0,1.7,0.0
2023,9,CLE,Deshaun Watson,19.0,6.3,3.0,1.0,0.0
2023,9,ARI,Keaontay Ingram,1.0,0.1,7.0,0.8,0.0
2023,9,ARI,Clayton Tune,28.0,5.6,0.0,0.0,0.0
2023,9,ARI,Rondale Moore,-3.0,-0.8,6.0,1.5,0.0
2023,9,ARI,Tony Jones,-2.0,-0.7,4.0,1.3,0.0
2023,9,GB,Aaron Jones,47.0,2.4,26.0,1.3,0.0
2023,9,GB,AJ Dillon,24.0,2.7,16.0,1.8,1.0
2023,9,GB,Jordan Love,7.0,1.8,0.0,0.0,0.0
2023,9,GB,Emanuel Wilson,40.0,10.0,3.0,0.8,0.0
2023,9,GB,Jayden Reed,21.0,21.0,0.0,0.0,0.0
2023,9,LA,Royce Freeman,17.0,1.4,15.0,1.3,0.0
2023,9,LA,Darrell Henderson,7.0,0.7,12.0,1.2,0.0
2023,9,LA,Brett Rypien,19.0,6.3,0.0,0.0,0.0
2023,9,LA,Ben Skowronek,-2.0,-2.0,0.0,0.0,0.0
2023,9,HOU,Devin Singletary,15.0,1.2,11.0,0.8,0.0
2023,9,HOU,Tank Dell,1.0,0.5,1.0,0.5,0.0
2023,9,HOU,Mike Boone,2.0,2.0,1.0,1.0,0.0
2023,9,HOU,Xavier Hutchinson,9.0,9.0,3.0,3.0,1.0
2023,9,HOU,C.J. Stroud,10.0,,0.0,,0.0
2023,9,TB,Rachaad White,53.0,2.7,20.0,1.0,1.0
2023,9,TB,Baker Mayfield,1.0,0.3,3.0,0.8,0.0
2023,9,TB,Ke'Shawn Vaughn,2.0,0.5,7.0,1.8,1.0
2023,9,TB,Chase Edmonds,-5.0,-1.7,0.0,0.0,1.0
2023,9,NE,Rhamondre Stevenson,17.0,1.9,70.0,7.8,2.0
2023,9,NE,Ezekiel Elliott,10.0,1.7,7.0,1.2,0.0
2023,9,NE,Mac Jones,3.0,1.0,0.0,0.0,0.0
2023,9,NE,Demario Douglas,0.0,0.0,0.0,0.0,0.0
2023,9,WAS,Brian Robinson Jr.,47.0,2.6,16.0,0.9,0.0
2023,9,WAS,Antonio Gibson,19.0,3.2,15.0,2.5,0.0
2023,9,WAS,Sam Howell,16.0,3.2,11.0,2.2,2.0
2023,9,NO,Taysom Hill,41.0,3.7,11.0,1.0,3.0
2023,9,NO,Alvin Kamara,20.0,2.2,6.0,0.7,2.0
2023,9,NO,Derek Carr,3.0,1.0,0.0,0.0,0.0
2023,9,NO,Jamaal Williams,6.0,2.0,0.0,0.0,0.0
2023,9,NO,Kendre Miller,0.0,0.0,0.0,0.0,0.0
2023,9,CHI,D'Onta Foreman,74.0,3.7,9.0,0.5,3.0
2023,9,CHI,Tyson Bagent,70.0,8.8,0.0,0.0,0.0
2023,9,CHI,Roschon Johnson,6.0,3.0,0.0,0.0,0.0
2023,9,CHI,Darrynton Evans,2.0,2.0,0.0,0.0,0.0
2023,9,CHI,Tyler Scott,-5.0,-5.0,0.0,0.0,0.0
2023,9,CAR,Chuba Hubbard,24.0,1.5,34.0,2.1,2.0
2023,9,CAR,Miles Sanders,12.0,2.0,27.0,4.5,1.0
2023,9,CAR,Bryce Young,25.0,5.0,16.0,3.2,0.0
2023,9,CAR,Raheem Blackshear,0.0,0.0,0.0,0.0,0.0
2023,9,IND,Jonathan Taylor,14.0,0.8,33.0,1.8,2.0
2023,9,IND,Zack Moss,10.0,1.4,16.0,2.3,0.0
2023,9,IND,Gardner Minshew II,4.0,0.8,1.0,0.2,0.0
2023,9,LV,Josh Jacobs,92.0,3.5,6.0,0.2,1.0
2023,9,LV,Zamir White,-2.0,-0.5,0.0,0.0,0.0
2023,9,LV,Ameer Abdullah,8.0,4.0,0.0,0.0,0.0
2023,9,LV,Jakobi Meyers,17.0,17.0,0.0,0.0,0.0
2023,9,LV,Tre Tucker,4.0,4.0,0.0,0.0,0.0
2023,9,NYG,Saquon Barkley,84.0,5.3,6.0,0.4,0.0
2023,9,NYG,Tommy DeVito,17.0,4.3,0.0,0.0,0.0
2023,9,NYG,Matt Breida,5.0,2.5,0.0,0.0,0.0
2023,9,NYG,Daniel Jones,9.0,4.5,0.0,0.0,0.0
2023,9,NYG,Deon Jackson,2.0,2.0,0.0,0.0,0.0
2023,9,PHI,D'Andre Swift,32.0,1.8,11.0,0.6,2.0
2023,9,PHI,Jalen Hurts,36.0,3.6,0.0,0.0,0.0
2023,9,PHI,Kenneth Gainwell,19.0,6.3,3.0,1.0,0.0
2023,9,PHI,Rashaad Penny,6.0,3.0,2.0,1.0,0.0
2023,9,DAL,Tony Pollard,25.0,2.1,26.0,2.2,1.0
2023,9,DAL,Dak Prescott,14.0,2.3,0.0,0.0,0.0
2023,9,DAL,Rico Dowdle,6.0,3.0,2.0,1.0,0.0
2023,9,DAL,KaVontae Turpin,0.0,0.0,0.0,0.0,0.0
2023,9,CIN,Joe Mixon,22.0,1.6,15.0,1.1,0.0
2023,9,CIN,Joe Burrow,4.0,0.8,0.0,0.0,0.0
2023,9,CIN,Trayveon Williams,13.0,4.3,0.0,0.0,0.0
2023,9,BUF,Josh Allen,31.0,3.9,13.0,1.6,1.0
2023,9,BUF,James Cook,13.0,2.2,7.0,1.2,0.0
2023,9,BUF,Latavius Murray,4.0,2.0,0.0,0.0,0.0
2023,9,NYJ,Breece Hall,22.0,1.4,28.0,1.8,2.0
2023,9,NYJ,Dalvin Cook,5.0,2.5,2.0,1.0,0.0
2023,9,NYJ,Zach Wilson,7.0,3.5,0.0,0.0,0.0
2023,9,LAC,Austin Ekeler,14.0,1.0,33.0,2.4,2.0
2023,9,LAC,Justin Herbert,8.0,2.7,9.0,3.0,0.0
2023,9,LAC,Joshua Kelley,12.0,4.0,6.0,2.0,0.0
2023,9,LAC,Quentin Johnston,1.0,1.0,1.0,1.0,0.0
2023,10,CHI,D'Onta Foreman,41.0,2.0,39.0,1.9,0.0
2023,10,CHI,Tyson Bagent,8.0,1.3,4.0,0.7,0.0
2023,10,CHI,Roschon Johnson,11.0,2.2,7.0,1.4,0.0
2023,10,CHI,Darrynton Evans,5.0,2.5,0.0,0.0,0.0
2023,10,CHI,Cole Kmet,1.0,1.0,0.0,0.0,0.0
2023,10,CHI,D.J. Moore,1.0,1.0,0.0,0.0,0.0
2023,10,CHI,Tyler Scott,10.0,10.0,6.0,6.0,0.0
2023,10,CAR,Chuba Hubbard,7.0,0.8,16.0,1.8,0.0
2023,10,CAR,Bryce Young,9.0,3.0,9.0,3.0,0.0
2023,10,CAR,Raheem Blackshear,4.0,2.0,3.0,1.5,0.0
2023,10,CAR,Miles Sanders,-5.0,-2.5,0.0,0.0,0.0
2023,10,NE,Rhamondre Stevenson,41.0,2.1,47.0,2.4,2.0
2023,10,NE,Ezekiel Elliott,31.0,2.4,23.0,1.8,1.0
2023,10,NE,Mac Jones,25.0,8.3,0.0,0.0,0.0
2023,10,IND,Jonathan Taylor,37.0,1.6,32.0,1.4,1.0
2023,10,IND,Gardner Minshew II,-1.0,-0.5,0.0,0.0,0.0
2023,10,IND,Zack Moss,2.0,2.0,0.0,0.0,0.0
2023,10,BAL,Gus Edwards,13.0,1.2,11.0,1.0,0.0
2023,10,BAL,Lamar Jackson,37.0,4.6,4.0,0.5,1.0
2023,10,BAL,Keaton Mitchell,32.0,10.7,2.0,0.7,0.0
2023,10,BAL,Justice Hill,5.0,2.5,2.0,1.0,0.0
2023,10,CLE,Jerome Ford,52.0,3.1,55.0,3.2,0.0
2023,10,CLE,Kareem Hunt,14.0,1.4,18.0,1.8,0.0
2023,10,CLE,Deshaun Watson,16.0,2.0,21.0,2.6,0.0
2023,10,CLE,Harrison Bryant,1.0,1.0,1.0,1.0,0.0
2023,10,CIN,Joe Mixon,19.0,1.7,27.0,2.5,3.0
2023,10,CIN,Joe Burrow,14.0,2.8,6.0,1.2,0.0
2023,10,HOU,Devin Singletary,117.0,3.9,33.0,1.1,0.0
2023,10,HOU,C.J. Stroud,8.0,4.0,0.0,0.0,0.0
2023,10,HOU,Tank Dell,13.0,13.0,0.0,0.0,0.0
2023,10,HOU,Xavier Hutchinson,16.0,16.0,1.0,1.0,0.0
2023,10,JAX,Travis Etienne,35.0,3.9,0.0,0.0,0.0
2023,10,JAX,Tank Bigsby,5.0,1.7,0.0,0.0,0.0
2023,10,JAX,D'Ernest Johnson,12.0,4.0,0.0,0.0,0.0
2023,10,JAX,Trevor Lawrence,7.0,3.5,0.0,0.0,0.0
2023,10,SF,Christian McCaffrey,68.0,4.3,27.0,1.7,0.0
2023,10,SF,Elijah Mitchell,12.0,1.5,11.0,1.4,0.0
2023,10,SF,Sam Darnold,-3.0,-1.0,0.0,0.0,0.0
2023,10,SF,Deebo Samuel,24.0,8.0,5.0,1.7,0.0
2023,10,MIN,Ty Chandler,25.0,1.7,20.0,1.3,0.0
2023,10,MIN,Joshua Dobbs,34.0,4.3,10.0,1.3,0.0
2023,10,MIN,Alexander Mattison,8.0,1.0,19.0,2.4,0.0
2023,10,MIN,Kene Nwangwu,7.0,3.5,2.0,1.0,0.0
2023,10,NO,Alvin Kamara,24.0,2.7,18.0,2.0,0.0
2023,10,NO,Jamaal Williams,3.0,0.8,4.0,1.0,0.0
2023,10,NO,Derek Carr,8.0,8.0,2.0,2.0,0.0
2023,10,NO,Taysom Hill,0.0,0.0,6.0,6.0,0.0
2023,10,PIT,Najee Harris,56.0,3.5,26.0,1.6,1.0
2023,10,PIT,Jaylen Warren,52.0,3.5,49.0,3.3,4.0
2023,10,PIT,Kenny Pickett,15.0,3.8,1.0,0.3,0.0
2023,10,PIT,Calvin Austin,6.0,6.0,0.0,0.0,0.0
2023,10,GB,Aaron Jones,21.0,1.6,14.0,1.1,1.0
2023,10,GB,AJ Dillon,43.0,4.8,27.0,3.0,1.0
2023,10,GB,Jordan Love,9.0,4.5,2.0,1.0,0.0
2023,10,TB,Rachaad White,23.0,1.2,28.0,1.4,0.0
2023,10,TB,Chase Edmonds,-1.0,-0.3,10.0,2.5,0.0
2023,10,TB,Baker Mayfield,11.0,3.7,1.0,0.3,0.0
2023,10,TB,Deven Thompkins,3.0,3.0,3.0,3.0,0.0
2023,10,TB,Kyle Trask,-1.0,-1.0,0.0,0.0,0.0
2023,10,TEN,Derrick Henry,16.0,1.5,8.0,0.7,0.0
2023,10,TEN,Tyjae Spears,10.0,2.0,8.0,1.6,0.0
2023,10,ARI,James Conner,30.0,1.9,43.0,2.7,5.0
2023,10,ARI,Kyler Murray,31.0,5.2,2.0,0.3,0.0
2023,10,ARI,Keaontay Ingram,1.0,0.5,1.0,0.5,0.0
2023,10,ARI,Tony Jones,5.0,5.0,8.0,8.0,1.0
2023,10,ARI,Clayton Tune,0.0,0.0,1.0,1.0,0.0
2023,10,ATL,Bijan Robinson,52.0,2.4,43.0,2.0,1.0
2023,10,ATL,Tyler Allgeier,14.0,1.6,17.0,1.9,1.0
2023,10,ATL,Taylor Heinicke,32.0,8.0,2.0,0.5,0.0
2023,10,ATL,Cordarrelle Patterson,6.0,2.0,7.0,2.3,0.0
2023,10,ATL,Desmond Ridder,11.0,3.7,0.0,0.0,0.0
2023,10,LAC,Austin Ekeler,55.0,2.9,12.0,0.6,0.0
2023,10,LAC,Joshua Kelley,11.0,2.2,5.0,1.0,0.0
2023,10,LAC,Justin Herbert,2.0,0.5,13.0,3.3,1.0
2023,10,DET,Jahmyr Gibbs,30.0,2.1,47.0,3.4,0.0
2023,10,DET,David Montgomery,48.0,4.0,68.0,5.7,0.0
2023,10,DET,Jared Goff,-2.0,-0.7,0.0,0.0,0.0
2023,10,DET,Amon-Ra St. Brown,7.0,3.5,2.0,1.0,0.0
2023,10,DAL,Tony Pollard,34.0,2.3,21.0,1.4,2.0
2023,10,DAL,Rico Dowdle,49.0,4.1,30.0,2.5,1.0
2023,10,DAL,Dak Prescott,17.0,8.5,0.0,0.0,0.0
2023,10,DAL,Cooper Rush,2.0,1.0,3.0,1.5,0.0
2023,10,DAL,CeeDee Lamb,14.0,14.0,0.0,0.0,0.0
2023,10,DAL,Deuce Vaughn,-2.0,-2.0,0.0,0.0,0.0
2023,10,NYG,Saquon Barkley,50.0,3.8,16.0,1.2,0.0
2023,10,NYG,Tommy DeVito,39.0,5.6,2.0,0.3,1.0
2023,10,NYG,Matt Breida,3.0,3.0,0.0,0.0,0.0
2023,10,NYG,Jashaun Corbin,1.0,1.0,0.0,0.0,0.0
2023,10,NYG,Wan'Dale Robinson,0.0,0.0,0.0,0.0,1.0
2023,10,SEA,Kenneth Walker III,59.0,3.1,4.0,0.2,0.0
2023,10,SEA,Zach Charbonnet,36.0,6.0,8.0,1.3,0.0
2023,10,SEA,Geno Smith,13.0,13.0,0.0,0.0,0.0
2023,10,WAS,Brian Robinson Jr.,13.0,1.6,25.0,3.1,4.0
2023,10,WAS,Antonio Gibson,11.0,2.8,2.0,0.5,0.0
2023,10,WAS,Sam Howell,7.0,3.5,10.0,5.0,0.0
2023,10,LV,Josh Jacobs,89.0,3.3,27.0,1.0,5.0
2023,10,LV,Aidan O'Connell,3.0,1.5,0.0,0.0,0.0
2023,10,LV,DeAndre Carter,15.0,15.0,0.0,0.0,0.0
2023,10,LV,Tre Tucker,9.0,9.0,0.0,0.0,0.0
2023,10,LV,Zamir White,5.0,5.0,0.0,0.0,0.0
2023,10,NYJ,Breece Hall,18.0,1.4,10.0,0.8,3.0
2023,10,NYJ,Dalvin Cook,26.0,6.5,0.0,0.0,0.0
2023,10,NYJ,Zach Wilson,54.0,13.5,0.0,0.0,0.0
2023,10,BUF,James Cook,50.0,4.2,59.0,4.9,0.0
2023,10,BUF,Latavius Murray,39.0,4.3,29.0,3.2,0.0
2023,10,BUF,Josh Allen,13.0,3.3,0.0,0.0,0.0
2023,10,BUF,Ty Johnson,1.0,1.0,1.0,1.0,0.0
2023,10,DEN,Javonte Williams,42.0,2.0,37.0,1.8,0.0
2023,10,DEN,Russell Wilson,24.0,2.7,6.0,0.7,0.0
2023,10,DEN,Jaleel McLaughlin,6.0,1.0,2.0,0.3,0.0
2023,10,DEN,Marvin Mims,-3.0,-3.0,0.0,0.0,0.0
2023,10,DEN,Samaje Perine,7.0,7.0,1.0,1.0,0.0
2023,11,BAL,Gus Edwards,58.0,4.8,4.0,0.3,0.0
2023,11,BAL,Lamar Jackson,52.0,5.8,2.0,0.2,0.0
2023,11,BAL,Keaton Mitchell,21.0,2.6,12.0,1.5,0.0
2023,11,BAL,Zay Flowers,7.0,7.0,0.0,0.0,0.0
2023,11,BAL,Justice Hill,1.0,1.0,0.0,0.0,0.0
2023,11,CIN,Joe Mixon,59.0,3.7,10.0,0.6,0.0
2023,11,CIN,Jake Browning,32.0,8.0,8.0,2.0,0.0
2023,11,CIN,Trayveon Williams,11.0,5.5,9.0,4.5,0.0
2023,11,CIN,Joe Burrow,7.0,7.0,0.0,0.0,0.0
2023,11,CAR,Miles Sanders,50.0,4.5,0.0,0.0,0.0
2023,11,CAR,Chuba Hubbard,57.0,5.7,0.0,0.0,0.0
2023,11,CAR,Bryce Young,3.0,1.5,0.0,0.0,0.0
2023,11,DAL,Tony Pollard,46.0,3.8,15.0,1.3,2.0
2023,11,DAL,Rico Dowdle,19.0,2.4,4.0,0.5,1.0
2023,11,DAL,Cooper Rush,-3.0,-1.0,0.0,0.0,0.0
2023,11,DAL,Dak Prescott,6.0,3.0,0.0,0.0,0.0
2023,11,DAL,CeeDee Lamb,7.0,7.0,0.0,0.0,0.0
2023,11,DAL,KaVontae Turpin,13.0,13.0,0.0,0.0,0.0
2023,11,CLE,Jerome Ford,20.0,1.7,11.0,0.9,2.0
2023,11,CLE,Kareem Hunt,36.0,3.0,0.0,0.0,0.0
2023,11,CLE,Dorian Thompson-Robinson,20.0,6.7,0.0,0.0,0.0
2023,11,CLE,Pierre Strong,1.0,1.0,0.0,0.0,0.0
2023,11,CLE,Cedric Tillman,8.0,8.0,0.0,0.0,0.0
2023,11,PIT,Najee Harris,20.0,1.7,15.0,1.3,2.0
2023,11,PIT,Jaylen Warren,93.0,10.3,36.0,4.0,4.0
2023,11,PIT,Kenny Pickett,8.0,2.0,1.0,0.3,0.0
2023,11,PIT,George Pickens,-1.0,-1.0,0.0,0.0,0.0
2023,11,DET,David Montgomery,32.0,2.7,44.0,3.7,2.0
2023,11,DET,Jahmyr Gibbs,27.0,3.4,9.0,1.1,0.0
2023,11,DET,Jared Goff,3.0,1.5,0.0,0.0,0.0
2023,11,CHI,Justin Fields,76.0,4.2,28.0,1.6,1.0
2023,11,CHI,Khalil Herbert,9.0,0.6,26.0,1.6,1.0
2023,11,CHI,D'Onta Foreman,5.0,0.8,9.0,1.5,1.0
2023,11,CHI,Roschon Johnson,14.0,2.3,16.0,2.7,1.0
2023,11,GB,AJ Dillon,11.0,0.8,18.0,1.3,0.0
2023,11,GB,Aaron Jones,7.0,1.8,7.0,1.8,0.0
2023,11,GB,Jordan Love,0.0,0.0,0.0,0.0,0.0
2023,11,GB,Jayden Reed,45.0,15.0,1.0,0.3,0.0
2023,11,GB,Emanuel Wilson,7.0,2.3,5.0,1.7,0.0
2023,11,GB,Christian Watson,0.0,0.0,1.0,1.0,0.0
2023,11,LAC,Austin Ekeler,17.0,1.7,47.0,4.7,0.0
2023,11,LAC,Justin Herbert,62.0,7.8,11.0,1.4,0.0
2023,11,LAC,Joshua Kelley,3.0,0.5,10.0,1.7,0.0
2023,11,HOU,Devin Singletary,87.0,4.0,25.0,1.1,0.0
2023,11,HOU,Andrew Beck,0.0,0.0,0.0,0.0,0.0
2023,11,HOU,Mike Boone,0.0,0.0,0.0,0.0,0.0
2023,11,HOU,C.J. Stroud,-1.0,-1.0,0.0,0.0,0.0
2023,11,ARI,James Conner,40.0,2.9,22.0,1.6,0.0
2023,11,ARI,Kyler Murray,45.0,6.4,6.0,0.9,0.0
2023,11,ARI,Rondale Moore,3.0,1.5,3.0,1.5,0.0
2023,11,ARI,Marquise Brown,-6.0,-6.0,0.0,0.0,0.0
2023,11,ARI,Tony Jones,8.0,8.0,2.0,2.0,0.0
2023,11,JAX,Travis Etienne,29.0,2.1,23.0,1.6,2.0
2023,11,JAX,Tank Bigsby,8.0,0.9,13.0,1.4,2.0
2023,11,JAX,D'Ernest Johnson,14.0,2.0,6.0,0.9,0.0
2023,11,JAX,Trevor Lawrence,14.0,2.8,3.0,0.6,1.0
2023,11,JAX,Calvin Ridley,18.0,18.0,0.0,0.0,0.0
2023,11,TEN,Derrick Henry,30.0,3.0,8.0,0.8,0.0
2023,11,TEN,Will Levis,2.0,0.5,0.0,0.0,0.0
2023,11,TEN,Tyjae Spears,11.0,2.8,3.0,0.8,1.0
2023,11,TEN,Chris Moore,35.0,35.0,3.0,3.0,0.0
2023,11,MIA,Raheem Mostert,41.0,1.9,45.0,2.0,2.0
2023,11,MIA,Salvon Ahmed,3.0,1.0,3.0,1.0,0.0
2023,11,MIA,Tua Tagovailoa,6.0,3.0,0.0,0.0,0.0
2023,11,MIA,De'Von Achane,0.0,0.0,1.0,1.0,0.0
2023,11,LV,Josh Jacobs,15.0,1.1,24.0,1.7,0.0
2023,11,LV,Aidan O'Connell,1.0,1.0,2.0,2.0,0.0
2023,11,LV,Tre Tucker,-6.0,-6.0,0.0,0.0,1.0
2023,11,WAS,Brian Robinson Jr.,32.0,1.9,41.0,2.4,2.0
2023,11,WAS,Chris Rodriguez,25.0,4.2,18.0,3.0,1.0
2023,11,WAS,Sam Howell,26.0,8.7,9.0,3.0,2.0
2023,11,WAS,Derrick Gore,22.0,11.0,1.0,0.5,0.0
2023,11,NYG,Saquon Barkley,38.0,2.7,45.0,3.2,1.0
2023,11,NYG,Matt Breida,-2.0,-0.7,1.0,0.3,0.0
2023,11,NYG,Tommy DeVito,3.0,3.0,4.0,4.0,0.0
2023,11,NYG,Wan'Dale Robinson,0.0,0.0,2.0,2.0,0.0
2023,11,SF,Christian McCaffrey,56.0,2.7,22.0,1.0,1.0
2023,11,SF,Elijah Mitchell,19.0,4.8,5.0,1.3,0.0
2023,11,SF,Brock Purdy,14.0,3.5,0.0,0.0,0.0
2023,11,SF,Deebo Samuel,-1.0,-1.0,0.0,0.0,0.0
2023,11,TB,Rachaad White,24.0,2.7,6.0,0.7,0.0
2023,11,TB,Chase Edmonds,8.0,2.0,0.0,0.0,0.0
2023,11,TB,Baker Mayfield,5.0,1.7,0.0,0.0,0.0
2023,11,TB,Trey Palmer,6.0,6.0,0.0,0.0,0.0
2023,11,TB,Deven Thompkins,7.0,7.0,10.0,10.0,0.0
2023,11,BUF,James Cook,47.0,2.8,26.0,1.5,0.0
2023,11,BUF,Latavius Murray,20.0,2.0,15.0,1.5,0.0
2023,11,BUF,Josh Allen,13.0,2.6,2.0,0.4,0.0
2023,11,BUF,Ty Johnson,1.0,0.3,10.0,3.3,0.0
2023,11,BUF,Kyle Allen,-2.0,-1.0,0.0,0.0,0.0
2023,11,BUF,Deonte Harty,-2.0,-2.0,0.0,0.0,0.0
2023,11,NYJ,Breece Hall,14.0,1.4,9.0,0.9,0.0
2023,11,NYJ,Zach Wilson,13.0,3.3,2.0,0.5,0.0
2023,11,NYJ,Dalvin Cook,8.0,4.0,5.0,2.5,0.0
2023,11,NYJ,Israel Abanikanda,7.0,7.0,4.0,4.0,0.0
2023,11,NYJ,Tim Boyle,0.0,0.0,1.0,1.0,0.0
2023,11,LA,Royce Freeman,58.0,3.4,15.0,0.9,2.0
2023,11,LA,Darrell Henderson,1.0,0.2,0.0,0.0,0.0
2023,11,LA,Matthew Stafford,1.0,0.5,0.0,0.0,0.0
2023,11,LA,Zach Evans,0.0,0.0,0.0,0.0,0.0
2023,11,LA,Puka Nacua,3.0,3.0,4.0,4.0,0.0
2023,11,SEA,Zach Charbonnet,39.0,2.6,8.0,0.5,0.0
2023,11,SEA,Kenneth Walker III,18.0,4.5,0.0,0.0,0.0
2023,11,SEA,DeeJay Dallas,4.0,4.0,0.0,0.0,0.0
2023,11,SEA,Geno Smith,-1.0,-1.0,0.0,0.0,0.0
2023,11,DEN,Javonte Williams,24.0,2.2,13.0,1.2,0.0
2023,11,DEN,Russell Wilson,1.0,0.5,0.0,0.0,0.0
2023,11,DEN,Jaleel McLaughlin,1.0,1.0,0.0,0.0,0.0
2023,11,DEN,Samaje Perine,4.0,4.0,3.0,3.0,0.0
2023,11,MIN,Alexander Mattison,55.0,3.1,26.0,1.4,0.0
2023,11,MIN,Ty Chandler,55.0,5.5,18.0,1.8,0.0
2023,11,MIN,Joshua Dobbs,17.0,2.1,4.0,0.5,0.0
2023,11,KC,Isiah Pacheco,70.0,3.7,19.0,1.0,0.0
2023,11,KC,Patrick Mahomes,16.0,2.7,22.0,3.7,1.0
2023,11,KC,Clyde Edwards-Helaire,16.0,8.0,4.0,2.0,0.0
2023,11,KC,Kadarius Toney,7.0,3.5,7.0,3.5,0.0
2023,11,KC,Jerick McKinnon,5.0,5.0,2.0,2.0,0.0
2023,11,PHI,Jalen Hurts,20.0,1.7,9.0,0.8,0.0
2023,11,PHI,D'Andre Swift,22.0,1.8,54.0,4.5,3.0
2023,11,PHI,Boston Scott,3.0,1.5,5.0,2.5,0.0
2023,11,PHI,Kenneth Gainwell,-1.0,-1.0,2.0,2.0,0.0
2023,12,DET,David Montgomery,71.0,4.7,0.0,0.0,0.0
2023,12,DET,Jahmyr Gibbs,54.0,4.9,0.0,0.0,0.0
2023,12,DET,Jared Goff,9.0,3.0,0.0,0.0,0.0
2023,12,DET,Kalif Raymond,6.0,6.0,0.0,0.0,0.0
2023,12,DET,Jalen Reeves-Maybin,0.0,0.0,0.0,0.0,0.0
2023,12,GB,AJ Dillon,43.0,3.1,0.0,0.0,0.0
2023,12,GB,Jordan Love,39.0,13.0,0.0,0.0,0.0
2023,12,GB,Patrick Taylor,11.0,3.7,0.0,0.0,0.0
2023,12,GB,Jayden Reed,16.0,8.0,0.0,0.0,0.0
2023,12,DAL,Tony Pollard,79.0,6.1,0.0,0.0,0.0
2023,12,DAL,Rico Dowdle,11.0,3.7,0.0,0.0,0.0
2023,12,DAL,CeeDee Lamb,0.0,0.0,0.0,0.0,0.0
2023,12,DAL,Dak Prescott,10.0,10.0,0.0,0.0,0.0
2023,12,WAS,Brian Robinson Jr.,53.0,3.5,0.0,0.0,0.0
2023,12,WAS,Antonio Gibson,21.0,3.5,0.0,0.0,0.0
2023,12,WAS,Chris Rodriguez,21.0,5.3,0.0,0.0,0.0
2023,12,WAS,Sam Howell,13.0,6.5,0.0,0.0,0.0
2023,12,SEA,Zach Charbonnet,47.0,3.4,0.0,0.0,0.0
2023,12,SEA,Geno Smith,21.0,5.3,0.0,0.0,0.0
2023,12,SEA,DeeJay Dallas,10.0,5.0,0.0,0.0,0.0
2023,12,SEA,D'Wayne Eskridge,10.0,10.0,0.0,0.0,0.0
2023,12,SF,Christian McCaffrey,114.0,6.0,0.0,0.0,0.0
2023,12,SF,Elijah Mitchell,39.0,5.6,0.0,0.0,0.0
2023,12,SF,Deebo Samuel,15.0,3.8,0.0,0.0,0.0
2023,12,SF,Brock Purdy,1.0,0.3,0.0,0.0,0.0
2023,12,NYJ,Breece Hall,25.0,3.6,0.0,0.0,0.0
2023,12,NYJ,Tim Boyle,2.0,1.0,0.0,0.0,0.0
2023,12,NYJ,Dalvin Cook,2.0,2.0,0.0,0.0,0.0
2023,12,MIA,Raheem Mostert,94.0,4.7,0.0,0.0,0.0
2023,12,MIA,Jeff Wilson,56.0,5.1,0.0,0.0,0.0
2023,12,MIA,Darrynton Evans,16.0,8.0,0.0,0.0,0.0
2023,12,MIA,Tua Tagovailoa,1.0,0.5,0.0,0.0,0.0
2023,12,MIA,Tyreek Hill,2.0,2.0,0.0,0.0,0.0
2023,12,MIA,Mike White,-2.0,-2.0,0.0,0.0,0.0
2023,12,ATL,Bijan Robinson,53.0,3.3,38.0,2.4,0.0
2023,12,ATL,Tyler Allgeier,37.0,3.7,27.0,2.7,0.0
2023,12,ATL,Cordarrelle Patterson,22.0,2.8,21.0,2.6,0.0
2023,12,ATL,Desmond Ridder,25.0,3.6,5.0,0.7,0.0
2023,12,NO,Alvin Kamara,31.0,2.1,38.0,2.5,0.0
2023,12,NO,Taysom Hill,19.0,2.7,7.0,1.0,0.0
2023,12,NO,Lynn Bowden Jr.,35.0,17.5,5.0,2.5,0.0
2023,12,NO,Derek Carr,7.0,3.5,0.0,0.0,0.0
2023,12,NO,Jamaal Williams,1.0,0.5,5.0,2.5,0.0
2023,12,CIN,Joe Mixon,6.0,0.8,10.0,1.3,0.0
2023,12,CIN,Jake Browning,7.0,2.3,2.0,0.7,0.0
2023,12,PIT,Najee Harris,27.0,1.8,72.0,4.8,2.0
2023,12,PIT,Jaylen Warren,30.0,2.3,19.0,1.5,3.0
2023,12,PIT,Kenny Pickett,5.0,1.0,0.0,0.0,0.0
2023,12,HOU,Devin Singletary,10.0,1.7,8.0,1.3,1.0
2023,12,HOU,C.J. Stroud,47.0,7.8,0.0,0.0,1.0
2023,12,HOU,Dameon Pierce,10.0,2.0,4.0,0.8,1.0
2023,12,HOU,Tank Dell,12.0,12.0,0.0,0.0,0.0
2023,12,JAX,Travis Etienne,38.0,1.9,18.0,0.9,4.0
2023,12,JAX,D'Ernest Johnson,19.0,2.7,0.0,0.0,0.0
2023,12,JAX,Trevor Lawrence,0.0,0.0,0.0,0.0,0.0
2023,12,JAX,Tank Bigsby,6.0,6.0,0.0,0.0,0.0
2023,12,IND,Jonathan Taylor,47.0,3.1,44.0,2.9,0.0
2023,12,IND,Zack Moss,28.0,3.5,27.0,3.4,0.0
2023,12,IND,Gardner Minshew II,3.0,1.0,3.0,1.0,1.0
2023,12,IND,Isaiah McKenzie,3.0,3.0,0.0,0.0,0.0
2023,12,TB,Rachaad White,62.0,4.1,38.0,2.5,0.0
2023,12,TB,Baker Mayfield,11.0,3.7,3.0,1.0,0.0
2023,12,TB,Chase Edmonds,9.0,9.0,2.0,2.0,0.0
2023,12,NYG,Saquon Barkley,33.0,2.8,13.0,1.1,0.0
2023,12,NYG,Tommy DeVito,0.0,0.0,6.0,1.2,0.0
2023,12,NYG,Matt Breida,4.0,2.0,2.0,1.0,0.0
2023,12,NE,Rhamondre Stevenson,45.0,2.1,53.0,2.5,2.0
2023,12,NE,Ezekiel Elliott,29.0,3.2,17.0,1.9,0.0
2023,12,NE,Tyquan Thornton,1.0,1.0,2.0,2.0,0.0
2023,12,TEN,Derrick Henry,9.0,0.5,67.0,3.7,5.0
2023,12,TEN,Will Levis,-3.0,-1.0,0.0,0.0,0.0
2023,12,TEN,Tyjae Spears,-1.0,-0.5,7.0,3.5,1.0
2023,12,TEN,Chris Moore,1.0,1.0,0.0,0.0,0.0
2023,12,CAR,Miles Sanders,0.0,0.0,28.0,1.9,2.0
2023,12,CAR,Chuba Hubbard,19.0,1.4,26.0,1.9,0.0
2023,12,CAR,Bryce Young,12.0,4.0,11.0,3.7,2.0
2023,12,ARI,James Conner,8.0,1.3,19.0,3.2,2.0
2023,12,ARI,Michael Carter,15.0,3.8,4.0,1.0,0.0
2023,12,ARI,Emari Demercado,13.0,4.3,2.0,0.7,0.0
2023,12,ARI,Blake Gillikin,10.0,10.0,0.0,0.0,0.0
2023,12,ARI,Kyler Murray,2.0,2.0,0.0,0.0,0.0
2023,12,LA,Kyren Williams,108.0,6.8,35.0,2.2,2.0
2023,12,LA,Royce Freeman,41.0,3.2,36.0,2.8,2.0
2023,12,LA,Zach Evans,2.0,0.7,4.0,1.3,1.0
2023,12,LA,Matthew Stafford,2.0,2.0,0.0,0.0,0.0
2023,12,DEN,Javonte Williams,45.0,2.5,20.0,1.1,1.0
2023,12,DEN,Russell Wilson,30.0,2.7,4.0,0.4,0.0
2023,12,DEN,Samaje Perine,31.0,4.4,24.0,3.4,1.0
2023,12,DEN,Jaleel McLaughlin,2.0,1.0,2.0,1.0,0.0
2023,12,DEN,Marvin Mims,11.0,11.0,0.0,0.0,0.0
2023,12,CLE,Jerome Ford,52.0,5.8,13.0,1.4,0.0
2023,12,CLE,Kareem Hunt,15.0,2.1,7.0,1.0,0.0
2023,12,CLE,Dorian Thompson-Robinson,15.0,3.0,6.0,1.2,0.0
2023,12,CLE,Harrison Bryant,0.0,0.0,0.0,0.0,0.0
2023,12,CLE,Elijah Moore,0.0,0.0,0.0,0.0,0.0
2023,12,CLE,P.J. Walker,-1.0,-1.0,0.0,0.0,0.0
2023,12,LV,Josh Jacobs,58.0,2.9,52.0,2.6,0.0
2023,12,LV,Ameer Abdullah,10.0,10.0,1.0,1.0,0.0
2023,12,LV,Jakobi Meyers,2.0,2.0,0.0,0.0,0.0
2023,12,LV,Zamir White,0.0,0.0,0.0,0.0,0.0
2023,12,KC,Isiah Pacheco,41.0,2.7,14.0,0.9,0.0
2023,12,KC,Patrick Mahomes,7.0,1.4,2.0,0.4,0.0
2023,12,KC,Clyde Edwards-Helaire,3.0,1.0,2.0,0.7,0.0
2023,12,PHI,Jalen Hurts,63.0,4.5,2.0,0.1,0.0
2023,12,PHI,D'Andre Swift,70.0,5.0,10.0,0.7,0.0
2023,12,PHI,Kenneth Gainwell,8.0,4.0,18.0,9.0,0.0
2023,12,PHI,Boston Scott,7.0,3.5,7.0,3.5,0.0
2023,12,BUF,James Cook,40.0,2.5,3.0,0.2,0.0
2023,12,BUF,Josh Allen,56.0,6.2,25.0,2.8,0.0
2023,12,BUF,Latavius Murray,22.0,2.4,8.0,0.9,0.0
2023,12,BUF,Ty Johnson,4.0,0.7,15.0,2.5,0.0
2023,12,LAC,Austin Ekeler,29.0,2.9,3.0,0.3,2.0
2023,12,LAC,Justin Herbert,47.0,11.8,0.0,0.0,0.0
2023,12,LAC,Joshua Kelley,8.0,2.7,0.0,0.0,0.0
2023,12,LAC,Derius Davis,-1.0,-0.5,0.0,0.0,0.0
2023,12,BAL,Lamar Jackson,39.0,3.5,0.0,0.0,0.0
2023,12,BAL,Keaton Mitchell,27.0,3.0,37.0,4.1,3.0
2023,12,BAL,Gus Edwards,22.0,2.8,4.0,0.5,0.0
2023,12,BAL,Justice Hill,31.0,6.2,0.0,0.0,1.0
2023,12,BAL,Devin Duvernay,0.0,0.0,0.0,0.0,0.0
2023,12,BAL,Zay Flowers,1.0,1.0,36.0,36.0,1.0
2023,12,MIN,Alexander Mattison,40.0,4.0,12.0,1.2,1.0
2023,12,MIN,Ty Chandler,6.0,1.5,2.0,0.5,0.0
2023,12,MIN,Joshua Dobbs,11.0,5.5,0.0,0.0,0.0
2023,12,MIN,Brandon Powell,0.0,0.0,2.0,2.0,0.0
2023,12,CHI,Justin Fields,50.0,4.2,9.0,0.8,1.0
2023,12,CHI,Roschon Johnson,28.0,2.8,7.0,0.7,1.0
2023,12,CHI,Khalil Herbert,19.0,3.2,5.0,0.8,0.0
2023,13,DAL,Tony Pollard,25.0,1.3,43.0,2.2,4.0
2023,13,DAL,Dak Prescott,7.0,1.0,16.0,2.3,0.0
2023,13,DAL,Rico Dowdle,1.0,0.2,14.0,2.8,1.0
2023,13,DAL,CeeDee Lamb,7.0,3.5,23.0,11.5,2.0
2023,13,SEA,Zach Charbonnet,24.0,1.3,36.0,1.9,1.0
2023,13,SEA,Geno Smith,6.0,3.0,0.0,0.0,0.0
2023,13,SEA,DeeJay Dallas,5.0,5.0,1.0,1.0,0.0
2023,13,HOU,Dameon Pierce,16.0,1.1,25.0,1.7,1.0
2023,13,HOU,Devin Singletary,24.0,3.0,12.0,1.5,0.0
2023,13,HOU,C.J. Stroud,4.0,0.7,7.0,1.2,0.0
2023,13,HOU,Dare Ogunbowale,1.0,1.0,0.0,0.0,0.0
2023,13,DEN,Javonte Williams,19.0,1.5,27.0,2.1,0.0
2023,13,DEN,Russell Wilson,33.0,3.3,11.0,1.1,0.0
2023,13,DEN,Jaleel McLaughlin,12.0,3.0,3.0,0.8,0.0
2023,13,DEN,Michael Burton,1.0,1.0,3.0,3.0,0.0
2023,13,DEN,Marvin Mims,0.0,0.0,8.0,8.0,1.0
2023,13,DEN,Samaje Perine,0.0,0.0,1.0,1.0,0.0
2023,13,NE,Ezekiel Elliott,33.0,1.9,19.0,1.1,0.0
2023,13,NE,Rhamondre Stevenson,23.0,2.6,16.0,1.8,1.0
2023,13,NE,Bailey Zappe,16.0,4.0,0.0,0.0,0.0
2023,13,NE,Ty Montgomery,2.0,2.0,0.0,0.0,0.0
2023,13,NE,Tyquan Thornton,7.0,7.0,32.0,32.0,2.0
2023,13,LAC,Austin Ekeler,6.0,0.4,12.0,0.9,1.0
2023,13,LAC,Joshua Kelley,6.0,1.0,10.0,1.7,0.0
2023,13,LAC,Justin Herbert,-5.0,-1.3,0.0,0.0,0.0
2023,13,NO,Alvin Kamara,24.0,1.7,27.0,1.9,1.0
2023,13,NO,Taysom Hill,34.0,2.6,25.0,1.9,0.0
2023,13,NO,Jamaal Williams,10.0,2.0,0.0,0.0,0.0
2023,13,NO,Lynn Bowden Jr.,-6.0,-3.0,0.0,0.0,0.0
2023,13,NO,Derek Carr,-1.0,-0.5,0.0,0.0,0.0
2023,13,DET,David Montgomery,43.0,2.4,13.0,0.7,0.0
2023,13,DET,Jahmyr Gibbs,22.0,2.8,38.0,4.8,0.0
2023,13,DET,Jared Goff,-2.0,-1.0,0.0,0.0,0.0
2023,13,DET,Kalif Raymond,9.0,9.0,0.0,0.0,0.0
2023,13,DET,Jameson Williams,19.0,19.0,0.0,0.0,0.0
2023,13,NYJ,Breece Hall,11.0,0.8,5.0,0.4,0.0
2023,13,NYJ,Dalvin Cook,25.0,2.8,10.0,1.1,0.0
2023,13,NYJ,Tim Boyle,1.0,1.0,1.0,1.0,0.0
2023,13,NYJ,Xavier Gipson,0.0,0.0,1.0,1.0,0.0
2023,13,NYJ,Trevor Siemian,8.0,8.0,0.0,0.0,0.0
2023,13,ATL,Bijan Robinson,35.0,1.9,18.0,1.0,1.0
2023,13,ATL,Tyler Allgeier,15.0,1.9,11.0,1.4,0.0
2023,13,ATL,Cordarrelle Patterson,6.0,1.2,5.0,1.0,0.0
2023,13,ATL,Desmond Ridder,-1.0,-0.3,1.0,0.3,0.0
2023,13,PIT,Najee Harris,59.0,3.7,4.0,0.3,2.0
2023,13,PIT,Jaylen Warren,52.0,5.8,7.0,0.8,2.0
2023,13,PIT,Kenny Pickett,3.0,1.0,0.0,0.0,0.0
2023,13,PIT,Mitchell Trubisky,5.0,1.7,0.0,0.0,0.0
2023,13,ARI,James Conner,89.0,3.6,16.0,0.6,6.0
2023,13,ARI,Kyler Murray,20.0,2.2,0.0,0.0,0.0
2023,13,ARI,Michael Carter,8.0,2.0,17.0,4.3,1.0
2023,13,TEN,Derrick Henry,95.0,4.5,7.0,0.3,1.0
2023,13,TEN,Tyjae Spears,75.0,4.7,0.0,0.0,0.0
2023,13,TEN,Will Levis,5.0,2.5,0.0,0.0,0.0
2023,13,TEN,DeAndre Hopkins,4.0,4.0,0.0,0.0,0.0
2023,13,TEN,Chigoziem Okonkwo,2.0,2.0,0.0,0.0,0.0
2023,13,TEN,Ryan Stonehouse,-11.0,-11.0,0.0,0.0,0.0
2023,13,IND,Zack Moss,51.0,2.7,0.0,0.0,0.0
2023,13,IND,Gardner Minshew II,2.0,0.7,0.0,0.0,0.0
2023,13,IND,Kylen Granson,2.0,2.0,0.0,0.0,0.0
2023,13,WAS,Antonio Gibson,7.0,0.7,28.0,2.8,3.0
2023,13,WAS,Brian Robinson Jr.,23.0,3.3,30.0,4.3,2.0
2023,13,WAS,Chris Rodriguez,14.0,2.0,15.0,2.1,1.0
2023,13,WAS,Sam Howell,14.0,3.5,7.0,1.8,1.0
2023,13,MIA,De'Von Achane,46.0,2.7,27.0,1.6,4.0
2023,13,MIA,Raheem Mostert,10.0,0.9,33.0,3.0,3.0
2023,13,MIA,Jeff Wilson,5.0,1.3,6.0,1.5,0.0
2023,13,MIA,Tyreek Hill,-4.0,-2.0,0.0,0.0,0.0
2023,13,TB,Rachaad White,69.0,3.5,15.0,0.8,0.0
2023,13,TB,Chase Edmonds,2.0,1.0,5.0,2.5,0.0
2023,13,TB,Baker Mayfield,-2.0,-1.0,0.0,0.0,0.0
2023,13,TB,Deven Thompkins,3.0,1.5,4.0,2.0,0.0
2023,13,TB,Chris Godwin,16.0,16.0,3.0,3.0,0.0
2023,13,TB,Trey Palmer,11.0,11.0,2.0,2.0,0.0
2023,13,CAR,Chuba Hubbard,68.0,2.7,36.0,1.4,0.0
2023,13,CAR,Miles Sanders,19.0,2.4,4.0,0.5,0.0
2023,13,CAR,Raheem Blackshear,6.0,6.0,0.0,0.0,0.0
2023,13,LA,Kyren Williams,65.0,3.1,23.0,1.1,4.0
2023,13,LA,Puka Nacua,34.0,17.0,0.0,0.0,0.0
2023,13,LA,Royce Freeman,0.0,0.0,0.0,0.0,0.0
2023,13,LA,Matthew Stafford,-2.0,-2.0,0.0,0.0,0.0
2023,13,CLE,Kareem Hunt,31.0,2.6,17.0,1.4,0.0
2023,13,CLE,Jerome Ford,14.0,1.6,5.0,0.6,0.0
2023,13,CLE,Pierre Strong,20.0,10.0,0.0,0.0,0.0
2023,13,PHI,Jalen Hurts,20.0,2.9,0.0,0.0,0.0
2023,13,PHI,D'Andre Swift,12.0,2.0,1.0,0.2,0.0
2023,13,PHI,Kenneth Gainwell,5.0,2.5,0.0,0.0,0.0
2023,13,PHI,Marcus Mariota,6.0,3.0,0.0,0.0,0.0
2023,13,PHI,Boston Scott,0.0,0.0,2.0,2.0,0.0
2023,13,SF,Christian McCaffrey,51.0,3.0,42.0,2.5,1.0
2023,13,SF,Elijah Mitchell,3.0,1.0,10.0,3.3,1.0
2023,13,SF,Deebo Samuel,18.0,6.0,4.0,1.3,0.0
2023,13,SF,Jordan Mason,4.0,2.0,6.0,3.0,0.0
2023,13,SF,Brock Purdy,3.0,1.5,6.0,3.0,1.0
2023,13,SF,Sam Darnold,-1.0,-1.0,0.0,0.0,0.0
2023,13,GB,AJ Dillon,29.0,1.6,44.0,2.4,0.0
2023,13,GB,Jordan Love,7.0,3.5,3.0,1.5,0.0
2023,13,GB,Patrick Taylor,26.0,13.0,3.0,1.5,0.0
2023,13,GB,Christian Watson,2.0,1.0,13.0,6.5,1.0
2023,13,GB,James Robinson,0.0,0.0,2.0,2.0,0.0
2023,13,KC,Isiah Pacheco,46.0,2.6,64.0,3.6,0.0
2023,13,KC,Patrick Mahomes,25.0,6.3,1.0,0.3,0.0
2023,13,KC,Clyde Edwards-Helaire,3.0,1.5,3.0,1.5,0.0
2023,13,KC,Kadarius Toney,3.0,3.0,3.0,3.0,0.0
2023,13,JAX,Travis Etienne,37.0,3.4,8.0,0.7,0.0
2023,13,JAX,D'Ernest Johnson,-1.0,-0.2,5.0,1.0,0.0
2023,13,JAX,Trevor Lawrence,3.0,0.6,5.0,1.0,0.0
2023,13,JAX,Calvin Ridley,7.0,2.3,0.0,0.0,0.0
2023,13,JAX,C.J. Beathard,0.0,0.0,7.0,7.0,0.0
2023,13,CIN,Joe Mixon,42.0,2.2,26.0,1.4,0.0
2023,13,CIN,Chase Brown,11.0,1.2,50.0,5.6,1.0
2023,13,CIN,Jake Browning,4.0,2.0,18.0,9.0,0.0
2023,13,CIN,Tyler Boyd,5.0,5.0,0.0,0.0,0.0
2023,14,PIT,Najee Harris,-1.0,-0.1,30.0,2.5,2.0
2023,14,PIT,Mitchell Trubisky,14.0,1.8,16.0,2.0,1.0
2023,14,PIT,Jaylen Warren,1.0,0.1,10.0,1.4,0.0
2023,14,PIT,Calvin Austin,9.0,9.0,3.0,3.0,0.0
2023,14,NE,Ezekiel Elliott,8.0,0.4,60.0,2.7,3.0
2023,14,NE,Bailey Zappe,13.0,4.3,0.0,0.0,0.0
2023,14,ATL,Bijan Robinson,22.0,2.2,12.0,1.2,0.0
2023,14,ATL,Tyler Allgeier,17.0,1.9,23.0,2.6,0.0
2023,14,ATL,Desmond Ridder,7.0,1.8,8.0,2.0,1.0
2023,14,ATL,Cordarrelle Patterson,2.0,0.7,5.0,1.7,0.0
2023,14,TB,Rachaad White,55.0,2.2,47.0,1.9,0.0
2023,14,TB,Chase Edmonds,23.0,2.9,17.0,2.1,0.0
2023,14,TB,Baker Mayfield,2.0,0.7,1.0,0.3,1.0
2023,14,TB,Trey Palmer,3.0,3.0,0.0,0.0,0.0
2023,14,BAL,Lamar Jackson,70.0,6.4,0.0,0.0,0.0
2023,14,BAL,Keaton Mitchell,52.0,5.8,2.0,0.2,1.0
2023,14,BAL,Gus Edwards,10.0,1.7,5.0,0.8,1.0
2023,14,LA,Kyren Williams,83.0,3.3,31.0,1.2,7.0
2023,14,LA,Royce Freeman,9.0,3.0,0.0,0.0,0.0
2023,14,LA,Puka Nacua,6.0,6.0,0.0,0.0,0.0
2023,14,LA,Matthew Stafford,-1.0,-1.0,0.0,0.0,0.0
2023,14,CHI,Justin Fields,23.0,1.9,35.0,2.9,0.0
2023,14,CHI,D'Onta Foreman,32.0,2.9,18.0,1.6,0.0
2023,14,CHI,Khalil Herbert,4.0,1.3,4.0,1.3,1.0
2023,14,CHI,D.J. Moore,20.0,6.7,0.0,0.0,0.0
2023,14,CHI,Roschon Johnson,6.0,6.0,0.0,0.0,0.0
2023,14,DET,Jahmyr Gibbs,59.0,5.4,7.0,0.6,1.0
2023,14,DET,David Montgomery,43.0,4.3,23.0,2.3,0.0
2023,14,DET,Jared Goff,0.0,0.0,0.0,0.0,0.0
2023,14,DET,Sam LaPorta,4.0,4.0,0.0,0.0,0.0
2023,14,DET,Jameson Williams,4.0,4.0,0.0,0.0,0.0
2023,14,CIN,Joe Mixon,63.0,3.0,16.0,0.8,1.0
2023,14,CIN,Chase Brown,13.0,1.6,12.0,1.5,0.0
2023,14,CIN,Jake Browning,7.0,2.3,0.0,0.0,0.0
2023,14,IND,Zack Moss,28.0,2.2,0.0,0.0,1.0
2023,14,IND,Trey Sermon,13.0,4.3,0.0,0.0,0.0
2023,14,IND,Gardner Minshew II,5.0,2.5,0.0,0.0,0.0
2023,14,CLE,Jerome Ford,38.0,3.2,13.0,1.1,1.0
2023,14,CLE,Kareem Hunt,14.0,1.4,13.0,1.3,0.0
2023,14,CLE,Joe Flacco,-1.0,-0.3,0.0,0.0,0.0
2023,14,CLE,Pierre Strong,0.0,0.0,0.0,0.0,0.0
2023,14,CLE,Dorian Thompson-Robinson,5.0,5.0,0.0,0.0,0.0
2023,14,JAX,Travis Etienne,18.0,1.3,17.0,1.2,1.0
2023,14,JAX,D'Ernest Johnson,8.0,2.7,4.0,1.3,0.0
2023,14,JAX,Trevor Lawrence,8.0,2.7,3.0,1.0,0.0
2023,14,NO,Alvin Kamara,35.0,2.9,21.0,1.8,0.0
2023,14,NO,Jamaal Williams,18.0,1.6,25.0,2.3,1.0
2023,14,NO,Jameis Winston,-2.0,-1.0,0.0,0.0,0.0
2023,14,CAR,Chuba Hubbard,47.0,2.0,40.0,1.7,1.0
2023,14,CAR,Miles Sanders,21.0,2.1,53.0,5.3,1.0
2023,14,CAR,Bryce Young,39.0,13.0,1.0,0.3,0.0
2023,14,CAR,Raheem Blackshear,3.0,3.0,1.0,1.0,0.0
2023,14,CAR,Johnny Hekker,-11.0,-11.0,0.0,0.0,0.0
2023,14,CAR,Ihmir Smith-Marsette,0.0,0.0,10.0,10.0,1.0
2023,14,NYJ,Breece Hall,15.0,1.5,25.0,2.5,1.0
2023,14,NYJ,Dalvin Cook,8.0,1.1,5.0,0.7,0.0
2023,14,NYJ,Israel Abanikanda,-2.0,-0.7,1.0,0.3,0.0
2023,14,NYJ,Zach Wilson,2.0,0.7,10.0,3.3,0.0
2023,14,NYJ,Nick Bawden,1.0,1.0,2.0,2.0,0.0
2023,14,NYJ,Xavier Gipson,6.0,6.0,3.0,3.0,0.0
2023,14,NYJ,Garrett Wilson,2.0,2.0,1.0,1.0,0.0
2023,14,HOU,Devin Singletary,43.0,3.3,22.0,1.7,0.0
2023,14,HOU,Dameon Pierce,4.0,1.0,5.0,1.3,0.0
2023,14,HOU,Dare Ogunbowale,6.0,3.0,1.0,0.5,0.0
2023,14,LV,Josh Jacobs,23.0,1.8,11.0,0.8,0.0
2023,14,LV,Zamir White,5.0,2.5,3.0,1.5,0.0
2023,14,LV,Ameer Abdullah,8.0,8.0,4.0,4.0,0.0
2023,14,LV,Aidan O'Connell,2.0,2.0,0.0,0.0,0.0
2023,14,MIN,Ty Chandler,28.0,2.3,7.0,0.6,1.0
2023,14,MIN,Alexander Mattison,46.0,4.6,20.0,2.0,1.0
2023,14,MIN,Joshua Dobbs,17.0,3.4,4.0,0.8,0.0
2023,14,MIN,Kene Nwangwu,0.0,0.0,3.0,1.5,0.0
2023,14,MIN,C.J. Ham,5.0,5.0,2.0,2.0,0.0
2023,14,SF,Christian McCaffrey,100.0,6.3,45.0,2.8,4.0
2023,14,SF,Jordan Mason,12.0,3.0,8.0,2.0,0.0
2023,14,SF,Brock Purdy,4.0,2.0,3.0,1.5,0.0
2023,14,SF,Deebo Samuel,1.0,1.0,0.0,0.0,0.0
2023,14,SEA,Zach Charbonnet,15.0,1.7,29.0,3.2,3.0
2023,14,SEA,Kenneth Walker III,9.0,1.1,12.0,1.5,2.0
2023,14,SEA,Drew Lock,5.0,1.7,0.0,0.0,0.0
2023,14,KC,Clyde Edwards-Helaire,37.0,3.4,2.0,0.2,0.0
2023,14,KC,Jerick McKinnon,19.0,4.8,0.0,0.0,0.0
2023,14,KC,Kadarius Toney,4.0,2.0,12.0,6.0,1.0
2023,14,KC,Patrick Mahomes,8.0,8.0,0.0,0.0,0.0
2023,14,BUF,Josh Allen,25.0,2.5,7.0,0.7,1.0
2023,14,BUF,James Cook,52.0,5.2,6.0,0.6,1.0
2023,14,BUF,Ty Johnson,17.0,3.4,2.0,0.4,0.0
2023,14,BUF,Latavius Murray,8.0,2.7,1.0,0.3,0.0
2023,14,LAC,Austin Ekeler,51.0,5.1,0.0,0.0,0.0
2023,14,LAC,Isaiah Spiller,19.0,3.2,0.0,0.0,0.0
2023,14,LAC,Joshua Kelley,6.0,2.0,0.0,0.0,0.0
2023,14,DEN,Javonte Williams,66.0,3.9,0.0,0.0,0.0
2023,14,DEN,Russell Wilson,5.0,0.8,0.0,0.0,0.0
2023,14,DEN,Jaleel McLaughlin,25.0,5.0,0.0,0.0,0.0
2023,14,DEN,Samaje Perine,8.0,4.0,0.0,0.0,0.0
2023,14,DEN,Michael Burton,2.0,2.0,0.0,0.0,0.0
2023,14,DAL,Tony Pollard,24.0,1.5,35.0,2.2,1.0
2023,14,DAL,Rico Dowdle,28.0,2.3,18.0,1.5,0.0
2023,14,DAL,Dak Prescott,6.0,2.0,5.0,1.7,0.0
2023,14,DAL,KaVontae Turpin,21.0,21.0,1.0,1.0,0.0
2023,14,PHI,D'Andre Swift,25.0,2.3,14.0,1.3,0.0
2023,14,PHI,Jalen Hurts,26.0,5.2,4.0,0.8,0.0
2023,14,PHI,Kenneth Gainwell,17.0,4.3,11.0,2.8,0.0
2023,14,PHI,Boston Scott,4.0,1.3,5.0,1.7,0.0
2023,14,MIA,Raheem Mostert,66.0,3.1,30.0,1.4,1.0
2023,14,MIA,De'Von Achane,31.0,4.4,16.0,2.3,0.0
2023,14,MIA,Tua Tagovailoa,15.0,5.0,0.0,0.0,0.0
2023,14,TEN,Derrick Henry,20.0,1.2,14.0,0.8,1.0
2023,14,TEN,Tyjae Spears,18.0,2.6,11.0,1.6,0.0
2023,14,TEN,Will Levis,9.0,2.3,6.0,1.5,0.0
2023,14,TEN,Treylon Burks,1.0,1.0,4.0,4.0,0.0
2023,14,NYG,Saquon Barkley,30.0,1.5,56.0,2.8,4.0
2023,14,NYG,Tommy DeVito,65.0,6.5,6.0,0.6,0.0
2023,14,NYG,Matt Breida,13.0,6.5,3.0,1.5,0.0
2023,14,NYG,Wan'Dale Robinson,32.0,16.0,4.0,2.0,0.0
2023,14,GB,AJ Dillon,29.0,1.9,24.0,1.6,0.0
2023,14,GB,Jayden Reed,33.0,8.3,5.0,1.3,1.0
2023,14,GB,Patrick Taylor,7.0,1.8,23.0,5.8,1.0
2023,14,GB,Jordan Love,2.0,1.0,0.0,0.0,0.0
2023,15,LV,Zamir White,18.0,1.1,51.0,3.0,1.0
2023,15,LV,Ameer Abdullah,11.0,1.8,21.0,3.5,1.0
2023,15,LV,Brandon Bolden,25.0,12.5,0.0,0.0,0.0
2023,15,LV,Tre Tucker,-2.0,-2.0,0.0,0.0,0.0
2023,15,LAC,Isaiah Spiller,18.0,1.1,32.0,2.0,2.0
2023,15,LAC,Austin Ekeler,0.0,0.0,9.0,1.8,0.0
2023,15,LAC,Joshua Kelley,10.0,2.0,12.0,2.4,1.0
2023,15,LAC,Easton Stick,10.0,5.0,1.0,0.5,0.0
2023,15,CIN,Joe Mixon,34.0,3.4,13.0,1.3,1.0
2023,15,CIN,Chase Brown,14.0,2.0,9.0,1.3,1.0
2023,15,CIN,Jake Browning,-2.0,-0.5,2.0,0.5,0.0
2023,15,CIN,Trayveon Williams,10.0,10.0,0.0,0.0,0.0
2023,15,MIN,Ty Chandler,85.0,3.7,47.0,2.0,0.0
2023,15,MIN,Nick Mullens,10.0,1.7,0.0,0.0,0.0
2023,15,MIN,Kene Nwangwu,1.0,1.0,0.0,0.0,0.0
2023,15,IND,Trey Sermon,30.0,1.8,58.0,3.4,3.0
2023,15,IND,Tyler Goodson,45.0,4.1,24.0,2.2,0.0
2023,15,IND,Zack Moss,7.0,1.8,6.0,1.5,0.0
2023,15,IND,Gardner Minshew II,0.0,0.0,0.0,0.0,0.0
2023,15,PIT,Najee Harris,16.0,1.3,17.0,1.4,1.0
2023,15,PIT,Jaylen Warren,23.0,2.3,17.0,1.7,0.0
2023,15,PIT,Mitchell Trubisky,0.0,0.0,1.0,0.5,0.0
2023,15,DET,David Montgomery,32.0,1.9,53.0,3.1,1.0
2023,15,DET,Jahmyr Gibbs,44.0,4.0,56.0,5.1,3.0
2023,15,DEN,Javonte Williams,10.0,0.8,17.0,1.4,0.0
2023,15,DEN,Russell Wilson,6.0,0.9,0.0,0.0,0.0
2023,15,DEN,Samaje Perine,9.0,1.5,28.0,4.7,1.0
2023,15,DEN,Jaleel McLaughlin,2.0,1.0,0.0,0.0,0.0
2023,15,DEN,Marvin Mims,6.0,6.0,5.0,5.0,0.0
2023,15,CAR,Chuba Hubbard,43.0,2.0,44.0,2.0,2.0
2023,15,CAR,Miles Sanders,-4.0,-0.7,6.0,1.0,1.0
2023,15,CAR,Ihmir Smith-Marsette,16.0,4.0,15.0,3.8,2.0
2023,15,CAR,Bryce Young,-3.0,-0.8,12.0,3.0,1.0
2023,15,ATL,Tyler Allgeier,15.0,1.1,30.0,2.1,0.0
2023,15,ATL,Bijan Robinson,1.0,0.1,10.0,1.4,1.0
2023,15,ATL,Cordarrelle Patterson,-3.0,-0.6,1.0,0.2,0.0
2023,15,ATL,Desmond Ridder,-2.0,-0.4,0.0,0.0,0.0
2023,15,CLE,Jerome Ford,4.0,0.5,16.0,2.0,2.0
2023,15,CLE,Kareem Hunt,5.0,0.7,3.0,0.4,0.0
2023,15,CLE,Pierre Strong,2.0,1.0,0.0,0.0,0.0
2023,15,CLE,Joe Flacco,-1.0,-1.0,0.0,0.0,0.0
2023,15,CHI,Justin Fields,28.0,4.0,2.0,0.3,0.0
2023,15,CHI,D'Onta Foreman,-10.0,-1.7,4.0,0.7,0.0
2023,15,CHI,Khalil Herbert,3.0,0.5,5.0,0.8,0.0
2023,15,CHI,Roschon Johnson,25.0,5.0,11.0,2.2,0.0
2023,15,CHI,Velus Jones Jr.,20.0,10.0,3.0,1.5,0.0
2023,15,CHI,Tyler Scott,-3.0,-3.0,0.0,0.0,0.0
2023,15,GB,Aaron Jones,39.0,3.0,14.0,1.1,0.0
2023,15,GB,Jordan Love,0.0,0.0,1.0,0.5,0.0
2023,15,GB,Kenyan Drake,0.0,0.0,0.0,0.0,0.0
2023,15,GB,Patrick Taylor,6.0,6.0,0.0,0.0,0.0
2023,15,TB,Rachaad White,38.0,1.8,51.0,2.4,0.0
2023,15,TB,Chase Edmonds,11.0,3.7,2.0,0.7,0.0
2023,15,TB,Baker Mayfield,-2.0,-1.0,0.0,0.0,0.0
2023,15,TB,Deven Thompkins,-1.0,-1.0,0.0,0.0,0.0
2023,15,MIA,Raheem Mostert,18.0,1.2,24.0,1.6,0.0
2023,15,MIA,De'Von Achane,16.0,1.8,16.0,1.8,0.0
2023,15,MIA,Mike White,-2.0,-1.0,0.0,0.0,0.0
2023,15,MIA,Jeff Wilson,4.0,2.0,1.0,0.5,0.0
2023,15,NYJ,Breece Hall,5.0,0.8,7.0,1.2,0.0
2023,15,NYJ,Israel Abanikanda,3.0,0.8,5.0,1.3,0.0
2023,15,NYJ,Dalvin Cook,2.0,2.0,2.0,2.0,0.0
2023,15,NYJ,Ashtyn Davis,-1.0,-1.0,0.0,0.0,0.0
2023,15,NE,Ezekiel Elliott,10.0,0.9,15.0,1.4,0.0
2023,15,NE,Kevin Harris,4.0,1.0,21.0,5.3,1.0
2023,15,NE,Bailey Zappe,0.0,0.0,2.0,2.0,0.0
2023,15,KC,Clyde Edwards-Helaire,6.0,0.5,31.0,2.4,0.0
2023,15,KC,Jerick McKinnon,4.0,1.0,7.0,1.8,0.0
2023,15,KC,Patrick Mahomes,-5.0,-1.7,0.0,0.0,0.0
2023,15,NO,Alvin Kamara,32.0,2.0,34.0,2.1,1.0
2023,15,NO,Jamaal Williams,13.0,1.6,11.0,1.4,0.0
2023,15,NO,Derek Carr,-4.0,-1.3,0.0,0.0,0.0
2023,15,NO,Taysom Hill,0.0,0.0,1.0,1.0,0.0
2023,15,NYG,Saquon Barkley,4.0,0.4,10.0,1.1,0.0
2023,15,NYG,Tommy DeVito,30.0,7.5,6.0,1.5,0.0
2023,15,NYG,Matt Breida,7.0,2.3,3.0,1.0,0.0
2023,15,TEN,Derrick Henry,-6.0,-0.4,15.0,0.9,1.0
2023,15,TEN,Tyjae Spears,14.0,1.6,16.0,1.8,0.0
2023,15,TEN,Will Levis,12.0,3.0,13.0,3.3,0.0
2023,15,TEN,Treylon Burks,2.0,2.0,0.0,0.0,0.0
2023,15,HOU,Devin Singletary,68.0,2.6,53.0,2.0,1.0
2023,15,HOU,Case Keenum,0.0,0.0,1.0,0.5,0.0
2023,15,HOU,Xavier Hutchinson,5.0,5.0,0.0,0.0,0.0
2023,15,HOU,Dare Ogunbowale,9.0,9.0,8.0,8.0,0.0
2023,15,HOU,Dameon Pierce,1.0,1.0,2.0,2.0,0.0
2023,15,HOU,Steven Sims,0.0,0.0,1.0,1.0,0.0
2023,15,ARI,James Conner,23.0,1.6,63.0,4.5,0.0
2023,15,ARI,Kyler Murray,48.0,8.0,1.0,0.2,0.0
2023,15,ARI,Emari Demercado,15.0,3.8,49.0,12.3,0.0
2023,15,ARI,Michael Carter,24.0,8.0,3.0,1.0,0.0
2023,15,ARI,Greg Dortch,4.0,4.0,1.0,1.0,0.0
2023,15,ARI,Rondale Moore,2.0,2.0,1.0,1.0,0.0
2023,15,ARI,Clayton Tune,0.0,0.0,0.0,0.0,0.0
2023,15,SF,Christian McCaffrey,87.0,4.8,28.0,1.6,0.0
2023,15,SF,Jordan Mason,4.0,0.8,16.0,3.2,0.0
2023,15,SF,Sam Darnold,-2.0,-1.0,0.0,0.0,0.0
2023,15,SF,Deebo Samuel,6.0,6.0,5.0,5.0,0.0
2023,15,LA,Kyren Williams,96.0,3.6,56.0,2.1,2.0
2023,15,LA,Royce Freeman,14.0,2.3,2.0,0.3,0.0
2023,15,LA,Puka Nacua,0.0,0.0,3.0,1.5,0.0
2023,15,LA,Demarcus Robinson,14.0,14.0,9.0,9.0,0.0
2023,15,LA,Matthew Stafford,2.0,2.0,0.0,0.0,0.0
2023,15,WAS,Chris Rodriguez,18.0,1.8,17.0,1.7,0.0
2023,15,WAS,Antonio Gibson,8.0,2.0,7.0,1.8,0.0
2023,15,WAS,Sam Howell,18.0,6.0,4.0,1.3,0.0
2023,15,WAS,Jacoby Brissett,0.0,0.0,9.0,4.5,0.0
2023,15,WAS,Tress Way,0.0,0.0,0.0,0.0,0.0
2023,15,WAS,Jonathan Williams,-2.0,-2.0,0.0,0.0,0.0
2023,15,BUF,James Cook,107.0,4.3,72.0,2.9,1.0
2023,15,BUF,Ty Johnson,34.0,3.8,20.0,2.2,0.0
2023,15,BUF,Josh Allen,4.0,0.5,20.0,2.5,0.0
2023,15,BUF,Latavius Murray,-1.0,-0.2,12.0,2.4,1.0
2023,15,BUF,Kyle Allen,-2.0,-1.0,0.0,0.0,0.0
2023,15,DAL,Tony Pollard,32.0,2.9,20.0,1.8,0.0
2023,15,DAL,Dak Prescott,22.0,5.5,5.0,1.3,0.0
2023,15,DAL,Rico Dowdle,0.0,0.0,4.0,1.3,0.0
2023,15,DAL,CeeDee Lamb,0.0,0.0,3.0,3.0,1.0
2023,15,DAL,Hunter Luepke,1.0,1.0,2.0,2.0,0.0
2023,15,JAX,Travis Etienne,13.0,1.3,18.0,1.8,2.0
2023,15,JAX,Trevor Lawrence,39.0,9.8,2.0,0.5,1.0
2023,15,JAX,D'Ernest Johnson,5.0,2.5,0.0,0.0,0.0
2023,15,JAX,Tank Bigsby,-2.0,-2.0,0.0,0.0,0.0
2023,15,BAL,Gus Edwards,32.0,2.0,26.0,1.6,3.0
2023,15,BAL,Lamar Jackson,81.0,6.8,16.0,1.3,4.0
2023,15,BAL,Keaton Mitchell,50.0,5.6,23.0,2.6,3.0
2023,15,BAL,Justice Hill,21.0,4.2,2.0,0.4,2.0
2023,15,SEA,Kenneth Walker III,55.0,2.9,31.0,1.6,3.0
2023,15,SEA,Zach Charbonnet,6.0,1.5,10.0,2.5,0.0
2023,15,SEA,Drew Lock,-2.0,-2.0,0.0,0.0,0.0
2023,15,PHI,D'Andre Swift,58.0,3.2,16.0,0.9,1.0
2023,15,PHI,Jalen Hurts,75.0,5.8,7.0,0.5,0.0
2023,15,PHI,Kenneth Gainwell,12.0,2.0,9.0,1.5,0.0
2023,15,PHI,Dallas Goedert,0.0,0.0,1.0,1.0,0.0
2023,16,LA,Kyren Williams,44.0,2.0,60.0,2.7,2.0
2023,16,LA,Ronnie Rivers,6.0,1.0,14.0,2.3,0.0
2023,16,LA,Puka Nacua,5.0,2.5,11.0,5.5,2.0
2023,16,LA,Cooper Kupp,-3.0,-3.0,0.0,0.0,0.0
2023,16,LA,Matthew Stafford,-4.0,-4.0,0.0,0.0,0.0
2023,16,NO,Alvin Kamara,3.0,0.3,16.0,1.8,0.0
2023,16,NO,Derek Carr,2.0,1.0,0.0,0.0,0.0
2023,16,NO,Taysom Hill,0.0,0.0,2.0,1.0,0.0
2023,16,NO,Jamaal Williams,3.0,1.5,5.0,2.5,0.0
2023,16,NO,Rashid Shaheed,4.0,4.0,0.0,0.0,0.0
2023,16,PIT,Najee Harris,32.0,1.7,46.0,2.4,0.0
2023,16,PIT,Jaylen Warren,12.0,1.5,12.0,1.5,0.0
2023,16,PIT,Mason Rudolph,2.0,1.0,2.0,1.0,0.0
2023,16,PIT,Calvin Austin,7.0,7.0,0.0,0.0,0.0
2023,16,CIN,Joe Mixon,27.0,2.5,16.0,1.5,0.0
2023,16,CIN,Chase Brown,9.0,2.3,7.0,1.8,0.0
2023,16,CIN,Jake Browning,0.0,0.0,0.0,0.0,0.0
2023,16,LAC,Austin Ekeler,65.0,4.3,0.0,0.0,0.0
2023,16,LAC,Easton Stick,25.0,3.6,0.0,0.0,0.0
2023,16,LAC,Isaiah Spiller,1.0,0.5,0.0,0.0,0.0
2023,16,LAC,Derius Davis,8.0,8.0,0.0,0.0,0.0
2023,16,LAC,Quentin Johnston,1.0,1.0,0.0,0.0,0.0
2023,16,LAC,Joshua Kelley,-2.0,-2.0,0.0,0.0,0.0
2023,16,BUF,James Cook,70.0,3.5,0.0,0.0,0.0
2023,16,BUF,Josh Allen,15.0,3.0,0.0,0.0,0.0
2023,16,BUF,Leonard Fournette,20.0,4.0,0.0,0.0,0.0
2023,16,ATL,Bijan Robinson,3.0,0.3,69.0,5.8,3.0
2023,16,ATL,Tyler Allgeier,50.0,5.6,19.0,2.1,2.0
2023,16,ATL,Cordarrelle Patterson,12.0,1.7,14.0,2.0,0.0
2023,16,ATL,Taylor Heinicke,10.0,5.0,0.0,0.0,0.0
2023,16,IND,Jonathan Taylor,17.0,0.9,26.0,1.4,0.0
2023,16,IND,Gardner Minshew II,31.0,7.8,0.0,0.0,0.0
2023,16,IND,Trey Sermon,1.0,0.5,2.0,1.0,0.0
2023,16,IND,Tyler Goodson,12.0,12.0,3.0,3.0,0.0
2023,16,CAR,Chuba Hubbard,7.0,0.4,36.0,2.3,0.0
2023,16,CAR,Bryce Young,15.0,3.8,2.0,0.5,0.0
2023,16,CAR,Miles Sanders,2.0,0.7,1.0,0.3,0.0
2023,16,CAR,Ihmir Smith-Marsette,21.0,10.5,12.0,6.0,0.0
2023,16,GB,Aaron Jones,35.0,1.7,92.0,4.4,2.0
2023,16,GB,AJ Dillon,4.0,0.6,8.0,1.1,0.0
2023,16,GB,Patrick Taylor,1.0,0.3,3.0,1.0,1.0
2023,16,GB,Jordan Love,10.0,5.0,2.0,1.0,0.0
2023,16,GB,Bo Melton,0.0,0.0,7.0,7.0,0.0
2023,16,HOU,Devin Singletary,32.0,3.6,12.0,1.3,1.0
2023,16,HOU,Dameon Pierce,3.0,1.0,3.0,1.0,0.0
2023,16,HOU,Davis Mills,9.0,4.5,0.0,0.0,0.0
2023,16,HOU,Dare Ogunbowale,3.0,3.0,3.0,3.0,1.0
2023,16,HOU,Robert Woods,7.0,7.0,0.0,0.0,0.0
2023,16,CLE,Jerome Ford,14.0,0.9,11.0,0.7,4.0
2023,16,CLE,Kareem Hunt,4.0,0.6,7.0,1.0,0.0
2023,16,CLE,Pierre Strong,15.0,3.0,7.0,1.4,0.0
2023,16,CLE,Joe Flacco,1.0,0.5,0.0,0.0,0.0
2023,16,CLE,Dorian Thompson-Robinson,-5.0,-5.0,0.0,0.0,0.0
2023,16,MIN,Ty Chandler,4.0,0.5,13.0,1.6,0.0
2023,16,MIN,Alexander Mattison,-1.0,-0.5,0.0,0.0,0.0
2023,16,MIN,Nick Mullens,1.0,1.0,0.0,0.0,0.0
2023,16,DET,David Montgomery,15.0,0.9,40.0,2.4,0.0
2023,16,DET,Jahmyr Gibbs,23.0,1.5,57.0,3.8,5.0
2023,16,DET,Jared Goff,-1.0,-0.3,1.0,0.3,0.0
2023,16,DET,Kalif Raymond,5.0,5.0,3.0,3.0,0.0
2023,16,NYJ,Breece Hall,50.0,2.5,45.0,2.3,0.0
2023,16,NYJ,Israel Abanikanda,36.0,4.0,7.0,0.8,0.0
2023,16,NYJ,Trevor Siemian,18.0,4.5,0.0,0.0,0.0
2023,16,NYJ,Tyler Conklin,0.0,0.0,0.0,0.0,0.0
2023,16,NYJ,Xavier Gipson,7.0,7.0,9.0,9.0,0.0
2023,16,NYJ,Garrett Wilson,-8.0,-8.0,0.0,0.0,0.0
2023,16,WAS,Chris Rodriguez,19.0,1.9,39.0,3.9,0.0
2023,16,WAS,Antonio Gibson,20.0,2.2,10.0,1.1,0.0
2023,16,WAS,Curtis Samuel,1.0,0.5,3.0,1.5,0.0
2023,16,WAS,Jacoby Brissett,10.0,10.0,0.0,0.0,0.0
2023,16,TEN,Derrick Henry,47.0,2.5,41.0,2.2,2.0
2023,16,TEN,Tyjae Spears,24.0,2.7,16.0,1.8,0.0
2023,16,TEN,Ryan Tannehill,37.0,18.5,0.0,0.0,0.0
2023,16,TEN,Treylon Burks,-3.0,-3.0,0.0,0.0,0.0
2023,16,SEA,Kenneth Walker III,25.0,1.6,29.0,1.8,3.0
2023,16,SEA,Zach Charbonnet,-1.0,-0.5,1.0,0.5,0.0
2023,16,SEA,DeeJay Dallas,1.0,1.0,1.0,1.0,0.0
2023,16,SEA,Geno Smith,2.0,2.0,0.0,0.0,0.0
2023,16,TB,Rachaad White,10.0,0.5,29.0,1.5,1.0
2023,16,TB,Chase Edmonds,13.0,1.3,12.0,1.2,1.0
2023,16,TB,Baker Mayfield,3.0,0.6,2.0,0.4,1.0
2023,16,TB,Chris Godwin,0.0,0.0,1.0,1.0,0.0
2023,16,JAX,Travis Etienne,5.0,0.8,7.0,1.2,0.0
2023,16,JAX,Trevor Lawrence,27.0,6.8,2.0,0.5,0.0
2023,16,JAX,C.J. Beathard,6.0,6.0,0.0,0.0,0.0
2023,16,JAX,D'Ernest Johnson,0.0,0.0,2.0,2.0,0.0
2023,16,JAX,Calvin Ridley,-12.0,-12.0,0.0,0.0,0.0
2023,16,CHI,Khalil Herbert,62.0,3.1,50.0,2.5,2.0
2023,16,CHI,Justin Fields,64.0,7.1,33.0,3.7,0.0
2023,16,CHI,Roschon Johnson,22.0,2.4,15.0,1.7,0.0
2023,16,CHI,Velus Jones Jr.,2.0,2.0,2.0,2.0,0.0
2023,16,ARI,James Conner,16.0,1.3,29.0,2.4,0.0
2023,16,ARI,Kyler Murray,28.0,5.6,4.0,0.8,0.0
2023,16,ARI,Emari Demercado,7.0,3.5,3.0,1.5,0.0
2023,16,ARI,Rondale Moore,3.0,3.0,3.0,3.0,0.0
2023,16,MIA,Raheem Mostert,18.0,1.6,28.0,2.5,1.0
2023,16,MIA,De'Von Achane,4.0,0.6,20.0,2.9,1.0
2023,16,MIA,Jeff Wilson,10.0,2.0,11.0,2.2,0.0
2023,16,MIA,Tua Tagovailoa,-2.0,-1.0,0.0,0.0,0.0
2023,16,MIA,Jaylen Waddle,2.0,2.0,0.0,0.0,0.0
2023,16,DAL,Tony Pollard,12.0,1.0,26.0,2.2,2.0
2023,16,DAL,Dak Prescott,21.0,4.2,4.0,0.8,0.0
2023,16,DAL,Rico Dowdle,3.0,1.5,1.0,0.5,0.0
2023,16,DAL,CeeDee Lamb,11.0,5.5,3.0,1.5,1.0
2023,16,DAL,Hunter Luepke,0.0,0.0,3.0,1.5,0.0
2023,16,DAL,Brandin Cooks,8.0,8.0,1.0,1.0,0.0
2023,16,DAL,KaVontae Turpin,3.0,3.0,1.0,1.0,0.0
2023,16,DEN,Javonte Williams,5.0,0.5,19.0,1.7,0.0
2023,16,DEN,Jaleel McLaughlin,23.0,3.8,14.0,2.3,0.0
2023,16,DEN,Russell Wilson,14.0,3.5,6.0,1.5,0.0
2023,16,DEN,Michael Burton,0.0,0.0,0.0,0.0,0.0
2023,16,DEN,Samaje Perine,0.0,0.0,2.0,2.0,0.0
2023,16,NE,Ezekiel Elliott,12.0,1.0,15.0,1.3,0.0
2023,16,NE,Kevin Harris,4.0,0.6,17.0,2.4,0.0
2023,16,NE,Tyquan Thornton,4.0,4.0,5.0,5.0,0.0
2023,16,NE,Bailey Zappe,2.0,2.0,0.0,0.0,0.0
2023,16,KC,Isiah Pacheco,18.0,1.6,8.0,0.7,0.0
2023,16,KC,Patrick Mahomes,48.0,4.8,5.0,0.5,0.0
2023,16,KC,Clyde Edwards-Helaire,3.0,0.8,3.0,0.8,0.0
2023,16,LV,Zamir White,51.0,2.3,94.0,4.3,2.0
2023,16,LV,Aidan O'Connell,-4.0,-1.0,0.0,0.0,0.0
2023,16,LV,Ameer Abdullah,5.0,2.5,6.0,3.0,0.0
2023,16,LV,Tre Tucker,3.0,3.0,2.0,2.0,0.0
2023,16,PHI,D'Andre Swift,47.0,2.4,45.0,2.3,3.0
2023,16,PHI,Jalen Hurts,24.0,3.0,10.0,1.3,1.0
2023,16,PHI,Kenneth Gainwell,8.0,1.3,33.0,5.5,2.0
2023,16,PHI,Boston Scott,3.0,3.0,0.0,0.0,0.0
2023,16,NYG,Saquon Barkley,34.0,1.5,46.0,2.0,1.0
2023,16,NYG,Tyrod Taylor,19.0,9.5,2.0,1.0,0.0
2023,16,NYG,Tommy DeVito,3.0,3.0,2.0,2.0,0.0
2023,16,SF,Christian McCaffrey,51.0,3.6,52.0,3.7,1.0
2023,16,SF,Deebo Samuel,1.0,0.5,6.0,3.0,1.0
2023,16,SF,Sam Darnold,9.0,9.0,0.0,0.0,0.0
2023,16,SF,Brock Purdy,2.0,2.0,0.0,0.0,0.0
2023,16,BAL,Justice Hill,19.0,1.9,7.0,0.7,0.0
2023,16,BAL,Gus Edwards,23.0,2.6,8.0,0.9,0.0
2023,16,BAL,Lamar Jackson,43.0,6.1,2.0,0.3,0.0
2023,17,CLE,Jerome Ford,25.0,2.1,39.0,3.3,3.0
2023,17,CLE,Kareem Hunt,16.0,1.6,15.0,1.5,0.0
2023,17,CLE,Pierre Strong,4.0,1.0,25.0,6.3,3.0
2023,17,CLE,Joe Flacco,2.0,1.0,1.0,0.5,0.0
2023,17,NYJ,Breece Hall,28.0,2.2,56.0,4.3,3.0
2023,17,NYJ,Trevor Siemian,7.0,1.8,6.0,1.5,0.0
2023,17,NYJ,Israel Abanikanda,0.0,0.0,3.0,1.5,1.0
2023,17,NYJ,Xavier Gipson,8.0,8.0,0.0,0.0,0.0
2023,17,NYJ,Garrett Wilson,-1.0,-1.0,0.0,0.0,0.0
2023,17,DAL,Tony Pollard,10.0,0.6,39.0,2.4,3.0
2023,17,DAL,Dak Prescott,2.0,1.0,3.0,1.5,0.0
2023,17,DAL,Deuce Vaughn,0.0,0.0,2.0,1.0,0.0
2023,17,DAL,CeeDee Lamb,4.0,4.0,1.0,1.0,0.0
2023,17,DET,Jahmyr Gibbs,6.0,0.4,37.0,2.5,1.0
2023,17,DET,David Montgomery,29.0,2.1,36.0,2.6,1.0
2023,17,DET,Amon-Ra St. Brown,8.0,8.0,3.0,3.0,0.0
2023,17,DET,Jameson Williams,2.0,2.0,4.0,4.0,0.0
2023,17,BAL,Gus Edwards,26.0,1.6,42.0,2.6,0.0
2023,17,BAL,Melvin Gordon,-1.0,-0.2,11.0,1.8,1.0
2023,17,BAL,Lamar Jackson,1.0,0.2,34.0,5.7,3.0
2023,17,BAL,Justice Hill,40.0,13.3,8.0,2.7,0.0
2023,17,BAL,Tyler Huntley,-1.0,-1.0,0.0,0.0,0.0
2023,17,MIA,De'Von Achane,79.0,5.6,28.0,2.0,0.0
2023,17,MIA,Chris Brooks,4.0,1.0,8.0,2.0,0.0
2023,17,MIA,Jeff Wilson,3.0,1.0,18.0,6.0,1.0
2023,17,MIA,Tua Tagovailoa,14.0,7.0,0.0,0.0,0.0
2023,17,MIA,Tyreek Hill,0.0,0.0,0.0,0.0,0.0
2023,17,MIA,Mike White,0.0,0.0,0.0,0.0,0.0
2023,17,BUF,James Cook,16.0,1.0,32.0,2.0,1.0
2023,17,BUF,Josh Allen,8.0,0.7,36.0,3.3,0.0
2023,17,BUF,Ty Johnson,8.0,1.6,14.0,2.8,0.0
2023,17,BUF,Kyle Allen,-2.0,-1.0,0.0,0.0,0.0
2023,17,BUF,Stefon Diggs,3.0,3.0,2.0,2.0,0.0
2023,17,BUF,Latavius Murray,0.0,0.0,0.0,0.0,0.0
2023,17,BUF,Khalil Shakir,10.0,10.0,0.0,0.0,0.0
2023,17,NE,Ezekiel Elliott,12.0,0.9,27.0,1.9,1.0
2023,17,NE,Bailey Zappe,17.0,3.4,20.0,4.0,0.0
2023,17,NE,Demario Douglas,10.0,3.3,2.0,0.7,0.0
2023,17,NE,Kevin Harris,1.0,0.5,14.0,7.0,0.0
2023,17,CHI,Khalil Herbert,83.0,4.6,41.0,2.3,2.0
2023,17,CHI,Justin Fields,22.0,2.0,23.0,2.1,2.0
2023,17,CHI,Roschon Johnson,7.0,1.0,14.0,2.0,0.0
2023,17,CHI,Velus Jones Jr.,1.0,1.0,1.0,1.0,0.0
2023,17,ATL,Bijan Robinson,47.0,3.1,28.0,1.9,1.0
2023,17,ATL,Tyler Allgeier,2.0,0.4,11.0,2.2,2.0
2023,17,ATL,Taylor Heinicke,43.0,10.8,3.0,0.8,0.0
2023,17,HOU,Devin Singletary,43.0,2.7,37.0,2.3,0.0
2023,17,HOU,Dameon Pierce,6.0,0.8,10.0,1.3,0.0
2023,17,HOU,Nico Collins,4.0,4.0,3.0,3.0,0.0
2023,17,HOU,John Metchie,3.0,3.0,1.0,1.0,0.0
2023,17,HOU,Dare Ogunbowale,0.0,0.0,0.0,0.0,0.0
2023,17,HOU,C.J. Stroud,4.0,4.0,0.0,0.0,0.0
2023,17,TEN,Derrick Henry,7.0,0.6,35.0,2.9,2.0
2023,17,TEN,Tyjae Spears,-6.0,-1.0,6.0,1.0,0.0
2023,17,TEN,Jonathan Ward,5.0,1.7,6.0,2.0,0.0
2023,17,IND,Jonathan Taylor,41.0,2.0,55.0,2.6,1.0
2023,17,IND,Trey Sermon,5.0,1.0,27.0,5.4,1.0
2023,17,IND,Gardner Minshew II,3.0,1.5,0.0,0.0,0.0
2023,17,IND,Tyler Goodson,1.0,1.0,2.0,2.0,0.0
2023,17,LV,Zamir White,25.0,1.3,46.0,2.3,2.0
2023,17,LV,Brandon Bolden,3.0,1.5,3.0,1.5,0.0
2023,17,LV,Aidan O'Connell,2.0,1.0,1.0,0.5,0.0
2023,17,LV,Ameer Abdullah,2.0,2.0,2.0,2.0,0.0
2023,17,JAX,Travis Etienne,46.0,2.9,56.0,3.5,4.0
2023,17,JAX,Tank Bigsby,9.0,0.9,23.0,2.3,2.0
2023,17,JAX,Matt Barkley,-3.0,-1.0,0.0,0.0,0.0
2023,17,JAX,C.J. Beathard,4.0,1.3,20.0,6.7,1.0
2023,17,JAX,D'Ernest Johnson,0.0,0.0,0.0,0.0,1.0
2023,17,CAR,Chuba Hubbard,12.0,1.1,33.0,3.0,3.0
2023,17,CAR,Miles Sanders,6.0,3.0,4.0,2.0,0.0
2023,17,CAR,Ihmir Smith-Marsette,0.0,0.0,0.0,0.0,0.0
2023,17,CAR,Bryce Young,0.0,0.0,2.0,2.0,0.0
2023,17,NYG,Saquon Barkley,18.0,1.5,21.0,1.8,1.0
2023,17,NYG,Tyrod Taylor,36.0,6.0,4.0,0.7,0.0
2023,17,NYG,Eric Gray,1.0,1.0,1.0,1.0,0.0
2023,17,NYG,Wan'Dale Robinson,23.0,23.0,1.0,1.0,0.0
2023,17,LA,Kyren Williams,65.0,3.3,22.0,1.1,0.0
2023,17,LA,Puka Nacua,14.0,7.0,5.0,2.5,0.0
2023,17,LA,Matthew Stafford,-1.0,-1.0,0.0,0.0,0.0
2023,17,PHI,D'Andre Swift,37.0,2.8,24.0,1.8,0.0
2023,17,PHI,Jalen Hurts,17.0,2.1,8.0,1.0,0.0
2023,17,PHI,Kenneth Gainwell,3.0,1.5,2.0,1.0,0.0
2023,17,ARI,James Conner,59.0,2.3,69.0,2.7,8.0
2023,17,ARI,Michael Carter,54.0,7.7,7.0,1.0,0.0
2023,17,ARI,Kyler Murray,24.0,4.8,0.0,0.0,0.0
2023,17,ARI,Rondale Moore,6.0,3.0,2.0,1.0,1.0
2023,17,TB,Rachaad White,36.0,3.3,6.0,0.5,0.0
2023,17,TB,Chase Edmonds,16.0,5.3,0.0,0.0,0.0
2023,17,TB,Baker Mayfield,-1.0,-1.0,0.0,0.0,0.0
2023,17,NO,Jamaal Williams,28.0,1.5,30.0,1.6,0.0
2023,17,NO,Alvin Kamara,17.0,1.7,28.0,2.8,1.0
2023,17,NO,Derek Carr,-3.0,-1.0,0.0,0.0,0.0
2023,17,NO,Taysom Hill,0.0,0.0,1.0,0.5,0.0
2023,17,NO,Adam Prentice,5.0,5.0,2.0,2.0,0.0
2023,17,WAS,Brian Robinson Jr.,24.0,2.7,20.0,2.2,0.0
2023,17,WAS,Antonio Gibson,-1.0,-0.3,20.0,5.0,0.0
2023,17,WAS,Sam Howell,-1.0,-1.0,0.0,0.0,0.0
2023,17,SF,Elijah Mitchell,30.0,1.8,50.0,2.9,2.0
2023,17,SF,Christian McCaffrey,40.0,2.9,24.0,1.7,0.0
2023,17,SF,Deebo Samuel,28.0,9.3,7.0,2.3,0.0
2023,17,SF,Sam Darnold,-2.0,-1.0,0.0,0.0,0.0
2023,17,SF,Jordan Mason,1.0,0.5,2.0,1.0,0.0
2023,17,SF,Brock Purdy,4.0,4.0,0.0,0.0,0.0
2023,17,SEA,Kenneth Walker III,22.0,2.2,31.0,3.1,2.0
2023,17,SEA,Geno Smith,33.0,11.0,0.0,0.0,0.0
2023,17,SEA,Zach Charbonnet,-2.0,-1.0,4.0,2.0,1.0
2023,17,PIT,Najee Harris,22.0,0.8,100.0,3.7,4.0
2023,17,PIT,Jaylen Warren,26.0,2.0,49.0,3.8,5.0
2023,17,PIT,Mason Rudolph,4.0,0.7,1.0,0.2,0.0
2023,17,DEN,Javonte Williams,17.0,1.1,24.0,1.6,0.0
2023,17,DEN,Jaleel McLaughlin,33.0,4.1,11.0,1.4,0.0
2023,17,DEN,Jarrett Stidham,5.0,0.8,1.0,0.2,0.0
2023,17,DEN,Samaje Perine,8.0,2.0,2.0,0.5,0.0
2023,17,LAC,Austin Ekeler,29.0,2.2,17.0,1.3,0.0
2023,17,LAC,Easton Stick,27.0,5.4,4.0,0.8,1.0
2023,17,LAC,Joshua Kelley,2.0,1.0,0.0,0.0,0.0
2023,17,LAC,Derius Davis,0.0,0.0,2.0,2.0,0.0
2023,17,LAC,Gerald Everett,3.0,3.0,3.0,3.0,0.0
2023,17,LAC,Nick Niemann,0.0,0.0,0.0,0.0,0.0
2023,17,LAC,Isaiah Spiller,-1.0,-1.0,0.0,0.0,0.0
2023,17,KC,Isiah Pacheco,37.0,2.1,93.0,5.2,3.0
2023,17,KC,Patrick Mahomes,0.0,0.0,2.0,0.5,1.0
2023,17,CIN,Joe Mixon,34.0,1.6,31.0,1.5,1.0
2023,17,CIN,Jake Browning,26.0,3.7,6.0,0.9,0.0
2023,17,CIN,Chase Brown,2.0,0.7,3.0,1.0,0.0
2023,17,CIN,Trayveon Williams,2.0,2.0,0.0,0.0,0.0
2023,17,MIN,Ty Chandler,13.0,1.3,27.0,2.7,0.0
2023,17,MIN,Alexander Mattison,9.0,3.0,8.0,2.7,0.0
2023,17,MIN,Jaren Hall,4.0,2.0,0.0,0.0,0.0
2023,17,MIN,Nick Mullens,6.0,6.0,0.0,0.0,0.0
2023,17,GB,Aaron Jones,59.0,3.0,61.0,3.1,1.0
2023,17,GB,Patrick Taylor,13.0,1.6,17.0,2.1,0.0
2023,17,GB,AJ Dillon,12.0,1.7,15.0,2.1,1.0
2023,17,GB,Sean Clifford,-2.0,-1.0,0.0,0.0,0.0
2023,17,GB,Jordan Love,1.0,0.5,1.0,0.5,0.0
2023,18,BAL,Gus Edwards,45.0,4.5,3.0,0.3,0.0
2023,18,BAL,Tyler Huntley,40.0,5.0,0.0,0.0,0.0
2023,18,BAL,Melvin Gordon,18.0,2.6,0.0,0.0,0.0
2023,18,PIT,Najee Harris,82.0,3.2,30.0,1.2,2.0
2023,18,PIT,Jaylen Warren,31.0,3.4,2.0,0.2,2.0
2023,18,PIT,Mason Rudolph,-1.0,-0.5,0.0,0.0,0.0
2023,18,PIT,Calvin Austin,8.0,8.0,0.0,0.0,0.0
2023,18,PIT,George Pickens,0.0,0.0,3.0,3.0,1.0
2023,18,IND,Jonathan Taylor,61.0,2.0,127.0,4.2,4.0
2023,18,IND,Zack Moss,8.0,1.3,22.0,3.7,1.0
2023,18,IND,Gardner Minshew II,9.0,9.0,0.0,0.0,0.0
2023,18,HOU,Devin Singletary,20.0,0.8,43.0,1.8,2.0
2023,18,HOU,C.J. Stroud,20.0,6.7,0.0,0.0,0.0
2023,18,HOU,Cameron Johnston,-23.0,-23.0,0.0,0.0,0.0
2023,18,CAR,Chuba Hubbard,50.0,2.2,33.0,1.4,2.0
2023,18,CAR,Miles Sanders,14.0,4.7,4.0,1.3,0.0
2023,18,CAR,Bryce Young,24.0,12.0,0.0,0.0,0.0
2023,18,CAR,Raheem Blackshear,4.0,4.0,2.0,2.0,0.0
2023,18,TB,Rachaad White,42.0,2.2,33.0,1.7,1.0
2023,18,TB,Baker Mayfield,7.0,1.4,0.0,0.0,1.0
2023,18,TB,Chase Edmonds,5.0,1.3,22.0,5.5,0.0
2023,18,TB,Chris Godwin,2.0,2.0,2.0,2.0,0.0
2023,18,CIN,Joe Mixon,81.0,5.8,30.0,2.1,1.0
2023,18,CIN,Chase Brown,-1.0,-0.1,44.0,4.0,0.0
2023,18,CIN,Jake Browning,18.0,9.0,0.0,0.0,0.0
2023,18,CIN,Charlie Jones,9.0,4.5,4.0,2.0,0.0
2023,18,CIN,Trayveon Williams,-2.0,-2.0,0.0,0.0,0.0
2023,18,CLE,Pierre Strong,31.0,2.2,34.0,2.4,0.0
2023,18,CLE,Jeff Driskel,24.0,3.4,9.0,1.3,0.0
2023,18,CLE,Jerome Ford,3.0,1.0,3.0,1.0,0.0
2023,18,DET,Jahmyr Gibbs,4.0,0.3,26.0,2.0,1.0
2023,18,DET,David Montgomery,16.0,1.6,24.0,2.4,0.0
2023,18,MIN,Ty Chandler,27.0,2.3,42.0,3.5,2.0
2023,18,MIN,Alexander Mattison,7.0,1.0,17.0,2.4,0.0
2023,18,MIN,Nick Mullens,7.0,3.5,1.0,0.5,0.0
2023,18,MIN,Justin Jefferson,-12.0,-12.0,0.0,0.0,0.0
2023,18,NE,Ezekiel Elliott,36.0,2.8,18.0,1.4,0.0
2023,18,NE,Kevin Harris,2.0,0.7,2.0,0.7,0.0
2023,18,NE,Bailey Zappe,12.0,4.0,1.0,0.3,0.0
2023,18,NE,Demario Douglas,0.0,0.0,0.0,0.0,0.0
2023,18,NE,Jalen Reagor,12.0,12.0,5.0,5.0,0.0
2023,18,NYJ,Breece Hall,87.0,2.4,91.0,2.5,6.0
2023,18,NYJ,Israel Abanikanda,2.0,0.7,4.0,1.3,0.0
2023,18,NYJ,Trevor Siemian,1.0,0.5,0.0,0.0,0.0
2023,18,NO,Jamaal Williams,8.0,0.6,18.0,1.3,0.0
2023,18,NO,Kendre Miller,35.0,2.7,38.0,2.9,2.0
2023,18,NO,Taysom Hill,44.0,7.3,7.0,1.2,0.0
2023,18,NO,Lynn Bowden Jr.,-2.0,-2.0,0.0,0.0,0.0
2023,18,NO,Derek Carr,4.0,4.0,2.0,2.0,0.0
2023,18,ATL,Bijan Robinson,13.0,1.2,15.0,1.4,1.0
2023,18,ATL,Tyler Allgeier,15.0,2.5,9.0,1.5,1.0
2023,18,ATL,Cordarrelle Patterson,7.0,1.4,13.0,2.6,1.0
2023,18,ATL,Desmond Ridder,0.0,0.0,0.0,0.0,0.0
2023,18,ATL,Logan Woodside,6.0,6.0,0.0,0.0,0.0
2023,18,TEN,Derrick Henry,47.0,2.5,106.0,5.6,2.0
2023,18,TEN,Tyjae Spears,18.0,6.0,7.0,2.3,0.0
2023,18,TEN,Ryan Tannehill,-3.0,-1.0,0.0,0.0,0.0
2023,18,TEN,Ty Zentner,0.0,0.0,0.0,0.0,0.0
2023,18,JAX,Travis Etienne,33.0,2.1,24.0,1.5,1.0
2023,18,JAX,Tank Bigsby,12.0,4.0,4.0,1.3,0.0
2023,18,JAX,Trevor Lawrence,9.0,3.0,1.0,0.3,0.0
2023,18,JAX,D'Ernest Johnson,-1.0,-1.0,0.0,0.0,0.0
2023,18,ARI,James Conner,94.0,3.5,56.0,2.1,0.0
2023,18,ARI,Kyler Murray,32.0,6.4,1.0,0.2,0.0
2023,18,ARI,Michael Carter,10.0,2.5,7.0,1.8,0.0
2023,18,ARI,Rondale Moore,5.0,5.0,0.0,0.0,0.0
2023,18,ARI,Clayton Tune,1.0,1.0,0.0,0.0,0.0
2023,18,SEA,Kenneth Walker III,35.0,2.1,43.0,2.5,1.0
2023,18,SEA,Zach Charbonnet,19.0,3.8,13.0,2.6,0.0
2023,18,SEA,Geno Smith,24.0,8.0,4.0,1.3,0.0
2023,18,GB,Aaron Jones,40.0,1.8,71.0,3.2,5.0
2023,18,GB,Jordan Love,-1.0,-0.3,0.0,0.0,0.0
2023,18,GB,Bo Melton,1.0,0.5,13.0,6.5,3.0
2023,18,CHI,Khalil Herbert,0.0,0.0,28.0,2.3,2.0
2023,18,CHI,Justin Fields,14.0,1.8,13.0,1.6,0.0
2023,18,CHI,Roschon Johnson,7.0,1.4,13.0,2.6,0.0
2023,18,LAC,Easton Stick,62.0,4.8,15.0,1.2,1.0
2023,18,LAC,Austin Ekeler,-2.0,-0.2,13.0,1.3,0.0
2023,18,LAC,Derius Davis,11.0,3.7,6.0,2.0,0.0
2023,18,LAC,Joshua Kelley,-2.0,-1.0,3.0,1.5,0.0
2023,18,LAC,Quentin Johnston,4.0,4.0,2.0,2.0,0.0
2023,18,LAC,Josh Palmer,1.0,1.0,5.0,5.0,1.0
2023,18,KC,La'Mical Perine,33.0,1.6,43.0,2.0,1.0
2023,18,KC,Blaine Gabbert,23.0,4.6,23.0,4.6,0.0
2023,18,KC,Clyde Edwards-Helaire,-1.0,-0.5,2.0,1.0,0.0
2023,18,LV,Zamir White,81.0,3.2,31.0,1.2,3.0
2023,18,LV,Aidan O'Connell,1.0,0.3,0.0,0.0,0.0
2023,18,LV,Jakobi Meyers,2.0,2.0,3.0,3.0,1.0
2023,18,LV,Tre Tucker,8.0,8.0,3.0,3.0,1.0
2023,18,DEN,Javonte Williams,17.0,1.9,15.0,1.7,1.0
2023,18,DEN,Jaleel McLaughlin,3.0,0.8,3.0,0.8,2.0
2023,18,DEN,Samaje Perine,4.0,1.3,3.0,1.0,0.0
2023,18,DEN,Jarrett Stidham,2.0,0.7,0.0,0.0,0.0
2023,18,DEN,Marvin Mims,1.0,1.0,0.0,0.0,0.0
2023,18,NYG,Saquon Barkley,9.0,0.5,37.0,2.1,0.0
2023,18,NYG,Tyrod Taylor,33.0,4.1,5.0,0.6,0.0
2023,18,NYG,Eric Gray,9.0,3.0,10.0,3.3,0.0
2023,18,NYG,Sterling Shepard,2.0,2.0,4.0,4.0,0.0
2023,18,PHI,Kenneth Gainwell,32.0,4.6,30.0,4.3,2.0
2023,18,PHI,Marcus Mariota,40.0,6.7,6.0,1.0,0.0
2023,18,PHI,Rashaad Penny,4.0,0.7,12.0,2.0,0.0
2023,18,PHI,Boston Scott,1.0,0.3,4.0,1.3,0.0
2023,18,PHI,Jalen Hurts,3.0,1.5,1.0,0.5,0.0
2023,18,SF,Elijah Mitchell,33.0,2.4,19.0,1.4,1.0
2023,18,SF,Sam Darnold,13.0,1.9,6.0,0.9,0.0
2023,18,SF,Jordan Mason,23.0,3.8,13.0,2.2,0.0
2023,18,SF,Ray-Ray McCloud,5.0,5.0,2.0,2.0,0.0
2023,18,SF,Deebo Samuel,4.0,4.0,7.0,7.0,1.0
2023,18,LA,Carson Wentz,36.0,2.1,20.0,1.2,0.0
2023,18,LA,Ronnie Rivers,27.0,2.1,25.0,1.9,1.0
2023,18,LA,Royce Freeman,-1.0,-0.3,3.0,0.8,0.0
2023,18,LA,Tutu Atwell,-4.0,-4.0,0.0,0.0,0.0
2023,18,LA,Zach Evans,0.0,0.0,3.0,3.0,0.0
2023,18,WAS,Brian Robinson Jr.,8.0,0.9,17.0,1.9,1.0
2023,18,WAS,Sam Howell,-3.0,-0.8,2.0,0.5,0.0
2023,18,WAS,Antonio Gibson,4.0,2.0,4.0,2.0,0.0
2023,18,WAS,Derrick Gore,0.0,0.0,3.0,3.0,0.0
2023,18,WAS,Curtis Samuel,10.0,10.0,5.0,5.0,0.0
2023,18,DAL,Tony Pollard,23.0,1.4,47.0,2.8,1.0
2023,18,DAL,Rico Dowdle,13.0,1.4,33.0,3.7,1.0
2023,18,DAL,Brandin Cooks,2.0,2.0,1.0,1.0,0.0
2023,18,DAL,CeeDee Lamb,2.0,2.0,5.0,5.0,1.0
2023,18,DAL,KaVontae Turpin,3.0,3.0,2.0,2.0,0.0
2023,18,MIA,De'Von Achane,40.0,4.0,16.0,1.6,3.0
2023,18,MIA,Jeff Wilson,31.0,3.4,14.0,1.6,0.0
2023,18,MIA,Tua Tagovailoa,7.0,7.0,0.0,0.0,0.0
2023,18,BUF,Josh Allen,31.0,2.1,36.0,2.4,2.0
2023,18,BUF,James Cook,19.0,1.5,17.0,1.3,2.0
2023,18,BUF,Leonard Fournette,10.0,1.4,10.0,1.4,0.0
2023,18,BUF,Ty Johnson,3.0,3.0,2.0,2.0,0.0
2023,19,HOU,Devin Singletary,66.0,5.1,0.0,0.0,0.0
2023,19,HOU,Davis Mills,-4.0,-1.3,0.0,0.0,0.0
2023,19,HOU,Dameon Pierce,0.0,0.0,0.0,0.0,0.0
2023,19,HOU,Nico Collins,4.0,4.0,0.0,0.0,0.0
2023,19,HOU,John Metchie,9.0,9.0,0.0,0.0,0.0
2023,19,HOU,C.J. Stroud,1.0,1.0,0.0,0.0,0.0
2023,19,CLE,Jerome Ford,17.0,1.9,0.0,0.0,0.0
2023,19,CLE,Kareem Hunt,26.0,3.3,0.0,0.0,0.0
2023,19,CLE,Joe Flacco,13.0,4.3,0.0,0.0,0.0
2023,19,KC,Isiah Pacheco,89.0,3.7,0.0,0.0,0.0
2023,19,KC,Clyde Edwards-Helaire,21.0,3.0,0.0,0.0,0.0
2023,19,KC,Patrick Mahomes,41.0,20.5,0.0,0.0,0.0
2023,19,KC,Mecole Hardman,-4.0,-4.0,0.0,0.0,0.0
2023,19,MIA,Raheem Mostert,33.0,4.1,0.0,0.0,0.0
2023,19,MIA,De'Von Achane,9.0,1.5,0.0,0.0,0.0
2023,19,MIA,Tua Tagovailoa,25.0,8.3,0.0,0.0,0.0
2023,19,MIA,Jaylen Waddle,9.0,9.0,0.0,0.0,0.0
2023,19,DAL,Tony Pollard,32.0,2.1,24.0,1.6,1.0
2023,19,DAL,Dak Prescott,43.0,7.2,2.0,0.3,0.0
2023,19,DAL,Rico Dowdle,2.0,1.0,9.0,4.5,0.0
2023,19,DAL,Brandin Cooks,5.0,5.0,1.0,1.0,0.0
2023,19,DAL,CeeDee Lamb,2.0,2.0,3.0,3.0,0.0
2023,19,GB,Aaron Jones,71.0,3.4,47.0,2.2,2.0
2023,19,GB,Emanuel Wilson,12.0,1.5,8.0,1.0,0.0
2023,19,GB,Patrick Taylor,2.0,0.7,4.0,1.3,0.0
2023,19,GB,Jordan Love,-1.0,-1.0,0.0,0.0,0.0
2023,19,DET,David Montgomery,34.0,2.4,23.0,1.6,0.0
2023,19,DET,Jahmyr Gibbs,4.0,0.5,21.0,2.6,2.0
2023,19,DET,Jared Goff,-3.0,-1.0,0.0,0.0,0.0
2023,19,LA,Kyren Williams,35.0,2.7,26.0,2.0,0.0
2023,19,LA,Ronnie Rivers,2.0,0.7,7.0,2.3,1.0
2023,19,LA,Puka Nacua,-2.0,-2.0,0.0,0.0,0.0
2023,19,BUF,James Cook,48.0,2.7,31.0,1.7,2.0
2023,19,BUF,Josh Allen,26.0,3.3,48.0,6.0,2.0
2023,19,BUF,Ty Johnson,12.0,1.5,14.0,1.8,0.0
2023,19,PIT,Najee Harris,14.0,1.2,23.0,1.9,1.0
2023,19,PIT,Jaylen Warren,25.0,3.1,13.0,1.6,0.0
2023,19,PIT,Mason Rudolph,9.0,4.5,7.0,3.5,0.0
2023,19,PIT,George Pickens,4.0,4.0,11.0,11.0,1.0
2023,19,TB,Rachaad White,32.0,1.8,40.0,2.2,0.0
2023,19,TB,Chase Edmonds,-1.0,-0.1,13.0,1.9,0.0
2023,19,TB,Baker Mayfield,16.0,8.0,0.0,0.0,0.0
2023,19,TB,Trey Palmer,4.0,4.0,5.0,5.0,0.0
2023,19,TB,Deven Thompkins,4.0,4.0,6.0,6.0,1.0
2023,19,PHI,D'Andre Swift,16.0,1.6,18.0,1.8,0.0
2023,19,PHI,Kenneth Gainwell,-3.0,-0.8,6.0,1.5,0.0
2023,19,PHI,Jalen Hurts,5.0,5.0,0.0,0.0,0.0
2023,20,BAL,Justice Hill,35.0,2.7,31.0,2.4,2.0
2023,20,BAL,Lamar Jackson,86.0,7.8,14.0,1.3,3.0
2023,20,BAL,Gus Edwards,17.0,1.7,23.0,2.3,1.0
2023,20,BAL,Dalvin Cook,10.0,1.3,13.0,1.6,0.0
2023,20,HOU,Devin Singletary,7.0,0.8,15.0,1.7,2.0
2023,20,HOU,C.J. Stroud,9.0,3.0,0.0,0.0,0.0
2023,20,HOU,Dare Ogunbowale,3.0,1.5,4.0,2.0,0.0
2023,20,SF,Christian McCaffrey,33.0,1.9,65.0,3.8,4.0
2023,20,SF,Brock Purdy,12.0,2.0,2.0,0.3,0.0
2023,20,SF,Jauan Jennings,-1.0,-1.0,0.0,0.0,0.0
2023,20,GB,Aaron Jones,65.0,3.6,43.0,2.4,3.0
2023,20,GB,Jordan Love,3.0,0.6,0.0,0.0,0.0
2023,20,GB,Emanuel Wilson,9.0,2.3,7.0,1.8,1.0
2023,20,GB,Jayden Reed,7.0,7.0,2.0,2.0,0.0
2023,20,DET,David Montgomery,11.0,1.1,22.0,2.2,0.0
2023,20,DET,Jahmyr Gibbs,55.0,6.1,19.0,2.1,0.0
2023,20,DET,Jared Goff,6.0,1.0,0.0,0.0,0.0
2023,20,DET,Craig Reynolds,1.0,1.0,0.0,0.0,0.0
2023,20,TB,Rachaad White,15.0,1.7,40.0,4.4,1.0
2023,20,TB,Chase Edmonds,11.0,2.8,8.0,2.0,0.0
2023,20,TB,Baker Mayfield,14.0,7.0,1.0,0.5,0.0
2023,20,BUF,James Cook,22.0,1.2,39.0,2.2,1.0
2023,20,BUF,Josh Allen,37.0,3.1,35.0,2.9,0.0
2023,20,BUF,Ty Johnson,15.0,2.1,25.0,3.6,1.0
2023,20,BUF,Stefon Diggs,4.0,4.0,3.0,3.0,0.0
2023,20,BUF,Damar Hamlin,1.0,1.0,1.0,1.0,0.0
2023,20,KC,Isiah Pacheco,38.0,2.5,59.0,3.9,2.0
2023,20,KC,Patrick Mahomes,18.0,3.0,1.0,0.2,0.0
2023,20,KC,Clyde Edwards-Helaire,8.0,4.0,23.0,11.5,0.0
2023,20,KC,Mecole Hardman,-1.0,-1.0,0.0,0.0,0.0
2023,21,BAL,Lamar Jackson,43.0,5.4,11.0,1.4,1.0
2023,21,BAL,Gus Edwards,12.0,4.0,8.0,2.7,0.0
2023,21,BAL,Justice Hill,0.0,0.0,3.0,1.0,0.0
2023,21,BAL,Zay Flowers,1.0,0.5,3.0,1.5,0.0
2023,21,KC,Isiah Pacheco,34.0,1.4,34.0,1.4,1.0
2023,21,KC,Patrick Mahomes,9.0,1.5,6.0,1.0,0.0
2023,21,KC,Clyde Edwards-Helaire,1.0,1.0,0.0,0.0,0.0
2023,21,KC,Travis Kelce,4.0,4.0,1.0,1.0,0.0
2023,21,SF,Christian McCaffrey,39.0,2.0,51.0,2.6,2.0
2023,21,SF,Brock Purdy,27.0,5.4,21.0,4.2,1.0
2023,21,SF,Elijah Mitchell,4.0,1.0,3.0,0.8,0.0
2023,21,SF,Deebo Samuel,3.0,1.0,4.0,1.3,0.0
2023,21,SF,Kyle Juszczyk,1.0,1.0,2.0,2.0,0.0
2023,21,DET,David Montgomery,49.0,3.3,44.0,2.9,2.0
2023,21,DET,Jahmyr Gibbs,44.0,3.7,1.0,0.1,0.0
2023,21,DET,Amon-Ra St. Brown,1.0,1.0,1.0,1.0,0.0
2023,21,DET,Jameson Williams,21.0,21.0,21.0,21.0,1.0
2023,22,KC,Isiah Pacheco,38.0,2.1,21.0,1.2,1.0
2023,22,KC,Patrick Mahomes,50.0,5.6,16.0,1.8,1.0
2023,22,KC,Rashee Rice,4.0,2.0,1.0,0.5,0.0
2023,22,KC,Clyde Edwards-Helaire,0.0,0.0,0.0,0.0,0.0
2023,22,SF,Christian McCaffrey,46.0,2.1,34.0,1.5,2.0
2023,22,SF,Brock Purdy,6.0,2.0,6.0,2.0,0.0
2023,22,SF,Deebo Samuel,5.0,1.7,3.0,1.0,0.0
2023,22,SF,Elijah Mitchell,4.0,2.0,4.0,2.0,0.0
2023,22,SF,Kyle Juszczyk,2.0,2.0,0.0,0.0,0.0
2024,1,KC,Isiah Pacheco,18.0,1.2,27.0,1.8,0.0
2024,1,KC,Patrick Mahomes,2.0,1.0,1.0,0.5,0.0
2024,1,KC,Carson Steele,0.0,0.0,3.0,1.5,0.0
2024,1,KC,Xavier Worthy,17.0,17.0,4.0,4.0,0.0
2024,1,BAL,Lamar Jackson,87.0,5.4,35.0,2.2,3.0
2024,1,BAL,Derrick Henry,18.0,1.4,28.0,2.2,2.0
2024,1,BAL,Zay Flowers,7.0,3.5,7.0,3.5,1.0
2024,1,BAL,Justice Hill,3.0,3.0,0.0,0.0,0.0
2024,1,PHI,Saquon Barkley,78.0,3.3,31.0,1.3,0.0
2024,1,PHI,Jalen Hurts,17.0,1.3,16.0,1.2,1.0
2024,1,PHI,Kenneth Gainwell,0.0,0.0,2.0,2.0,0.0
2024,1,GB,Josh Jacobs,43.0,2.7,41.0,2.6,2.0
2024,1,GB,Emanuel Wilson,28.0,7.0,18.0,4.5,1.0
2024,1,GB,Jayden Reed,10.0,10.0,23.0,23.0,1.0
2024,1,ATL,Bijan Robinson,18.0,1.0,50.0,2.8,4.0
2024,1,ATL,Tyler Allgeier,10.0,3.3,11.0,3.7,0.0
2024,1,ATL,Kirk Cousins,0.0,0.0,0.0,0.0,0.0
2024,1,PIT,Najee Harris,22.0,1.1,48.0,2.4,2.0
2024,1,PIT,Justin Fields,20.0,1.4,37.0,2.6,1.0
2024,1,PIT,Cordarrelle Patterson,3.0,0.8,10.0,2.5,0.0
2024,1,PIT,Jaylen Warren,2.0,1.0,5.0,2.5,0.0
2024,1,PIT,George Pickens,-10.0,-10.0,0.0,0.0,0.0
2024,1,BUF,James Cook,40.0,2.1,31.0,1.6,1.0
2024,1,BUF,Josh Allen,28.0,3.1,11.0,1.2,0.0
2024,1,BUF,Ray Davis,5.0,1.7,8.0,2.7,0.0
2024,1,BUF,Ty Johnson,4.0,2.0,3.0,1.5,0.0
2024,1,ARI,James Conner,27.0,1.7,23.0,1.4,0.0
2024,1,ARI,Kyler Murray,38.0,7.6,19.0,3.8,0.0
2024,1,ARI,Trey Benson,6.0,2.0,7.0,2.3,0.0
2024,1,ARI,Greg Dortch,3.0,3.0,1.0,1.0,0.0
2024,1,CHI,D'Andre Swift,17.0,1.7,13.0,1.3,0.0
2024,1,CHI,Caleb Williams,12.0,2.4,3.0,0.6,0.0
2024,1,CHI,Khalil Herbert,1.0,0.5,3.0,1.5,0.0
2024,1,CHI,Travis Homer,8.0,4.0,2.0,1.0,0.0
2024,1,CHI,Velus Jones Jr.,6.0,3.0,5.0,2.5,0.0
2024,1,CHI,D.J. Moore,14.0,14.0,0.0,0.0,0.0
2024,1,TEN,Tony Pollard,44.0,2.8,38.0,2.4,3.0
2024,1,TEN,Will Levis,22.0,5.5,14.0,3.5,1.0
2024,1,TEN,Tyjae Spears,10.0,2.5,11.0,2.8,0.0
2024,1,TEN,Treylon Burks,-5.0,-2.5,6.0,3.0,1.0
2024,1,CIN,Zack Moss,27.0,3.0,17.0,1.9,0.0
2024,1,CIN,Joe Burrow,13.0,3.3,2.0,0.5,0.0
2024,1,CIN,Chase Brown,7.0,2.3,4.0,1.3,1.0
2024,1,NE,Rhamondre Stevenson,45.0,1.8,75.0,3.0,2.0
2024,1,NE,Jacoby Brissett,27.0,3.9,5.0,0.7,0.0
2024,1,NE,Antonio Gibson,10.0,1.4,8.0,1.1,1.0
2024,1,IND,Jonathan Taylor,29.0,1.8,19.0,1.2,1.0
2024,1,IND,Anthony Richardson,41.0,6.8,15.0,2.5,1.0
2024,1,HOU,Joe Mixon,104.0,3.5,55.0,1.8,2.0
2024,1,HOU,C.J. Stroud,0.0,0.0,13.0,3.3,1.0
2024,1,HOU,Dameon Pierce,3.0,1.0,13.0,4.3,2.0
2024,1,HOU,Tank Dell,19.0,9.5,0.0,0.0,0.0
2024,1,HOU,Stefon Diggs,4.0,4.0,2.0,2.0,0.0
2024,1,MIA,De'Von Achane,22.0,2.2,2.0,0.2,0.0
2024,1,MIA,Raheem Mostert,2.0,0.3,7.0,1.2,0.0
2024,1,MIA,Jeff Wilson,10.0,2.0,16.0,3.2,0.0
2024,1,MIA,Alec Ingold,1.0,0.5,7.0,3.5,0.0
2024,1,MIA,Tua Tagovailoa,11.0,11.0,0.0,0.0,0.0
2024,1,MIA,Jaylen Waddle,0.0,0.0,3.0,3.0,0.0
2024,1,JAX,Tank Bigsby,47.0,3.9,26.0,2.2,1.0
2024,1,JAX,Travis Etienne,31.0,2.6,13.0,1.1,0.0
2024,1,JAX,Devin Duvernay,1.0,1.0,2.0,2.0,0.0
2024,1,JAX,Trevor Lawrence,8.0,8.0,0.0,0.0,0.0
2024,1,NO,Alvin Kamara,63.0,4.2,20.0,1.3,0.0
2024,1,NO,Jamaal Williams,22.0,2.0,16.0,1.5,0.0
2024,1,NO,Taysom Hill,7.0,1.4,28.0,5.6,1.0
2024,1,NO,Jordan Mims,7.0,1.8,4.0,1.0,0.0
2024,1,NO,Derek Carr,10.0,5.0,3.0,1.5,0.0
2024,1,CAR,Chuba Hubbard,8.0,1.3,6.0,1.0,0.0
2024,1,CAR,Miles Sanders,13.0,2.6,9.0,1.8,1.0
2024,1,CAR,Mike Boone,2.0,0.5,5.0,1.3,1.0
2024,1,CAR,Bryce Young,12.0,3.0,0.0,0.0,0.0
2024,1,CAR,Jonathan Mingo,3.0,3.0,0.0,0.0,0.0
2024,1,NYG,Devin Singletary,17.0,1.7,20.0,2.0,0.0
2024,1,NYG,Daniel Jones,12.0,2.0,3.0,0.5,0.0
2024,1,NYG,Eric Gray,4.0,2.0,2.0,1.0,0.0
2024,1,NYG,Tyrone Tracy,2.0,1.0,0.0,0.0,0.0
2024,1,NYG,Wan'Dale Robinson,3.0,3.0,11.0,11.0,0.0
2024,1,MIN,Aaron Jones,53.0,3.8,41.0,2.9,1.0
2024,1,MIN,Ty Chandler,11.0,1.4,6.0,0.8,0.0
2024,1,MIN,Sam Darnold,2.0,0.7,1.0,0.3,0.0
2024,1,MIN,Myles Gaskin,-3.0,-3.0,0.0,0.0,0.0
2024,1,LAC,Gus Edwards,11.0,1.0,15.0,1.4,1.0
2024,1,LAC,J.K. Dobbins,64.0,6.4,71.0,7.1,4.0
2024,1,LAC,Justin Herbert,6.0,1.5,0.0,0.0,0.0
2024,1,LAC,Derius Davis,5.0,2.5,4.0,2.0,0.0
2024,1,LV,Zamir White,19.0,1.5,25.0,1.9,2.0
2024,1,LV,Alexander Mattison,6.0,1.2,13.0,2.6,0.0
2024,1,LV,Gardner Minshew II,0.0,0.0,5.0,1.7,0.0
2024,1,LV,Jakobi Meyers,1.0,1.0,2.0,2.0,0.0
2024,1,SEA,Kenneth Walker III,52.0,2.6,51.0,2.6,2.0
2024,1,SEA,Zach Charbonnet,3.0,0.4,9.0,1.1,0.0
2024,1,SEA,Geno Smith,30.0,7.5,0.0,0.0,0.0
2024,1,SEA,Laviska Shenault Jr.,0.0,0.0,1.0,1.0,0.0
2024,1,DEN,Jaleel McLaughlin,15.0,1.5,12.0,1.2,1.0
2024,1,DEN,Javonte Williams,9.0,1.1,14.0,1.8,1.0
2024,1,DEN,Bo Nix,34.0,6.8,1.0,0.2,0.0
2024,1,DEN,Audric Estime,13.0,6.5,1.0,0.5,0.0
2024,1,CLE,Jerome Ford,20.0,1.7,24.0,2.0,1.0
2024,1,CLE,Deshaun Watson,25.0,5.0,14.0,2.8,1.0
2024,1,CLE,Pierre Strong,6.0,3.0,4.0,2.0,0.0
2024,1,DAL,Ezekiel Elliott,25.0,2.5,15.0,1.5,0.0
2024,1,DAL,Rico Dowdle,13.0,1.6,13.0,1.6,0.0
2024,1,DAL,CeeDee Lamb,20.0,6.7,5.0,1.7,0.0
2024,1,DAL,Brandin Cooks,0.0,0.0,5.0,5.0,0.0
2024,1,DAL,Dak Prescott,2.0,2.0,1.0,1.0,0.0
2024,1,DAL,Cooper Rush,-1.0,-1.0,0.0,0.0,0.0
2024,1,DAL,Deuce Vaughn,2.0,2.0,2.0,2.0,0.0
2024,1,TB,Rachaad White,-2.0,-0.1,33.0,2.2,0.0
2024,1,TB,Bucky Irving,51.0,5.7,11.0,1.2,0.0
2024,1,TB,Baker Mayfield,11.0,3.7,10.0,3.3,0.0
2024,1,TB,Kyle Trask,-2.0,-1.0,0.0,0.0,0.0
2024,1,TB,Kameron Johnson,0.0,0.0,0.0,0.0,0.0
2024,1,WAS,Jayden Daniels,73.0,4.6,15.0,0.9,0.0
2024,1,WAS,Brian Robinson Jr.,20.0,1.7,20.0,1.7,0.0
2024,1,WAS,Austin Ekeler,4.0,2.0,6.0,3.0,0.0
2024,1,DET,David Montgomery,45.0,2.6,46.0,2.7,2.0
2024,1,DET,Jahmyr Gibbs,21.0,1.9,19.0,1.7,1.0
2024,1,DET,Jared Goff,6.0,6.0,1.0,1.0,0.0
2024,1,DET,Kalif Raymond,9.0,9.0,3.0,3.0,0.0
2024,1,DET,Jameson Williams,10.0,10.0,3.0,3.0,0.0
2024,1,LA,Kyren Williams,23.0,1.3,27.0,1.5,0.0
2024,1,LA,Cooper Kupp,9.0,4.5,1.0,0.5,0.0
2024,1,LA,Ronnie Rivers,12.0,6.0,4.0,2.0,0.0
2024,1,LA,Puka Nacua,3.0,3.0,4.0,4.0,0.0
2024,1,SF,Jordan Mason,80.0,2.9,67.0,2.4,1.0
2024,1,SF,Deebo Samuel,9.0,1.1,14.0,1.8,0.0
2024,1,SF,Brandon Allen,-1.0,-1.0,0.0,0.0,0.0
2024,1,SF,Brock Purdy,11.0,11.0,0.0,0.0,0.0
2024,1,NYJ,Breece Hall,19.0,1.2,35.0,2.2,1.0
2024,1,NYJ,Braelon Allen,3.0,3.0,5.0,5.0,0.0
2024,1,NYJ,Aaron Rodgers,-1.0,-1.0,0.0,0.0,0.0
2024,1,NYJ,Tyrod Taylor,5.0,5.0,2.0,2.0,0.0
2024,2,MIA,De'Von Achane,50.0,2.3,46.0,2.1,1.0
2024,2,MIA,Jaylen Wright,-4.0,-0.8,8.0,1.6,0.0
2024,2,MIA,Alec Ingold,0.0,0.0,2.0,1.0,0.0
2024,2,MIA,Tua Tagovailoa,17.0,8.5,0.0,0.0,0.0
2024,2,MIA,Tyreek Hill,10.0,10.0,2.0,2.0,0.0
2024,2,MIA,Skylar Thompson,4.0,4.0,0.0,0.0,0.0
2024,2,MIA,Jaylen Waddle,3.0,3.0,1.0,1.0,0.0
2024,2,BUF,James Cook,23.0,2.1,55.0,5.0,1.0
2024,2,BUF,Ray Davis,10.0,1.1,19.0,2.1,0.0
2024,2,BUF,Josh Allen,2.0,1.0,0.0,0.0,0.0
2024,2,BUF,Mitchell Trubisky,-2.0,-1.0,0.0,0.0,0.0
2024,2,BUF,Ty Johnson,-1.0,-1.0,0.0,0.0,0.0
2024,2,BUF,Khalil Shakir,1.0,1.0,1.0,1.0,0.0
2024,2,BAL,Derrick Henry,27.0,1.5,57.0,3.2,1.0
2024,2,BAL,Lamar Jackson,40.0,8.0,5.0,1.0,0.0
2024,2,BAL,Justice Hill,10.0,2.5,12.0,3.0,1.0
2024,2,LV,Zamir White,8.0,0.9,16.0,1.8,1.0
2024,2,LV,Alexander Mattison,-1.0,-0.3,2.0,0.5,0.0
2024,2,LV,Ameer Abdullah,-1.0,-0.5,2.0,1.0,0.0
2024,2,LV,Gardner Minshew II,-1.0,-1.0,0.0,0.0,0.0
2024,2,LV,DJ Turner,0.0,0.0,2.0,2.0,0.0
2024,2,CAR,Chuba Hubbard,18.0,1.8,46.0,4.6,0.0
2024,2,CAR,Miles Sanders,6.0,0.9,14.0,2.0,0.0
2024,2,CAR,Bryce Young,6.0,6.0,0.0,0.0,0.0
2024,2,LAC,Gus Edwards,21.0,1.2,38.0,2.1,0.0
2024,2,LAC,J.K. Dobbins,45.0,2.6,86.0,5.1,1.0
2024,2,LAC,Justin Herbert,2.0,0.3,16.0,2.7,0.0
2024,2,LAC,Hassan Haskins,4.0,1.3,7.0,2.3,0.0
2024,2,DAL,Rico Dowdle,20.0,2.9,10.0,1.4,0.0
2024,2,DAL,Ezekiel Elliott,9.0,1.5,7.0,1.2,0.0
2024,2,DAL,Deuce Vaughn,4.0,1.0,7.0,1.8,0.0
2024,2,DAL,Dak Prescott,10.0,5.0,2.0,1.0,0.0
2024,2,DAL,Brandin Cooks,-3.0,-3.0,0.0,0.0,0.0
2024,2,DAL,KaVontae Turpin,2.0,2.0,0.0,0.0,0.0
2024,2,NO,Alvin Kamara,80.0,4.0,35.0,1.8,3.0
2024,2,NO,Jamaal Williams,22.0,2.8,17.0,2.1,0.0
2024,2,NO,Jake Haener,-3.0,-1.0,0.0,0.0,0.0
2024,2,NO,Taysom Hill,11.0,3.7,7.0,2.3,0.0
2024,2,NO,Rashid Shaheed,8.0,2.7,5.0,1.7,0.0
2024,2,NO,Derek Carr,1.0,1.0,0.0,0.0,0.0
2024,2,NO,Chris Olave,7.0,7.0,0.0,0.0,0.0
2024,2,DET,Jahmyr Gibbs,28.0,2.2,56.0,4.3,4.0
2024,2,DET,David Montgomery,11.0,1.0,24.0,2.2,1.0
2024,2,DET,Jared Goff,5.0,2.5,0.0,0.0,0.0
2024,2,DET,Jameson Williams,8.0,8.0,7.0,7.0,0.0
2024,2,TB,Rachaad White,2.0,0.2,16.0,1.6,1.0
2024,2,TB,Bucky Irving,9.0,1.3,13.0,1.9,1.0
2024,2,TB,Baker Mayfield,30.0,6.0,4.0,0.8,0.0
2024,2,TB,Cade Otton,-4.0,-4.0,0.0,0.0,1.0
2024,2,GB,Josh Jacobs,95.0,3.0,56.0,1.8,1.0
2024,2,GB,MarShawn Lloyd,12.0,2.0,3.0,0.5,0.0
2024,2,GB,Malik Willis,40.0,6.7,1.0,0.2,1.0
2024,2,GB,Emanuel Wilson,6.0,1.2,3.0,0.6,0.0
2024,2,GB,Bo Melton,3.0,1.5,5.0,2.5,1.0
2024,2,GB,Jayden Reed,37.0,18.5,0.0,0.0,0.0
2024,2,IND,Jonathan Taylor,78.0,6.5,25.0,2.1,0.0
2024,2,IND,Anthony Richardson,37.0,9.3,0.0,0.0,0.0
2024,2,IND,Trey Sermon,-3.0,-1.5,3.0,1.5,0.0
2024,2,JAX,Travis Etienne,22.0,1.7,30.0,2.3,0.0
2024,2,JAX,D'Ernest Johnson,10.0,2.0,16.0,3.2,0.0
2024,2,JAX,Trevor Lawrence,43.0,21.5,2.0,1.0,0.0
2024,2,JAX,Devin Duvernay,2.0,2.0,2.0,2.0,0.0
2024,2,CLE,D'Onta Foreman,23.0,1.6,19.0,1.4,0.0
2024,2,CLE,Jerome Ford,49.0,7.0,15.0,2.1,0.0
2024,2,CLE,Deshaun Watson,13.0,2.6,7.0,1.4,0.0
2024,2,CLE,Jameis Winston,3.0,1.5,1.0,0.5,0.0
2024,2,CLE,Pierre Strong,-5.0,-5.0,0.0,0.0,0.0
2024,2,MIN,Ty Chandler,70.0,7.0,12.0,1.2,0.0
2024,2,MIN,Aaron Jones,17.0,1.9,15.0,1.7,0.0
2024,2,MIN,Sam Darnold,32.0,6.4,0.0,0.0,0.0
2024,2,SF,Jordan Mason,61.0,3.1,39.0,2.0,0.0
2024,2,SF,Brock Purdy,7.0,3.5,5.0,2.5,0.0
2024,2,SF,Deebo Samuel,-10.0,-5.0,0.0,0.0,0.0
2024,2,SF,Isaac Guerendo,0.0,0.0,0.0,0.0,0.0
2024,2,NE,Rhamondre Stevenson,39.0,1.9,42.0,2.0,1.0
2024,2,NE,Antonio Gibson,34.0,3.1,62.0,5.6,1.0
2024,2,NE,Jacoby Brissett,4.0,2.0,2.0,1.0,0.0
2024,2,NE,Jamycal Hasty,0.0,0.0,2.0,2.0,0.0
2024,2,NE,Ja'Lynn Polk,0.0,0.0,0.0,0.0,0.0
2024,2,SEA,Zach Charbonnet,14.0,1.0,24.0,1.7,1.0
2024,2,SEA,Geno Smith,6.0,1.2,2.0,0.4,0.0
2024,2,TEN,Tony Pollard,15.0,0.9,47.0,2.8,3.0
2024,2,TEN,Tyjae Spears,8.0,1.3,12.0,2.0,0.0
2024,2,TEN,Will Levis,24.0,6.0,14.0,3.5,1.0
2024,2,TEN,Calvin Ridley,8.0,8.0,2.0,2.0,1.0
2024,2,NYJ,Breece Hall,14.0,1.0,48.0,3.4,1.0
2024,2,NYJ,Braelon Allen,3.0,0.4,30.0,4.3,0.0
2024,2,NYJ,Aaron Rodgers,1.0,0.5,0.0,0.0,0.0
2024,2,NYJ,Garrett Wilson,0.0,0.0,5.0,5.0,1.0
2024,2,WAS,Brian Robinson Jr.,58.0,3.4,75.0,4.4,3.0
2024,2,WAS,Jayden Daniels,34.0,3.4,10.0,1.0,1.0
2024,2,WAS,Austin Ekeler,22.0,2.8,16.0,2.0,1.0
2024,2,NYG,Devin Singletary,48.0,3.0,47.0,2.9,3.0
2024,2,NYG,Daniel Jones,20.0,4.0,12.0,2.4,1.0
2024,2,NYG,Tyrone Tracy,2.0,2.0,0.0,0.0,0.0
2024,2,ARI,James Conner,53.0,2.5,69.0,3.3,3.0
2024,2,ARI,Trey Benson,2.0,0.2,8.0,0.7,0.0
2024,2,ARI,Kyler Murray,24.0,4.8,35.0,7.0,0.0
2024,2,ARI,Emari Demercado,7.0,3.5,39.0,19.5,2.0
2024,2,ARI,Clayton Tune,-6.0,-6.0,0.0,0.0,0.0
2024,2,LA,Kyren Williams,10.0,0.8,15.0,1.3,0.0
2024,2,LA,Blake Corum,16.0,2.0,12.0,1.5,0.0
2024,2,DEN,Javonte Williams,4.0,0.4,13.0,1.2,0.0
2024,2,DEN,Bo Nix,24.0,6.0,1.0,0.3,0.0
2024,2,DEN,Jaleel McLaughlin,1.0,0.3,5.0,1.7,0.0
2024,2,DEN,Tyler Badie,8.0,8.0,8.0,8.0,0.0
2024,2,PIT,Najee Harris,40.0,2.4,29.0,1.7,0.0
2024,2,PIT,Jaylen Warren,23.0,2.6,19.0,2.1,1.0
2024,2,PIT,Justin Fields,25.0,3.1,2.0,0.3,0.0
2024,2,PIT,Cordarrelle Patterson,2.0,1.0,1.0,0.5,0.0
2024,2,KC,Isiah Pacheco,64.0,3.4,26.0,1.4,0.0
2024,2,KC,Carson Steele,14.0,2.0,10.0,1.4,1.0
2024,2,KC,Patrick Mahomes,28.0,7.0,1.0,0.3,0.0
2024,2,KC,Travis Kelce,0.0,0.0,1.0,1.0,0.0
2024,2,KC,Xavier Worthy,5.0,5.0,0.0,0.0,0.0
2024,2,CIN,Zack Moss,23.0,1.9,11.0,0.9,0.0
2024,2,CIN,Joe Burrow,3.0,0.5,6.0,1.0,0.0
2024,2,CIN,Chase Brown,21.0,5.3,10.0,2.5,0.0
2024,2,HOU,Joe Mixon,17.0,1.9,8.0,0.9,0.0
2024,2,HOU,Cam Akers,21.0,3.0,11.0,1.6,1.0
2024,2,HOU,Tank Dell,12.0,4.0,4.0,1.3,0.0
2024,2,HOU,Dare Ogunbowale,2.0,1.0,1.0,0.5,0.0
2024,2,HOU,C.J. Stroud,-1.0,-1.0,0.0,0.0,0.0
2024,2,CHI,D'Andre Swift,10.0,0.7,8.0,0.6,0.0
2024,2,CHI,Caleb Williams,31.0,6.2,13.0,2.6,0.0
2024,2,CHI,Khalil Herbert,1.0,0.5,2.0,1.0,0.0
2024,2,CHI,Travis Homer,4.0,4.0,2.0,2.0,0.0
2024,2,PHI,Saquon Barkley,44.0,2.0,51.0,2.3,1.0
2024,2,PHI,Jalen Hurts,63.0,4.8,22.0,1.7,2.0
2024,2,PHI,Kenneth Gainwell,4.0,2.0,2.0,1.0,0.0
2024,2,ATL,Bijan Robinson,62.0,4.4,35.0,2.5,1.0
2024,2,ATL,Tyler Allgeier,36.0,4.0,17.0,1.9,0.0
2024,2,ATL,Kirk Cousins,-2.0,-0.5,1.0,0.3,0.0
2024,2,ATL,Ray-Ray McCloud,1.0,1.0,2.0,2.0,0.0
2024,3,NYJ,Breece Hall,24.0,1.5,30.0,1.9,0.0
2024,3,NYJ,Braelon Allen,22.0,2.0,33.0,3.0,1.0
2024,3,NYJ,Isaiah Davis,-3.0,-1.0,9.0,3.0,0.0
2024,3,NYJ,Aaron Rodgers,18.0,6.0,0.0,0.0,0.0
2024,3,NE,Rhamondre Stevenson,6.0,1.0,17.0,2.8,1.0
2024,3,NE,Antonio Gibson,17.0,3.4,12.0,2.4,0.0
2024,3,NE,Drake Maye,12.0,6.0,0.0,0.0,0.0
2024,3,NE,Demario Douglas,5.0,5.0,4.0,4.0,0.0
2024,3,NE,Jamycal Hasty,1.0,1.0,4.0,4.0,0.0
2024,3,CLE,Jerome Ford,16.0,1.6,21.0,2.1,1.0
2024,3,CLE,Deshaun Watson,15.0,3.8,11.0,2.8,0.0
2024,3,CLE,D'Onta Foreman,3.0,1.5,2.0,1.0,0.0
2024,3,CLE,Jameis Winston,1.0,0.5,0.0,0.0,0.0
2024,3,NYG,Devin Singletary,6.0,0.4,59.0,3.7,1.0
2024,3,NYG,Daniel Jones,12.0,1.5,8.0,1.0,1.0
2024,3,NYG,Tyrone Tracy,10.0,2.0,13.0,2.6,0.0
2024,3,NYG,Malik Nabers,2.0,1.0,2.0,1.0,0.0
2024,3,NYG,Eric Gray,0.0,0.0,0.0,0.0,0.0
2024,3,IND,Jonathan Taylor,95.0,4.1,15.0,0.7,0.0
2024,3,IND,Anthony Richardson,18.0,2.3,6.0,0.8,0.0
2024,3,IND,Trey Sermon,12.0,6.0,4.0,2.0,0.0
2024,3,CHI,D'Andre Swift,7.0,0.5,13.0,1.0,0.0
2024,3,CHI,Roschon Johnson,18.0,2.3,12.0,1.5,0.0
2024,3,CHI,Khalil Herbert,4.0,1.0,5.0,1.3,0.0
2024,3,CHI,D.J. Moore,-6.0,-6.0,0.0,0.0,0.0
2024,3,CHI,Rome Odunze,1.0,1.0,1.0,1.0,0.0
2024,3,CHI,Caleb Williams,8.0,8.0,0.0,0.0,0.0
2024,3,MIN,Aaron Jones,37.0,1.9,65.0,3.4,0.0
2024,3,MIN,Ty Chandler,7.0,1.0,6.0,0.9,0.0
2024,3,MIN,Nick Mullens,0.0,0.0,0.0,0.0,0.0
2024,3,MIN,Jalen Nailor,2.0,2.0,1.0,1.0,0.0
2024,3,HOU,Cam Akers,3.0,0.3,18.0,2.0,1.0
2024,3,HOU,C.J. Stroud,9.0,3.0,3.0,1.0,0.0
2024,3,HOU,British Brooks,1.0,1.0,1.0,1.0,0.0
2024,3,HOU,J.J. Taylor,2.0,2.0,1.0,1.0,0.0
2024,3,NO,Alvin Kamara,54.0,2.1,33.0,1.3,1.0
2024,3,NO,Derek Carr,3.0,1.5,0.0,0.0,0.0
2024,3,NO,Jamaal Williams,-1.0,-1.0,0.0,0.0,0.0
2024,3,PHI,Saquon Barkley,113.0,6.6,34.0,2.0,0.0
2024,3,PHI,Jalen Hurts,10.0,1.3,15.0,1.9,1.0
2024,3,PIT,Najee Harris,27.0,1.5,43.0,2.4,0.0
2024,3,PIT,Justin Fields,6.0,1.0,0.0,0.0,0.0
2024,3,PIT,Cordarrelle Patterson,9.0,2.3,24.0,6.0,1.0
2024,3,PIT,Jaylen Warren,3.0,1.0,2.0,0.7,0.0
2024,3,LAC,J.K. Dobbins,14.0,0.9,30.0,2.0,1.0
2024,3,LAC,Gus Edwards,0.0,0.0,9.0,3.0,0.0
2024,3,LAC,Derius Davis,4.0,4.0,4.0,4.0,0.0
2024,3,LAC,Justin Herbert,0.0,0.0,0.0,0.0,0.0
2024,3,TB,Bucky Irving,27.0,3.0,43.0,4.8,2.0
2024,3,TB,Rachaad White,11.0,1.8,6.0,1.0,0.0
2024,3,TB,Sean Tucker,2.0,2.0,2.0,2.0,0.0
2024,3,DEN,Tyler Badie,14.0,1.6,56.0,6.2,1.0
2024,3,DEN,Bo Nix,41.0,4.6,6.0,0.7,0.0
2024,3,DEN,Jaleel McLaughlin,-2.0,-0.4,9.0,1.8,2.0
2024,3,DEN,Javonte Williams,2.0,0.4,10.0,2.0,1.0
2024,3,TEN,Tony Pollard,5.0,0.8,9.0,1.5,1.0
2024,3,TEN,Will Levis,10.0,3.3,2.0,0.7,0.0
2024,3,TEN,Tyjae Spears,2.0,1.0,5.0,2.5,0.0
2024,3,GB,Josh Jacobs,18.0,1.3,25.0,1.8,0.0
2024,3,GB,Emanuel Wilson,18.0,1.5,32.0,2.7,3.0
2024,3,GB,Malik Willis,52.0,8.7,21.0,3.5,2.0
2024,3,GB,Chris Brooks,0.0,0.0,3.0,1.0,0.0
2024,3,GB,Jayden Reed,12.0,6.0,7.0,3.5,0.0
2024,3,LV,Zamir White,30.0,3.0,4.0,0.4,0.0
2024,3,LV,Alexander Mattison,5.0,1.7,2.0,0.7,1.0
2024,3,LV,Gardner Minshew II,14.0,4.7,0.0,0.0,0.0
2024,3,CAR,Chuba Hubbard,60.0,2.9,54.0,2.6,1.0
2024,3,CAR,Miles Sanders,13.0,1.9,4.0,0.6,0.0
2024,3,CAR,Andy Dalton,-2.0,-1.0,0.0,0.0,0.0
2024,3,CAR,Jonathan Mingo,1.0,1.0,1.0,1.0,0.0
2024,3,SEA,Zach Charbonnet,36.0,2.0,55.0,3.1,2.0
2024,3,SEA,Kenny McIntosh,5.0,1.7,6.0,2.0,0.0
2024,3,SEA,Geno Smith,-2.0,-1.0,0.0,0.0,0.0
2024,3,MIA,De'Von Achane,23.0,2.1,7.0,0.6,1.0
2024,3,MIA,Jeff Wilson,7.0,2.3,7.0,2.3,0.0
2024,3,MIA,Jaylen Wright,14.0,7.0,3.0,1.5,0.0
2024,3,MIA,Tim Boyle,6.0,6.0,0.0,0.0,0.0
2024,3,MIA,Alec Ingold,-2.0,-2.0,0.0,0.0,0.0
2024,3,ARI,James Conner,6.0,0.7,11.0,1.2,0.0
2024,3,ARI,Kyler Murray,43.0,8.6,2.0,0.4,0.0
2024,3,ARI,Trey Benson,7.0,3.5,1.0,0.5,1.0
2024,3,ARI,Emari Demercado,4.0,2.0,3.0,1.5,0.0
2024,3,DET,David Montgomery,44.0,1.9,61.0,2.7,2.0
2024,3,DET,Jahmyr Gibbs,51.0,3.2,32.0,2.0,1.0
2024,3,DET,Jared Goff,6.0,2.0,0.0,0.0,0.0
2024,3,DET,Jameson Williams,-7.0,-7.0,0.0,0.0,0.0
2024,3,DAL,Rico Dowdle,15.0,1.9,17.0,2.1,1.0
2024,3,DAL,Ezekiel Elliott,2.0,0.7,4.0,1.3,0.0
2024,3,DAL,Dak Prescott,7.0,3.5,0.0,0.0,0.0
2024,3,DAL,Deuce Vaughn,3.0,1.5,2.0,1.0,0.0
2024,3,DAL,KaVontae Turpin,1.0,1.0,0.0,0.0,0.0
2024,3,BAL,Derrick Henry,71.0,2.8,80.0,3.2,5.0
2024,3,BAL,Lamar Jackson,58.0,4.1,29.0,2.1,2.0
2024,3,BAL,Justice Hill,16.0,3.2,17.0,3.4,1.0
2024,3,BAL,Zay Flowers,1.0,1.0,2.0,2.0,0.0
2024,3,LA,Kyren Williams,60.0,2.5,29.0,1.2,1.0
2024,3,LA,Ronnie Rivers,7.0,3.5,2.0,1.0,0.0
2024,3,SF,Jordan Mason,47.0,2.5,30.0,1.6,0.0
2024,3,SF,Brock Purdy,30.0,3.0,11.0,1.1,0.0
2024,3,SF,Isaac Guerendo,8.0,1.6,11.0,2.2,0.0
2024,3,ATL,Bijan Robinson,14.0,0.9,17.0,1.1,0.0
2024,3,ATL,Tyler Allgeier,16.0,2.3,16.0,2.3,0.0
2024,3,ATL,Kirk Cousins,-1.0,-1.0,0.0,0.0,0.0
2024,3,ATL,Ray-Ray McCloud,9.0,9.0,11.0,11.0,0.0
2024,3,KC,Carson Steele,32.0,1.9,40.0,2.4,0.0
2024,3,KC,Patrick Mahomes,13.0,2.2,4.0,0.7,0.0
2024,3,KC,Samaje Perine,13.0,2.2,12.0,2.0,0.0
2024,3,KC,Xavier Worthy,8.0,2.7,5.0,1.7,0.0
2024,3,KC,Rashee Rice,0.0,0.0,1.0,1.0,0.0
2024,3,BUF,James Cook,16.0,1.5,23.0,2.1,0.0
2024,3,BUF,Ray Davis,15.0,2.1,7.0,1.0,0.0
2024,3,BUF,Josh Allen,34.0,5.7,10.0,1.7,0.0
2024,3,BUF,Ty Johnson,1.0,0.3,17.0,5.7,0.0
2024,3,BUF,Curtis Samuel,0.0,0.0,0.0,0.0,0.0
2024,3,BUF,Mitchell Trubisky,-1.0,-1.0,0.0,0.0,0.0
2024,3,JAX,Travis Etienne,40.0,3.6,28.0,2.5,0.0
2024,3,JAX,Tank Bigsby,4.0,2.0,5.0,2.5,1.0
2024,3,JAX,D'Ernest Johnson,2.0,1.0,10.0,5.0,0.0
2024,3,JAX,Trevor Lawrence,1.0,0.5,2.0,1.0,0.0
2024,3,CIN,Zack Moss,30.0,2.5,28.0,2.3,2.0
2024,3,CIN,Chase Brown,32.0,4.6,30.0,4.3,2.0
2024,3,CIN,Joe Burrow,4.0,4.0,0.0,0.0,0.0
2024,3,WAS,Brian Robinson Jr.,10.0,0.6,23.0,1.4,1.0
2024,3,WAS,Jayden Daniels,21.0,1.8,18.0,1.5,3.0
2024,3,WAS,Austin Ekeler,30.0,10.0,5.0,1.7,0.0
2024,3,WAS,Jeremy McNichols,0.0,0.0,1.0,1.0,0.0
2024,4,NYG,Devin Singletary,8.0,0.6,16.0,1.1,1.0
2024,4,NYG,Daniel Jones,1.0,0.3,2.0,0.5,0.0
2024,4,NYG,Tyrone Tracy,2.0,0.5,0.0,0.0,0.0
2024,4,NYG,Eric Gray,1.0,1.0,0.0,0.0,0.0
2024,4,NYG,Malik Nabers,-4.0,-4.0,0.0,0.0,0.0
2024,4,DAL,Rico Dowdle,24.0,2.2,22.0,2.0,0.0
2024,4,DAL,Ezekiel Elliott,12.0,2.4,7.0,1.4,0.0
2024,4,DAL,CeeDee Lamb,0.0,0.0,8.0,2.7,0.0
2024,4,DAL,Hunter Luepke,0.0,0.0,8.0,4.0,0.0
2024,4,DAL,Dak Prescott,-1.0,-0.5,0.0,0.0,0.0
2024,4,ATL,Tyler Allgeier,28.0,3.5,32.0,4.0,1.0
2024,4,ATL,Bijan Robinson,13.0,1.9,15.0,2.1,0.0
2024,4,NO,Alvin Kamara,50.0,2.6,27.0,1.4,0.0
2024,4,NO,Taysom Hill,14.0,2.3,10.0,1.7,0.0
2024,4,NO,Derek Carr,5.0,1.7,0.0,0.0,0.0
2024,4,NO,Jamaal Williams,3.0,1.0,8.0,2.7,0.0
2024,4,NO,Rashid Shaheed,12.0,6.0,2.0,1.0,0.0
2024,4,CAR,Chuba Hubbard,78.0,4.3,26.0,1.4,1.0
2024,4,CAR,Miles Sanders,19.0,3.2,13.0,2.2,1.0
2024,4,CAR,Andy Dalton,9.0,3.0,0.0,0.0,0.0
2024,4,CAR,Xavier Legette,10.0,5.0,0.0,0.0,0.0
2024,4,CIN,Chase Brown,45.0,3.0,35.0,2.3,1.0
2024,4,CIN,Zack Moss,45.0,3.0,6.0,0.4,0.0
2024,4,CIN,Joe Burrow,10.0,10.0,0.0,0.0,0.0
2024,4,CHI,D'Andre Swift,47.0,2.9,46.0,2.9,1.0
2024,4,CHI,Roschon Johnson,17.0,2.4,9.0,1.3,0.0
2024,4,CHI,Caleb Williams,10.0,2.0,2.0,0.4,0.0
2024,4,LA,Kyren Williams,61.0,3.2,33.0,1.7,1.0
2024,4,LA,Ronnie Rivers,16.0,2.7,10.0,1.7,0.0
2024,4,LA,Matthew Stafford,-1.0,-1.0,0.0,0.0,0.0
2024,4,GB,Josh Jacobs,28.0,3.1,23.0,2.6,1.0
2024,4,GB,Emanuel Wilson,10.0,1.3,17.0,2.1,0.0
2024,4,GB,Jordan Love,0.0,0.0,6.0,6.0,0.0
2024,4,GB,Jayden Reed,1.0,1.0,1.0,1.0,0.0
2024,4,MIN,Aaron Jones,49.0,2.2,44.0,2.0,2.0
2024,4,MIN,Sam Darnold,13.0,1.9,2.0,0.3,0.0
2024,4,MIN,Ty Chandler,2.0,0.7,3.0,1.0,0.0
2024,4,MIN,Jordan Addison,0.0,0.0,7.0,7.0,1.0
2024,4,MIN,Jalen Nailor,0.0,0.0,0.0,0.0,0.0
2024,4,HOU,Cam Akers,35.0,2.7,18.0,1.4,0.0
2024,4,HOU,J.J. Taylor,14.0,2.3,4.0,0.7,0.0
2024,4,HOU,C.J. Stroud,17.0,5.7,0.0,0.0,0.0
2024,4,HOU,Dare Ogunbowale,5.0,2.5,2.0,1.0,0.0
2024,4,HOU,Stefon Diggs,6.0,6.0,0.0,0.0,0.0
2024,4,HOU,Steven Sims,0.0,0.0,0.0,0.0,0.0
2024,4,JAX,Travis Etienne,31.0,2.8,19.0,1.7,1.0
2024,4,JAX,Tank Bigsby,45.0,6.4,45.0,6.4,0.0
2024,4,JAX,Trevor Lawrence,3.0,1.0,2.0,0.7,0.0
2024,4,JAX,D'Ernest Johnson,0.0,0.0,0.0,0.0,0.0
2024,4,JAX,Brian Thomas,9.0,9.0,4.0,4.0,0.0
2024,4,IND,Jonathan Taylor,44.0,2.1,44.0,2.1,1.0
2024,4,IND,Trey Sermon,3.0,0.6,5.0,1.0,0.0
2024,4,IND,Anthony Richardson,17.0,5.7,7.0,2.3,0.0
2024,4,IND,Joe Flacco,3.0,1.5,0.0,0.0,0.0
2024,4,IND,Adonai Mitchell,10.0,10.0,0.0,0.0,0.0
2024,4,PIT,Najee Harris,2.0,0.2,17.0,1.3,0.0
2024,4,PIT,Justin Fields,35.0,3.5,20.0,2.0,0.0
2024,4,PIT,Cordarrelle Patterson,18.0,3.0,25.0,4.2,0.0
2024,4,PIT,Aaron Shampklin,3.0,3.0,2.0,2.0,0.0
2024,4,NYJ,Breece Hall,1.0,0.1,3.0,0.3,0.0
2024,4,NYJ,Braelon Allen,24.0,3.0,10.0,1.3,1.0
2024,4,NYJ,Aaron Rodgers,25.0,5.0,1.0,0.2,1.0
2024,4,DEN,Javonte Williams,46.0,2.9,31.0,1.9,1.0
2024,4,DEN,Jaleel McLaughlin,25.0,2.8,21.0,2.3,2.0
2024,4,DEN,Bo Nix,3.0,0.6,0.0,0.0,0.0
2024,4,DEN,Tyler Badie,0.0,0.0,0.0,0.0,0.0
2024,4,TB,Bucky Irving,22.0,2.2,27.0,2.7,0.0
2024,4,TB,Rachaad White,21.0,2.1,28.0,2.8,1.0
2024,4,TB,Baker Mayfield,9.0,2.3,1.0,0.3,0.0
2024,4,TB,Sean Tucker,1.0,1.0,2.0,2.0,0.0
2024,4,PHI,Saquon Barkley,75.0,7.5,9.0,0.9,0.0
2024,4,PHI,Jalen Hurts,10.0,1.3,10.0,1.3,0.0
2024,4,PHI,Kenneth Gainwell,6.0,3.0,3.0,1.5,0.0
2024,4,ARI,James Conner,65.0,3.6,39.0,2.2,1.0
2024,4,ARI,Trey Benson,31.0,3.4,19.0,2.1,1.0
2024,4,ARI,Emari Demercado,19.0,4.8,5.0,1.3,0.0
2024,4,ARI,Kyler Murray,3.0,3.0,0.0,0.0,0.0
2024,4,WAS,Brian Robinson Jr.,39.0,1.9,62.0,3.0,0.0
2024,4,WAS,Jayden Daniels,40.0,5.0,7.0,0.9,1.0
2024,4,WAS,Jeremy McNichols,24.0,3.0,44.0,5.5,2.0
2024,4,SF,Jordan Mason,87.0,3.6,36.0,1.5,1.0
2024,4,SF,Brock Purdy,9.0,1.8,2.0,0.4,0.0
2024,4,SF,Deebo Samuel,13.0,6.5,1.0,0.5,0.0
2024,4,SF,Isaac Guerendo,0.0,0.0,0.0,0.0,0.0
2024,4,NE,Rhamondre Stevenson,26.0,2.0,17.0,1.3,1.0
2024,4,NE,Antonio Gibson,6.0,1.0,6.0,1.0,1.0
2024,4,NE,Jamycal Hasty,11.0,3.7,4.0,1.3,0.0
2024,4,NE,Jacoby Brissett,2.0,1.0,1.0,0.5,0.0
2024,4,LAC,J.K. Dobbins,15.0,1.1,17.0,1.2,1.0
2024,4,LAC,Gus Edwards,7.0,1.2,12.0,2.0,1.0
2024,4,LAC,Justin Herbert,-1.0,-0.3,1.0,0.3,0.0
2024,4,LAC,Quentin Johnston,0.0,0.0,4.0,4.0,1.0
2024,4,KC,Kareem Hunt,34.0,2.4,35.0,2.5,2.0
2024,4,KC,Patrick Mahomes,10.0,2.0,2.0,0.4,0.0
2024,4,KC,Samaje Perine,7.0,1.4,7.0,1.4,0.0
2024,4,KC,Carson Steele,4.0,2.0,2.0,1.0,0.0
2024,4,LV,Zamir White,23.0,1.4,27.0,1.6,1.0
2024,4,LV,Alexander Mattison,32.0,6.4,28.0,5.6,3.0
2024,4,LV,Tyreik McAllister,9.0,4.5,2.0,1.0,0.0
2024,4,LV,Gardner Minshew II,-2.0,-1.0,0.0,0.0,0.0
2024,4,LV,Brock Bowers,0.0,0.0,12.0,12.0,1.0
2024,4,LV,Tre Tucker,3.0,3.0,0.0,0.0,0.0
2024,4,LV,DJ Turner,0.0,0.0,18.0,18.0,2.0
2024,4,CLE,Jerome Ford,12.0,1.2,46.0,4.6,1.0
2024,4,CLE,Deshaun Watson,30.0,3.8,2.0,0.3,0.0
2024,4,CLE,D'Onta Foreman,0.0,0.0,2.0,0.5,0.0
2024,4,BAL,Derrick Henry,154.0,6.4,45.0,1.9,1.0
2024,4,BAL,Lamar Jackson,42.0,7.0,12.0,2.0,0.0
2024,4,BAL,Justice Hill,8.0,2.0,10.0,2.5,0.0
2024,4,BUF,James Cook,19.0,2.1,20.0,2.2,0.0
2024,4,BUF,Ray Davis,0.0,0.0,11.0,1.6,0.0
2024,4,BUF,Josh Allen,12.0,2.4,9.0,1.8,0.0
2024,4,BUF,Ty Johnson,3.0,3.0,0.0,0.0,0.0
2024,4,BUF,Curtis Samuel,3.0,3.0,4.0,4.0,0.0
2024,4,MIA,De'Von Achane,4.0,0.4,11.0,1.1,0.0
2024,4,MIA,Jaylen Wright,19.0,2.1,13.0,1.4,2.0
2024,4,MIA,Tyler Huntley,34.0,4.3,6.0,0.8,0.0
2024,4,MIA,Tyreek Hill,19.0,6.3,0.0,0.0,0.0
2024,4,TEN,Tony Pollard,54.0,2.5,34.0,1.5,3.0
2024,4,TEN,Tyjae Spears,10.0,0.7,29.0,1.9,3.0
2024,4,TEN,Will Levis,1.0,0.5,4.0,2.0,0.0
2024,4,TEN,Calvin Ridley,5.0,5.0,5.0,5.0,0.0
2024,4,DET,Jahmyr Gibbs,56.0,4.0,22.0,1.6,0.0
2024,4,DET,David Montgomery,25.0,2.1,15.0,1.3,1.0
2024,4,DET,Jared Goff,-2.0,-1.0,0.0,0.0,0.0
2024,4,SEA,Kenneth Walker III,30.0,2.5,50.0,4.2,1.0
2024,4,SEA,Geno Smith,34.0,6.8,4.0,0.8,0.0
2024,4,SEA,Zach Charbonnet,6.0,3.0,9.0,4.5,0.0
2024,5,ATL,Bijan Robinson,20.0,1.7,41.0,3.4,1.0
2024,5,ATL,Tyler Allgeier,7.0,1.2,5.0,0.8,0.0
2024,5,TB,Rachaad White,16.0,1.6,56.0,5.6,0.0
2024,5,TB,Bucky Irving,26.0,2.9,18.0,2.0,0.0
2024,5,TB,Baker Mayfield,41.0,6.8,1.0,0.2,0.0
2024,5,TB,Chris Godwin,1.0,1.0,1.0,1.0,0.0
2024,5,MIN,Ty Chandler,21.0,1.5,9.0,0.6,0.0
2024,5,MIN,Aaron Jones,12.0,1.7,17.0,2.4,1.0
2024,5,MIN,Sam Darnold,10.0,2.0,1.0,0.2,0.0
2024,5,MIN,Myles Gaskin,1.0,0.5,1.0,0.5,0.0
2024,5,MIN,C.J. Ham,8.0,4.0,2.0,1.0,0.0
2024,5,NYJ,Breece Hall,8.0,0.9,15.0,1.7,0.0
2024,5,NYJ,Braelon Allen,6.0,1.2,7.0,1.4,0.0
2024,5,CHI,D'Andre Swift,61.0,2.9,12.0,0.6,1.0
2024,5,CHI,Roschon Johnson,19.0,1.9,6.0,0.6,0.0
2024,5,CHI,Caleb Williams,28.0,5.6,6.0,1.2,0.0
2024,5,CHI,Tyson Bagent,-4.0,-1.3,0.0,0.0,0.0
2024,5,CAR,Chuba Hubbard,81.0,6.2,16.0,1.2,0.0
2024,5,CAR,Diontae Johnson,6.0,3.0,0.0,0.0,0.0
2024,5,CAR,Miles Sanders,3.0,1.5,3.0,1.5,0.0
2024,5,CAR,Andy Dalton,3.0,3.0,0.0,0.0,0.0
2024,5,CAR,Bryce Young,8.0,8.0,0.0,0.0,0.0
2024,5,CIN,Chase Brown,27.0,2.3,19.0,1.6,2.0
2024,5,CIN,Zack Moss,18.0,2.0,6.0,0.7,2.0
2024,5,CIN,Joe Burrow,1.0,0.5,0.0,0.0,0.0
2024,5,BAL,Derrick Henry,58.0,3.9,34.0,2.3,2.0
2024,5,BAL,Lamar Jackson,43.0,3.6,12.0,1.0,0.0
2024,5,BAL,Justice Hill,14.0,2.8,3.0,0.6,1.0
2024,5,BAL,Zay Flowers,9.0,9.0,0.0,0.0,0.0
2024,5,BAL,Charlie Kolar,2.0,2.0,0.0,0.0,0.0
2024,5,HOU,Dare Ogunbowale,8.0,0.5,22.0,1.5,0.0
2024,5,HOU,Cam Akers,27.0,3.0,15.0,1.7,0.0
2024,5,HOU,C.J. Stroud,11.0,3.7,16.0,5.3,2.0
2024,5,HOU,Tank Dell,-5.0,-5.0,0.0,0.0,0.0
2024,5,BUF,James Cook,44.0,2.2,38.0,1.9,1.0
2024,5,BUF,Josh Allen,47.0,11.8,7.0,1.8,0.0
2024,5,BUF,Ty Johnson,15.0,5.0,0.0,0.0,0.0
2024,5,BUF,Curtis Samuel,-1.0,-1.0,0.0,0.0,0.0
2024,5,JAX,Tank Bigsby,11.0,0.8,90.0,6.9,3.0
2024,5,JAX,Travis Etienne,9.0,1.5,8.0,1.3,0.0
2024,5,JAX,Trevor Lawrence,2.0,1.0,2.0,1.0,0.0
2024,5,JAX,Devin Duvernay,0.0,0.0,3.0,3.0,0.0
2024,5,JAX,D'Ernest Johnson,0.0,0.0,1.0,1.0,0.0
2024,5,IND,Trey Sermon,22.0,2.2,16.0,1.6,0.0
2024,5,IND,Tyler Goodson,19.0,3.8,7.0,1.4,0.0
2024,5,IND,Joe Flacco,21.0,7.0,1.0,0.3,0.0
2024,5,IND,Ashton Dulin,7.0,7.0,2.0,2.0,0.0
2024,5,IND,Adonai Mitchell,2.0,2.0,2.0,2.0,0.0
2024,5,NE,Rhamondre Stevenson,46.0,3.8,43.0,3.6,0.0
2024,5,NE,Antonio Gibson,16.0,2.7,36.0,6.0,0.0
2024,5,NE,Jacoby Brissett,10.0,10.0,0.0,0.0,0.0
2024,5,MIA,Raheem Mostert,37.0,1.9,43.0,2.3,0.0
2024,5,MIA,Jaylen Wright,53.0,4.1,33.0,2.5,0.0
2024,5,MIA,De'Von Achane,13.0,4.3,5.0,1.7,0.0
2024,5,MIA,Tyler Huntley,7.0,2.3,0.0,0.0,0.0
2024,5,MIA,Jake Bailey,0.0,0.0,0.0,0.0,0.0
2024,5,MIA,Alec Ingold,2.0,2.0,1.0,1.0,0.0
2024,5,MIA,Jonnu Smith,-1.0,-1.0,0.0,0.0,0.0
2024,5,WAS,Jayden Daniels,51.0,4.6,31.0,2.8,0.0
2024,5,WAS,Jeremy McNichols,12.0,1.7,32.0,4.6,0.0
2024,5,WAS,Brian Robinson Jr.,-1.0,-0.1,19.0,2.7,2.0
2024,5,WAS,Austin Ekeler,48.0,8.0,19.0,3.2,0.0
2024,5,WAS,Marcus Mariota,1.0,0.5,1.0,0.5,0.0
2024,5,WAS,Terry McLaurin,2.0,2.0,0.0,0.0,0.0
2024,5,CLE,Jerome Ford,31.0,3.4,16.0,1.8,1.0
2024,5,CLE,D'Onta Foreman,26.0,2.9,18.0,2.0,0.0
2024,5,CLE,Deshaun Watson,10.0,3.3,4.0,1.3,0.0
2024,5,CLE,Pierre Strong,1.0,1.0,1.0,1.0,0.0
2024,5,CLE,Jameis Winston,-3.0,-3.0,0.0,0.0,0.0
2024,5,DEN,Javonte Williams,28.0,2.2,33.0,2.5,0.0
2024,5,DEN,Bo Nix,9.0,1.1,0.0,0.0,0.0
2024,5,DEN,Jaleel McLaughlin,16.0,2.7,6.0,1.0,0.0
2024,5,DEN,Marvin Mims,0.0,0.0,17.0,17.0,1.0
2024,5,LV,Alexander Mattison,19.0,1.3,19.0,1.3,0.0
2024,5,LV,Ameer Abdullah,37.0,7.4,5.0,1.0,0.0
2024,5,LV,Gardner Minshew II,15.0,7.5,7.0,3.5,0.0
2024,5,LV,Tre Tucker,6.0,3.0,2.0,1.0,0.0
2024,5,LV,DJ Turner,2.0,2.0,3.0,3.0,0.0
2024,5,SF,Jordan Mason,44.0,3.1,45.0,3.2,3.0
2024,5,SF,Isaac Guerendo,9.0,1.8,13.0,2.6,0.0
2024,5,SF,Brock Purdy,32.0,8.0,1.0,0.3,0.0
2024,5,SF,Deebo Samuel,1.0,0.3,8.0,2.7,1.0
2024,5,ARI,James Conner,11.0,0.6,75.0,3.9,6.0
2024,5,ARI,Kyler Murray,72.0,10.3,11.0,1.6,0.0
2024,5,LA,Kyren Williams,60.0,2.7,42.0,1.9,3.0
2024,5,LA,Blake Corum,17.0,3.4,8.0,1.6,0.0
2024,5,LA,Tutu Atwell,6.0,6.0,1.0,1.0,0.0
2024,5,GB,Josh Jacobs,34.0,1.8,39.0,2.1,0.0
2024,5,GB,Emanuel Wilson,13.0,2.2,11.0,1.8,1.0
2024,5,GB,Jordan Love,-2.0,-0.7,12.0,4.0,0.0
2024,5,GB,Jayden Reed,19.0,9.5,0.0,0.0,0.0
2024,5,SEA,Kenneth Walker III,13.0,2.6,6.0,1.2,1.0
2024,5,SEA,Geno Smith,65.0,16.3,7.0,1.8,0.0
2024,5,SEA,Zach Charbonnet,9.0,4.5,2.0,1.0,0.0
2024,5,NYG,Tyrone Tracy,97.0,5.4,32.0,1.8,0.0
2024,5,NYG,Daniel Jones,20.0,1.8,18.0,1.6,1.0
2024,5,NYG,Eric Gray,3.0,0.8,1.0,0.3,0.0
2024,5,NYG,Wan'Dale Robinson,0.0,0.0,4.0,4.0,0.0
2024,5,PIT,Najee Harris,21.0,1.5,21.0,1.5,0.0
2024,5,PIT,Justin Fields,22.0,3.7,5.0,0.8,0.0
2024,5,PIT,Aaron Shampklin,7.0,1.8,7.0,1.8,0.0
2024,5,PIT,Jonathan Ward,7.0,3.5,2.0,1.0,0.0
2024,5,DAL,Rico Dowdle,52.0,2.6,35.0,1.8,3.0
2024,5,DAL,Ezekiel Elliott,10.0,1.7,7.0,1.2,0.0
2024,5,DAL,Hunter Luepke,6.0,3.0,0.0,0.0,0.0
2024,5,DAL,CeeDee Lamb,0.0,0.0,2.0,2.0,0.0
2024,5,DAL,Dak Prescott,3.0,3.0,0.0,0.0,0.0
2024,5,DAL,KaVontae Turpin,-6.0,-6.0,0.0,0.0,0.0
2024,5,KC,Kareem Hunt,50.0,1.9,52.0,1.9,2.0
2024,5,KC,Patrick Mahomes,22.0,3.7,0.0,0.0,0.0
2024,5,KC,Carson Steele,5.0,1.0,7.0,1.4,0.0
2024,5,KC,Xavier Worthy,3.0,3.0,0.0,0.0,0.0
2024,5,NO,Alvin Kamara,7.0,0.6,19.0,1.7,2.0
2024,5,NO,Jake Haener,11.0,5.5,0.0,0.0,0.0
2024,5,NO,Jamaal Williams,7.0,3.5,2.0,1.0,0.0
2024,6,SEA,Kenneth Walker III,15.0,1.1,17.0,1.2,0.0
2024,6,SEA,Zach Charbonnet,8.0,1.6,12.0,2.4,1.0
2024,6,SEA,Geno Smith,0.0,0.0,0.0,0.0,0.0
2024,6,SF,Isaac Guerendo,11.0,1.1,88.0,8.8,0.0
2024,6,SF,Jordan Mason,30.0,3.3,43.0,4.8,1.0
2024,6,SF,Patrick Taylor,10.0,2.0,6.0,1.2,0.0
2024,6,SF,Brock Purdy,16.0,4.0,3.0,0.8,1.0
2024,6,SF,Deebo Samuel,9.0,2.3,6.0,1.5,0.0
2024,6,SF,Kyle Juszczyk,1.0,1.0,5.0,5.0,0.0
2024,6,CHI,D'Andre Swift,53.0,3.1,38.0,2.2,1.0
2024,6,CHI,Roschon Johnson,4.0,0.8,4.0,0.8,0.0
2024,6,CHI,Caleb Williams,35.0,8.8,21.0,5.3,0.0
2024,6,CHI,Tyson Bagent,-3.0,-1.0,0.0,0.0,0.0
2024,6,JAX,Tank Bigsby,5.0,0.7,19.0,2.7,0.0
2024,6,JAX,D'Ernest Johnson,14.0,2.3,14.0,2.3,0.0
2024,6,JAX,Trevor Lawrence,6.0,1.5,11.0,2.8,1.0
2024,6,JAX,Travis Etienne,-2.0,-0.7,1.0,0.3,0.0
2024,6,BAL,Derrick Henry,71.0,3.0,61.0,2.5,0.0
2024,6,BAL,Lamar Jackson,30.0,2.7,10.0,0.9,0.0
2024,6,BAL,Zay Flowers,2.0,2.0,0.0,0.0,0.0
2024,6,BAL,Justice Hill,2.0,2.0,0.0,0.0,0.0
2024,6,WAS,Austin Ekeler,15.0,1.7,6.0,0.7,0.0
2024,6,WAS,Jayden Daniels,20.0,3.3,2.0,0.3,0.0
2024,6,WAS,Jeremy McNichols,7.0,3.5,2.0,1.0,0.0
2024,6,WAS,Terry McLaurin,0.0,0.0,0.0,0.0,0.0
2024,6,GB,Josh Jacobs,36.0,2.0,26.0,1.4,1.0
2024,6,GB,Emanuel Wilson,32.0,4.6,22.0,3.1,1.0
2024,6,GB,Jordan Love,13.0,2.6,0.0,0.0,0.0
2024,6,GB,Chris Brooks,6.0,1.5,15.0,3.8,0.0
2024,6,GB,Bo Melton,21.0,10.5,6.0,3.0,0.0
2024,6,GB,Tucker Kraft,0.0,0.0,2.0,2.0,0.0
2024,6,GB,Jayden Reed,0.0,0.0,0.0,0.0,0.0
2024,6,ARI,James Conner,6.0,0.9,18.0,2.6,1.0
2024,6,ARI,Kyler Murray,14.0,2.0,0.0,0.0,0.0
2024,6,ARI,Trey Benson,21.0,4.2,5.0,1.0,0.0
2024,6,ARI,Emari Demercado,12.0,3.0,13.0,3.3,0.0
2024,6,NE,Antonio Gibson,6.0,0.5,13.0,1.0,2.0
2024,6,NE,Terrell Jennings,6.0,1.2,7.0,1.4,0.0
2024,6,NE,Drake Maye,18.0,3.6,20.0,4.0,1.0
2024,6,NE,Jamycal Hasty,7.0,2.3,5.0,1.7,0.0
2024,6,HOU,Joe Mixon,83.0,6.4,19.0,1.5,1.0
2024,6,HOU,Dameon Pierce,18.0,2.3,58.0,7.3,1.0
2024,6,HOU,C.J. Stroud,7.0,2.3,0.0,0.0,0.0
2024,6,HOU,Cam Akers,-2.0,-1.0,1.0,0.5,0.0
2024,6,HOU,Dare Ogunbowale,5.0,2.5,3.0,1.5,0.0
2024,6,NO,Alvin Kamara,30.0,2.3,10.0,0.8,0.0
2024,6,NO,Spencer Rattler,11.0,2.8,16.0,4.0,0.0
2024,6,NO,Jamaal Williams,4.0,2.0,3.0,1.5,0.0
2024,6,NO,Jordan Mims,5.0,5.0,0.0,0.0,0.0
2024,6,NO,Rashid Shaheed,1.0,1.0,1.0,1.0,0.0
2024,6,TB,Bucky Irving,27.0,1.9,54.0,3.9,2.0
2024,6,TB,Sean Tucker,101.0,7.2,35.0,2.5,0.0
2024,6,TB,Sterling Shepard,23.0,5.8,8.0,2.0,0.0
2024,6,TB,Baker Mayfield,12.0,4.0,17.0,5.7,1.0
2024,6,PHI,Saquon Barkley,20.0,1.1,27.0,1.5,1.0
2024,6,PHI,Jalen Hurts,25.0,1.8,8.0,0.6,0.0
2024,6,PHI,Kenneth Gainwell,21.0,7.0,2.0,0.7,0.0
2024,6,PHI,Jahan Dotson,13.0,13.0,0.0,0.0,0.0
2024,6,CLE,D'Onta Foreman,25.0,2.5,6.0,0.6,0.0
2024,6,CLE,Pierre Strong,26.0,3.3,17.0,2.1,0.0
2024,6,CLE,Deshaun Watson,17.0,4.3,0.0,0.0,0.0
2024,6,CLE,Jerome Ford,12.0,6.0,2.0,1.0,0.0
2024,6,CLE,Cedric Tillman,-5.0,-5.0,0.0,0.0,0.0
2024,6,TEN,Tony Pollard,45.0,2.6,48.0,2.8,2.0
2024,6,TEN,Tyjae Spears,9.0,1.5,18.0,3.0,0.0
2024,6,TEN,Will Levis,12.0,4.0,3.0,1.0,0.0
2024,6,TEN,Julius Chestnut,1.0,1.0,1.0,1.0,0.0
2024,6,TEN,Calvin Ridley,7.0,7.0,2.0,2.0,0.0
2024,6,IND,Trey Sermon,8.0,0.4,21.0,1.2,0.0
2024,6,IND,Tyler Goodson,33.0,4.1,18.0,2.3,0.0
2024,6,IND,Josh Downs,-1.0,-1.0,0.0,0.0,0.0
2024,6,IND,Joe Flacco,0.0,0.0,1.0,1.0,0.0
2024,6,DEN,Bo Nix,33.0,5.5,28.0,4.7,1.0
2024,6,DEN,Javonte Williams,16.0,2.7,7.0,1.2,0.0
2024,6,DEN,Jaleel McLaughlin,5.0,1.7,3.0,1.0,0.0
2024,6,DEN,Audric Estime,4.0,2.0,9.0,4.5,0.0
2024,6,DEN,Troy Franklin,3.0,3.0,2.0,2.0,0.0
2024,6,LAC,J.K. Dobbins,64.0,2.6,32.0,1.3,1.0
2024,6,LAC,Justin Herbert,-3.0,-0.8,5.0,1.3,1.0
2024,6,LAC,Kimani Vidal,3.0,0.8,8.0,2.0,0.0
2024,6,LAC,Derius Davis,12.0,6.0,2.0,1.0,0.0
2024,6,LAC,Hassan Haskins,1.0,0.5,4.0,2.0,0.0
2024,6,LAC,Quentin Johnston,0.0,0.0,0.0,0.0,0.0
2024,6,LV,Alexander Mattison,23.0,1.6,10.0,0.7,0.0
2024,6,LV,Ameer Abdullah,17.0,4.3,7.0,1.8,0.0
2024,6,LV,Dylan Laube,0.0,0.0,0.0,0.0,0.0
2024,6,PIT,Najee Harris,33.0,2.4,73.0,5.2,5.0
2024,6,PIT,Justin Fields,48.0,4.4,11.0,1.0,1.0
2024,6,PIT,Jaylen Warren,1.0,0.2,6.0,1.0,0.0
2024,6,PIT,Jonathan Ward,5.0,1.7,8.0,2.7,1.0
2024,6,PIT,Aaron Shampklin,-2.0,-2.0,0.0,0.0,0.0
2024,6,CAR,Chuba Hubbard,53.0,2.9,39.0,2.2,0.0
2024,6,CAR,Andy Dalton,2.0,0.7,19.0,6.3,1.0
2024,6,CAR,Miles Sanders,-2.0,-0.7,3.0,1.0,0.0
2024,6,ATL,Tyler Allgeier,31.0,1.7,74.0,4.1,0.0
2024,6,ATL,Bijan Robinson,58.0,3.9,37.0,2.5,0.0
2024,6,ATL,Kirk Cousins,-5.0,-1.3,0.0,0.0,0.0
2024,6,ATL,Ray-Ray McCloud,3.0,3.0,0.0,0.0,0.0
2024,6,DAL,Ezekiel Elliott,7.0,0.9,10.0,1.3,0.0
2024,6,DAL,Rico Dowdle,21.0,4.2,4.0,0.8,0.0
2024,6,DAL,CeeDee Lamb,2.0,2.0,0.0,0.0,0.0
2024,6,DAL,Dak Prescott,1.0,1.0,0.0,0.0,0.0
2024,6,DAL,Cooper Rush,2.0,2.0,0.0,0.0,0.0
2024,6,DAL,KaVontae Turpin,4.0,4.0,2.0,2.0,0.0
2024,6,DET,Jahmyr Gibbs,50.0,4.2,13.0,1.1,0.0
2024,6,DET,David Montgomery,46.0,3.8,34.0,2.8,2.0
2024,6,DET,Craig Reynolds,17.0,2.8,4.0,0.7,1.0
2024,6,DET,Jared Goff,4.0,1.3,1.0,0.3,0.0
2024,6,DET,Hendon Hooker,-1.0,-1.0,0.0,0.0,0.0
2024,6,DET,Sione Vaki,4.0,4.0,1.0,1.0,0.0
2024,6,DET,Jameson Williams,8.0,8.0,3.0,3.0,0.0
2024,6,NYG,Tyrone Tracy,24.0,1.4,26.0,1.5,1.0
2024,6,NYG,Daniel Jones,52.0,4.7,4.0,0.4,0.0
2024,6,NYG,Eric Gray,7.0,2.3,6.0,2.0,0.0
2024,6,CIN,Chase Brown,49.0,4.9,4.0,0.4,1.0
2024,6,CIN,Zack Moss,10.0,1.7,3.0,0.5,0.0
2024,6,CIN,Joe Burrow,55.0,13.8,0.0,0.0,0.0
2024,6,NYJ,Breece Hall,72.0,4.0,41.0,2.3,1.0
2024,6,NYJ,Braelon Allen,2.0,0.7,6.0,2.0,0.0
2024,6,BUF,Ray Davis,49.0,2.5,48.0,2.4,1.0
2024,6,BUF,Josh Allen,10.0,1.1,8.0,0.9,0.0
2024,6,BUF,Ty Johnson,23.0,5.8,11.0,2.8,0.0
2024,7,NO,Alvin Kamara,0.0,0.0,10.0,1.4,0.0
2024,7,NO,Kendre Miller,13.0,2.2,23.0,3.8,1.0
2024,7,NO,Spencer Rattler,6.0,1.2,28.0,5.6,0.0
2024,7,NO,Jamaal Williams,7.0,2.3,10.0,3.3,0.0
2024,7,DEN,Javonte Williams,34.0,2.4,54.0,3.9,1.0
2024,7,DEN,Bo Nix,60.0,6.0,15.0,1.5,1.0
2024,7,DEN,Audric Estime,8.0,1.6,21.0,4.2,0.0
2024,7,DEN,Jaleel McLaughlin,13.0,3.3,22.0,5.5,0.0
2024,7,DEN,Jarrett Stidham,-2.0,-1.0,0.0,0.0,0.0
2024,7,JAX,Tank Bigsby,55.0,2.1,63.0,2.4,0.0
2024,7,JAX,D'Ernest Johnson,20.0,2.2,18.0,2.0,0.0
2024,7,JAX,Trevor Lawrence,12.0,6.0,1.0,0.5,0.0
2024,7,JAX,Brian Thomas,1.0,0.5,1.0,0.5,0.0
2024,7,NE,Rhamondre Stevenson,8.0,1.1,10.0,1.4,0.0
2024,7,NE,Antonio Gibson,2.0,0.7,2.0,0.7,0.0
2024,7,NE,Drake Maye,14.0,4.7,4.0,1.3,0.0
2024,7,NE,Jamycal Hasty,-2.0,-1.0,0.0,0.0,0.0
2024,7,ATL,Bijan Robinson,61.0,2.9,42.0,2.0,2.0
2024,7,ATL,Tyler Allgeier,12.0,2.4,24.0,4.8,0.0
2024,7,ATL,Jase McClellan,7.0,1.4,10.0,2.0,0.0
2024,7,ATL,Kirk Cousins,-1.0,-1.0,0.0,0.0,0.0
2024,7,SEA,Kenneth Walker III,45.0,3.2,24.0,1.7,1.0
2024,7,SEA,Zach Charbonnet,5.0,0.7,9.0,1.3,0.0
2024,7,SEA,Geno Smith,15.0,3.8,0.0,0.0,0.0
2024,7,SEA,Kenny McIntosh,5.0,5.0,0.0,0.0,0.0
2024,7,BUF,James Cook,11.0,0.9,21.0,1.8,1.0
2024,7,BUF,Ray Davis,18.0,3.6,23.0,4.6,1.0
2024,7,BUF,Josh Allen,-1.0,-0.3,2.0,0.7,0.0
2024,7,TEN,Tony Pollard,43.0,2.7,18.0,1.1,0.0
2024,7,TEN,Mason Rudolph,12.0,2.4,1.0,0.2,0.0
2024,7,TEN,Julius Chestnut,11.0,3.7,4.0,1.3,0.0
2024,7,CLE,Nick Chubb,15.0,1.4,7.0,0.6,0.0
2024,7,CLE,Pierre Strong,6.0,2.0,0.0,0.0,0.0
2024,7,CLE,Dorian Thompson-Robinson,36.0,12.0,8.0,2.7,0.0
2024,7,CLE,D'Onta Foreman,4.0,2.0,1.0,0.5,0.0
2024,7,CLE,Deshaun Watson,-1.0,-0.5,1.0,0.5,0.0
2024,7,CIN,Chase Brown,30.0,2.0,14.0,0.9,3.0
2024,7,CIN,Zack Moss,6.0,1.0,1.0,0.2,0.0
2024,7,CIN,Joe Burrow,-3.0,-1.0,0.0,0.0,0.0
2024,7,CIN,Ja'Marr Chase,11.0,11.0,0.0,0.0,0.0
2024,7,GB,Josh Jacobs,22.0,1.8,54.0,4.5,1.0
2024,7,GB,Emanuel Wilson,2.0,0.4,9.0,1.8,0.0
2024,7,GB,Bo Melton,-1.0,-1.0,0.0,0.0,0.0
2024,7,GB,Jayden Reed,0.0,0.0,0.0,0.0,0.0
2024,7,GB,Christian Watson,-4.0,-4.0,0.0,0.0,0.0
2024,7,HOU,Joe Mixon,47.0,1.9,68.0,2.7,2.0
2024,7,HOU,C.J. Stroud,14.0,2.8,5.0,1.0,0.0
2024,7,HOU,Dameon Pierce,0.0,0.0,2.0,1.0,0.0
2024,7,HOU,Dare Ogunbowale,0.0,0.0,6.0,6.0,1.0
2024,7,IND,Tyler Goodson,30.0,2.1,21.0,1.5,0.0
2024,7,IND,Anthony Richardson,46.0,3.3,10.0,0.7,0.0
2024,7,IND,Trey Sermon,22.0,2.8,14.0,1.8,1.0
2024,7,IND,Ashton Dulin,10.0,10.0,2.0,2.0,0.0
2024,7,MIA,De'Von Achane,48.0,3.2,29.0,1.9,0.0
2024,7,MIA,Raheem Mostert,42.0,3.8,8.0,0.7,0.0
2024,7,MIA,Tyler Huntley,19.0,3.8,1.0,0.2,0.0
2024,7,MIA,Jaylen Wright,15.0,3.0,18.0,3.6,0.0
2024,7,MIA,Alec Ingold,-1.0,-0.5,0.0,0.0,0.0
2024,7,MIA,Tim Boyle,3.0,3.0,1.0,1.0,0.0
2024,7,MIA,Tyreek Hill,5.0,5.0,0.0,0.0,0.0
2024,7,MIN,Aaron Jones,81.0,5.8,12.0,0.9,0.0
2024,7,MIN,Sam Darnold,39.0,9.8,0.0,0.0,0.0
2024,7,MIN,Ty Chandler,4.0,2.0,0.0,0.0,0.0
2024,7,MIN,Justin Jefferson,3.0,3.0,0.0,0.0,0.0
2024,7,DET,Jahmyr Gibbs,93.0,6.2,23.0,1.5,1.0
2024,7,DET,David Montgomery,22.0,2.4,9.0,1.0,0.0
2024,7,DET,Jared Goff,-4.0,-2.0,0.0,0.0,0.0
2024,7,DET,Jalen Reeves-Maybin,1.0,1.0,0.0,0.0,0.0
2024,7,NYG,Tyrone Tracy,13.0,2.2,10.0,1.7,2.0
2024,7,NYG,Daniel Jones,15.0,3.0,5.0,1.0,0.0
2024,7,NYG,Devin Singletary,10.0,2.0,8.0,1.6,0.0
2024,7,NYG,Eric Gray,0.0,0.0,2.0,2.0,0.0
2024,7,NYG,Drew Lock,13.0,13.0,0.0,0.0,0.0
2024,7,PHI,Saquon Barkley,115.0,6.8,61.0,3.6,4.0
2024,7,PHI,Kenneth Gainwell,25.0,1.9,31.0,2.4,2.0
2024,7,PHI,Will Shipley,6.0,0.8,9.0,1.1,0.0
2024,7,PHI,Jalen Hurts,3.0,0.4,19.0,2.7,1.0
2024,7,LA,Kyren Williams,31.0,1.5,45.0,2.1,1.0
2024,7,LA,Blake Corum,4.0,1.3,7.0,2.3,0.0
2024,7,LA,Xavier Smith,27.0,13.5,3.0,1.5,0.0
2024,7,LA,Matthew Stafford,-2.0,-1.0,0.0,0.0,0.0
2024,7,LV,Alexander Mattison,34.0,1.5,58.0,2.5,1.0
2024,7,LV,Zamir White,6.0,2.0,7.0,2.3,0.0
2024,7,LV,Gardner Minshew II,1.0,1.0,1.0,1.0,0.0
2024,7,LV,Tre Tucker,9.0,9.0,2.0,2.0,0.0
2024,7,LV,DJ Turner,4.0,4.0,0.0,0.0,0.0
2024,7,WAS,Brian Robinson Jr.,26.0,2.2,45.0,3.8,1.0
2024,7,WAS,Marcus Mariota,29.0,2.6,5.0,0.5,0.0
2024,7,WAS,Jeremy McNichols,10.0,1.4,32.0,4.6,3.0
2024,7,WAS,Austin Ekeler,7.0,1.8,10.0,2.5,0.0
2024,7,WAS,Jayden Daniels,25.0,8.3,25.0,8.3,1.0
2024,7,CAR,Chuba Hubbard,18.0,1.1,34.0,2.0,0.0
2024,7,CAR,Miles Sanders,27.0,9.0,7.0,2.3,0.0
2024,7,CAR,Andy Dalton,3.0,1.5,0.0,0.0,0.0
2024,7,CAR,Xavier Legette,0.0,0.0,6.0,6.0,0.0
2024,7,SF,Jordan Mason,29.0,2.1,29.0,2.1,2.0
2024,7,SF,Brock Purdy,15.0,1.9,12.0,1.5,1.0
2024,7,SF,Isaac Guerendo,1.0,1.0,1.0,1.0,0.0
2024,7,SF,Kyle Juszczyk,5.0,5.0,9.0,9.0,1.0
2024,7,KC,Kareem Hunt,32.0,1.5,46.0,2.1,1.0
2024,7,KC,Carson Steele,9.0,1.5,8.0,1.3,1.0
2024,7,KC,Patrick Mahomes,5.0,1.0,34.0,6.8,0.0
2024,7,KC,Mecole Hardman,31.0,15.5,7.0,3.5,0.0
2024,7,KC,Samaje Perine,0.0,0.0,6.0,3.0,0.0
2024,7,KC,Jaden Hicks,0.0,0.0,1.0,1.0,0.0
2024,7,KC,Xavier Worthy,3.0,3.0,2.0,2.0,0.0
2024,7,PIT,Najee Harris,55.0,2.6,47.0,2.2,3.0
2024,7,PIT,Jaylen Warren,27.0,2.3,17.0,1.4,1.0
2024,7,PIT,Russell Wilson,0.0,0.0,3.0,1.0,0.0
2024,7,NYJ,Breece Hall,16.0,1.3,22.0,1.8,1.0
2024,7,NYJ,Braelon Allen,1.0,0.5,3.0,1.5,0.0
2024,7,NYJ,Isaiah Davis,9.0,9.0,3.0,3.0,0.0
2024,7,TB,Rachaad White,19.0,1.9,21.0,2.1,0.0
2024,7,TB,Bucky Irving,11.0,1.2,12.0,1.3,0.0
2024,7,TB,Baker Mayfield,20.0,4.0,2.0,0.4,0.0
2024,7,TB,Sean Tucker,23.0,4.6,6.0,1.2,0.0
2024,7,TB,Jalen McMillan,8.0,8.0,3.0,3.0,0.0
2024,7,BAL,Derrick Henry,106.0,7.1,63.0,4.2,0.0
2024,7,BAL,Lamar Jackson,35.0,3.9,17.0,1.9,0.0
2024,7,BAL,Justice Hill,1.0,0.2,3.0,0.6,0.0
2024,7,BAL,Zay Flowers,1.0,1.0,18.0,18.0,0.0
2024,7,ARI,James Conner,43.0,2.3,58.0,3.1,5.0
2024,7,ARI,Kyler Murray,64.0,10.7,0.0,0.0,0.0
2024,7,ARI,Clayton Tune,1.0,0.3,1.0,0.3,0.0
2024,7,ARI,Emari Demercado,11.0,11.0,3.0,3.0,0.0
2024,7,LAC,J.K. Dobbins,11.0,0.8,29.0,2.1,2.0
2024,7,LAC,Kimani Vidal,5.0,1.7,5.0,1.7,0.0
2024,7,LAC,Hassan Haskins,0.0,0.0,2.0,1.0,0.0
2024,7,LAC,Justin Herbert,8.0,4.0,0.0,0.0,0.0
2024,7,LAC,Jalen Reagor,-1.0,-1.0,0.0,0.0,0.0
2024,8,LA,Kyren Williams,72.0,3.1,25.0,1.1,0.0
2024,8,LA,Blake Corum,5.0,1.3,4.0,1.0,0.0
2024,8,LA,Matthew Stafford,-4.0,-1.3,0.0,0.0,0.0
2024,8,LA,Puka Nacua,4.0,2.0,1.0,0.5,0.0
2024,8,MIN,Aaron Jones,34.0,1.8,24.0,1.3,1.0
2024,8,MIN,Sam Darnold,5.0,1.7,1.0,0.3,0.0
2024,8,CIN,Chase Brown,28.0,2.3,4.0,0.3,0.0
2024,8,CIN,Zack Moss,7.0,1.4,4.0,0.8,0.0
2024,8,CIN,Joe Burrow,15.0,5.0,0.0,0.0,0.0
2024,8,PHI,Saquon Barkley,55.0,2.5,53.0,2.4,0.0
2024,8,PHI,Jalen Hurts,24.0,2.4,13.0,1.3,1.0
2024,8,PHI,Kenneth Gainwell,11.0,2.2,8.0,1.6,0.0
2024,8,PHI,Will Shipley,-4.0,-2.0,1.0,0.5,0.0
2024,8,CLE,Nick Chubb,30.0,1.9,22.0,1.4,1.0
2024,8,CLE,D'Onta Foreman,20.0,4.0,6.0,1.2,0.0
2024,8,CLE,Jameis Winston,2.0,1.0,0.0,0.0,0.0
2024,8,BAL,Derrick Henry,21.0,1.9,52.0,4.7,0.0
2024,8,BAL,Lamar Jackson,32.0,4.0,14.0,1.8,0.0
2024,8,BAL,Justice Hill,4.0,2.0,1.0,0.5,0.0
2024,8,DET,Jahmyr Gibbs,100.0,9.1,27.0,2.5,0.0
2024,8,DET,David Montgomery,5.0,0.6,28.0,3.1,2.0
2024,8,DET,Craig Reynolds,-1.0,-0.3,4.0,1.3,0.0
2024,8,DET,Jared Goff,1.0,1.0,0.0,0.0,0.0
2024,8,TEN,Tony Pollard,37.0,1.9,57.0,2.9,2.0
2024,8,TEN,Julius Chestnut,8.0,1.1,24.0,3.4,2.0
2024,8,TEN,Mason Rudolph,27.0,6.8,2.0,0.5,0.0
2024,8,TEN,Calvin Ridley,3.0,3.0,0.0,0.0,0.0
2024,8,HOU,Joe Mixon,34.0,1.4,68.0,2.7,2.0
2024,8,HOU,Stefon Diggs,-4.0,-4.0,0.0,0.0,0.0
2024,8,HOU,Dare Ogunbowale,3.0,3.0,1.0,1.0,0.0
2024,8,HOU,Dameon Pierce,1.0,1.0,3.0,3.0,0.0
2024,8,HOU,C.J. Stroud,-10.0,-10.0,0.0,0.0,0.0
2024,8,IND,Jonathan Taylor,42.0,2.1,63.0,3.2,3.0
2024,8,IND,Anthony Richardson,34.0,5.7,11.0,1.8,0.0
2024,8,IND,Josh Downs,13.0,,0.0,,0.0
2024,8,JAX,Tank Bigsby,12.0,0.7,66.0,3.7,5.0
2024,8,JAX,Trevor Lawrence,1.0,0.3,9.0,2.3,1.0
2024,8,JAX,D'Ernest Johnson,1.0,1.0,2.0,2.0,0.0
2024,8,GB,Josh Jacobs,39.0,1.6,88.0,3.5,7.0
2024,8,GB,Chris Brooks,9.0,2.3,7.0,1.8,0.0
2024,8,GB,Malik Willis,-1.0,-0.3,24.0,6.0,0.0
2024,8,GB,Emanuel Wilson,1.0,0.3,4.0,1.0,0.0
2024,8,GB,Jordan Love,-1.0,-1.0,0.0,0.0,0.0
2024,8,GB,Jayden Reed,0.0,0.0,0.0,0.0,0.0
2024,8,MIA,De'Von Achane,25.0,2.5,72.0,7.2,1.0
2024,8,MIA,Raheem Mostert,7.0,0.8,12.0,1.3,0.0
2024,8,MIA,Tua Tagovailoa,13.0,4.3,0.0,0.0,0.0
2024,8,MIA,Jaylen Wright,11.0,5.5,7.0,3.5,0.0
2024,8,MIA,Alec Ingold,1.0,1.0,2.0,2.0,0.0
2024,8,ARI,James Conner,3.0,0.2,50.0,2.5,0.0
2024,8,ARI,Kyler Murray,9.0,1.8,10.0,2.0,0.0
2024,8,ARI,Trey Benson,1.0,1.0,9.0,9.0,0.0
2024,8,NE,Rhamondre Stevenson,12.0,0.6,36.0,1.8,2.0
2024,8,NE,Antonio Gibson,2.0,0.4,5.0,1.0,0.0
2024,8,NE,Jacoby Brissett,6.0,2.0,5.0,1.7,0.0
2024,8,NE,Drake Maye,31.0,10.3,15.0,5.0,1.0
2024,8,NYJ,Breece Hall,52.0,3.3,28.0,1.8,0.0
2024,8,NYJ,Braelon Allen,14.0,1.2,18.0,1.5,0.0
2024,8,TB,Bucky Irving,25.0,2.8,19.0,2.1,2.0
2024,8,TB,Rachaad White,16.0,2.7,13.0,2.2,0.0
2024,8,TB,Baker Mayfield,6.0,2.0,5.0,1.7,0.0
2024,8,TB,Sean Tucker,2.0,1.0,1.0,0.5,0.0
2024,8,TB,Jalen McMillan,6.0,6.0,11.0,11.0,1.0
2024,8,TB,Tavierre Thomas,-2.0,-2.0,0.0,0.0,0.0
2024,8,ATL,Bijan Robinson,43.0,3.3,20.0,1.5,0.0
2024,8,ATL,Tyler Allgeier,14.0,1.2,19.0,1.6,1.0
2024,8,ATL,Kirk Cousins,12.0,4.0,4.0,1.3,0.0
2024,8,ATL,Ray-Ray McCloud,12.0,12.0,5.0,5.0,0.0
2024,8,LAC,J.K. Dobbins,24.0,1.4,33.0,1.9,4.0
2024,8,LAC,Kimani Vidal,13.0,2.2,3.0,0.5,0.0
2024,8,LAC,Justin Herbert,46.0,11.5,3.0,0.8,0.0
2024,8,LAC,Hassan Haskins,0.0,0.0,0.0,0.0,0.0
2024,8,LAC,JK Scott,0.0,0.0,0.0,0.0,0.0
2024,8,NO,Alvin Kamara,34.0,3.4,33.0,3.3,2.0
2024,8,NO,Taysom Hill,12.0,3.0,8.0,2.0,0.0
2024,8,NO,Kendre Miller,3.0,1.0,13.0,4.3,1.0
2024,8,NO,Jake Haener,10.0,5.0,0.0,0.0,0.0
2024,8,NO,Jamaal Williams,2.0,1.0,2.0,1.0,0.0
2024,8,SEA,Kenneth Walker III,8.0,0.9,4.0,0.4,0.0
2024,8,SEA,Geno Smith,16.0,3.2,0.0,0.0,0.0
2024,8,SEA,Zach Charbonnet,1.0,0.3,3.0,1.0,1.0
2024,8,BUF,James Cook,65.0,3.8,46.0,2.7,4.0
2024,8,BUF,Josh Allen,11.0,1.6,14.0,2.0,0.0
2024,8,BUF,Ray Davis,19.0,3.2,10.0,1.7,0.0
2024,8,BUF,Mitchell Trubisky,-3.0,-1.0,0.0,0.0,0.0
2024,8,BUF,Khalil Shakir,0.0,0.0,2.0,2.0,1.0
2024,8,DEN,Javonte Williams,30.0,1.8,14.0,0.8,0.0
2024,8,DEN,Jaleel McLaughlin,32.0,4.0,15.0,1.9,0.0
2024,8,DEN,Bo Nix,4.0,0.8,0.0,0.0,0.0
2024,8,DEN,Audric Estime,3.0,3.0,1.0,1.0,0.0
2024,8,DEN,Troy Franklin,3.0,3.0,0.0,0.0,0.0
2024,8,CAR,Chuba Hubbard,23.0,1.5,33.0,2.2,0.0
2024,8,CAR,Bryce Young,6.0,2.0,0.0,0.0,0.0
2024,8,CAR,Xavier Legette,0.0,0.0,0.0,0.0,1.0
2024,8,CAR,Miles Sanders,3.0,3.0,4.0,4.0,0.0
2024,8,LV,Alexander Mattison,6.0,0.4,9.0,0.6,1.0
2024,8,LV,Gardner Minshew II,6.0,3.0,0.0,0.0,0.0
2024,8,LV,Zamir White,-2.0,-1.0,1.0,0.5,0.0
2024,8,LV,Ameer Abdullah,2.0,2.0,0.0,0.0,0.0
2024,8,LV,Tre Tucker,5.0,5.0,2.0,2.0,0.0
2024,8,LV,DJ Turner,4.0,4.0,0.0,0.0,0.0
2024,8,KC,Kareem Hunt,38.0,1.8,21.0,1.0,0.0
2024,8,KC,Patrick Mahomes,17.0,2.8,0.0,0.0,0.0
2024,8,KC,Carson Steele,6.0,3.0,0.0,0.0,0.0
2024,8,WAS,Brian Robinson Jr.,42.0,2.6,23.0,1.4,0.0
2024,8,WAS,Jayden Daniels,49.0,6.1,3.0,0.4,0.0
2024,8,WAS,Austin Ekeler,39.0,5.6,13.0,1.9,0.0
2024,8,WAS,Jeremy McNichols,-1.0,-1.0,0.0,0.0,0.0
2024,8,CHI,D'Andre Swift,48.0,2.7,81.0,4.5,0.0
2024,8,CHI,Caleb Williams,35.0,3.5,6.0,0.6,0.0
2024,8,CHI,Roschon Johnson,4.0,2.0,2.0,1.0,0.0
2024,8,CHI,D.J. Moore,6.0,3.0,1.0,0.5,0.0
2024,8,CHI,Rome Odunze,5.0,2.5,8.0,4.0,0.0
2024,8,SF,Isaac Guerendo,62.0,4.4,23.0,1.6,0.0
2024,8,SF,Brock Purdy,47.0,5.9,9.0,1.1,0.0
2024,8,SF,Jordan Mason,8.0,1.3,10.0,1.7,0.0
2024,8,SF,Deebo Samuel,10.0,2.5,5.0,1.3,0.0
2024,8,SF,Patrick Taylor,4.0,2.0,5.0,2.5,0.0
2024,8,SF,Kyle Juszczyk,0.0,0.0,1.0,1.0,0.0
2024,8,SF,Ricky Pearsall,39.0,39.0,0.0,0.0,0.0
2024,8,DAL,Ezekiel Elliott,17.0,1.7,17.0,1.7,0.0
2024,8,DAL,Dalvin Cook,7.0,1.2,5.0,0.8,0.0
2024,8,DAL,Hunter Luepke,0.0,0.0,0.0,0.0,0.0
2024,8,DAL,Dak Prescott,-1.0,-1.0,0.0,0.0,0.0
2024,8,DAL,KaVontae Turpin,8.0,8.0,3.0,3.0,0.0
2024,8,PIT,Najee Harris,65.0,3.4,49.0,2.6,2.0
2024,8,PIT,Jaylen Warren,27.0,3.0,19.0,2.1,1.0
2024,8,PIT,Russell Wilson,7.0,2.3,0.0,0.0,0.0
2024,8,NYG,Tyrone Tracy,96.0,4.8,49.0,2.5,1.0
2024,8,NYG,Daniel Jones,-1.0,-0.3,2.0,0.7,0.0
2024,8,NYG,Devin Singletary,6.0,3.0,5.0,2.5,0.0
2024,9,NYJ,Breece Hall,25.0,1.7,49.0,3.3,0.0
2024,9,NYJ,Braelon Allen,1.0,0.3,8.0,2.0,0.0
2024,9,NYJ,Malachi Corley,18.0,18.0,0.0,0.0,0.0
2024,9,NYJ,Aaron Rodgers,-1.0,-1.0,0.0,0.0,0.0
2024,9,HOU,Joe Mixon,35.0,1.5,71.0,3.0,2.0
2024,9,HOU,C.J. Stroud,58.0,7.3,1.0,0.1,0.0
2024,9,HOU,J.J. Taylor,18.0,6.0,5.0,1.7,0.0
2024,9,HOU,Dare Ogunbowale,-1.0,-1.0,0.0,0.0,0.0
2024,9,ATL,Bijan Robinson,52.0,2.7,34.0,1.8,2.0
2024,9,ATL,Tyler Allgeier,8.0,1.3,10.0,1.7,0.0
2024,9,ATL,Kirk Cousins,-11.0,-2.8,0.0,0.0,0.0
2024,9,ATL,Ray-Ray McCloud,3.0,3.0,4.0,4.0,0.0
2024,9,DAL,Rico Dowdle,54.0,4.5,21.0,1.8,0.0
2024,9,DAL,Dak Prescott,27.0,9.0,3.0,1.0,0.0
2024,9,DAL,Dalvin Cook,5.0,2.5,3.0,1.5,0.0
2024,9,DAL,CeeDee Lamb,13.0,6.5,2.0,1.0,0.0
2024,9,DAL,Hunter Luepke,2.0,2.0,3.0,3.0,0.0
2024,9,DAL,Cooper Rush,4.0,4.0,0.0,0.0,0.0
2024,9,BAL,Derrick Henry,49.0,2.1,57.0,2.5,5.0
2024,9,BAL,Justice Hill,8.0,1.6,7.0,1.4,0.0
2024,9,BAL,Lamar Jackson,3.0,1.0,1.0,0.3,1.0
2024,9,BAL,Josh Johnson,0.0,0.0,2.0,0.7,0.0
2024,9,DEN,Javonte Williams,26.0,2.2,16.0,1.3,0.0
2024,9,DEN,Bo Nix,23.0,3.8,13.0,2.2,1.0
2024,9,DEN,Audric Estime,9.0,1.8,26.0,5.2,2.0
2024,9,DEN,Jaleel McLaughlin,7.0,1.4,3.0,0.6,0.0
2024,9,DEN,Michael Burton,-1.0,-0.5,0.0,0.0,0.0
2024,9,BUF,James Cook,18.0,1.8,26.0,2.6,0.0
2024,9,BUF,Ray Davis,10.0,2.5,10.0,2.5,0.0
2024,9,BUF,Ty Johnson,14.0,4.7,9.0,3.0,0.0
2024,9,BUF,Josh Allen,2.0,1.0,5.0,2.5,0.0
2024,9,MIA,De'Von Achane,31.0,2.6,32.0,2.7,1.0
2024,9,MIA,Raheem Mostert,21.0,2.1,35.0,3.5,1.0
2024,9,MIA,Jaylen Wright,8.0,1.3,10.0,1.7,0.0
2024,9,MIA,Tua Tagovailoa,3.0,1.5,0.0,0.0,0.0
2024,9,MIA,Malik Washington,2.0,2.0,7.0,7.0,1.0
2024,9,CAR,Chuba Hubbard,17.0,1.1,55.0,3.7,4.0
2024,9,CAR,Bryce Young,4.0,1.0,5.0,1.3,1.0
2024,9,CAR,Miles Sanders,-5.0,-2.5,0.0,0.0,0.0
2024,9,CAR,Xavier Legette,6.0,6.0,0.0,0.0,0.0
2024,9,CAR,Deven Thompkins,-2.0,-2.0,0.0,0.0,0.0
2024,9,NO,Alvin Kamara,51.0,1.8,104.0,3.6,3.0
2024,9,NO,Taysom Hill,6.0,1.2,13.0,2.6,0.0
2024,9,NO,Jordan Mims,4.0,0.8,9.0,1.8,0.0
2024,9,NO,Matthew Hayball,11.0,11.0,0.0,0.0,0.0
2024,9,NO,Jermaine Jackson,-1.0,-1.0,0.0,0.0,0.0
2024,9,CIN,Chase Brown,73.0,2.7,47.0,1.7,1.0
2024,9,CIN,Joe Burrow,10.0,3.3,1.0,0.3,0.0
2024,9,CIN,Jake Browning,-1.0,-1.0,0.0,0.0,0.0
2024,9,LV,Alexander Mattison,25.0,2.8,11.0,1.2,0.0
2024,9,LV,Zamir White,6.0,1.0,4.0,0.7,0.0
2024,9,LV,Ameer Abdullah,9.0,2.3,3.0,0.8,0.0
2024,9,LV,Gardner Minshew II,0.0,0.0,0.0,0.0,0.0
2024,9,LV,Desmond Ridder,2.0,2.0,0.0,0.0,0.0
2024,9,CLE,Nick Chubb,19.0,1.3,20.0,1.3,1.0
2024,9,CLE,Jameis Winston,23.0,4.6,4.0,0.8,0.0
2024,9,CLE,Jerome Ford,5.0,2.5,0.0,0.0,0.0
2024,9,CLE,Pierre Strong,5.0,2.5,3.0,1.5,0.0
2024,9,LAC,J.K. Dobbins,31.0,2.2,54.0,3.9,1.0
2024,9,LAC,Kimani Vidal,3.0,0.6,4.0,0.8,0.0
2024,9,LAC,Justin Herbert,-1.0,-0.3,3.0,1.0,0.0
2024,9,LAC,Quentin Johnston,1.0,1.0,1.0,1.0,0.0
2024,9,NYG,Tyrone Tracy,16.0,1.0,50.0,3.1,2.0
2024,9,NYG,Daniel Jones,33.0,4.7,21.0,3.0,2.0
2024,9,NYG,Devin Singletary,15.0,2.1,18.0,2.6,1.0
2024,9,NYG,Darius Slayton,8.0,8.0,3.0,3.0,0.0
2024,9,WAS,Austin Ekeler,11.0,1.0,31.0,2.8,2.0
2024,9,WAS,Chris Rodriguez,11.0,1.0,41.0,3.7,1.0
2024,9,WAS,Jayden Daniels,24.0,3.0,11.0,1.4,1.0
2024,9,WAS,Jeremy McNichols,6.0,0.8,14.0,1.8,0.0
2024,9,TEN,Tony Pollard,74.0,2.6,54.0,1.9,1.0
2024,9,TEN,Julius Chestnut,16.0,3.2,6.0,1.2,0.0
2024,9,TEN,Mason Rudolph,14.0,3.5,5.0,1.3,0.0
2024,9,TEN,Tyler Boyd,2.0,2.0,1.0,1.0,0.0
2024,9,TEN,Jha'Quan Jackson,-5.0,-5.0,0.0,0.0,0.0
2024,9,NE,Rhamondre Stevenson,10.0,1.0,6.0,0.6,0.0
2024,9,NE,Drake Maye,85.0,10.6,10.0,1.3,0.0
2024,9,NE,Antonio Gibson,-1.0,-1.0,0.0,0.0,0.0
2024,9,NE,Jamycal Hasty,0.0,0.0,0.0,0.0,0.0
2024,9,ARI,James Conner,59.0,3.3,48.0,2.7,2.0
2024,9,ARI,Trey Benson,33.0,4.1,4.0,0.5,0.0
2024,9,ARI,Emari Demercado,14.0,3.5,45.0,11.3,0.0
2024,9,ARI,Kyler Murray,6.0,3.0,0.0,0.0,0.0
2024,9,ARI,DeeJay Dallas,0.0,0.0,2.0,2.0,0.0
2024,9,ARI,Trey McBride,0.0,0.0,2.0,2.0,0.0
2024,9,CHI,D'Andre Swift,29.0,1.8,22.0,1.4,1.0
2024,9,CHI,Caleb Williams,5.0,1.3,0.0,0.0,0.0
2024,9,CHI,Roschon Johnson,6.0,2.0,7.0,2.3,0.0
2024,9,PHI,Saquon Barkley,105.0,3.9,54.0,2.0,1.0
2024,9,PHI,Jalen Hurts,61.0,4.7,6.0,0.5,1.0
2024,9,PHI,Kenneth Gainwell,8.0,1.6,1.0,0.2,0.0
2024,9,PHI,Ainias Smith,2.0,2.0,0.0,0.0,0.0
2024,9,JAX,Tank Bigsby,7.0,0.9,15.0,1.9,1.0
2024,9,JAX,Trevor Lawrence,7.0,1.4,1.0,0.2,0.0
2024,9,JAX,Travis Etienne,14.0,4.7,10.0,3.3,0.0
2024,9,JAX,D'Ernest Johnson,3.0,1.5,3.0,1.5,0.0
2024,9,GB,Josh Jacobs,24.0,1.8,71.0,5.5,0.0
2024,9,GB,Emanuel Wilson,17.0,4.3,11.0,2.8,0.0
2024,9,GB,Jordan Love,0.0,0.0,0.0,0.0,0.0
2024,9,GB,Chris Brooks,3.0,1.5,10.0,5.0,1.0
2024,9,GB,Tucker Kraft,1.0,1.0,1.0,1.0,0.0
2024,9,DET,David Montgomery,23.0,1.4,50.0,2.9,4.0
2024,9,DET,Jahmyr Gibbs,51.0,4.6,14.0,1.3,0.0
2024,9,DET,Jared Goff,-2.0,-0.7,0.0,0.0,0.0
2024,9,DET,Kalif Raymond,-12.0,-12.0,0.0,0.0,0.0
2024,9,SEA,Kenneth Walker III,29.0,1.2,54.0,2.2,0.0
2024,9,SEA,Geno Smith,12.0,2.0,4.0,0.7,0.0
2024,9,SEA,Zach Charbonnet,7.0,3.5,1.0,0.5,0.0
2024,9,LA,Kyren Williams,31.0,1.4,38.0,1.7,0.0
2024,9,LA,Blake Corum,-1.0,-1.0,0.0,0.0,0.0
2024,9,LA,Matthew Stafford,0.0,0.0,0.0,0.0,0.0
2024,9,MIN,Aaron Jones,24.0,1.1,40.0,1.9,1.0
2024,9,MIN,Cam Akers,29.0,4.8,17.0,2.8,0.0
2024,9,MIN,Sam Darnold,0.0,0.0,14.0,3.5,0.0
2024,9,MIN,Jordan Addison,6.0,6.0,3.0,3.0,0.0
2024,9,IND,Jonathan Taylor,23.0,1.8,25.0,1.9,0.0
2024,9,IND,Ashton Dulin,10.0,5.0,7.0,3.5,0.0
2024,9,IND,Joe Flacco,-1.0,-0.5,0.0,0.0,0.0
2024,9,IND,Trey Sermon,3.0,1.5,1.0,0.5,0.0
2024,9,KC,Kareem Hunt,62.0,2.3,44.0,1.6,2.0
2024,9,KC,Carson Steele,5.0,1.7,4.0,1.3,0.0
2024,9,KC,Patrick Mahomes,9.0,4.5,0.0,0.0,0.0
2024,9,KC,Xavier Worthy,-10.0,-5.0,0.0,0.0,0.0
2024,9,KC,Samaje Perine,9.0,9.0,1.0,1.0,0.0
2024,9,TB,Bucky Irving,15.0,2.1,9.0,1.3,0.0
2024,9,TB,Baker Mayfield,16.0,4.0,4.0,1.0,0.0
2024,9,TB,Sean Tucker,5.0,1.7,6.0,2.0,0.0
2024,9,TB,Rachaad White,16.0,5.3,3.0,1.0,0.0
2024,9,TB,Sterling Shepard,19.0,9.5,2.0,1.0,0.0
2024,10,BAL,Derrick Henry,32.0,2.0,36.0,2.3,0.0
2024,10,BAL,Lamar Jackson,14.0,2.0,19.0,2.7,0.0
2024,10,BAL,Justice Hill,-5.0,-2.5,3.0,1.5,0.0
2024,10,CIN,Chase Brown,17.0,1.3,25.0,1.9,1.0
2024,10,CIN,Joe Burrow,4.0,2.0,2.0,1.0,0.0
2024,10,CIN,Tanner Hudson,0.0,0.0,1.0,1.0,0.0
2024,10,CAR,Chuba Hubbard,113.0,4.0,40.0,1.4,0.0
2024,10,CAR,Miles Sanders,3.0,1.5,2.0,1.0,0.0
2024,10,CAR,Bryce Young,29.0,14.5,1.0,0.5,0.0
2024,10,NYG,Tyrone Tracy,66.0,3.7,37.0,2.1,0.0
2024,10,NYG,Devin Singletary,32.0,4.0,8.0,1.0,1.0
2024,10,NYG,Daniel Jones,22.0,3.1,4.0,0.6,0.0
2024,10,NYG,Malik Nabers,-2.0,-2.0,0.0,0.0,0.0
2024,10,CHI,D'Andre Swift,26.0,1.6,33.0,2.1,1.0
2024,10,CHI,Caleb Williams,8.0,4.0,7.0,3.5,0.0
2024,10,CHI,Roschon Johnson,-4.0,-4.0,0.0,0.0,0.0
2024,10,CHI,D.J. Moore,1.0,1.0,2.0,2.0,0.0
2024,10,NE,Rhamondre Stevenson,29.0,1.5,45.0,2.3,1.0
2024,10,NE,Jamycal Hasty,6.0,1.0,14.0,2.3,0.0
2024,10,NE,Antonio Gibson,8.0,1.6,18.0,3.6,0.0
2024,10,NE,Drake Maye,19.0,4.8,5.0,1.3,0.0
2024,10,IND,Jonathan Taylor,86.0,4.1,28.0,1.3,2.0
2024,10,IND,Ashton Dulin,0.0,0.0,7.0,7.0,1.0
2024,10,BUF,James Cook,31.0,1.6,49.0,2.6,3.0
2024,10,BUF,Josh Allen,36.0,4.5,14.0,1.8,1.0
2024,10,BUF,Ray Davis,4.0,1.3,2.0,0.7,0.0
2024,10,BUF,Mitchell Trubisky,-1.0,-1.0,0.0,0.0,0.0
2024,10,JAX,Travis Etienne,17.0,1.5,27.0,2.5,0.0
2024,10,JAX,Mac Jones,6.0,1.2,2.0,0.4,0.0
2024,10,JAX,Tank Bigsby,2.0,1.0,2.0,1.0,0.0
2024,10,MIN,Aaron Jones,46.0,2.7,42.0,2.5,0.0
2024,10,MIN,Cam Akers,18.0,1.4,20.0,1.5,0.0
2024,10,MIN,Sam Darnold,4.0,0.6,24.0,3.4,0.0
2024,10,MIN,Ty Chandler,7.0,1.8,11.0,2.8,0.0
2024,10,MIN,Jordan Addison,4.0,4.0,0.0,0.0,0.0
2024,10,MIN,Jalen Nailor,-7.0,-7.0,0.0,0.0,0.0
2024,10,KC,Kareem Hunt,19.0,1.4,16.0,1.1,0.0
2024,10,KC,Patrick Mahomes,15.0,5.0,4.0,1.3,0.0
2024,10,KC,Carson Steele,1.0,0.5,2.0,1.0,0.0
2024,10,DEN,Audric Estime,33.0,2.4,20.0,1.4,0.0
2024,10,DEN,Marvin Mims,10.0,3.3,7.0,2.3,0.0
2024,10,DEN,Bo Nix,-5.0,-1.7,0.0,0.0,0.0
2024,10,DEN,Jaleel McLaughlin,8.0,4.0,4.0,2.0,0.0
2024,10,DEN,Javonte Williams,0.0,0.0,1.0,1.0,0.0
2024,10,NO,Alvin Kamara,35.0,2.1,20.0,1.2,0.0
2024,10,NO,Derek Carr,17.0,4.3,0.0,0.0,0.0
2024,10,NO,Taysom Hill,10.0,2.5,4.0,1.0,0.0
2024,10,NO,Jordan Mims,7.0,3.5,3.0,1.5,0.0
2024,10,ATL,Bijan Robinson,49.0,2.5,67.0,3.4,3.0
2024,10,ATL,Tyler Allgeier,31.0,2.8,28.0,2.5,0.0
2024,10,ATL,Ray-Ray McCloud,5.0,5.0,1.0,1.0,0.0
2024,10,TB,Bucky Irving,47.0,3.6,26.0,2.0,0.0
2024,10,TB,Rachaad White,18.0,1.8,13.0,1.3,0.0
2024,10,TB,Baker Mayfield,0.0,0.0,3.0,1.0,0.0
2024,10,TB,Sterling Shepard,3.0,3.0,0.0,0.0,0.0
2024,10,SF,Christian McCaffrey,35.0,2.7,4.0,0.3,1.0
2024,10,SF,Brock Purdy,17.0,4.3,0.0,0.0,0.0
2024,10,SF,Deebo Samuel,10.0,3.3,4.0,1.3,0.0
2024,10,SF,Isaac Guerendo,0.0,0.0,0.0,0.0,0.0
2024,10,SF,Jordan Mason,3.0,3.0,2.0,2.0,0.0
2024,10,WAS,Austin Ekeler,31.0,2.4,13.0,1.0,0.0
2024,10,WAS,Jeremy McNichols,4.0,1.0,3.0,0.8,0.0
2024,10,WAS,Jayden Daniels,4.0,1.3,1.0,0.3,0.0
2024,10,WAS,Chris Rodriguez,1.0,0.5,3.0,1.5,0.0
2024,10,PIT,Najee Harris,24.0,1.1,29.0,1.4,4.0
2024,10,PIT,Jaylen Warren,45.0,3.2,21.0,1.5,1.0
2024,10,PIT,Russell Wilson,1.0,0.3,2.0,0.5,0.0
2024,10,PIT,Cordarrelle Patterson,6.0,2.0,8.0,2.7,0.0
2024,10,PIT,George Pickens,2.0,2.0,2.0,2.0,0.0
2024,10,LAC,J.K. Dobbins,19.0,1.3,31.0,2.1,0.0
2024,10,LAC,Gus Edwards,30.0,3.0,25.0,2.5,0.0
2024,10,LAC,Justin Herbert,9.0,1.0,23.0,2.6,0.0
2024,10,LAC,Hassan Haskins,2.0,1.0,2.0,1.0,0.0
2024,10,LAC,Jalen Reagor,-3.0,-1.5,1.0,0.5,0.0
2024,10,LAC,Derius Davis,3.0,3.0,3.0,3.0,0.0
2024,10,TEN,Tony Pollard,10.0,1.1,34.0,3.8,0.0
2024,10,TEN,Tyjae Spears,30.0,4.3,17.0,2.4,3.0
2024,10,TEN,Will Levis,30.0,6.0,11.0,2.2,2.0
2024,10,ARI,James Conner,22.0,1.8,11.0,0.9,0.0
2024,10,ARI,Trey Benson,18.0,1.8,44.0,4.4,2.0
2024,10,ARI,DeeJay Dallas,2.0,0.7,8.0,2.7,0.0
2024,10,ARI,Emari Demercado,0.0,0.0,22.0,7.3,1.0
2024,10,ARI,Kyler Murray,13.0,4.3,8.0,2.7,0.0
2024,10,ARI,Clayton Tune,-1.0,-1.0,0.0,0.0,0.0
2024,10,NYJ,Breece Hall,36.0,3.6,16.0,1.6,0.0
2024,10,NYJ,Braelon Allen,8.0,1.1,19.0,2.7,0.0
2024,10,DAL,Rico Dowdle,26.0,2.2,27.0,2.3,0.0
2024,10,DAL,Ezekiel Elliott,12.0,2.0,10.0,1.7,1.0
2024,10,DAL,Trey Lance,12.0,4.0,5.0,1.7,0.0
2024,10,DAL,Cooper Rush,0.0,0.0,2.0,1.0,0.0
2024,10,DAL,CeeDee Lamb,0.0,0.0,3.0,3.0,1.0
2024,10,PHI,Saquon Barkley,45.0,3.2,21.0,1.5,0.0
2024,10,PHI,Will Shipley,22.0,2.4,12.0,1.3,0.0
2024,10,PHI,Kenneth Gainwell,21.0,3.0,9.0,1.3,0.0
2024,10,PHI,Jalen Hurts,53.0,7.6,3.0,0.4,0.0
2024,10,PHI,Kenny Pickett,0.0,0.0,1.0,1.0,0.0
2024,10,HOU,Joe Mixon,21.0,0.8,25.0,1.0,4.0
2024,10,HOU,Tank Dell,-6.0,-6.0,0.0,0.0,0.0
2024,10,HOU,Dare Ogunbowale,8.0,8.0,3.0,3.0,0.0
2024,10,HOU,C.J. Stroud,5.0,5.0,0.0,0.0,0.0
2024,10,DET,Jahmyr Gibbs,36.0,1.9,35.0,1.8,1.0
2024,10,DET,David Montgomery,13.0,1.1,19.0,1.6,1.0
2024,10,DET,Jared Goff,2.0,2.0,0.0,0.0,0.0
2024,10,LA,Kyren Williams,35.0,2.3,27.0,1.8,0.0
2024,10,LA,Blake Corum,3.0,1.5,5.0,2.5,0.0
2024,10,LA,Matthew Stafford,0.0,0.0,0.0,0.0,0.0
2024,10,MIA,De'Von Achane,20.0,1.7,17.0,1.4,1.0
2024,10,MIA,Jaylen Wright,-1.0,-0.2,4.0,0.8,0.0
2024,10,MIA,Tyreek Hill,6.0,3.0,5.0,2.5,1.0
2024,10,MIA,Tua Tagovailoa,-1.0,-1.0,0.0,0.0,0.0
2024,10,MIA,Jaylen Waddle,-1.0,-1.0,0.0,0.0,0.0
2024,10,MIA,Malik Washington,18.0,18.0,0.0,0.0,0.0
2024,11,PHI,Saquon Barkley,87.0,3.3,59.0,2.3,0.0
2024,11,PHI,Jalen Hurts,27.0,2.7,12.0,1.2,1.0
2024,11,PHI,Kenneth Gainwell,25.0,6.3,18.0,4.5,0.0
2024,11,WAS,Brian Robinson Jr.,22.0,1.4,41.0,2.6,0.0
2024,11,WAS,Jayden Daniels,11.0,1.6,7.0,1.0,0.0
2024,11,WAS,Jeremy McNichols,2.0,0.7,3.0,1.0,0.0
2024,11,WAS,Austin Ekeler,2.0,1.0,5.0,2.5,0.0
2024,11,CHI,D'Andre Swift,52.0,3.7,19.0,1.4,0.0
2024,11,CHI,Roschon Johnson,9.0,0.9,24.0,2.4,0.0
2024,11,CHI,Caleb Williams,64.0,7.1,6.0,0.7,1.0
2024,11,CHI,D.J. Moore,0.0,0.0,5.0,5.0,1.0
2024,11,GB,Josh Jacobs,33.0,1.8,43.0,2.4,1.0
2024,11,GB,Jordan Love,12.0,3.0,6.0,1.5,0.0
2024,11,GB,Emanuel Wilson,8.0,4.0,9.0,4.5,0.0
2024,11,GB,Jayden Reed,-5.0,-5.0,0.0,0.0,0.0
2024,11,DET,David Montgomery,38.0,2.5,37.0,2.5,0.0
2024,11,DET,Jahmyr Gibbs,35.0,3.2,34.0,3.1,2.0
2024,11,DET,Sione Vaki,4.0,0.8,5.0,1.0,0.0
2024,11,DET,Jared Goff,21.0,5.3,0.0,0.0,0.0
2024,11,DET,Hendon Hooker,3.0,0.8,0.0,0.0,0.0
2024,11,DET,Craig Reynolds,17.0,8.5,4.0,2.0,0.0
2024,11,DET,Amon-Ra St. Brown,-4.0,-4.0,0.0,0.0,0.0
2024,11,DET,Jameson Williams,2.0,2.0,0.0,0.0,0.0
2024,11,JAX,Travis Etienne,19.0,1.6,8.0,0.7,0.0
2024,11,JAX,D'Ernest Johnson,2.0,1.0,1.0,0.5,0.0
2024,11,JAX,Mac Jones,7.0,3.5,0.0,0.0,0.0
2024,11,JAX,Brian Thomas,4.0,4.0,0.0,0.0,0.0
2024,11,MIA,De'Von Achane,21.0,1.2,52.0,3.1,0.0
2024,11,MIA,Jaylen Wright,-1.0,-0.2,5.0,1.0,0.0
2024,11,MIA,Raheem Mostert,-3.0,-1.0,1.0,0.3,0.0
2024,11,MIA,Malik Washington,0.0,0.0,7.0,7.0,0.0
2024,11,LV,Alexander Mattison,7.0,1.4,12.0,2.4,0.0
2024,11,LV,Zamir White,3.0,0.6,6.0,1.2,0.0
2024,11,LV,Gardner Minshew II,7.0,3.5,0.0,0.0,0.0
2024,11,LV,Ameer Abdullah,0.0,0.0,1.0,1.0,0.0
2024,11,LV,Brock Bowers,-3.0,-3.0,0.0,0.0,0.0
2024,11,LV,Jakobi Meyers,9.0,9.0,11.0,11.0,0.0
2024,11,LV,Tre Tucker,5.0,5.0,2.0,2.0,0.0
2024,11,NE,Rhamondre Stevenson,49.0,2.5,24.0,1.2,0.0
2024,11,NE,Antonio Gibson,12.0,3.0,6.0,1.5,0.0
2024,11,NE,Drake Maye,27.0,9.0,0.0,0.0,0.0
2024,11,NE,Jamycal Hasty,1.0,0.5,1.0,0.5,0.0
2024,11,NE,Marcus Jones,5.0,5.0,0.0,0.0,0.0
2024,11,LA,Kyren Williams,45.0,3.0,41.0,2.7,3.0
2024,11,LA,Blake Corum,16.0,3.2,5.0,1.0,0.0
2024,11,LA,Matthew Stafford,0.0,0.0,0.0,0.0,0.0
2024,11,NO,Alvin Kamara,45.0,2.8,22.0,1.4,1.0
2024,11,NO,Taysom Hill,41.0,5.9,97.0,13.9,3.0
2024,11,NO,Jake Haener,-2.0,-1.0,0.0,0.0,0.0
2024,11,NO,Jordan Mims,2.0,1.0,1.0,0.5,0.0
2024,11,NO,Derek Carr,6.0,6.0,2.0,2.0,0.0
2024,11,CLE,Nick Chubb,25.0,2.3,25.0,2.3,1.0
2024,11,CLE,Jerome Ford,6.0,1.2,4.0,0.8,0.0
2024,11,CLE,Pierre Strong,2.0,1.0,3.0,1.5,0.0
2024,11,CLE,Kadarius Toney,-7.0,-7.0,0.0,0.0,0.0
2024,11,CLE,Jameis Winston,8.0,8.0,0.0,0.0,0.0
2024,11,NYJ,Breece Hall,29.0,1.8,49.0,3.1,2.0
2024,11,NYJ,Braelon Allen,3.0,1.5,3.0,1.5,0.0
2024,11,NYJ,Tyler Conklin,0.0,0.0,0.0,0.0,0.0
2024,11,NYJ,Aaron Rodgers,7.0,7.0,0.0,0.0,0.0
2024,11,IND,Jonathan Taylor,17.0,0.7,40.0,1.7,0.0
2024,11,IND,Anthony Richardson,11.0,1.1,21.0,2.1,3.0
2024,11,IND,Adonai Mitchell,0.0,0.0,2.0,2.0,0.0
2024,11,PIT,Najee Harris,36.0,2.0,27.0,1.5,2.0
2024,11,PIT,Jaylen Warren,33.0,3.7,8.0,0.9,0.0
2024,11,PIT,Russell Wilson,0.0,0.0,1.0,0.3,0.0
2024,11,PIT,Justin Fields,17.0,8.5,0.0,0.0,0.0
2024,11,PIT,Cordarrelle Patterson,0.0,0.0,0.0,0.0,0.0
2024,11,BAL,Derrick Henry,40.0,3.1,25.0,1.9,1.0
2024,11,BAL,Lamar Jackson,43.0,10.8,3.0,0.8,0.0
2024,11,BAL,Justice Hill,6.0,3.0,7.0,3.5,0.0
2024,11,TEN,Tony Pollard,7.0,0.8,8.0,0.9,1.0
2024,11,TEN,Will Levis,16.0,2.3,2.0,0.3,0.0
2024,11,TEN,Tyjae Spears,0.0,0.0,0.0,0.0,0.0
2024,11,MIN,Aaron Jones,29.0,1.9,10.0,0.7,0.0
2024,11,MIN,Cam Akers,17.0,1.7,8.0,0.8,0.0
2024,11,MIN,Sam Darnold,12.0,1.5,6.0,0.8,0.0
2024,11,DEN,Javonte Williams,34.0,3.8,25.0,2.8,0.0
2024,11,DEN,Audric Estime,10.0,1.7,6.0,1.0,0.0
2024,11,DEN,Jaleel McLaughlin,13.0,3.3,6.0,1.5,0.0
2024,11,DEN,Marvin Mims,4.0,1.3,0.0,0.0,0.0
2024,11,DEN,Michael Burton,0.0,0.0,2.0,1.0,0.0
2024,11,DEN,Bo Nix,5.0,2.5,0.0,0.0,0.0
2024,11,ATL,Bijan Robinson,22.0,1.8,13.0,1.1,0.0
2024,11,ATL,Jase McClellan,6.0,0.8,9.0,1.1,0.0
2024,11,ATL,Kirk Cousins,0.0,0.0,0.0,0.0,0.0
2024,11,SF,Christian McCaffrey,42.0,2.2,37.0,1.9,0.0
2024,11,SF,Brock Purdy,34.0,6.8,6.0,1.2,0.0
2024,11,SF,Jordan Mason,11.0,5.5,2.0,1.0,0.0
2024,11,SF,Deebo Samuel,-1.0,-1.0,0.0,0.0,0.0
2024,11,SEA,Kenneth Walker III,13.0,0.9,41.0,2.9,4.0
2024,11,SEA,Zach Charbonnet,0.0,0.0,3.0,0.8,0.0
2024,11,SEA,Geno Smith,29.0,7.3,0.0,0.0,0.0
2024,11,SEA,Jaxon Smith-Njigba,4.0,4.0,4.0,4.0,0.0
2024,11,BUF,Josh Allen,29.0,2.4,26.0,2.2,1.0
2024,11,BUF,James Cook,16.0,1.8,4.0,0.4,2.0
2024,11,BUF,Ray Davis,5.0,1.0,6.0,1.2,0.0
2024,11,BUF,Ty Johnson,9.0,1.8,9.0,1.8,0.0
2024,11,KC,Kareem Hunt,33.0,2.4,27.0,1.9,0.0
2024,11,KC,Mecole Hardman,9.0,9.0,0.0,0.0,0.0
2024,11,KC,Carson Steele,0.0,0.0,2.0,2.0,0.0
2024,11,KC,Xavier Worthy,7.0,7.0,0.0,0.0,0.0
2024,11,LAC,J.K. Dobbins,17.0,1.5,39.0,3.5,3.0
2024,11,LAC,Gus Edwards,13.0,2.2,14.0,2.3,1.0
2024,11,LAC,Justin Herbert,65.0,13.0,0.0,0.0,0.0
2024,11,LAC,Hassan Haskins,1.0,0.5,0.0,0.0,0.0
2024,11,LAC,Derius Davis,4.0,4.0,2.0,2.0,0.0
2024,11,CIN,Chase Brown,36.0,1.6,50.0,2.3,4.0
2024,11,CIN,Joe Burrow,9.0,4.5,19.0,9.5,0.0
2024,11,CIN,Drew Sample,-4.0,-4.0,0.0,0.0,0.0
2024,11,DAL,Rico Dowdle,5.0,0.5,23.0,2.3,0.0
2024,11,DAL,Deuce Vaughn,8.0,2.0,5.0,1.3,0.0
2024,11,DAL,Cooper Rush,0.0,0.0,2.0,1.0,0.0
2024,11,DAL,Ezekiel Elliott,6.0,6.0,2.0,2.0,0.0
2024,11,DAL,CeeDee Lamb,0.0,0.0,13.0,13.0,0.0
2024,11,HOU,Joe Mixon,79.0,4.0,30.0,1.5,2.0
2024,11,HOU,C.J. Stroud,26.0,8.7,0.0,0.0,0.0
2024,11,HOU,Tank Dell,0.0,0.0,4.0,4.0,0.0
2024,11,HOU,Dameon Pierce,0.0,0.0,2.0,2.0,0.0
2024,12,CLE,Nick Chubb,27.0,1.4,32.0,1.6,0.0
2024,12,CLE,Jerome Ford,6.0,1.5,13.0,3.3,0.0
2024,12,CLE,Jameis Winston,5.0,1.7,2.0,0.7,0.0
2024,12,PIT,Najee Harris,18.0,1.1,23.0,1.4,0.0
2024,12,PIT,Jaylen Warren,24.0,2.2,21.0,1.9,0.0
2024,12,PIT,Justin Fields,26.0,8.7,0.0,0.0,0.0
2024,12,PIT,Russell Wilson,10.0,3.3,0.0,0.0,0.0
2024,12,PIT,Cordarrelle Patterson,-2.0,-2.0,0.0,0.0,0.0
2024,12,CAR,Chuba Hubbard,26.0,1.6,32.0,2.0,1.0
2024,12,CAR,Bryce Young,16.0,5.3,4.0,1.3,0.0
2024,12,CAR,Jonathon Brooks,4.0,2.0,3.0,1.5,0.0
2024,12,KC,Kareem Hunt,37.0,2.3,31.0,1.9,0.0
2024,12,KC,Patrick Mahomes,57.0,11.4,3.0,0.6,0.0
2024,12,KC,Mecole Hardman,5.0,2.5,10.0,5.0,2.0
2024,12,KC,Samaje Perine,9.0,9.0,4.0,4.0,0.0
2024,12,KC,Carson Steele,1.0,1.0,3.0,3.0,0.0
2024,12,KC,Xavier Worthy,2.0,2.0,3.0,3.0,0.0
2024,12,CHI,D'Andre Swift,15.0,1.2,15.0,1.2,0.0
2024,12,CHI,Caleb Williams,33.0,5.5,0.0,0.0,0.0
2024,12,CHI,Roschon Johnson,2.0,1.0,0.0,0.0,0.0
2024,12,CHI,D.J. Moore,11.0,11.0,2.0,2.0,0.0
2024,12,MIN,Aaron Jones,46.0,2.1,60.0,2.7,0.0
2024,12,MIN,Cam Akers,16.0,5.3,3.0,1.0,0.0
2024,12,MIN,Sam Darnold,-1.0,-0.5,0.0,0.0,0.0
2024,12,HOU,Joe Mixon,3.0,0.2,19.0,1.4,1.0
2024,12,HOU,C.J. Stroud,17.0,5.7,1.0,0.3,0.0
2024,12,TEN,Tony Pollard,55.0,2.3,64.0,2.7,3.0
2024,12,TEN,Will Levis,9.0,1.1,1.0,0.1,0.0
2024,12,TEN,Julius Chestnut,0.0,0.0,3.0,3.0,0.0
2024,12,IND,Jonathan Taylor,17.0,1.5,18.0,1.6,1.0
2024,12,IND,Anthony Richardson,39.0,3.9,22.0,2.2,2.0
2024,12,DET,Jahmyr Gibbs,52.0,2.5,38.0,1.8,2.0
2024,12,DET,David Montgomery,15.0,1.9,22.0,2.8,3.0
2024,12,DET,Jared Goff,0.0,0.0,0.0,0.0,0.0
2024,12,DET,Craig Reynolds,5.0,5.0,1.0,1.0,0.0
2024,12,DET,Jameson Williams,3.0,3.0,1.0,1.0,0.0
2024,12,MIA,De'Von Achane,24.0,2.4,8.0,0.8,1.0
2024,12,MIA,Jaylen Wright,15.0,2.1,13.0,1.9,1.0
2024,12,MIA,Tua Tagovailoa,-2.0,-0.7,0.0,0.0,0.0
2024,12,MIA,Raheem Mostert,3.0,1.5,2.0,1.0,0.0
2024,12,MIA,Jonnu Smith,0.0,0.0,0.0,0.0,0.0
2024,12,MIA,Malik Washington,2.0,2.0,0.0,0.0,0.0
2024,12,NE,Rhamondre Stevenson,9.0,1.1,4.0,0.5,0.0
2024,12,NE,Antonio Gibson,21.0,3.5,10.0,1.7,0.0
2024,12,NE,Drake Maye,19.0,3.8,7.0,1.4,0.0
2024,12,NE,Demario Douglas,1.0,1.0,0.0,0.0,0.0
2024,12,NE,Jamycal Hasty,14.0,14.0,1.0,1.0,0.0
2024,12,NYG,Tyrone Tracy,25.0,2.8,17.0,1.9,0.0
2024,12,NYG,Tommy DeVito,28.0,4.0,4.0,0.6,0.0
2024,12,NYG,Devin Singletary,1.0,0.5,2.0,1.0,0.0
2024,12,NYG,Eric Gray,-1.0,-1.0,0.0,0.0,0.0
2024,12,NYG,Wan'Dale Robinson,0.0,0.0,0.0,0.0,0.0
2024,12,TB,Bucky Irving,16.0,1.3,71.0,5.9,1.0
2024,12,TB,Rachaad White,14.0,1.2,23.0,1.9,0.0
2024,12,TB,Baker Mayfield,26.0,6.5,3.0,0.8,0.0
2024,12,TB,Sean Tucker,1.0,0.3,2.0,0.5,0.0
2024,12,WAS,Austin Ekeler,17.0,1.9,5.0,0.6,0.0
2024,12,WAS,Jayden Daniels,71.0,10.1,3.0,0.4,0.0
2024,12,WAS,Brian Robinson Jr.,4.0,0.8,9.0,1.8,0.0
2024,12,WAS,Jeremy McNichols,18.0,6.0,4.0,1.3,0.0
2024,12,WAS,Dyami Brown,12.0,12.0,2.0,2.0,0.0
2024,12,DAL,Rico Dowdle,52.0,2.7,34.0,1.8,0.0
2024,12,DAL,Cooper Rush,1.0,0.3,0.0,0.0,0.0
2024,12,DAL,Ezekiel Elliott,3.0,1.0,3.0,1.0,0.0
2024,12,DAL,CeeDee Lamb,1.0,1.0,0.0,0.0,0.0
2024,12,DAL,Trey Lance,-3.0,-3.0,0.0,0.0,0.0
2024,12,LV,Ameer Abdullah,14.0,1.8,14.0,1.8,1.0
2024,12,LV,Sincere McCormick,23.0,4.6,10.0,2.0,0.0
2024,12,LV,Gardner Minshew II,5.0,2.5,0.0,0.0,0.0
2024,12,LV,Desmond Ridder,3.0,3.0,0.0,0.0,0.0
2024,12,DEN,Javonte Williams,-10.0,-1.3,8.0,1.0,0.0
2024,12,DEN,Jaleel McLaughlin,31.0,4.4,13.0,1.9,0.0
2024,12,DEN,Audric Estime,5.0,1.7,10.0,3.3,0.0
2024,12,DEN,Marvin Mims,-3.0,-1.5,1.0,0.5,0.0
2024,12,DEN,Michael Burton,2.0,2.0,1.0,1.0,0.0
2024,12,DEN,Bo Nix,5.0,5.0,0.0,0.0,0.0
2024,12,GB,Josh Jacobs,32.0,1.2,74.0,2.8,10.0
2024,12,GB,Emanuel Wilson,27.0,3.0,14.0,1.6,1.0
2024,12,GB,Chris Brooks,1.0,0.3,10.0,2.5,1.0
2024,12,GB,Jordan Love,1.0,1.0,1.0,1.0,0.0
2024,12,GB,Bo Melton,5.0,5.0,0.0,0.0,0.0
2024,12,GB,Christian Watson,0.0,0.0,4.0,4.0,1.0
2024,12,SF,Christian McCaffrey,9.0,0.8,22.0,2.0,0.0
2024,12,SF,Jordan Mason,5.0,1.7,3.0,1.0,1.0
2024,12,SF,Brandon Allen,5.0,2.5,0.0,0.0,0.0
2024,12,SEA,Kenneth Walker III,17.0,1.1,24.0,1.5,2.0
2024,12,SEA,Zach Charbonnet,14.0,2.3,8.0,1.3,1.0
2024,12,SEA,Geno Smith,2.0,0.7,0.0,0.0,0.0
2024,12,ARI,James Conner,3.0,0.4,5.0,0.7,0.0
2024,12,ARI,Trey Benson,11.0,2.8,7.0,1.8,0.0
2024,12,ARI,Kyler Murray,5.0,2.5,4.0,2.0,1.0
2024,12,ARI,Emari Demercado,12.0,12.0,2.0,2.0,0.0
2024,12,LA,Kyren Williams,30.0,1.9,42.0,2.6,3.0
2024,12,LA,Blake Corum,3.0,3.0,2.0,2.0,0.0
2024,12,LA,Matthew Stafford,15.0,15.0,0.0,0.0,0.0
2024,12,PHI,Saquon Barkley,191.0,7.3,64.0,2.5,3.0
2024,12,PHI,Jalen Hurts,25.0,2.1,14.0,1.2,0.0
2024,12,PHI,Kenneth Gainwell,8.0,1.6,14.0,2.8,0.0
2024,12,PHI,Kenny Pickett,-2.0,-1.0,0.0,0.0,0.0
2024,12,LAC,Gus Edwards,-1.0,-0.1,12.0,1.3,0.0
2024,12,LAC,J.K. Dobbins,34.0,5.7,6.0,1.0,0.0
2024,12,LAC,Justin Herbert,29.0,7.3,0.0,0.0,0.0
2024,12,LAC,Hassan Haskins,0.0,0.0,3.0,3.0,0.0
2024,12,BAL,Derrick Henry,66.0,2.8,74.0,3.1,5.0
2024,12,BAL,Lamar Jackson,10.0,1.3,5.0,0.6,0.0
2024,12,BAL,Justice Hill,4.0,1.0,51.0,12.8,1.0
2024,12,BAL,Mark Andrews,1.0,1.0,1.0,1.0,0.0
2024,13,DET,David Montgomery,42.0,2.0,46.0,2.2,1.0
2024,13,DET,Jahmyr Gibbs,26.0,2.9,61.0,6.8,1.0
2024,13,DET,Jameson Williams,11.0,5.5,7.0,3.5,0.0
2024,13,DET,Jared Goff,0.0,0.0,1.0,1.0,0.0
2024,13,CHI,D'Andre Swift,14.0,1.3,25.0,2.3,0.0
2024,13,CHI,Caleb Williams,35.0,8.8,4.0,1.0,0.0
2024,13,DAL,Rico Dowdle,112.0,5.1,0.0,0.0,0.0
2024,13,DAL,Cooper Rush,0.0,0.0,0.0,0.0,0.0
2024,13,DAL,Hunter Luepke,4.0,1.3,0.0,0.0,0.0
2024,13,DAL,Ezekiel Elliott,4.0,4.0,0.0,0.0,0.0
2024,13,DAL,KaVontae Turpin,2.0,2.0,0.0,0.0,0.0
2024,13,NYG,Tyrone Tracy,32.0,3.6,0.0,0.0,0.0
2024,13,NYG,Devin Singletary,23.0,3.3,0.0,0.0,0.0
2024,13,NYG,Drew Lock,57.0,14.3,0.0,0.0,0.0
2024,13,NYG,Malik Nabers,4.0,4.0,0.0,0.0,0.0
2024,13,GB,Josh Jacobs,43.0,2.3,0.0,0.0,0.0
2024,13,GB,Chris Brooks,28.0,9.3,0.0,0.0,0.0
2024,13,GB,Emanuel Wilson,20.0,10.0,0.0,0.0,0.0
2024,13,GB,Jayden Reed,23.0,23.0,0.0,0.0,0.0
2024,13,MIA,De'Von Achane,14.0,2.0,0.0,0.0,0.0
2024,13,MIA,Raheem Mostert,19.0,3.8,0.0,0.0,0.0
2024,13,MIA,Tua Tagovailoa,6.0,3.0,0.0,0.0,0.0
2024,13,KC,Kareem Hunt,15.0,2.1,0.0,0.0,0.0
2024,13,KC,Isiah Pacheco,44.0,6.3,0.0,0.0,0.0
2024,13,KC,Patrick Mahomes,4.0,2.0,0.0,0.0,0.0
2024,13,LV,Sincere McCormick,64.0,5.3,0.0,0.0,0.0
2024,13,LV,Ameer Abdullah,39.0,3.9,0.0,0.0,0.0
2024,13,LV,Brock Bowers,2.0,2.0,0.0,0.0,0.0
2024,13,LV,Aidan O'Connell,0.0,0.0,0.0,0.0,0.0
2024,13,LV,Tre Tucker,11.0,11.0,0.0,0.0,0.0
2024,13,ATL,Bijan Robinson,47.0,1.8,55.0,2.1,3.0
2024,13,ATL,Tyler Allgeier,11.0,1.4,5.0,0.6,0.0
2024,13,ATL,Kirk Cousins,2.0,2.0,1.0,1.0,0.0
2024,13,ATL,Drake London,-3.0,-3.0,0.0,0.0,0.0
2024,13,ATL,Ray-Ray McCloud,-2.0,-2.0,0.0,0.0,0.0
2024,13,LAC,Gus Edwards,10.0,1.7,22.0,3.7,3.0
2024,13,LAC,Justin Herbert,-2.0,-0.4,3.0,0.6,0.0
2024,13,LAC,Kimani Vidal,5.0,1.3,15.0,3.8,1.0
2024,13,LAC,Derius Davis,1.0,1.0,2.0,2.0,0.0
2024,13,LAC,Hassan Haskins,0.0,0.0,0.0,0.0,0.0
2024,13,CIN,Chase Brown,40.0,3.3,30.0,2.5,1.0
2024,13,CIN,Joe Burrow,8.0,4.0,1.0,0.5,0.0
2024,13,CIN,Khalil Herbert,11.0,11.0,3.0,3.0,0.0
2024,13,PIT,Najee Harris,37.0,2.3,38.0,2.4,2.0
2024,13,PIT,Cordarrelle Patterson,1.0,0.3,15.0,5.0,2.0
2024,13,PIT,Jaylen Warren,6.0,2.0,3.0,1.0,0.0
2024,13,PIT,Russell Wilson,3.0,1.0,0.0,0.0,0.0
2024,13,PIT,Justin Fields,7.0,7.0,0.0,0.0,0.0
2024,13,JAX,Travis Etienne,28.0,2.2,18.0,1.4,0.0
2024,13,JAX,Tank Bigsby,7.0,1.0,21.0,3.0,0.0
2024,13,JAX,Mac Jones,4.0,1.3,2.0,0.7,0.0
2024,13,JAX,Trevor Lawrence,6.0,6.0,0.0,0.0,0.0
2024,13,JAX,Brian Thomas,9.0,9.0,2.0,2.0,0.0
2024,13,HOU,Joe Mixon,53.0,2.7,48.0,2.4,2.0
2024,13,HOU,C.J. Stroud,4.0,0.8,3.0,0.6,0.0
2024,13,MIN,Aaron Jones,12.0,2.4,10.0,2.0,0.0
2024,13,MIN,Cam Akers,1.0,0.3,21.0,5.3,1.0
2024,13,MIN,Sam Darnold,17.0,4.3,5.0,1.3,1.0
2024,13,MIN,Ty Chandler,2.0,1.0,0.0,0.0,0.0
2024,13,ARI,James Conner,33.0,1.9,35.0,2.1,0.0
2024,13,ARI,Kyler Murray,46.0,6.6,2.0,0.3,0.0
2024,13,ARI,Trey Benson,17.0,5.7,3.0,1.0,0.0
2024,13,ARI,Emari Demercado,7.0,2.3,5.0,1.7,0.0
2024,13,ARI,Greg Dortch,4.0,4.0,2.0,2.0,0.0
2024,13,NE,Rhamondre Stevenson,36.0,2.0,37.0,2.1,1.0
2024,13,NE,Antonio Gibson,15.0,2.1,47.0,6.7,3.0
2024,13,NE,Drake Maye,36.0,7.2,23.0,4.6,0.0
2024,13,NE,Kendrick Bourne,3.0,3.0,3.0,3.0,0.0
2024,13,IND,Jonathan Taylor,52.0,2.1,44.0,1.8,2.0
2024,13,IND,Anthony Richardson,33.0,3.7,15.0,1.7,1.0
2024,13,NYJ,Breece Hall,40.0,3.3,20.0,1.7,0.0
2024,13,NYJ,Braelon Allen,5.0,1.0,6.0,1.2,1.0
2024,13,NYJ,Aaron Rodgers,6.0,3.0,0.0,0.0,0.0
2024,13,NYJ,Malachi Corley,8.0,8.0,0.0,0.0,0.0
2024,13,NYJ,Isaiah Davis,1.0,1.0,3.0,3.0,0.0
2024,13,SEA,Kenneth Walker III,25.0,1.6,24.0,1.5,2.0
2024,13,SEA,Zach Charbonnet,10.0,2.5,18.0,4.5,0.0
2024,13,SEA,Geno Smith,2.0,1.0,0.0,0.0,0.0
2024,13,SEA,Jaxon Smith-Njigba,4.0,4.0,1.0,1.0,0.0
2024,13,WAS,Brian Robinson Jr.,76.0,4.8,27.0,1.7,0.0
2024,13,WAS,Chris Rodriguez,43.0,3.3,51.0,3.9,0.0
2024,13,WAS,Jayden Daniels,26.0,2.9,8.0,0.9,0.0
2024,13,WAS,Jeremy McNichols,14.0,2.3,18.0,3.0,1.0
2024,13,WAS,Dyami Brown,1.0,1.0,3.0,3.0,0.0
2024,13,TEN,Tony Pollard,19.0,2.4,16.0,2.0,1.0
2024,13,TEN,Will Levis,-3.0,-1.5,0.0,0.0,0.0
2024,13,TEN,Tyjae Spears,2.0,2.0,1.0,1.0,0.0
2024,13,CAR,Chuba Hubbard,22.0,1.8,21.0,1.8,0.0
2024,13,CAR,Jonathon Brooks,7.0,1.2,11.0,1.8,1.0
2024,13,CAR,Bryce Young,12.0,4.0,5.0,1.7,0.0
2024,13,TB,Bucky Irving,72.0,2.9,80.0,3.2,1.0
2024,13,TB,Rachaad White,17.0,1.5,59.0,5.4,0.0
2024,13,TB,Baker Mayfield,-2.0,-0.7,10.0,3.3,0.0
2024,13,NO,Alvin Kamara,72.0,3.1,40.0,1.7,1.0
2024,13,NO,Taysom Hill,7.0,1.4,3.0,0.6,0.0
2024,13,NO,Derek Carr,12.0,6.0,0.0,0.0,0.0
2024,13,NO,Kevin Austin,8.0,8.0,1.0,1.0,0.0
2024,13,LA,Kyren Williams,51.0,3.4,53.0,3.5,2.0
2024,13,LA,Blake Corum,30.0,3.8,12.0,1.5,0.0
2024,13,LA,Matthew Stafford,0.0,0.0,3.0,0.8,0.0
2024,13,LA,Tutu Atwell,0.0,0.0,0.0,0.0,0.0
2024,13,LA,Puka Nacua,4.0,4.0,3.0,3.0,0.0
2024,13,BAL,Derrick Henry,23.0,1.2,59.0,3.1,6.0
2024,13,BAL,Lamar Jackson,47.0,5.9,32.0,4.0,0.0
2024,13,BAL,Justice Hill,0.0,0.0,6.0,2.0,1.0
2024,13,BAL,Mark Andrews,0.0,0.0,2.0,2.0,0.0
2024,13,BAL,Zay Flowers,-3.0,-3.0,0.0,0.0,0.0
2024,13,PHI,Saquon Barkley,29.0,1.3,78.0,3.4,4.0
2024,13,PHI,Jalen Hurts,23.0,2.6,6.0,0.7,0.0
2024,13,PHI,Will Shipley,0.0,0.0,4.0,4.0,0.0
2024,13,BUF,James Cook,93.0,6.6,14.0,1.0,0.0
2024,13,BUF,Ray Davis,35.0,3.2,28.0,2.5,1.0
2024,13,BUF,Ty Johnson,16.0,3.2,12.0,2.4,0.0
2024,13,BUF,Mitchell Trubisky,-3.0,-0.8,0.0,0.0,0.0
2024,13,BUF,Josh Allen,11.0,3.7,7.0,2.3,1.0
2024,13,BUF,Curtis Samuel,7.0,7.0,0.0,0.0,0.0
2024,13,SF,Jordan Mason,36.0,2.8,42.0,3.2,4.0
2024,13,SF,Christian McCaffrey,30.0,4.3,23.0,3.3,2.0
2024,13,SF,Isaac Guerendo,6.0,1.5,13.0,3.3,2.0
2024,13,SF,Brock Purdy,3.0,1.5,1.0,0.5,0.0
2024,13,SF,Kyle Juszczyk,-1.0,-1.0,0.0,0.0,0.0
2024,13,DEN,Jaleel McLaughlin,65.0,4.6,19.0,1.4,1.0
2024,13,DEN,Javonte Williams,1.0,0.3,0.0,0.0,0.0
2024,13,DEN,Audric Estime,4.0,1.3,8.0,2.7,0.0
2024,13,DEN,Bo Nix,4.0,1.3,0.0,0.0,0.0
2024,13,DEN,Michael Burton,1.0,1.0,0.0,0.0,0.0
2024,13,DEN,Marvin Mims,2.0,2.0,2.0,2.0,0.0
2024,13,CLE,Nick Chubb,8.0,0.9,13.0,1.4,1.0
2024,13,CLE,Jerome Ford,14.0,1.6,27.0,3.0,1.0
2024,13,CLE,Jameis Winston,11.0,3.7,0.0,0.0,0.0
2024,13,CLE,Elijah Moore,1.0,1.0,0.0,0.0,0.0
2024,13,CLE,Kadarius Toney,0.0,0.0,3.0,3.0,1.0
2024,14,DET,Jahmyr Gibbs,3.0,0.2,40.0,2.7,2.0
2024,14,DET,David Montgomery,17.0,1.2,34.0,2.4,0.0
2024,14,DET,Jared Goff,6.0,1.5,1.0,0.3,0.0
2024,14,DET,Amon-Ra St. Brown,8.0,8.0,2.0,2.0,0.0
2024,14,GB,Josh Jacobs,27.0,1.5,39.0,2.2,1.0
2024,14,GB,Jordan Love,19.0,4.8,4.0,1.0,0.0
2024,14,GB,Chris Brooks,2.0,2.0,1.0,1.0,0.0
2024,14,GB,Emanuel Wilson,5.0,5.0,2.0,2.0,0.0
2024,14,MIA,De'Von Achane,11.0,0.8,13.0,0.9,0.0
2024,14,MIA,Jaylen Wright,3.0,1.5,4.0,2.0,0.0
2024,14,MIA,Tyreek Hill,5.0,5.0,1.0,1.0,0.0
2024,14,MIA,Tua Tagovailoa,3.0,3.0,0.0,0.0,0.0
2024,14,MIA,Jeff Wilson,3.0,3.0,1.0,1.0,0.0
2024,14,NYJ,Braelon Allen,24.0,2.2,19.0,1.7,1.0
2024,14,NYJ,Isaiah Davis,12.0,1.2,28.0,2.8,3.0
2024,14,MIN,Aaron Jones,36.0,2.8,37.0,2.8,4.0
2024,14,MIN,Cam Akers,7.0,1.4,30.0,6.0,3.0
2024,14,MIN,Sam Darnold,6.0,1.5,1.0,0.3,0.0
2024,14,MIN,Nick Mullens,-2.0,-1.0,0.0,0.0,0.0
2024,14,ATL,Bijan Robinson,26.0,1.2,66.0,3.0,2.0
2024,14,ATL,Tyler Allgeier,17.0,1.9,46.0,5.1,2.0
2024,14,ATL,Ray-Ray McCloud,0.0,0.0,3.0,3.0,0.0
2024,14,NYG,Tyrone Tracy Jr.,36.0,2.3,9.0,0.6,0.0
2024,14,NYG,Drew Lock,58.0,11.6,1.0,0.2,0.0
2024,14,NYG,Devin Singletary,8.0,4.0,0.0,0.0,0.0
2024,14,NO,Alvin Kamara,19.0,1.1,25.0,1.5,0.0
2024,14,NO,Kendre Miller,15.0,1.5,17.0,1.7,2.0
2024,14,NO,Jamaal Williams,2.0,0.7,3.0,1.0,0.0
2024,14,NO,Derek Carr,12.0,6.0,0.0,0.0,0.0
2024,14,NO,Jake Haener,-1.0,-1.0,0.0,0.0,0.0
2024,14,PHI,Saquon Barkley,85.0,4.3,39.0,2.0,1.0
2024,14,PHI,Jalen Hurts,42.0,5.3,17.0,2.1,1.0
2024,14,PHI,Kenneth Gainwell,14.0,4.7,12.0,4.0,1.0
2024,14,CAR,Chuba Hubbard,53.0,2.0,39.0,1.5,3.0
2024,14,CAR,Bryce Young,28.0,4.0,1.0,0.1,0.0
2024,14,CAR,Jonathon Brooks,-3.0,-3.0,0.0,0.0,0.0
2024,14,PIT,Najee Harris,39.0,2.4,14.0,0.9,0.0
2024,14,PIT,Jaylen Warren,15.0,1.7,32.0,3.6,3.0
2024,14,PIT,Russell Wilson,16.0,2.7,1.0,0.2,0.0
2024,14,PIT,Cordarrelle Patterson,1.0,0.3,2.0,0.5,0.0
2024,14,CLE,Nick Chubb,32.0,2.9,16.0,1.5,0.0
2024,14,CLE,Jerome Ford,14.0,1.4,14.0,1.4,0.0
2024,14,CLE,Jameis Winston,24.0,6.0,4.0,1.0,0.0
2024,14,TB,Rachaad White,37.0,2.2,53.0,3.1,4.0
2024,14,TB,Bucky Irving,-3.0,-0.8,6.0,1.5,0.0
2024,14,TB,Sean Tucker,11.0,3.7,36.0,12.0,1.0
2024,14,TB,Baker Mayfield,12.0,6.0,0.0,0.0,0.0
2024,14,LV,Sincere McCormick,24.0,1.6,54.0,3.6,3.0
2024,14,LV,Aidan O'Connell,3.0,0.5,3.0,0.5,0.0
2024,14,LV,Desmond Ridder,3.0,1.5,0.0,0.0,0.0
2024,14,LV,Ameer Abdullah,1.0,1.0,0.0,0.0,0.0
2024,14,LV,Brock Bowers,2.0,2.0,1.0,1.0,0.0
2024,14,TEN,Tony Pollard,28.0,1.3,74.0,3.5,0.0
2024,14,TEN,Tyjae Spears,9.0,1.5,12.0,2.0,0.0
2024,14,TEN,Will Levis,1.0,1.0,2.0,2.0,0.0
2024,14,JAX,Tank Bigsby,13.0,0.7,42.0,2.3,1.0
2024,14,JAX,Travis Etienne,11.0,2.8,9.0,2.3,0.0
2024,14,JAX,Mac Jones,3.0,1.0,0.0,0.0,0.0
2024,14,JAX,Devin Duvernay,-7.0,-7.0,0.0,0.0,0.0
2024,14,ARI,James Conner,59.0,3.3,31.0,1.7,0.0
2024,14,ARI,Kyler Murray,16.0,5.3,0.0,0.0,0.0
2024,14,ARI,Trey Benson,1.0,0.5,14.0,7.0,0.0
2024,14,SEA,Zach Charbonnet,39.0,1.8,95.0,4.3,3.0
2024,14,SEA,Kenny McIntosh,20.0,2.9,18.0,2.6,0.0
2024,14,SEA,Geno Smith,0.0,0.0,0.0,0.0,0.0
2024,14,SEA,Jaxon Smith-Njigba,4.0,4.0,0.0,0.0,0.0
2024,14,LA,Kyren Williams,46.0,1.6,41.0,1.4,0.0
2024,14,LA,Blake Corum,15.0,1.9,19.0,2.4,0.0
2024,14,LA,Puka Nacua,10.0,2.0,6.0,1.2,1.0
2024,14,BUF,Josh Allen,40.0,4.0,42.0,4.2,2.0
2024,14,BUF,James Cook,12.0,2.0,8.0,1.3,0.0
2024,14,BUF,Curtis Samuel,0.0,0.0,1.0,1.0,0.0
2024,14,SF,Isaac Guerendo,35.0,2.3,43.0,2.9,0.0
2024,14,SF,Patrick Taylor,12.0,1.7,13.0,1.9,0.0
2024,14,SF,Brock Purdy,9.0,1.8,2.0,0.4,0.0
2024,14,SF,Deebo Samuel,1.0,0.2,12.0,2.4,0.0
2024,14,SF,Ke'Shawn Vaughn,2.0,1.0,2.0,1.0,0.0
2024,14,CHI,D'Andre Swift,21.0,1.5,17.0,1.2,0.0
2024,14,CHI,Caleb Williams,18.0,4.5,9.0,2.3,2.0
2024,14,CHI,Darrynton Evans,2.0,0.7,1.0,0.3,0.0
2024,14,KC,Isiah Pacheco,29.0,2.1,26.0,1.9,0.0
2024,14,KC,Kareem Hunt,9.0,1.8,7.0,1.4,0.0
2024,14,KC,Patrick Mahomes,17.0,4.3,0.0,0.0,0.0
2024,14,KC,Samaje Perine,3.0,3.0,0.0,0.0,0.0
2024,14,KC,Xavier Worthy,0.0,0.0,5.0,5.0,1.0
2024,14,LAC,Gus Edwards,14.0,1.4,22.0,2.2,1.0
2024,14,LAC,Kimani Vidal,15.0,1.9,19.0,2.4,1.0
2024,14,LAC,Justin Herbert,9.0,2.3,3.0,0.8,0.0
2024,14,LAC,Derius Davis,0.0,0.0,0.0,0.0,0.0
2024,14,LAC,Taylor Heinicke,12.0,12.0,0.0,0.0,0.0
2024,14,DAL,Rico Dowdle,78.0,4.3,53.0,2.9,2.0
2024,14,DAL,Ezekiel Elliott,1.0,0.5,3.0,1.5,0.0
2024,14,DAL,Cooper Rush,1.0,0.5,4.0,2.0,0.0
2024,14,DAL,KaVontae Turpin,13.0,6.5,2.0,1.0,0.0
2024,14,DAL,CeeDee Lamb,1.0,1.0,0.0,0.0,0.0
2024,14,CIN,Chase Brown,31.0,2.2,27.0,1.9,0.0
2024,14,CIN,Joe Burrow,-2.0,-1.0,0.0,0.0,0.0
2024,14,CIN,Khalil Herbert,2.0,1.0,2.0,1.0,0.0
2024,14,CIN,Ja'Marr Chase,12.0,12.0,2.0,2.0,0.0
2024,15,SF,Isaac Guerendo,31.0,1.9,26.0,1.6,0.0
2024,15,SF,Deebo Samuel,1.0,0.5,2.0,1.0,0.0
2024,15,SF,Brock Purdy,1.0,1.0,2.0,2.0,0.0
2024,15,LA,Kyren Williams,49.0,1.7,59.0,2.0,2.0
2024,15,LA,Matthew Stafford,16.0,4.0,2.0,0.5,0.0
2024,15,LA,Blake Corum,1.0,0.3,4.0,1.3,0.0
2024,15,LA,Puka Nacua,3.0,1.5,8.0,4.0,0.0
2024,15,CAR,Chuba Hubbard,13.0,1.3,19.0,1.9,1.0
2024,15,CAR,Bryce Young,12.0,4.0,0.0,0.0,0.0
2024,15,CAR,Mike Boone,8.0,4.0,6.0,3.0,0.0
2024,15,CAR,Xavier Legette,2.0,2.0,0.0,0.0,0.0
2024,15,DAL,Rico Dowdle,69.0,2.8,80.0,3.2,2.0
2024,15,DAL,Ezekiel Elliott,11.0,1.2,19.0,2.1,1.0
2024,15,DAL,Cooper Rush,5.0,1.3,0.0,0.0,0.0
2024,15,DAL,KaVontae Turpin,12.0,6.0,15.0,7.5,2.0
2024,15,CLE,Nick Chubb,14.0,1.6,27.0,3.0,0.0
2024,15,CLE,Jerome Ford,69.0,9.9,15.0,2.1,0.0
2024,15,CLE,Dorian Thompson-Robinson,1.0,0.3,15.0,5.0,1.0
2024,15,CLE,Jameis Winston,-2.0,-1.0,0.0,0.0,0.0
2024,15,KC,Kareem Hunt,25.0,1.9,20.0,1.5,0.0
2024,15,KC,Isiah Pacheco,6.0,0.5,26.0,2.0,0.0
2024,15,KC,Carson Wentz,-1.0,-0.3,1.0,0.3,0.0
2024,15,KC,Xavier Worthy,24.0,8.0,6.0,2.0,0.0
2024,15,KC,Patrick Mahomes,14.0,7.0,0.0,0.0,0.0
2024,15,KC,Samaje Perine,7.0,7.0,4.0,4.0,0.0
2024,15,HOU,Joe Mixon,10.0,0.8,13.0,1.1,0.0
2024,15,HOU,C.J. Stroud,4.0,0.7,0.0,0.0,0.0
2024,15,HOU,Tank Dell,15.0,15.0,0.0,0.0,0.0
2024,15,HOU,Dare Ogunbowale,35.0,35.0,0.0,0.0,0.0
2024,15,MIA,De'Von Achane,25.0,2.1,16.0,1.3,0.0
2024,15,MIA,Raheem Mostert,6.0,1.0,2.0,0.3,0.0
2024,15,MIA,Jaylen Wright,3.0,3.0,0.0,0.0,0.0
2024,15,JAX,Travis Etienne,28.0,2.0,37.0,2.6,1.0
2024,15,JAX,Tank Bigsby,23.0,2.1,19.0,1.7,0.0
2024,15,JAX,Mac Jones,14.0,3.5,15.0,3.8,0.0
2024,15,NYJ,Breece Hall,20.0,2.2,10.0,1.1,0.0
2024,15,NYJ,Aaron Rodgers,41.0,6.8,4.0,0.7,0.0
2024,15,NYJ,Isaiah Davis,11.0,2.2,13.0,2.6,0.0
2024,15,NYJ,Braelon Allen,3.0,1.5,2.0,1.0,0.0
2024,15,NYJ,Ashtyn Davis,0.0,0.0,21.0,21.0,0.0
2024,15,NO,Kendre Miller,21.0,2.3,25.0,2.8,1.0
2024,15,NO,Alvin Kamara,6.0,1.2,6.0,1.2,0.0
2024,15,NO,Jake Haener,7.0,7.0,0.0,0.0,0.0
2024,15,NO,Marquez Valdes-Scantling,4.0,4.0,0.0,0.0,0.0
2024,15,WAS,Brian Robinson Jr.,16.0,0.8,49.0,2.3,3.0
2024,15,WAS,Jayden Daniels,54.0,4.9,12.0,1.1,1.0
2024,15,WAS,Jeremy McNichols,-1.0,-0.5,5.0,2.5,1.0
2024,15,WAS,Chris Rodriguez,0.0,0.0,2.0,2.0,0.0
2024,15,NYG,Tyrone Tracy Jr.,13.0,1.3,18.0,1.8,0.0
2024,15,NYG,Devin Singletary,11.0,1.4,14.0,1.8,0.0
2024,15,NYG,Tim Boyle,-1.0,-1.0,0.0,0.0,0.0
2024,15,NYG,Tommy DeVito,0.0,0.0,0.0,0.0,0.0
2024,15,BAL,Derrick Henry,30.0,2.1,37.0,2.6,3.0
2024,15,BAL,Rasheen Ali,17.0,2.1,15.0,1.9,0.0
2024,15,BAL,Lamar Jackson,50.0,8.3,15.0,2.5,0.0
2024,15,BAL,Justice Hill,4.0,2.0,3.0,1.5,0.0
2024,15,BAL,Josh Johnson,-1.0,-1.0,0.0,0.0,0.0
2024,15,TEN,Tony Pollard,36.0,2.1,9.0,0.5,0.0
2024,15,TEN,Tyjae Spears,2.0,0.5,3.0,0.8,1.0
2024,15,TEN,Will Levis,0.0,0.0,0.0,0.0,0.0
2024,15,TEN,Mason Rudolph,14.0,7.0,0.0,0.0,0.0
2024,15,TEN,Calvin Ridley,19.0,19.0,0.0,0.0,0.0
2024,15,CIN,Chase Brown,65.0,2.6,32.0,1.3,4.0
2024,15,CIN,Khalil Herbert,3.0,3.0,1.0,1.0,0.0
2024,15,ARI,James Conner,61.0,3.8,49.0,3.1,2.0
2024,15,ARI,Trey Benson,9.0,1.8,13.0,2.6,0.0
2024,15,ARI,Kyler Murray,10.0,2.0,1.0,0.2,0.0
2024,15,ARI,DeeJay Dallas,10.0,2.5,5.0,1.3,0.0
2024,15,ARI,Greg Dortch,5.0,5.0,1.0,1.0,0.0
2024,15,ARI,Clayton Tune,-1.0,-1.0,0.0,0.0,0.0
2024,15,NE,Rhamondre Stevenson,27.0,2.1,42.0,3.2,3.0
2024,15,NE,Antonio Gibson,-4.0,-0.6,37.0,5.3,2.0
2024,15,NE,Drake Maye,14.0,3.5,0.0,0.0,0.0
2024,15,DEN,Bo Nix,22.0,2.8,1.0,0.1,0.0
2024,15,DEN,Jaleel McLaughlin,14.0,2.0,7.0,1.0,0.0
2024,15,DEN,Javonte Williams,7.0,1.2,8.0,1.3,0.0
2024,15,DEN,Audric Estime,3.0,0.6,10.0,2.0,1.0
2024,15,DEN,Marvin Mims,0.0,0.0,0.0,0.0,0.0
2024,15,IND,Jonathan Taylor,77.0,3.5,30.0,1.4,2.0
2024,15,IND,Anthony Richardson,35.0,5.0,11.0,1.6,1.0
2024,15,IND,Tyler Goodson,1.0,1.0,2.0,2.0,0.0
2024,15,IND,Adonai Mitchell,-10.0,-10.0,0.0,0.0,0.0
2024,15,IND,Trey Sermon,1.0,1.0,2.0,2.0,0.0
2024,15,DET,Jahmyr Gibbs,23.0,2.9,8.0,1.0,1.0
2024,15,DET,David Montgomery,1.0,0.2,3.0,0.6,0.0
2024,15,DET,Jared Goff,13.0,6.5,0.0,0.0,0.0
2024,15,BUF,James Cook,55.0,3.9,50.0,3.6,0.0
2024,15,BUF,Josh Allen,53.0,4.8,15.0,1.4,1.0
2024,15,BUF,Ray Davis,4.0,0.6,11.0,1.6,1.0
2024,15,BUF,Ty Johnson,4.0,2.0,5.0,2.5,0.0
2024,15,LAC,Gus Edwards,9.0,1.1,14.0,1.8,2.0
2024,15,LAC,Kimani Vidal,6.0,2.0,3.0,1.0,1.0
2024,15,TB,Bucky Irving,37.0,2.5,80.0,5.3,1.0
2024,15,TB,Rachaad White,28.0,1.9,36.0,2.4,2.0
2024,15,TB,Sean Tucker,6.0,0.9,11.0,1.6,0.0
2024,15,TB,Baker Mayfield,21.0,10.5,4.0,2.0,1.0
2024,15,PHI,Saquon Barkley,36.0,1.9,29.0,1.5,2.0
2024,15,PHI,Jalen Hurts,27.0,1.8,18.0,1.2,2.0
2024,15,PHI,Kenneth Gainwell,8.0,1.1,12.0,1.7,0.0
2024,15,PHI,DeVonta Smith,0.0,0.0,1.0,1.0,0.0
2024,15,PIT,Najee Harris,7.0,1.2,7.0,1.2,0.0
2024,15,PIT,Jaylen Warren,5.0,1.3,7.0,1.8,0.0
2024,15,PIT,Russell Wilson,13.0,3.3,0.0,0.0,0.0
2024,15,PIT,Cordarrelle Patterson,7.0,3.5,2.0,1.0,0.0
2024,15,PIT,Justin Fields,8.0,8.0,0.0,0.0,0.0
2024,15,SEA,Zach Charbonnet,38.0,4.8,16.0,2.0,1.0
2024,15,SEA,George Holani,7.0,2.3,3.0,1.0,0.0
2024,15,SEA,Kenny McIntosh,6.0,2.0,3.0,1.0,0.0
2024,15,SEA,Sam Howell,0.0,0.0,2.0,2.0,1.0
2024,15,SEA,Geno Smith,5.0,5.0,0.0,0.0,0.0
2024,15,GB,Josh Jacobs,66.0,2.5,28.0,1.1,1.0
2024,15,GB,Jayden Reed,20.0,6.7,7.0,2.3,1.0
2024,15,GB,Emanuel Wilson,5.0,1.7,4.0,1.3,0.0
2024,15,GB,Chris Brooks,4.0,4.0,2.0,2.0,0.0
2024,15,GB,Jordan Love,4.0,4.0,0.0,0.0,0.0
2024,15,MIN,Aaron Jones,55.0,3.1,31.0,1.7,0.0
2024,15,MIN,Cam Akers,6.0,0.6,18.0,1.8,0.0
2024,15,MIN,Ty Chandler,2.0,2.0,2.0,2.0,0.0
2024,15,CHI,D'Andre Swift,45.0,2.4,34.0,1.8,0.0
2024,15,CHI,Caleb Williams,-1.0,-0.3,4.0,1.0,0.0
2024,15,CHI,Travis Homer,4.0,1.3,3.0,1.0,0.0
2024,15,CHI,D.J. Moore,18.0,6.0,6.0,2.0,0.0
2024,15,LV,Alexander Mattison,11.0,1.6,10.0,1.4,1.0
2024,15,LV,Sincere McCormick,6.0,0.9,2.0,0.3,0.0
2024,15,LV,Desmond Ridder,14.0,2.8,14.0,2.8,0.0
2024,15,LV,Ameer Abdullah,1.0,0.3,7.0,2.3,0.0
2024,15,ATL,Bijan Robinson,70.0,3.2,55.0,2.5,1.0
2024,15,ATL,Tyler Allgeier,19.0,1.6,24.0,2.0,2.0
2024,15,ATL,Kirk Cousins,-2.0,-0.7,2.0,0.7,0.0
2024,16,LAC,Gus Edwards,11.0,0.8,57.0,4.1,0.0
2024,16,LAC,Justin Herbert,9.0,1.1,19.0,2.4,1.0
2024,16,LAC,Kimani Vidal,17.0,3.4,7.0,1.4,0.0
2024,16,LAC,Derius Davis,-3.0,-3.0,0.0,0.0,0.0
2024,16,DEN,Audric Estime,19.0,2.1,29.0,3.2,0.0
2024,16,DEN,Blake Watson,7.0,1.8,3.0,0.8,0.0
2024,16,DEN,Javonte Williams,16.0,4.0,8.0,2.0,0.0
2024,16,DEN,Bo Nix,25.0,8.3,0.0,0.0,0.0
2024,16,DEN,Marvin Mims,2.0,2.0,1.0,1.0,0.0
2024,16,KC,Kareem Hunt,39.0,3.5,16.0,1.5,0.0
2024,16,KC,Isiah Pacheco,15.0,1.7,11.0,1.2,0.0
2024,16,KC,Patrick Mahomes,16.0,3.2,17.0,3.4,0.0
2024,16,KC,Xavier Worthy,7.0,2.3,3.0,1.0,0.0
2024,16,HOU,Joe Mixon,36.0,2.6,21.0,1.5,1.0
2024,16,HOU,C.J. Stroud,22.0,11.0,1.0,0.5,0.0
2024,16,HOU,Dameon Pierce,2.0,2.0,2.0,2.0,0.0
2024,16,BAL,Derrick Henry,110.0,4.6,52.0,2.2,3.0
2024,16,BAL,Lamar Jackson,19.0,2.1,3.0,0.3,0.0
2024,16,BAL,Justice Hill,12.0,6.0,18.0,9.0,1.0
2024,16,BAL,Rasheen Ali,2.0,2.0,0.0,0.0,0.0
2024,16,BAL,Mark Andrews,0.0,0.0,1.0,1.0,0.0
2024,16,BAL,Zay Flowers,3.0,3.0,0.0,0.0,0.0
2024,16,PIT,Jaylen Warren,25.0,2.1,23.0,1.9,2.0
2024,16,PIT,Najee Harris,19.0,2.1,23.0,2.6,2.0
2024,16,PIT,Russell Wilson,27.0,9.0,0.0,0.0,0.0
2024,16,ATL,Bijan Robinson,43.0,2.0,51.0,2.3,0.0
2024,16,ATL,Tyler Allgeier,14.0,1.3,8.0,0.7,0.0
2024,16,ATL,Michael Penix,2.0,0.5,1.0,0.3,0.0
2024,16,ATL,Ray-Ray McCloud,7.0,7.0,1.0,1.0,0.0
2024,16,NYG,Tyrone Tracy Jr.,14.0,2.0,12.0,1.7,0.0
2024,16,NYG,Devin Singletary,8.0,2.0,4.0,1.0,0.0
2024,16,NYG,Drew Lock,0.0,0.0,1.0,1.0,0.0
2024,16,NYG,Darius Slayton,4.0,4.0,2.0,2.0,0.0
2024,16,CAR,Chuba Hubbard,73.0,2.9,79.0,3.2,3.0
2024,16,CAR,Bryce Young,62.0,12.4,6.0,1.2,0.0
2024,16,CAR,Raheem Blackshear,5.0,1.7,8.0,2.7,0.0
2024,16,CAR,Mike Boone,1.0,1.0,0.0,0.0,0.0
2024,16,CAR,David Moore,0.0,0.0,0.0,0.0,0.0
2024,16,CAR,Deven Thompkins,7.0,7.0,2.0,2.0,0.0
2024,16,ARI,James Conner,75.0,5.0,42.0,2.8,4.0
2024,16,ARI,Kyler Murray,54.0,6.8,9.0,1.1,1.0
2024,16,ARI,Michael Carter,7.0,1.4,11.0,2.2,0.0
2024,16,ARI,Greg Dortch,6.0,6.0,2.0,2.0,0.0
2024,16,CHI,D'Andre Swift,13.0,1.4,7.0,0.8,0.0
2024,16,CHI,Caleb Williams,17.0,2.8,17.0,2.8,0.0
2024,16,CHI,Roschon Johnson,2.0,2.0,1.0,1.0,0.0
2024,16,CHI,D.J. Moore,1.0,1.0,1.0,1.0,0.0
2024,16,DET,Jahmyr Gibbs,47.0,2.0,62.0,2.7,2.0
2024,16,DET,Craig Reynolds,12.0,3.0,6.0,1.5,0.0
2024,16,DET,Jermar Jefferson,7.0,2.3,6.0,2.0,0.0
2024,16,DET,Jared Goff,-1.0,-1.0,0.0,0.0,0.0
2024,16,DET,Jameson Williams,7.0,7.0,0.0,0.0,0.0
2024,16,CIN,Chase Brown,69.0,3.8,22.0,1.2,1.0
2024,16,CIN,Joe Burrow,19.0,9.5,0.0,0.0,0.0
2024,16,CIN,Jake Browning,-1.0,-1.0,0.0,0.0,0.0
2024,16,CIN,Ja'Marr Chase,7.0,7.0,0.0,0.0,0.0
2024,16,CLE,Jerome Ford,83.0,7.5,9.0,0.8,0.0
2024,16,CLE,Dorian Thompson-Robinson,49.0,5.4,0.0,0.0,0.0
2024,16,CLE,D'Onta Foreman,1.0,0.5,0.0,0.0,0.0
2024,16,CLE,Pierre Strong,4.0,2.0,2.0,1.0,0.0
2024,16,IND,Jonathan Taylor,123.0,4.2,95.0,3.3,2.0
2024,16,IND,Anthony Richardson,52.0,5.8,18.0,2.0,1.0
2024,16,IND,Trey Sermon,7.0,0.9,18.0,2.3,2.0
2024,16,IND,Tyler Goodson,10.0,2.5,12.0,3.0,0.0
2024,16,TEN,Tyjae Spears,5.0,0.5,22.0,2.2,3.0
2024,16,TEN,Tony Pollard,3.0,0.4,32.0,4.0,2.0
2024,16,TEN,Mason Rudolph,0.0,0.0,3.0,0.8,0.0
2024,16,NYJ,Breece Hall,28.0,2.0,24.0,1.7,1.0
2024,16,NYJ,Isaiah Davis,5.0,1.7,7.0,2.3,0.0
2024,16,NYJ,Braelon Allen,3.0,1.5,2.0,1.0,0.0
2024,16,NYJ,Aaron Rodgers,6.0,6.0,0.0,0.0,0.0
2024,16,LA,Kyren Williams,57.0,2.5,65.0,2.8,10.0
2024,16,LA,Blake Corum,9.0,1.8,5.0,1.0,0.0
2024,16,LA,Matthew Stafford,-4.0,-1.3,0.0,0.0,0.0
2024,16,WAS,Brian Robinson Jr.,16.0,1.6,8.0,0.8,0.0
2024,16,WAS,Jayden Daniels,57.0,6.3,24.0,2.7,0.0
2024,16,WAS,Chris Rodriguez,2.0,0.7,3.0,1.0,0.0
2024,16,WAS,Jeremy McNichols,-1.0,-0.5,4.0,2.0,0.0
2024,16,PHI,Saquon Barkley,122.0,4.2,28.0,1.0,1.0
2024,16,PHI,Kenneth Gainwell,4.0,1.0,3.0,0.8,0.0
2024,16,PHI,Jalen Hurts,39.0,13.0,2.0,0.7,0.0
2024,16,PHI,Kenny Pickett,13.0,4.3,0.0,0.0,0.0
2024,16,SEA,Kenneth Walker III,16.0,2.0,15.0,1.9,0.0
2024,16,SEA,Kenny McIntosh,8.0,2.7,6.0,2.0,0.0
2024,16,SEA,Zach Charbonnet,-1.0,-1.0,0.0,0.0,0.0
2024,16,SEA,Julian Love,0.0,0.0,2.0,2.0,0.0
2024,16,SEA,Geno Smith,7.0,7.0,1.0,1.0,0.0
2024,16,SEA,Jaxon Smith-Njigba,2.0,2.0,3.0,3.0,0.0
2024,16,MIN,Aaron Jones,34.0,1.9,33.0,1.8,0.0
2024,16,MIN,Sam Darnold,11.0,2.2,0.0,0.0,0.0
2024,16,MIN,Cam Akers,2.0,2.0,1.0,1.0,0.0
2024,16,BUF,James Cook,55.0,5.0,45.0,4.1,0.0
2024,16,BUF,Josh Allen,15.0,2.5,15.0,2.5,1.0
2024,16,BUF,Ty Johnson,14.0,2.3,16.0,2.7,1.0
2024,16,BUF,Ray Davis,7.0,1.4,5.0,1.0,1.0
2024,16,NE,Rhamondre Stevenson,29.0,2.4,31.0,2.6,2.0
2024,16,NE,Antonio Gibson,15.0,1.5,13.0,1.3,1.0
2024,16,NE,Drake Maye,28.0,4.7,2.0,0.3,0.0
2024,16,NE,Demario Douglas,6.0,6.0,0.0,0.0,0.0
2024,16,NE,Dell Pettus,2.0,2.0,0.0,0.0,0.0
2024,16,LV,Alexander Mattison,10.0,0.8,17.0,1.4,0.0
2024,16,LV,Ameer Abdullah,24.0,3.4,14.0,2.0,0.0
2024,16,LV,Aidan O'Connell,6.0,0.9,6.0,0.9,0.0
2024,16,LV,Tre Tucker,-8.0,-8.0,0.0,0.0,0.0
2024,16,JAX,Tank Bigsby,28.0,2.3,22.0,1.8,2.0
2024,16,JAX,Travis Etienne,13.0,1.4,9.0,1.0,0.0
2024,16,MIA,De'Von Achane,95.0,5.6,25.0,1.5,0.0
2024,16,MIA,Raheem Mostert,15.0,1.9,16.0,2.0,0.0
2024,16,MIA,Tua Tagovailoa,-1.0,-0.5,0.0,0.0,0.0
2024,16,MIA,Jeff Wilson,7.0,3.5,5.0,2.5,0.0
2024,16,MIA,Alec Ingold,2.0,2.0,2.0,2.0,0.0
2024,16,SF,Patrick Taylor,8.0,1.0,16.0,2.0,0.0
2024,16,SF,Deebo Samuel,16.0,3.2,9.0,1.8,0.0
2024,16,SF,Brock Purdy,19.0,4.8,7.0,1.8,0.0
2024,16,SF,Kyle Juszczyk,4.0,4.0,2.0,2.0,0.0
2024,16,DAL,Rico Dowdle,14.0,1.1,9.0,0.7,0.0
2024,16,DAL,Cooper Rush,-4.0,-1.3,0.0,0.0,0.0
2024,16,DAL,KaVontae Turpin,6.0,2.0,5.0,1.7,0.0
2024,16,DAL,Ezekiel Elliott,0.0,0.0,1.0,1.0,0.0
2024,16,TB,Bucky Irving,35.0,2.2,33.0,2.1,1.0
2024,16,TB,Baker Mayfield,38.0,12.7,4.0,1.3,0.0
2024,16,TB,Rachaad White,4.0,1.3,6.0,2.0,0.0
2024,16,TB,Sterling Shepard,3.0,3.0,11.0,11.0,1.0
2024,16,GB,Josh Jacobs,37.0,2.8,32.0,2.5,2.0
2024,16,GB,Emanuel Wilson,32.0,2.9,20.0,1.8,1.0
2024,16,GB,Chris Brooks,4.0,0.7,19.0,3.2,3.0
2024,16,GB,Malik Willis,-2.0,-0.7,0.0,0.0,0.0
2024,16,GB,Christian Watson,23.0,11.5,0.0,0.0,0.0
2024,16,GB,Tucker Kraft,2.0,2.0,0.0,0.0,0.0
2024,16,GB,Jordan Love,2.0,2.0,0.0,0.0,0.0
2024,16,GB,Bo Melton,7.0,7.0,7.0,7.0,1.0
2024,16,GB,Jayden Reed,5.0,5.0,0.0,0.0,0.0
2024,16,NO,Kendre Miller,1.0,0.1,14.0,1.8,1.0
2024,16,NO,Spencer Rattler,28.0,5.6,0.0,0.0,0.0
2024,16,NO,Jordan Mims,13.0,3.3,3.0,0.8,0.0
2024,16,NO,Jamaal Williams,5.0,1.7,3.0,1.0,0.0
2024,17,PIT,Najee Harris,74.0,5.7,0.0,0.0,0.0
2024,17,PIT,Jaylen Warren,71.0,6.5,0.0,0.0,0.0
2024,17,PIT,Russell Wilson,55.0,9.2,0.0,0.0,0.0
2024,17,PIT,Cordarrelle Patterson,2.0,2.0,0.0,0.0,0.0
2024,17,KC,Kareem Hunt,20.0,2.2,0.0,0.0,0.0
2024,17,KC,Isiah Pacheco,18.0,3.0,0.0,0.0,0.0
2024,17,KC,Samaje Perine,9.0,4.5,0.0,0.0,0.0
2024,17,KC,Xavier Worthy,10.0,5.0,0.0,0.0,0.0
2024,17,KC,Patrick Mahomes,12.0,12.0,0.0,0.0,0.0
2024,17,HOU,Joe Mixon,12.0,1.3,14.0,1.6,0.0
2024,17,HOU,Dameon Pierce,6.0,1.2,7.0,1.4,1.0
2024,17,HOU,Dare Ogunbowale,8.0,4.0,4.0,2.0,0.0
2024,17,HOU,C.J. Stroud,7.0,7.0,0.0,0.0,0.0
2024,17,BAL,Derrick Henry,65.0,2.4,82.0,3.0,8.0
2024,17,BAL,Keaton Mitchell,5.0,0.5,15.0,1.4,2.0
2024,17,BAL,Lamar Jackson,83.0,20.8,4.0,1.0,0.0
2024,17,BAL,Rasheen Ali,-3.0,-3.0,0.0,0.0,0.0
2024,17,CHI,D'Andre Swift,53.0,4.4,0.0,0.0,0.0
2024,17,CHI,Caleb Williams,37.0,7.4,0.0,0.0,0.0
2024,17,CHI,Roschon Johnson,5.0,1.3,0.0,0.0,0.0
2024,17,CHI,D.J. Moore,8.0,4.0,0.0,0.0,0.0
2024,17,SEA,Zach Charbonnet,57.0,3.8,0.0,0.0,0.0
2024,17,SEA,Kenny McIntosh,46.0,6.6,0.0,0.0,0.0
2024,17,SEA,Geno Smith,19.0,6.3,0.0,0.0,0.0
2024,17,NE,Antonio Gibson,50.0,4.2,13.0,1.1,0.0
2024,17,NE,Drake Maye,32.0,5.3,0.0,0.0,0.0
2024,17,NE,Rhamondre Stevenson,-1.0,-0.5,2.0,1.0,0.0
2024,17,LAC,J.K. Dobbins,51.0,2.7,25.0,1.3,3.0
2024,17,LAC,Hassan Haskins,16.0,2.0,14.0,1.8,0.0
2024,17,LAC,Kimani Vidal,16.0,3.2,8.0,1.6,0.0
2024,17,LAC,Justin Herbert,12.0,4.0,0.0,0.0,0.0
2024,17,LAC,Derius Davis,-3.0,-3.0,0.0,0.0,0.0
2024,17,LAC,Taylor Heinicke,8.0,8.0,0.0,0.0,0.0
2024,17,CIN,Chase Brown,28.0,1.4,39.0,2.0,1.0
2024,17,CIN,Joe Burrow,21.0,5.3,4.0,1.0,0.0
2024,17,CIN,Khalil Herbert,13.0,3.3,10.0,2.5,0.0
2024,17,DEN,Jaleel McLaughlin,37.0,3.7,32.0,3.2,0.0
2024,17,DEN,Audric Estime,7.0,0.8,17.0,1.9,0.0
2024,17,DEN,Bo Nix,25.0,3.6,6.0,0.9,0.0
2024,17,DEN,Marvin Mims,-1.0,-1.0,0.0,0.0,0.0
2024,17,LA,Kyren Williams,56.0,4.3,0.0,0.0,0.0
2024,17,LA,Matthew Stafford,16.0,2.7,0.0,0.0,0.0
2024,17,LA,Blake Corum,-4.0,-1.3,0.0,0.0,0.0
2024,17,ARI,Michael Carter,70.0,5.4,0.0,0.0,0.0
2024,17,ARI,James Conner,4.0,1.0,0.0,0.0,0.0
2024,17,ARI,Kyler Murray,32.0,8.0,0.0,0.0,0.0
2024,17,ARI,Michael Wilson,7.0,7.0,0.0,0.0,0.0
2024,17,BUF,James Cook,16.0,1.1,37.0,2.5,1.0
2024,17,BUF,Ray Davis,-1.0,-0.2,10.0,1.7,0.0
2024,17,BUF,Josh Allen,12.0,2.4,5.0,1.0,0.0
2024,17,BUF,Ty Johnson,2.0,0.5,14.0,3.5,1.0
2024,17,BUF,Reggie Gilliam,-1.0,-0.5,4.0,2.0,1.0
2024,17,BUF,Mitchell Trubisky,-1.0,-0.5,0.0,0.0,0.0
2024,17,NYJ,Breece Hall,19.0,1.9,26.0,2.6,0.0
2024,17,NYJ,Braelon Allen,14.0,2.3,12.0,2.0,0.0
2024,17,NYJ,Isaiah Davis,15.0,5.0,20.0,6.7,1.0
2024,17,NYJ,Tyrod Taylor,3.0,1.5,3.0,1.5,1.0
2024,17,JAX,Travis Etienne,15.0,1.0,34.0,2.3,1.0
2024,17,JAX,Tank Bigsby,12.0,1.1,21.0,1.9,0.0
2024,17,JAX,Mac Jones,17.0,2.8,5.0,0.8,0.0
2024,17,JAX,Brian Thomas,15.0,15.0,3.0,3.0,0.0
2024,17,TEN,Tyjae Spears,41.0,2.1,54.0,2.7,3.0
2024,17,TEN,Mason Rudolph,11.0,2.2,12.0,2.4,1.0
2024,17,TEN,Julius Chestnut,13.0,4.3,4.0,1.3,0.0
2024,17,TEN,Chigoziem Okonkwo,14.0,14.0,3.0,3.0,0.0
2024,17,TEN,Calvin Ridley,6.0,6.0,1.0,1.0,0.0
2024,17,NO,Clyde Edwards-Helaire,11.0,2.2,9.0,1.8,2.0
2024,17,NO,Kendre Miller,2.0,0.7,1.0,0.3,0.0
2024,17,NO,Spencer Rattler,43.0,14.3,3.0,1.0,0.0
2024,17,NO,Jamaal Williams,9.0,4.5,3.0,1.5,0.0
2024,17,LV,Ameer Abdullah,60.0,3.0,55.0,2.8,4.0
2024,17,LV,Alexander Mattison,15.0,1.5,17.0,1.7,0.0
2024,17,LV,Chris Collier,3.0,1.0,3.0,1.0,0.0
2024,17,LV,Aidan O'Connell,-2.0,-0.7,1.0,0.3,0.0
2024,17,LV,Brock Bowers,-1.0,-1.0,0.0,0.0,0.0
2024,17,LV,Tre Tucker,4.0,4.0,1.0,1.0,0.0
2024,17,NYG,Tyrone Tracy Jr.,48.0,2.4,11.0,0.6,0.0
2024,17,NYG,Drew Lock,0.0,0.0,0.0,0.0,0.0
2024,17,NYG,Devin Singletary,8.0,1.6,13.0,2.6,3.0
2024,17,IND,Jonathan Taylor,84.0,2.6,41.0,1.3,1.0
2024,17,IND,Joe Flacco,1.0,1.0,0.0,0.0,0.0
2024,17,PHI,Saquon Barkley,127.0,4.1,40.0,1.3,1.0
2024,17,PHI,Tyrion Davis-Price,3.0,1.0,4.0,1.3,0.0
2024,17,PHI,Kenneth Gainwell,0.0,0.0,4.0,1.3,0.0
2024,17,PHI,Kenny Pickett,0.0,0.0,3.0,1.0,0.0
2024,17,PHI,Tanner McKee,-2.0,-1.0,0.0,0.0,0.0
2024,17,DAL,Rico Dowdle,60.0,2.6,44.0,1.9,2.0
2024,17,DAL,Ezekiel Elliott,-2.0,-0.7,4.0,1.3,0.0
2024,17,DAL,KaVontae Turpin,11.0,5.5,7.0,3.5,0.0
2024,17,DAL,Trey Lance,1.0,1.0,0.0,0.0,0.0
2024,17,DAL,Cooper Rush,1.0,1.0,1.0,1.0,0.0
2024,17,TB,Bucky Irving,77.0,3.9,36.0,1.8,1.0
2024,17,TB,Sean Tucker,15.0,1.9,24.0,3.0,4.0
2024,17,TB,Rachaad White,14.0,2.3,16.0,2.7,1.0
2024,17,TB,Kyle Trask,-2.0,-0.7,0.0,0.0,0.0
2024,17,TB,Kameron Johnson,10.0,10.0,1.0,1.0,0.0
2024,17,TB,Baker Mayfield,2.0,2.0,0.0,0.0,0.0
2024,17,TB,Jalen McMillan,7.0,7.0,2.0,2.0,0.0
2024,17,CAR,Raheem Blackshear,10.0,1.3,10.0,1.3,0.0
2024,17,CAR,Mike Boone,5.0,2.5,6.0,3.0,0.0
2024,17,CAR,Bryce Young,8.0,4.0,0.0,0.0,0.0
2024,17,CAR,Velus Jones Jr.,0.0,0.0,0.0,0.0,0.0
2024,17,CLE,D'Onta Foreman,19.0,1.5,30.0,2.3,0.0
2024,17,CLE,Jerome Ford,8.0,1.3,14.0,2.3,0.0
2024,17,CLE,Pierre Strong,24.0,4.8,9.0,1.8,0.0
2024,17,CLE,Dorian Thompson-Robinson,6.0,1.5,4.0,1.0,0.0
2024,17,MIA,De'Von Achane,14.0,1.4,11.0,1.1,0.0
2024,17,MIA,Tyler Huntley,30.0,4.3,22.0,3.1,0.0
2024,17,MIA,Raheem Mostert,-1.0,-0.2,4.0,0.7,0.0
2024,17,MIA,Jeff Wilson,1.0,0.3,4.0,1.3,0.0
2024,17,MIA,Malik Washington,-11.0,-11.0,0.0,0.0,0.0
2024,17,MIN,Aaron Jones,27.0,2.3,20.0,1.7,1.0
2024,17,MIN,Cam Akers,3.0,0.5,15.0,2.5,1.0
2024,17,MIN,Ty Chandler,2.0,0.4,5.0,1.0,0.0
2024,17,MIN,Sam Darnold,-3.0,-1.0,0.0,0.0,0.0
2024,17,GB,Josh Jacobs,24.0,1.4,45.0,2.6,2.0
2024,17,GB,Emanuel Wilson,22.0,3.7,7.0,1.2,0.0
2024,17,GB,Jordan Love,0.0,0.0,6.0,6.0,0.0
2024,17,WAS,Jayden Daniels,72.0,4.5,55.0,3.4,1.0
2024,17,WAS,Brian Robinson Jr.,43.0,3.3,17.0,1.3,0.0
2024,17,WAS,Chris Rodriguez,5.0,1.0,11.0,2.2,0.0
2024,17,WAS,Jeremy McNichols,3.0,3.0,2.0,2.0,0.0
2024,17,WAS,Olamide Zaccheaus,4.0,4.0,4.0,4.0,0.0
2024,17,ATL,Bijan Robinson,46.0,2.7,44.0,2.6,0.0
2024,17,ATL,Tyler Allgeier,5.0,1.7,14.0,4.7,0.0
2024,17,ATL,Michael Penix,1.0,0.5,2.0,1.0,0.0
2024,17,ATL,Ray-Ray McCloud,12.0,12.0,2.0,2.0,0.0
2024,17,SF,Isaac Guerendo,12.0,1.3,22.0,2.4,1.0
2024,17,SF,Brock Purdy,9.0,3.0,3.0,1.0,0.0
2024,17,SF,Deebo Samuel,8.0,2.7,8.0,2.7,0.0
2024,17,SF,Ricky Pearsall,5.0,2.5,1.0,0.5,0.0
2024,17,SF,Joshua Dobbs,7.0,7.0,0.0,0.0,0.0
2024,17,DET,Jahmyr Gibbs,65.0,3.6,52.0,2.9,2.0
2024,17,DET,Craig Reynolds,18.0,2.6,13.0,1.9,0.0
2024,17,DET,Jared Goff,-3.0,-1.0,0.0,0.0,0.0
2024,17,DET,Jermar Jefferson,2.0,0.7,7.0,2.3,0.0
2024,17,DET,Jameson Williams,-2.0,-1.0,0.0,0.0,1.0
2024,18,BAL,Derrick Henry,71.0,3.6,67.0,3.4,0.0
2024,18,BAL,Lamar Jackson,30.0,3.3,33.0,3.7,1.0
2024,18,BAL,Keaton Mitchell,3.0,0.8,7.0,1.8,0.0
2024,18,BAL,Mark Andrews,0.0,0.0,0.0,0.0,0.0
2024,18,BAL,Zay Flowers,7.0,7.0,2.0,2.0,0.0
2024,18,CLE,D'Onta Foreman,10.0,1.0,17.0,1.7,0.0
2024,18,CLE,Jacob Kibodi,10.0,2.0,14.0,2.8,0.0
2024,18,CLE,Dorian Thompson-Robinson,2.0,1.0,1.0,0.5,0.0
2024,18,CLE,Bailey Zappe,2.0,1.0,0.0,0.0,0.0
2024,18,PIT,Najee Harris,17.0,1.4,19.0,1.6,0.0
2024,18,PIT,Jaylen Warren,8.0,1.3,13.0,2.2,0.0
2024,18,PIT,Russell Wilson,16.0,4.0,0.0,0.0,0.0
2024,18,PIT,Cordarrelle Patterson,0.0,0.0,1.0,1.0,0.0
2024,18,CIN,Khalil Herbert,39.0,2.0,30.0,1.5,0.0
2024,18,CIN,Joe Burrow,-1.0,-1.0,0.0,0.0,0.0
2024,18,ATL,Bijan Robinson,84.0,3.0,86.0,3.1,4.0
2024,18,ATL,Tyler Allgeier,29.0,3.2,23.0,2.6,1.0
2024,18,ATL,Michael Penix,5.0,5.0,0.0,0.0,0.0
2024,18,CAR,Miles Sanders,44.0,2.6,22.0,1.3,0.0
2024,18,CAR,Bryce Young,14.0,2.8,10.0,2.0,3.0
2024,18,CAR,Raheem Blackshear,20.0,5.0,27.0,6.8,2.0
2024,18,CAR,Mike Boone,14.0,3.5,4.0,1.0,0.0
2024,18,DAL,Rico Dowdle,37.0,1.7,35.0,1.6,0.0
2024,18,DAL,Trey Lance,24.0,4.0,2.0,0.3,0.0
2024,18,DAL,Deuce Vaughn,21.0,3.5,16.0,2.7,0.0
2024,18,DAL,Hunter Luepke,5.0,1.7,10.0,3.3,1.0
2024,18,DAL,Brandin Cooks,-5.0,-5.0,0.0,0.0,0.0
2024,18,DAL,KaVontae Turpin,1.0,1.0,4.0,4.0,0.0
2024,18,WAS,Marcus Mariota,48.0,9.6,8.0,1.6,1.0
2024,18,WAS,Brian Robinson Jr.,7.0,1.4,3.0,0.6,0.0
2024,18,WAS,Jayden Daniels,21.0,5.3,6.0,1.5,0.0
2024,18,WAS,Austin Ekeler,5.0,1.7,7.0,2.3,0.0
2024,18,WAS,Dyami Brown,7.0,7.0,1.0,1.0,0.0
2024,18,GB,Emanuel Wilson,21.0,1.5,52.0,3.7,1.0
2024,18,GB,Chris Brooks,38.0,4.8,21.0,2.6,0.0
2024,18,GB,Josh Jacobs,14.0,2.3,30.0,5.0,3.0
2024,18,GB,Jayden Reed,2.0,0.7,1.0,0.3,0.0
2024,18,GB,Bo Melton,1.0,1.0,0.0,0.0,0.0
2024,18,GB,Malik Willis,1.0,1.0,2.0,2.0,0.0
2024,18,CHI,D'Andre Swift,26.0,1.3,39.0,2.0,2.0
2024,18,CHI,Caleb Williams,5.0,1.7,5.0,1.7,2.0
2024,18,CHI,Roschon Johnson,0.0,0.0,3.0,1.5,0.0
2024,18,CHI,D.J. Moore,3.0,3.0,2.0,2.0,0.0
2024,18,IND,Jonathan Taylor,92.0,2.7,85.0,2.5,0.0
2024,18,JAX,Tank Bigsby,24.0,1.7,15.0,1.1,0.0
2024,18,JAX,Travis Etienne,7.0,0.5,24.0,1.8,0.0
2024,18,JAX,Mac Jones,6.0,1.2,11.0,2.2,0.0
2024,18,JAX,D'Ernest Johnson,20.0,10.0,6.0,3.0,0.0
2024,18,NE,Antonio Gibson,6.0,0.5,35.0,2.9,1.0
2024,18,NE,Joe Milton,2.0,0.2,14.0,1.4,0.0
2024,18,NE,Terrell Jennings,13.0,1.6,7.0,0.9,0.0
2024,18,BUF,Ray Davis,37.0,2.5,27.0,1.8,1.0
2024,18,BUF,James Cook,16.0,1.6,12.0,1.2,0.0
2024,18,BUF,Mitchell Trubisky,12.0,3.0,0.0,0.0,0.0
2024,18,BUF,Ty Johnson,2.0,1.0,11.0,5.5,0.0
2024,18,BUF,Keon Coleman,8.0,8.0,1.0,1.0,0.0
2024,18,BUF,Reggie Gilliam,3.0,3.0,1.0,1.0,0.0
2024,18,PHI,Kenneth Gainwell,7.0,0.6,7.0,0.6,0.0
2024,18,PHI,Will Shipley,20.0,2.0,12.0,1.2,0.0
2024,18,PHI,Tanner McKee,-1.0,-0.3,2.0,0.7,0.0
2024,18,PHI,Ainias Smith,2.0,2.0,2.0,2.0,0.0
2024,18,NYG,Tyrone Tracy Jr.,38.0,2.7,21.0,1.5,0.0
2024,18,NYG,Devin Singletary,17.0,2.4,5.0,0.7,0.0
2024,18,NYG,Drew Lock,3.0,1.5,0.0,0.0,0.0
2024,18,NYG,Dane Belton,10.0,10.0,0.0,0.0,0.0
2024,18,NYG,Eric Gray,3.0,3.0,3.0,3.0,0.0
2024,18,TB,Bucky Irving,71.0,3.7,18.0,0.9,0.0
2024,18,TB,Baker Mayfield,46.0,5.1,22.0,2.4,3.0
2024,18,TB,Sean Tucker,12.0,6.0,4.0,2.0,0.0
2024,18,TB,Jalen McMillan,5.0,5.0,1.0,1.0,0.0
2024,18,NO,Clyde Edwards-Helaire,6.0,0.8,20.0,2.5,1.0
2024,18,NO,Jamaal Williams,10.0,1.3,5.0,0.6,0.0
2024,18,NO,Jordan Mims,12.0,6.0,0.0,0.0,0.0
2024,18,NO,Spencer Rattler,11.0,11.0,0.0,0.0,0.0
2024,18,TEN,Tony Pollard,46.0,2.1,16.0,0.7,0.0
2024,18,TEN,Will Levis,7.0,1.8,1.0,0.3,0.0
2024,18,TEN,Julius Chestnut,6.0,3.0,5.0,2.5,0.0
2024,18,TEN,Calvin Ridley,-6.0,-3.0,3.0,1.5,0.0
2024,18,TEN,Joshua Kelley,2.0,2.0,0.0,0.0,0.0
2024,18,TEN,Mason Rudolph,5.0,5.0,0.0,0.0,0.0
2024,18,HOU,Dameon Pierce,49.0,2.6,127.0,6.7,2.0
2024,18,HOU,Joe Mixon,15.0,3.0,8.0,1.6,0.0
2024,18,HOU,Davis Mills,9.0,3.0,2.0,0.7,0.0
2024,18,HOU,Dare Ogunbowale,-3.0,-1.5,0.0,0.0,0.0
2024,18,ARI,Michael Carter,34.0,2.0,9.0,0.5,0.0
2024,18,ARI,Tony Jones,9.0,2.3,46.0,11.5,0.0
2024,18,ARI,Kyler Murray,20.0,6.7,2.0,0.7,0.0
2024,18,ARI,DeeJay Dallas,20.0,20.0,2.0,2.0,0.0
2024,18,ARI,Greg Dortch,6.0,6.0,1.0,1.0,0.0
2024,18,ARI,Clayton Tune,2.0,2.0,0.0,0.0,0.0
2024,18,SF,Patrick Taylor,55.0,3.2,54.0,3.2,0.0
2024,18,SF,Joshua Dobbs,11.0,1.4,6.0,0.8,1.0
2024,18,SF,Isaac Guerendo,5.0,2.5,0.0,0.0,0.0
2024,18,SF,Jacob Cowing,5.0,5.0,2.0,2.0,0.0
2024,18,DEN,Jaleel McLaughlin,22.0,1.4,17.0,1.1,2.0
2024,18,DEN,Audric Estime,16.0,1.3,18.0,1.5,0.0
2024,18,DEN,Bo Nix,47.0,6.7,0.0,0.0,0.0
2024,18,DEN,Javonte Williams,15.0,3.0,13.0,2.6,0.0
2024,18,DEN,Jarrett Stidham,4.0,2.0,3.0,1.5,0.0
2024,18,DEN,Michael Burton,1.0,1.0,2.0,2.0,0.0
2024,18,KC,Carson Steele,10.0,1.3,15.0,1.9,0.0
2024,18,KC,Noah Gray,-4.0,-4.0,0.0,0.0,0.0
2024,18,KC,Chris Oladokun,5.0,5.0,0.0,0.0,0.0
2024,18,KC,Samaje Perine,0.0,0.0,1.0,1.0,0.0
2024,18,LA,Ronnie Rivers,36.0,3.0,12.0,1.0,0.0
2024,18,LA,Blake Corum,8.0,4.0,2.0,1.0,0.0
2024,18,LA,Jimmy Garoppolo,5.0,2.5,0.0,0.0,0.0
2024,18,LA,Xavier Smith,3.0,1.5,3.0,1.5,0.0
2024,18,LA,Jordan Whittington,9.0,4.5,3.0,1.5,1.0
2024,18,LA,Cody Schrader,3.0,3.0,0.0,0.0,0.0
2024,18,SEA,Zach Charbonnet,47.0,3.4,12.0,0.9,1.0
2024,18,SEA,Kenny McIntosh,30.0,4.3,19.0,2.7,3.0
2024,18,SEA,Geno Smith,14.0,7.0,0.0,0.0,0.0
2024,18,SEA,Jaxon Smith-Njigba,3.0,3.0,1.0,1.0,0.0
2024,18,LV,Alexander Mattison,17.0,2.8,3.0,0.5,0.0
2024,18,LV,Aidan O'Connell,12.0,3.0,1.0,0.3,0.0
2024,18,LV,Chris Collier,2.0,1.0,4.0,2.0,0.0
2024,18,LAC,J.K. Dobbins,27.0,1.5,36.0,2.0,3.0
2024,18,LAC,Hassan Haskins,15.0,1.3,18.0,1.5,0.0
2024,18,LAC,Justin Herbert,36.0,9.0,6.0,1.5,0.0
2024,18,LAC,Derius Davis,-1.0,-1.0,0.0,0.0,0.0
2024,18,NYJ,Breece Hall,29.0,2.4,28.0,2.3,0.0
2024,18,NYJ,Braelon Allen,6.0,1.5,9.0,2.3,0.0
2024,18,NYJ,Isaiah Davis,13.0,3.3,28.0,7.0,0.0
2024,18,NYJ,Xavier Gipson,0.0,0.0,5.0,5.0,1.0
2024,18,NYJ,Garrett Wilson,0.0,0.0,0.0,0.0,0.0
2024,18,MIA,De'Von Achane,52.0,4.7,69.0,6.3,1.0
2024,18,MIA,Jaylen Wright,-9.0,-1.5,5.0,0.8,0.0
2024,18,MIA,Tyler Huntley,14.0,4.7,2.0,0.7,0.0
2024,18,MIA,Jeff Wilson,-4.0,-2.0,0.0,0.0,0.0
2024,18,MIA,Jaylen Waddle,6.0,6.0,0.0,0.0,0.0
2024,18,DET,Jahmyr Gibbs,76.0,3.3,63.0,2.7,1.0
2024,18,DET,Craig Reynolds,23.0,2.9,16.0,2.0,0.0
2024,18,MIN,Aaron Jones,22.0,2.2,23.0,2.3,0.0
2024,18,MIN,Cam Akers,43.0,7.2,22.0,3.7,0.0
2024,18,MIN,Sam Darnold,8.0,2.7,2.0,0.7,0.0
2024,19,HOU,Joe Mixon,55.0,2.2,51.0,2.0,4.0
2024,19,HOU,C.J. Stroud,39.0,6.5,3.0,0.5,0.0
2024,19,HOU,Dameon Pierce,9.0,4.5,6.0,3.0,0.0
2024,19,HOU,Dare Ogunbowale,3.0,3.0,2.0,2.0,0.0
2024,19,LAC,J.K. Dobbins,9.0,1.0,17.0,1.9,1.0
2024,19,LAC,Gus Edwards,11.0,1.6,11.0,1.6,0.0
2024,19,LAC,Derius Davis,-3.0,-3.0,0.0,0.0,0.0
2024,19,LAC,Hassan Haskins,4.0,4.0,1.0,1.0,0.0
2024,19,BAL,Derrick Henry,71.0,2.7,115.0,4.4,0.0
2024,19,BAL,Lamar Jackson,42.0,2.8,39.0,2.6,0.0
2024,19,BAL,Justice Hill,2.0,0.3,10.0,1.7,2.0
2024,19,BAL,Mark Andrews,4.0,2.0,1.0,0.5,0.0
2024,19,BAL,Steven Sims,9.0,9.0,6.0,6.0,0.0
2024,19,PIT,Najee Harris,9.0,1.5,8.0,1.3,0.0
2024,19,PIT,Russell Wilson,4.0,1.3,2.0,0.7,0.0
2024,19,PIT,Jaylen Warren,3.0,1.5,3.0,1.5,0.0
2024,19,BUF,James Cook,77.0,3.3,43.0,1.9,1.0
2024,19,BUF,Ty Johnson,28.0,3.1,16.0,1.8,1.0
2024,19,BUF,Josh Allen,37.0,4.6,9.0,1.1,0.0
2024,19,BUF,Mitchell Trubisky,-3.0,-1.0,0.0,0.0,0.0
2024,19,BUF,Ray Davis,1.0,1.0,2.0,2.0,0.0
2024,19,DEN,Javonte Williams,13.0,1.9,16.0,2.3,1.0
2024,19,DEN,Bo Nix,39.0,9.8,4.0,1.0,0.0
2024,19,DEN,Tyler Badie,4.0,2.0,4.0,2.0,0.0
2024,19,DEN,Jaleel McLaughlin,-3.0,-1.5,1.0,0.5,0.0
2024,19,DEN,Marvin Mims,-3.0,-1.5,4.0,2.0,0.0
2024,19,PHI,Saquon Barkley,78.0,3.1,41.0,1.6,1.0
2024,19,PHI,Jalen Hurts,14.0,2.3,22.0,3.7,1.0
2024,19,PHI,Kenneth Gainwell,8.0,2.7,6.0,2.0,0.0
2024,19,GB,Josh Jacobs,14.0,0.8,67.0,3.7,8.0
2024,19,GB,Emanuel Wilson,3.0,1.0,3.0,1.0,0.0
2024,19,GB,Tucker Kraft,0.0,0.0,10.0,5.0,0.0
2024,19,GB,Jordan Love,6.0,3.0,4.0,2.0,1.0
2024,19,TB,Bucky Irving,38.0,2.2,39.0,2.3,1.0
2024,19,TB,Baker Mayfield,8.0,1.1,15.0,2.1,0.0
2024,19,TB,Rachaad White,0.0,0.0,1.0,1.0,0.0
2024,19,WAS,Jayden Daniels,13.0,1.0,23.0,1.8,0.0
2024,19,WAS,Brian Robinson Jr.,2.0,0.2,14.0,1.4,0.0
2024,19,WAS,Austin Ekeler,15.0,1.9,12.0,1.5,0.0
2024,19,WAS,Marcus Mariota,0.0,0.0,2.0,2.0,0.0
2024,19,WAS,Jeremy McNichols,0.0,0.0,1.0,1.0,0.0
2024,19,LA,Kyren Williams,33.0,2.1,43.0,2.7,1.0
2024,19,LA,Ronnie Rivers,5.0,1.7,3.0,1.0,0.0
2024,19,LA,Matthew Stafford,-1.0,-0.5,0.0,0.0,0.0
2024,19,LA,Puka Nacua,0.0,0.0,7.0,7.0,0.0
2024,19,MIN,Aaron Jones,19.0,1.5,29.0,2.2,0.0
2024,19,MIN,Cam Akers,32.0,6.4,7.0,1.4,0.0
2024,19,MIN,Sam Darnold,4.0,1.0,15.0,3.8,0.0
2024,20,KC,Kareem Hunt,19.0,2.4,25.0,3.1,0.0
2024,20,KC,Patrick Mahomes,9.0,1.3,5.0,0.7,0.0
2024,20,KC,Isiah Pacheco,11.0,2.2,7.0,1.4,0.0
2024,20,KC,Matt Araiza,-18.0,-18.0,0.0,0.0,0.0
2024,20,KC,Xavier Worthy,-8.0,-8.0,0.0,0.0,0.0
2024,20,HOU,Joe Mixon,56.0,3.1,32.0,1.8,0.0
2024,20,HOU,C.J. Stroud,31.0,5.2,11.0,1.8,0.0
2024,20,HOU,Dameon Pierce,5.0,1.3,5.0,1.3,0.0
2024,20,HOU,Dare Ogunbowale,5.0,5.0,4.0,4.0,0.0
2024,20,DET,Jahmyr Gibbs,85.0,6.1,20.0,1.4,0.0
2024,20,DET,David Montgomery,12.0,1.7,16.0,2.3,1.0
2024,20,DET,Jared Goff,7.0,7.0,0.0,0.0,0.0
2024,20,DET,Jameson Williams,61.0,61.0,0.0,0.0,0.0
2024,20,WAS,Jayden Daniels,39.0,2.4,12.0,0.8,0.0
2024,20,WAS,Brian Robinson Jr.,55.0,3.7,22.0,1.5,0.0
2024,20,WAS,Austin Ekeler,32.0,5.3,15.0,2.5,0.0
2024,20,WAS,Jeremy McNichols,4.0,1.0,4.0,1.0,0.0
2024,20,WAS,Marcus Mariota,-1.0,-1.0,0.0,0.0,0.0
2024,20,PHI,Saquon Barkley,78.0,3.0,127.0,4.9,1.0
2024,20,PHI,Jalen Hurts,29.0,4.1,41.0,5.9,1.0
2024,20,PHI,Kenneth Gainwell,8.0,8.0,2.0,2.0,0.0
2024,20,LA,Kyren Williams,46.0,2.4,60.0,3.2,3.0
2024,20,LA,Matthew Stafford,5.0,2.5,0.0,0.0,0.0
2024,20,BUF,James Cook,41.0,2.4,26.0,1.5,1.0
2024,20,BUF,Josh Allen,13.0,1.3,7.0,0.7,1.0
2024,20,BUF,Ty Johnson,23.0,4.6,8.0,1.6,0.0
2024,20,BUF,Ray Davis,17.0,4.3,12.0,3.0,1.0
2024,20,BAL,Derrick Henry,56.0,3.5,28.0,1.8,1.0
2024,20,BAL,Justice Hill,36.0,6.0,14.0,2.3,2.0
2024,20,BAL,Lamar Jackson,20.0,3.3,19.0,3.2,1.0
2024,20,BAL,Mark Andrews,2.0,1.0,1.0,0.5,0.0
2024,21,PHI,Saquon Barkley,53.0,3.5,65.0,4.3,3.0
2024,21,PHI,Jalen Hurts,12.0,1.2,4.0,0.4,1.0
2024,21,PHI,Will Shipley,59.0,14.8,18.0,4.5,1.0
2024,21,PHI,Kenneth Gainwell,6.0,2.0,2.0,0.7,0.0
2024,21,PHI,Dallas Goedert,10.0,5.0,3.0,1.5,0.0
2024,21,PHI,Kenny Pickett,-3.0,-1.5,0.0,0.0,0.0
2024,21,WAS,Brian Robinson Jr.,12.0,1.1,24.0,2.2,1.0
2024,21,WAS,Austin Ekeler,8.0,1.0,7.0,0.9,0.0
2024,21,WAS,Jayden Daniels,38.0,6.3,10.0,1.7,2.0
2024,21,KC,Kareem Hunt,29.0,1.7,35.0,2.1,5.0
2024,21,KC,Patrick Mahomes,39.0,3.5,4.0,0.4,2.0
2024,21,KC,Isiah Pacheco,7.0,1.4,5.0,1.0,0.0
2024,21,KC,Xavier Worthy,15.0,7.5,1.0,0.5,0.0
2024,21,BUF,James Cook,36.0,2.8,49.0,3.8,2.0
2024,21,BUF,Josh Allen,24.0,2.2,15.0,1.4,1.0
2024,21,BUF,Ty Johnson,13.0,2.2,6.0,1.0,0.0
2024,21,BUF,Ray Davis,2.0,1.0,2.0,1.0,0.0
2024,22,PHI,Saquon Barkley,27.0,1.1,30.0,1.2,3.0
2024,22,PHI,Jalen Hurts,70.0,6.4,2.0,0.2,0.0
2024,22,PHI,Kenneth Gainwell,3.0,0.5,7.0,1.2,2.0
2024,22,PHI,Kenny Pickett,-4.0,-1.3,0.0,0.0,0.0
2024,22,KC,Patrick Mahomes,9.0,2.3,16.0,4.0,3.0
2024,22,KC,Kareem Hunt,4.0,1.3,5.0,1.7,0.0
2024,22,KC,Isiah Pacheco,3.0,1.0,4.0,1.3,0.0
2024,22,KC,Samaje Perine,4.0,4.0,4.0,4.0,0.0
2025,1,PHI,Saquon Barkley,30.0,1.7,30.0,1.7,1.0
2025,1,PHI,Jalen Hurts,28.0,2.0,34.0,2.4,2.0
2025,1,PHI,AJ Dillon,1.0,0.3,9.0,3.0,1.0
2025,1,PHI,Will Shipley,19.0,6.3,7.0,2.3,0.0
2025,1,DAL,Javonte Williams,27.0,1.8,27.0,1.8,0.0
2025,1,DAL,Miles Sanders,41.0,10.3,12.0,3.0,0.0
2025,1,DAL,KaVontae Turpin,5.0,2.5,4.0,2.0,0.0
2025,1,DAL,Dak Prescott,0.0,0.0,3.0,3.0,1.0
2025,1,LAC,Omarion Hampton,48.0,3.2,0.0,0.0,0.0
2025,1,LAC,Justin Herbert,32.0,4.6,0.0,0.0,0.0
2025,1,LAC,Tyler Conklin,2.0,2.0,0.0,0.0,0.0
2025,1,LAC,Derius Davis,3.0,3.0,0.0,0.0,0.0
2025,1,LAC,Najee Harris,5.0,5.0,0.0,0.0,0.0
2025,1,KC,Patrick Mahomes,57.0,9.5,0.0,0.0,0.0
2025,1,KC,Kareem Hunt,16.0,3.2,0.0,0.0,0.0
2025,1,KC,Isiah Pacheco,25.0,5.0,0.0,0.0,0.0
2025,1,KC,Xavier Worthy,0.0,0.0,0.0,0.0,0.0
2025,1,ATL,Bijan Robinson,6.0,0.5,18.0,1.5,0.0
2025,1,ATL,Tyler Allgeier,13.0,1.3,11.0,1.1,0.0
2025,1,ATL,Michael Penix,15.0,2.5,6.0,1.0,0.0
2025,1,TB,Bucky Irving,17.0,1.2,20.0,1.4,0.0
2025,1,TB,Baker Mayfield,35.0,7.0,4.0,0.8,0.0
2025,1,TB,Rachaad White,9.0,4.5,5.0,2.5,0.0
2025,1,TB,Emeka Egbuka,9.0,9.0,0.0,0.0,0.0
2025,1,TB,Sean Tucker,2.0,2.0,0.0,0.0,0.0
2025,1,CLE,Dylan Sampson,20.0,1.7,9.0,0.8,2.0
2025,1,CLE,Jerome Ford,6.0,1.0,2.0,0.3,1.0
2025,1,CLE,Raheim Sanders,2.0,0.7,1.0,0.3,0.0
2025,1,CLE,Joe Flacco,6.0,3.0,0.0,0.0,0.0
2025,1,CLE,Harold Fannin,1.0,1.0,2.0,2.0,1.0
2025,1,CIN,Chase Brown,18.0,0.9,25.0,1.2,2.0
2025,1,CIN,Joe Burrow,3.0,1.5,0.0,0.0,0.0
2025,1,IND,Jonathan Taylor,33.0,1.8,38.0,2.1,0.0
2025,1,IND,DJ Giddens,20.0,1.7,21.0,1.8,0.0
2025,1,IND,Daniel Jones,18.0,2.6,8.0,1.1,0.0
2025,1,IND,Ulysses Bentley,0.0,0.0,0.0,0.0,0.0
2025,1,IND,Ashton Dulin,10.0,10.0,5.0,5.0,0.0
2025,1,IND,Tyler Warren,1.0,1.0,2.0,2.0,0.0
2025,1,MIA,De'Von Achane,19.0,2.7,36.0,5.1,2.0
2025,1,MIA,Ollie Gordon,2.0,1.0,2.0,1.0,0.0
2025,1,MIA,Tua Tagovailoa,7.0,7.0,0.0,0.0,0.0
2025,1,MIA,Malik Washington,3.0,3.0,6.0,6.0,0.0
2025,1,MIA,Zach Wilson,3.0,3.0,0.0,0.0,0.0
2025,1,JAX,Travis Etienne,56.0,3.5,87.0,5.4,0.0
2025,1,JAX,Tank Bigsby,6.0,1.2,6.0,1.2,0.0
2025,1,JAX,Trevor Lawrence,12.0,3.0,0.0,0.0,0.0
2025,1,JAX,Bhayshul Tuten,2.0,0.7,9.0,3.0,0.0
2025,1,JAX,Dyami Brown,1.0,0.5,5.0,2.5,0.0
2025,1,JAX,LeQuint Allen,2.0,2.0,5.0,5.0,0.0
2025,1,JAX,Brian Thomas,9.0,9.0,0.0,0.0,0.0
2025,1,CAR,Chuba Hubbard,29.0,1.8,28.0,1.8,0.0
2025,1,CAR,Bryce Young,40.0,8.0,0.0,0.0,0.0
2025,1,CAR,Rico Dowdle,7.0,2.3,5.0,1.7,0.0
2025,1,CAR,Trevor Etienne,2.0,2.0,2.0,2.0,0.0
2025,1,NE,Rhamondre Stevenson,9.0,1.3,6.0,0.9,0.0
2025,1,NE,TreVeyon Henderson,23.0,4.6,4.0,0.8,0.0
2025,1,NE,Drake Maye,10.0,2.5,1.0,0.3,0.0
2025,1,NE,Demario Douglas,3.0,3.0,1.0,1.0,0.0
2025,1,NE,Antonio Gibson,1.0,1.0,2.0,2.0,0.0
2025,1,LV,Ashton Jeanty,19.0,1.0,19.0,1.0,2.0
2025,1,LV,Zamir White,6.0,2.0,2.0,0.7,0.0
2025,1,LV,Geno Smith,10.0,5.0,0.0,0.0,0.0
2025,1,NO,Alvin Kamara,26.0,2.4,19.0,1.7,0.0
2025,1,NO,Kendre Miller,12.0,2.4,12.0,2.4,1.0
2025,1,NO,Spencer Rattler,23.0,5.8,6.0,1.5,0.0
2025,1,NO,Devin Neal,4.0,2.0,5.0,2.5,0.0
2025,1,ARI,James Conner,17.0,1.4,22.0,1.8,0.0
2025,1,ARI,Trey Benson,41.0,5.1,28.0,3.5,0.0
2025,1,ARI,Kyler Murray,36.0,5.1,2.0,0.3,0.0
2025,1,NYJ,Breece Hall,55.0,2.9,52.0,2.7,2.0
2025,1,NYJ,Justin Fields,28.0,2.3,20.0,1.7,2.0
2025,1,NYJ,Braelon Allen,3.0,0.5,6.0,1.0,0.0
2025,1,NYJ,Isaiah Davis,5.0,2.5,13.0,6.5,1.0
2025,1,PIT,Jaylen Warren,11.0,1.0,26.0,2.4,2.0
2025,1,PIT,Kenneth Gainwell,4.0,0.6,15.0,2.1,1.0
2025,1,PIT,Kaleb Johnson,-2.0,-2.0,0.0,0.0,1.0
2025,1,PIT,Aaron Rodgers,-1.0,-1.0,0.0,0.0,0.0
2025,1,WAS,Jayden Daniels,63.0,5.7,5.0,0.5,0.0
2025,1,WAS,Jacory Croskey-Merritt,45.0,4.5,37.0,3.7,0.0
2025,1,WAS,Austin Ekeler,14.0,2.3,12.0,2.0,0.0
2025,1,WAS,Jeremy McNichols,14.0,3.5,11.0,2.8,0.0
2025,1,WAS,Deebo Samuel,5.0,5.0,14.0,14.0,1.0
2025,1,NYG,Tyrone Tracy Jr.,9.0,0.9,15.0,1.5,0.0
2025,1,NYG,Russell Wilson,38.0,4.8,6.0,0.8,0.0
2025,1,NYG,Devin Singletary,7.0,2.3,2.0,0.7,0.0
2025,1,NYG,Cam Skattebo,-3.0,-1.5,0.0,0.0,0.0
2025,1,DEN,J.K. Dobbins,28.0,1.8,35.0,2.2,3.0
2025,1,DEN,Bo Nix,6.0,0.8,12.0,1.5,0.0
2025,1,DEN,RJ Harvey,18.0,3.0,52.0,8.7,0.0
2025,1,TEN,Tony Pollard,33.0,1.8,27.0,1.5,2.0
2025,1,TEN,Julius Chestnut,1.0,0.5,1.0,0.5,0.0
2025,1,TEN,Chimere Dike,4.0,4.0,5.0,5.0,1.0
2025,1,SEA,Zach Charbonnet,26.0,2.2,21.0,1.8,0.0
2025,1,SEA,Kenneth Walker III,11.0,1.1,9.0,0.9,0.0
2025,1,SEA,Sam Darnold,14.0,7.0,0.0,0.0,0.0
2025,1,SEA,AJ Barner,1.0,1.0,1.0,1.0,0.0
2025,1,SEA,Jalen Milroe,1.0,1.0,0.0,0.0,0.0
2025,1,SF,Christian McCaffrey,48.0,2.2,21.0,1.0,0.0
2025,1,SF,Brian Robinson Jr.,16.0,1.8,17.0,1.9,0.0
2025,1,SF,Brock Purdy,16.0,3.2,1.0,0.2,0.0
2025,1,GB,Josh Jacobs,45.0,2.4,21.0,1.1,1.0
2025,1,GB,Jordan Love,2.0,0.7,2.0,0.7,0.0
2025,1,GB,Chris Brooks,1.0,1.0,0.0,0.0,0.0
2025,1,GB,Tucker Kraft,3.0,3.0,0.0,0.0,0.0
2025,1,GB,Emanuel Wilson,2.0,2.0,2.0,2.0,0.0
2025,1,DET,David Montgomery,19.0,1.7,6.0,0.5,0.0
2025,1,DET,Jahmyr Gibbs,18.0,2.0,1.0,0.1,0.0
2025,1,DET,Jared Goff,-1.0,-1.0,0.0,0.0,0.0
2025,1,DET,Jameson Williams,3.0,3.0,0.0,0.0,0.0
2025,1,LA,Kyren Williams,23.0,1.3,43.0,2.4,2.0
2025,1,LA,Matthew Stafford,-2.0,-0.5,0.0,0.0,0.0
2025,1,LA,Blake Corum,0.0,0.0,2.0,2.0,1.0
2025,1,LA,Puka Nacua,0.0,0.0,1.0,1.0,0.0
2025,1,LA,Jordan Whittington,5.0,5.0,0.0,0.0,0.0
2025,1,HOU,Nick Chubb,34.0,2.6,26.0,2.0,0.0
2025,1,HOU,C.J. Stroud,30.0,6.0,2.0,0.4,0.0
2025,1,HOU,Woody Marks,1.0,0.3,2.0,0.7,0.0
2025,1,HOU,Dameon Pierce,1.0,0.3,4.0,1.3,0.0
2025,1,HOU,Dare Ogunbowale,1.0,0.5,8.0,4.0,0.0
2025,1,HOU,Xavier Hutchinson,0.0,0.0,5.0,5.0,0.0
2025,1,BUF,Josh Allen,25.0,1.8,5.0,0.4,0.0
2025,1,BUF,James Cook,21.0,1.6,23.0,1.8,1.0
2025,1,BUF,Ty Johnson,18.0,9.0,6.0,3.0,0.0
2025,1,BUF,Ray Davis,1.0,1.0,1.0,1.0,0.0
2025,1,BUF,Elijah Moore,6.0,6.0,2.0,2.0,0.0
2025,1,BAL,Derrick Henry,78.0,4.3,91.0,5.1,2.0
2025,1,BAL,Lamar Jackson,48.0,8.0,22.0,3.7,1.0
2025,1,BAL,Zay Flowers,6.0,3.0,2.0,1.0,0.0
2025,1,BAL,Justice Hill,-14.0,-7.0,0.0,0.0,0.0
2025,1,BAL,Rasheen Ali,3.0,3.0,2.0,2.0,0.0
2025,1,CHI,D'Andre Swift,21.0,1.2,32.0,1.9,1.0
2025,1,CHI,Caleb Williams,56.0,9.3,2.0,0.3,0.0
2025,1,CHI,D.J. Moore,4.0,1.3,4.0,1.3,0.0
2025,1,MIN,Jordan Mason,27.0,1.8,41.0,2.7,0.0
2025,1,MIN,Aaron Jones,8.0,1.0,15.0,1.9,1.0
2025,1,MIN,J.J. McCarthy,23.0,11.5,2.0,1.0,0.0
2025,1,MIN,Justin Jefferson,3.0,3.0,1.0,1.0,0.0
2025,2,GB,Josh Jacobs,39.0,1.7,45.0,2.0,1.0
2025,2,GB,Jordan Love,7.0,2.3,5.0,1.7,1.0
2025,2,GB,Matthew Golden,13.0,6.5,2.0,1.0,0.0
2025,2,GB,Savion Williams,7.0,3.5,17.0,8.5,0.0
2025,2,WAS,Austin Ekeler,9.0,1.1,8.0,1.0,0.0
2025,2,WAS,Jayden Daniels,11.0,1.6,6.0,0.9,0.0
2025,2,WAS,Jacory Croskey-Merritt,9.0,2.3,8.0,2.0,0.0
2025,2,BAL,Derrick Henry,11.0,1.0,12.0,1.1,0.0
2025,2,BAL,Justice Hill,5.0,1.7,2.0,0.7,0.0
2025,2,BAL,Cooper Rush,-4.0,-1.3,0.0,0.0,0.0
2025,2,BAL,Lamar Jackson,12.0,6.0,1.0,0.5,0.0
2025,2,BAL,Mark Andrews,1.0,1.0,1.0,1.0,0.0
2025,2,BAL,Zay Flowers,2.0,2.0,2.0,2.0,0.0
2025,2,CLE,Quinshon Judkins,24.0,2.4,37.0,3.7,0.0
2025,2,CLE,Jerome Ford,16.0,2.7,15.0,2.5,0.0
2025,2,CLE,Dylan Sampson,4.0,1.0,2.0,0.5,0.0
2025,2,CLE,Isaiah Bond,9.0,9.0,0.0,0.0,0.0
2025,2,CLE,Joe Flacco,8.0,8.0,0.0,0.0,0.0
2025,2,CIN,Chase Brown,19.0,1.2,28.0,1.8,0.0
2025,2,CIN,Jake Browning,0.0,0.0,1.0,1.0,0.0
2025,2,JAX,Travis Etienne,48.0,3.4,23.0,1.6,0.0
2025,2,JAX,Bhayshul Tuten,20.0,2.5,22.0,2.8,0.0
2025,2,JAX,LeQuint Allen,8.0,4.0,5.0,2.5,0.0
2025,2,JAX,Trevor Lawrence,1.0,0.5,3.0,1.5,0.0
2025,2,JAX,Dyami Brown,6.0,6.0,3.0,3.0,0.0
2025,2,DAL,Javonte Williams,40.0,2.2,57.0,3.2,3.0
2025,2,DAL,Miles Sanders,9.0,1.8,6.0,1.2,0.0
2025,2,DAL,Dak Prescott,15.0,5.0,2.0,0.7,0.0
2025,2,DAL,KaVontae Turpin,6.0,3.0,0.0,0.0,0.0
2025,2,NYG,Cam Skattebo,29.0,2.6,16.0,1.5,3.0
2025,2,NYG,Tyrone Tracy Jr.,5.0,1.0,10.0,2.0,1.0
2025,2,NYG,Russell Wilson,21.0,7.0,2.0,0.7,0.0
2025,2,NYG,Jaxson Dart,-3.0,-3.0,0.0,0.0,0.0
2025,2,NYG,Devin Singletary,2.0,2.0,2.0,2.0,0.0
2025,2,DET,Jahmyr Gibbs,80.0,6.7,14.0,1.2,0.0
2025,2,DET,David Montgomery,35.0,3.2,22.0,2.0,0.0
2025,2,DET,Craig Reynolds,4.0,1.3,0.0,0.0,0.0
2025,2,DET,Amon-Ra St. Brown,3.0,1.5,4.0,2.0,0.0
2025,2,DET,Jared Goff,6.0,6.0,0.0,0.0,0.0
2025,2,DET,Kalif Raymond,6.0,6.0,3.0,3.0,0.0
2025,2,CHI,D'Andre Swift,49.0,4.1,14.0,1.2,0.0
2025,2,CHI,Kyle Monangai,16.0,2.3,12.0,1.7,0.0
2025,2,CHI,Caleb Williams,27.0,5.4,0.0,0.0,0.0
2025,2,CHI,Tyson Bagent,7.0,3.5,0.0,0.0,0.0
2025,2,CHI,Olamide Zaccheaus,5.0,5.0,4.0,4.0,0.0
2025,2,MIA,De'Von Achane,24.0,2.2,6.0,0.5,0.0
2025,2,MIA,Malik Washington,9.0,3.0,14.0,4.7,1.0
2025,2,MIA,Ollie Gordon,4.0,4.0,4.0,4.0,0.0
2025,2,NE,Rhamondre Stevenson,20.0,1.8,34.0,3.1,2.0
2025,2,NE,Drake Maye,28.0,2.8,3.0,0.3,0.0
2025,2,NE,Antonio Gibson,24.0,4.8,3.0,0.6,0.0
2025,2,NE,TreVeyon Henderson,9.0,3.0,1.0,0.3,0.0
2025,2,NO,Alvin Kamara,82.0,3.9,17.0,0.8,1.0
2025,2,NO,Kendre Miller,4.0,0.8,4.0,0.8,1.0
2025,2,NO,Spencer Rattler,-13.0,-3.3,27.0,6.8,4.0
2025,2,SF,Christian McCaffrey,50.0,3.8,5.0,0.4,0.0
2025,2,SF,Mac Jones,2.0,0.3,4.0,0.7,1.0
2025,2,SF,Brian Robinson Jr.,20.0,3.3,0.0,0.0,0.0
2025,2,SF,Ricky Pearsall,-10.0,-10.0,6.0,6.0,2.0
2025,2,NYJ,Breece Hall,12.0,1.2,17.0,1.7,0.0
2025,2,NYJ,Justin Fields,48.0,9.6,1.0,0.2,0.0
2025,2,NYJ,Tyrod Taylor,17.0,5.7,4.0,1.3,0.0
2025,2,NYJ,Braelon Allen,7.0,3.5,4.0,2.0,0.0
2025,2,NYJ,Arian Smith,-10.0,-10.0,0.0,0.0,0.0
2025,2,BUF,James Cook,44.0,2.1,88.0,4.2,4.0
2025,2,BUF,Ray Davis,11.0,1.2,13.0,1.4,0.0
2025,2,BUF,Josh Allen,8.0,1.3,51.0,8.5,2.0
2025,2,BUF,Mitchell Trubisky,-3.0,-1.0,0.0,0.0,0.0
2025,2,BUF,Ty Johnson,1.0,0.5,5.0,2.5,0.0
2025,2,BUF,Elijah Moore,3.0,1.5,3.0,1.5,2.0
2025,2,PIT,Jaylen Warren,29.0,2.1,19.0,1.4,0.0
2025,2,PIT,Kenneth Gainwell,15.0,3.0,5.0,1.0,0.0
2025,2,PIT,Kaleb Johnson,1.0,1.0,0.0,0.0,0.0
2025,2,PIT,Aaron Rodgers,3.0,3.0,0.0,0.0,0.0
2025,2,SEA,Zach Charbonnet,3.0,0.2,7.0,0.5,1.0
2025,2,SEA,Kenneth Walker III,62.0,4.8,43.0,3.3,2.0
2025,2,SEA,AJ Barner,1.0,1.0,1.0,1.0,0.0
2025,2,TEN,Tony Pollard,51.0,2.6,41.0,2.1,0.0
2025,2,TEN,Cam Ward,5.0,1.3,3.0,0.8,0.0
2025,2,TEN,Chimere Dike,6.0,3.0,3.0,1.5,0.0
2025,2,LA,Kyren Williams,36.0,2.1,30.0,1.8,0.0
2025,2,LA,Blake Corum,26.0,5.2,18.0,3.6,0.0
2025,2,LA,Matthew Stafford,-6.0,-3.0,0.0,0.0,0.0
2025,2,LA,Puka Nacua,0.0,0.0,45.0,45.0,0.0
2025,2,ARI,James Conner,8.0,0.7,26.0,2.4,1.0
2025,2,ARI,Kyler Murray,2.0,0.3,30.0,4.3,1.0
2025,2,ARI,Trey Benson,9.0,3.0,5.0,1.7,0.0
2025,2,ARI,Jacoby Brissett,0.0,0.0,2.0,2.0,0.0
2025,2,CAR,Chuba Hubbard,7.0,0.7,31.0,3.1,0.0
2025,2,CAR,Rico Dowdle,1.0,0.2,8.0,1.3,0.0
2025,2,CAR,Bryce Young,2.0,1.0,0.0,0.0,0.0
2025,2,CAR,Xavier Legette,0.0,0.0,0.0,0.0,0.0
2025,2,IND,Jonathan Taylor,56.0,2.2,109.0,4.4,1.0
2025,2,IND,Daniel Jones,0.0,0.0,2.0,0.3,0.0
2025,2,IND,Tyler Warren,0.0,0.0,0.0,0.0,0.0
2025,2,DEN,J.K. Dobbins,47.0,3.4,29.0,2.1,0.0
2025,2,DEN,RJ Harvey,3.0,0.6,5.0,1.0,0.0
2025,2,DEN,Bo Nix,20.0,6.7,0.0,0.0,0.0
2025,2,DEN,Tyler Badie,1.0,1.0,2.0,2.0,0.0
2025,2,DEN,Troy Franklin,0.0,0.0,11.0,11.0,1.0
2025,2,KC,Isiah Pacheco,10.0,1.0,12.0,1.2,0.0
2025,2,KC,Kareem Hunt,12.0,1.5,19.0,2.4,0.0
2025,2,KC,Patrick Mahomes,63.0,9.0,3.0,0.4,1.0
2025,2,KC,Brashard Smith,0.0,0.0,2.0,2.0,0.0
2025,2,PHI,Saquon Barkley,40.0,1.8,48.0,2.2,0.0
2025,2,PHI,Jalen Hurts,9.0,1.0,6.0,0.7,0.0
2025,2,PHI,AJ Dillon,12.0,4.0,7.0,2.3,0.0
2025,2,MIN,Jordan Mason,11.0,1.2,19.0,2.1,1.0
2025,2,MIN,Aaron Jones,18.0,3.6,5.0,1.0,0.0
2025,2,MIN,J.J. McCarthy,18.0,3.6,7.0,1.4,0.0
2025,2,ATL,Bijan Robinson,80.0,3.6,63.0,2.9,4.0
2025,2,ATL,Tyler Allgeier,56.0,3.5,20.0,1.3,0.0
2025,2,ATL,Michael Penix,-1.0,-1.0,0.0,0.0,0.0
2025,2,HOU,Nick Chubb,34.0,2.8,9.0,0.8,0.0
2025,2,HOU,C.J. Stroud,24.0,6.0,3.0,0.8,0.0
2025,2,HOU,Woody Marks,7.0,2.3,7.0,2.3,0.0
2025,2,TB,Bucky Irving,43.0,2.5,28.0,1.6,3.0
2025,2,TB,Rachaad White,39.0,3.9,26.0,2.6,3.0
2025,2,TB,Baker Mayfield,13.0,4.3,20.0,6.7,2.0
2025,2,LV,Ashton Jeanty,13.0,1.2,30.0,2.7,5.0
2025,2,LV,Geno Smith,0.0,0.0,20.0,4.0,1.0
2025,2,LV,Zamir White,-2.0,-1.0,0.0,0.0,0.0
2025,2,LV,Tre Tucker,2.0,2.0,5.0,5.0,1.0
2025,2,LAC,Justin Herbert,31.0,3.4,0.0,0.0,0.0
2025,2,LAC,Omarion Hampton,6.0,0.8,18.0,2.3,3.0
2025,2,LAC,Najee Harris,10.0,1.3,18.0,2.3,0.0
2025,2,LAC,Quentin Johnston,-2.0,-2.0,0.0,0.0,0.0
2025,3,BUF,James Cook,44.0,2.3,64.0,3.4,5.0
2025,3,BUF,Josh Allen,23.0,5.8,2.0,0.5,0.0
2025,3,BUF,Ty Johnson,6.0,2.0,7.0,2.3,0.0
2025,3,BUF,Elijah Moore,9.0,9.0,2.0,2.0,0.0
2025,3,MIA,De'Von Achane,33.0,2.8,29.0,2.4,1.0
2025,3,MIA,Ollie Gordon,3.0,0.3,35.0,3.9,4.0
2025,3,MIA,Tua Tagovailoa,8.0,4.0,2.0,1.0,0.0
2025,3,MIA,Malik Washington,4.0,2.0,16.0,8.0,1.0
2025,3,CAR,Chuba Hubbard,36.0,2.1,37.0,2.2,0.0
2025,3,CAR,Rico Dowdle,13.0,1.3,17.0,1.7,1.0
2025,3,CAR,Bryce Young,2.0,1.0,6.0,3.0,0.0
2025,3,CAR,Andy Dalton,-1.0,-1.0,0.0,0.0,0.0
2025,3,ATL,Bijan Robinson,37.0,2.8,35.0,2.7,0.0
2025,3,ATL,Nathan Carter,23.0,3.3,23.0,3.3,0.0
2025,3,ATL,Michael Penix,9.0,4.5,0.0,0.0,0.0
2025,3,ATL,Tyler Allgeier,2.0,2.0,2.0,2.0,0.0
2025,3,CLE,Quinshon Judkins,21.0,1.2,73.0,4.1,0.0
2025,3,CLE,Dylan Sampson,0.0,0.0,2.0,2.0,0.0
2025,3,GB,Josh Jacobs,6.0,0.4,24.0,1.5,0.0
2025,3,GB,Emanuel Wilson,11.0,1.8,14.0,2.3,1.0
2025,3,GB,Jordan Love,18.0,4.5,0.0,0.0,0.0
2025,3,GB,Matthew Golden,0.0,0.0,9.0,3.0,1.0
2025,3,GB,Savion Williams,-3.0,-1.5,2.0,1.0,1.0
2025,3,JAX,Travis Etienne,28.0,1.8,28.0,1.8,0.0
2025,3,JAX,Bhayshul Tuten,10.0,1.7,11.0,1.8,2.0
2025,3,JAX,Trevor Lawrence,4.0,2.0,5.0,2.5,1.0
2025,3,HOU,Nick Chubb,18.0,2.0,20.0,2.2,1.0
2025,3,HOU,Woody Marks,12.0,2.0,15.0,2.5,1.0
2025,3,HOU,C.J. Stroud,19.0,4.8,3.0,0.8,0.0
2025,3,MIN,Jordan Mason,88.0,5.5,28.0,1.8,3.0
2025,3,MIN,Zavier Scott,16.0,2.0,14.0,1.8,0.0
2025,3,MIN,Cam Akers,12.0,2.4,7.0,1.4,0.0
2025,3,MIN,Carson Wentz,3.0,1.5,1.0,0.5,0.0
2025,3,CIN,Chase Brown,-1.0,-0.1,4.0,0.4,0.0
2025,3,CIN,Tahj Brooks,8.0,1.6,9.0,1.8,1.0
2025,3,CIN,Samaje Perine,12.0,3.0,9.0,2.3,0.0
2025,3,CIN,Jake Browning,3.0,3.0,0.0,0.0,0.0
2025,3,CIN,Ja'Marr Chase,7.0,7.0,2.0,2.0,0.0
2025,3,NE,TreVeyon Henderson,9.0,0.8,19.0,1.7,0.0
2025,3,NE,Antonio Gibson,14.0,2.0,14.0,2.0,1.0
2025,3,NE,Drake Maye,18.0,2.6,27.0,3.9,1.0
2025,3,NE,Rhamondre Stevenson,8.0,2.0,10.0,2.5,2.0
2025,3,PIT,Jaylen Warren,16.0,0.9,31.0,1.7,4.0
2025,3,PIT,Kenneth Gainwell,9.0,2.3,7.0,1.8,0.0
2025,3,PIT,Aaron Rodgers,1.0,0.3,0.0,0.0,0.0
2025,3,PHI,Saquon Barkley,39.0,2.2,7.0,0.4,0.0
2025,3,PHI,Jalen Hurts,37.0,4.1,3.0,0.3,0.0
2025,3,LA,Kyren Williams,50.0,2.5,44.0,2.2,3.0
2025,3,LA,Blake Corum,47.0,5.9,6.0,0.8,0.0
2025,3,LA,Jordan Whittington,7.0,3.5,0.0,0.0,0.0
2025,3,LA,Puka Nacua,4.0,4.0,2.0,2.0,0.0
2025,3,TB,Bucky Irving,24.0,1.0,42.0,1.7,1.0
2025,3,TB,Rachaad White,2.0,0.4,10.0,2.0,0.0
2025,3,TB,Baker Mayfield,37.0,9.3,7.0,1.8,1.0
2025,3,NYJ,Breece Hall,12.0,1.3,9.0,1.0,0.0
2025,3,NYJ,Tyrod Taylor,36.0,4.5,12.0,1.5,0.0
2025,3,NYJ,Braelon Allen,19.0,3.2,11.0,1.8,0.0
2025,3,TEN,Tony Pollard,24.0,1.5,21.0,1.3,0.0
2025,3,TEN,Cam Ward,12.0,4.0,0.0,0.0,0.0
2025,3,TEN,Julius Chestnut,20.0,10.0,6.0,3.0,0.0
2025,3,TEN,Chimere Dike,1.0,0.5,2.0,1.0,0.0
2025,3,IND,Jonathan Taylor,34.0,2.0,68.0,4.0,7.0
2025,3,IND,Daniel Jones,27.0,6.8,0.0,0.0,1.0
2025,3,IND,Anthony Richardson,-1.0,-0.3,0.0,0.0,0.0
2025,3,IND,Tyler Goodson,4.0,2.0,2.0,1.0,0.0
2025,3,IND,DJ Giddens,1.0,1.0,2.0,2.0,0.0
2025,3,WAS,Chris Rodriguez,13.0,1.2,26.0,2.4,0.0
2025,3,WAS,Jacory Croskey-Merritt,2.0,0.3,24.0,3.0,3.0
2025,3,WAS,Marcus Mariota,38.0,6.3,2.0,0.3,0.0
2025,3,WAS,Jeremy McNichols,6.0,1.5,72.0,18.0,4.0
2025,3,WAS,Deebo Samuel,9.0,3.0,9.0,3.0,1.0
2025,3,LV,Ashton Jeanty,19.0,1.1,44.0,2.6,6.0
2025,3,LV,Zamir White,12.0,2.4,7.0,1.4,0.0
2025,3,LV,Dylan Laube,1.0,0.3,1.0,0.3,0.0
2025,3,LV,Geno Smith,2.0,1.0,3.0,1.5,0.0
2025,3,LV,Tre Tucker,4.0,4.0,0.0,0.0,0.0
2025,3,LAC,Omarion Hampton,44.0,2.3,26.0,1.4,1.0
2025,3,LAC,Najee Harris,18.0,3.0,10.0,1.7,0.0
2025,3,LAC,Justin Herbert,4.0,2.0,2.0,1.0,0.0
2025,3,LAC,Derius Davis,1.0,1.0,1.0,1.0,0.0
2025,3,DEN,J.K. Dobbins,24.0,2.2,59.0,5.4,1.0
2025,3,DEN,Bo Nix,17.0,2.1,16.0,2.0,0.0
2025,3,DEN,RJ Harvey,0.0,0.0,2.0,1.0,0.0
2025,3,SEA,Kenneth Walker III,13.0,0.8,25.0,1.6,2.0
2025,3,SEA,George Holani,11.0,1.1,16.0,1.6,0.0
2025,3,SEA,Jacardia Wright,12.0,2.4,8.0,1.6,1.0
2025,3,SEA,Drew Lock,-1.0,-1.0,0.0,0.0,0.0
2025,3,SEA,Jalen Milroe,0.0,0.0,3.0,3.0,0.0
2025,3,NO,Alvin Kamara,19.0,1.1,23.0,1.3,0.0
2025,3,NO,Kendre Miller,7.0,1.0,20.0,2.9,1.0
2025,3,NO,Spencer Rattler,10.0,5.0,0.0,0.0,0.0
2025,3,CHI,D'Andre Swift,21.0,1.6,12.0,0.9,0.0
2025,3,CHI,Kyle Monangai,11.0,1.8,5.0,0.8,0.0
2025,3,CHI,Caleb Williams,11.0,2.2,1.0,0.2,0.0
2025,3,CHI,D.J. Moore,5.0,1.7,2.0,0.7,0.0
2025,3,CHI,Luther Burden,7.0,7.0,0.0,0.0,1.0
2025,3,CHI,Olamide Zaccheaus,11.0,11.0,1.0,1.0,0.0
2025,3,DAL,Javonte Williams,39.0,3.9,37.0,3.7,1.0
2025,3,DAL,Miles Sanders,28.0,3.1,13.0,1.4,1.0
2025,3,DAL,KaVontae Turpin,3.0,3.0,1.0,1.0,0.0
2025,3,SF,Christian McCaffrey,37.0,2.2,15.0,0.9,5.0
2025,3,SF,Brian Robinson Jr.,18.0,9.0,4.0,2.0,1.0
2025,3,SF,Mac Jones,-1.0,-1.0,0.0,0.0,0.0
2025,3,ARI,Trey Benson,10.0,1.0,32.0,3.2,2.0
2025,3,ARI,James Conner,14.0,1.6,8.0,0.9,2.0
2025,3,ARI,Kyler Murray,28.0,4.7,9.0,1.5,1.0
2025,3,ARI,Emari Demercado,0.0,0.0,0.0,0.0,0.0
2025,3,ARI,Greg Dortch,5.0,5.0,0.0,0.0,0.0
2025,3,NYG,Cam Skattebo,23.0,2.3,37.0,3.7,3.0
2025,3,NYG,Tyrone Tracy Jr.,22.0,3.1,7.0,1.0,0.0
2025,3,NYG,Russell Wilson,23.0,4.6,4.0,0.8,0.0
2025,3,NYG,Devin Singletary,6.0,1.5,5.0,1.3,0.0
2025,3,NYG,Jaxson Dart,3.0,3.0,0.0,0.0,0.0
2025,3,KC,Kareem Hunt,18.0,1.8,16.0,1.6,0.0
2025,3,KC,Isiah Pacheco,23.0,2.3,22.0,2.2,1.0
2025,3,KC,Patrick Mahomes,2.0,0.4,0.0,0.0,0.0
2025,3,KC,Brashard Smith,9.0,4.5,4.0,2.0,0.0
2025,3,KC,Nikko Remigio,8.0,8.0,3.0,3.0,0.0
2025,3,BAL,Derrick Henry,32.0,2.7,18.0,1.5,0.0
2025,3,BAL,Lamar Jackson,29.0,4.1,6.0,0.9,0.0
2025,3,DET,Jahmyr Gibbs,32.0,1.5,35.0,1.6,0.0
2025,3,DET,David Montgomery,46.0,3.8,105.0,8.8,0.0
2025,3,DET,Jared Goff,4.0,1.0,2.0,0.5,0.0
2025,4,ARI,Trey Benson,28.0,3.5,7.0,0.9,0.0
2025,4,ARI,Kyler Murray,39.0,7.8,2.0,0.4,0.0
2025,4,ARI,Emari Demercado,6.0,3.0,2.0,1.0,0.0
2025,4,ARI,Michael Carter,0.0,0.0,1.0,1.0,0.0
2025,4,ARI,Greg Dortch,2.0,2.0,2.0,2.0,0.0
2025,4,SEA,Kenneth Walker III,55.0,2.9,26.0,1.4,2.0
2025,4,SEA,Zach Charbonnet,23.0,1.9,16.0,1.3,1.0
2025,4,SEA,Jaxon Smith-Njigba,9.0,3.0,2.0,0.7,0.0
2025,4,SEA,Sam Darnold,24.0,24.0,0.0,0.0,0.0
2025,4,PIT,Kenneth Gainwell,48.0,2.5,51.0,2.7,4.0
2025,4,PIT,Kaleb Johnson,12.0,2.0,10.0,1.7,1.0
2025,4,PIT,Aaron Rodgers,8.0,2.7,0.0,0.0,0.0
2025,4,PIT,Connor Heyward,1.0,1.0,1.0,1.0,0.0
2025,4,MIN,Jordan Mason,22.0,1.4,35.0,2.2,2.0
2025,4,MIN,Zavier Scott,-1.0,-0.5,2.0,1.0,1.0
2025,4,MIN,Carson Wentz,11.0,5.5,1.0,0.5,0.0
2025,4,ATL,Bijan Robinson,27.0,1.6,48.0,2.8,4.0
2025,4,ATL,Tyler Allgeier,2.0,0.1,49.0,3.1,5.0
2025,4,ATL,Michael Penix,2.0,0.5,0.0,0.0,0.0
2025,4,WAS,Jacory Croskey-Merritt,32.0,4.6,15.0,2.1,0.0
2025,4,WAS,Chris Rodriguez,9.0,1.3,50.0,7.1,2.0
2025,4,WAS,Deebo Samuel,4.0,1.3,5.0,1.7,0.0
2025,4,WAS,Marcus Mariota,20.0,10.0,0.0,0.0,0.0
2025,4,WAS,Jeremy McNichols,2.0,1.0,1.0,0.5,0.0
2025,4,WAS,Chris Moore,7.0,7.0,2.0,2.0,0.0
2025,4,BUF,James Cook,61.0,2.8,56.0,2.5,2.0
2025,4,BUF,Josh Allen,16.0,2.3,29.0,4.1,0.0
2025,4,BUF,Ray Davis,1.0,1.0,2.0,2.0,0.0
2025,4,BUF,Ty Johnson,0.0,0.0,0.0,0.0,0.0
2025,4,BUF,Elijah Moore,0.0,0.0,0.0,0.0,0.0
2025,4,NO,Alvin Kamara,26.0,1.7,44.0,2.9,0.0
2025,4,NO,Kendre Miller,19.0,1.7,46.0,4.2,1.0
2025,4,NO,Spencer Rattler,25.0,4.2,24.0,4.0,0.0
2025,4,NO,Rashid Shaheed,4.0,2.0,1.0,0.5,0.0
2025,4,DET,Jahmyr Gibbs,68.0,4.5,23.0,1.5,1.0
2025,4,DET,David Montgomery,6.0,0.7,6.0,0.7,0.0
2025,4,DET,Kyle Allen,-2.0,-1.0,0.0,0.0,0.0
2025,4,DET,Jacob Saylors,5.0,2.5,6.0,3.0,1.0
2025,4,DET,Jameson Williams,-3.0,-3.0,0.0,0.0,0.0
2025,4,CLE,Quinshon Judkins,40.0,1.9,42.0,2.0,3.0
2025,4,CLE,Joe Flacco,-1.0,-0.3,0.0,0.0,0.0
2025,4,CLE,Harold Fannin,1.0,1.0,0.0,0.0,0.0
2025,4,CLE,Jerome Ford,-1.0,-1.0,0.0,0.0,0.0
2025,4,CLE,Dylan Sampson,-2.0,-2.0,0.0,0.0,0.0
2025,4,HOU,Woody Marks,28.0,1.6,41.0,2.4,0.0
2025,4,HOU,Nick Chubb,17.0,1.3,30.0,2.3,0.0
2025,4,HOU,C.J. Stroud,9.0,2.3,2.0,0.5,0.0
2025,4,HOU,Jaylin Noel,1.0,1.0,1.0,1.0,0.0
2025,4,TEN,Tony Pollard,19.0,1.4,45.0,3.2,2.0
2025,4,TEN,Cam Ward,6.0,3.0,16.0,8.0,0.0
2025,4,TEN,Julius Chestnut,0.0,0.0,0.0,0.0,0.0
2025,4,TEN,Chimere Dike,-4.0,-4.0,0.0,0.0,0.0
2025,4,NE,Rhamondre Stevenson,22.0,2.4,16.0,1.8,1.0
2025,4,NE,TreVeyon Henderson,13.0,1.9,19.0,2.7,1.0
2025,4,NE,Antonio Gibson,3.0,0.5,24.0,4.0,1.0
2025,4,NE,Joshua Dobbs,-2.0,-0.7,0.0,0.0,0.0
2025,4,NE,Drake Maye,8.0,2.7,3.0,1.0,0.0
2025,4,NE,Kyle Williams,-2.0,-2.0,0.0,0.0,0.0
2025,4,CAR,Chuba Hubbard,25.0,2.5,24.0,2.4,0.0
2025,4,CAR,Rico Dowdle,21.0,2.3,11.0,1.2,1.0
2025,4,CAR,Trevor Etienne,17.0,2.4,16.0,2.3,1.0
2025,4,CAR,David Moore,6.0,6.0,6.0,6.0,0.0
2025,4,CAR,Bryce Young,3.0,3.0,0.0,0.0,0.0
2025,4,NYG,Cam Skattebo,44.0,1.8,35.0,1.4,0.0
2025,4,NYG,Jaxson Dart,50.0,5.0,4.0,0.4,0.0
2025,4,NYG,Devin Singletary,16.0,2.3,12.0,1.7,1.0
2025,4,LAC,Omarion Hampton,98.0,8.2,30.0,2.5,1.0
2025,4,LAC,Justin Herbert,24.0,24.0,0.0,0.0,0.0
2025,4,TB,Bucky Irving,28.0,1.9,35.0,2.3,3.0
2025,4,TB,Rachaad White,9.0,1.5,8.0,1.3,0.0
2025,4,TB,Baker Mayfield,9.0,4.5,4.0,2.0,1.0
2025,4,TB,Emeka Egbuka,0.0,0.0,0.0,0.0,0.0
2025,4,TB,Tez Johnson,3.0,3.0,2.0,2.0,0.0
2025,4,TB,Sterling Shepard,4.0,4.0,2.0,2.0,0.0
2025,4,PHI,Saquon Barkley,20.0,1.1,23.0,1.2,2.0
2025,4,PHI,Jalen Hurts,59.0,6.6,3.0,0.3,0.0
2025,4,PHI,AJ Dillon,12.0,4.0,5.0,1.7,0.0
2025,4,PHI,Braden Mann,-34.0,-34.0,0.0,0.0,0.0
2025,4,LA,Kyren Williams,61.0,4.7,16.0,1.2,4.0
2025,4,LA,Blake Corum,17.0,1.9,4.0,0.4,1.0
2025,4,LA,Matthew Stafford,4.0,1.0,0.0,0.0,0.0
2025,4,IND,Jonathan Taylor,55.0,3.2,21.0,1.2,5.0
2025,4,IND,Tyler Warren,3.0,1.5,0.0,0.0,0.0
2025,4,IND,Ashton Dulin,7.0,7.0,0.0,0.0,0.0
2025,4,IND,Daniel Jones,-1.0,-1.0,0.0,0.0,0.0
2025,4,SF,Christian McCaffrey,20.0,1.2,29.0,1.7,0.0
2025,4,SF,Brian Robinson Jr.,11.0,2.2,10.0,2.0,0.0
2025,4,SF,Brock Purdy,12.0,6.0,1.0,0.5,0.0
2025,4,JAX,Travis Etienne,62.0,3.3,62.0,3.3,0.0
2025,4,JAX,Trevor Lawrence,6.0,0.9,1.0,0.1,0.0
2025,4,JAX,Bhayshul Tuten,6.0,1.5,8.0,2.0,0.0
2025,4,JAX,Brian Thomas,7.0,7.0,0.0,0.0,0.0
2025,4,JAX,Parker Washington,-1.0,-1.0,0.0,0.0,0.0
2025,4,KC,Kareem Hunt,19.0,1.5,15.0,1.2,0.0
2025,4,KC,Isiah Pacheco,18.0,2.6,17.0,2.4,0.0
2025,4,KC,Patrick Mahomes,5.0,1.3,0.0,0.0,0.0
2025,4,KC,Brashard Smith,3.0,0.8,6.0,1.5,0.0
2025,4,KC,Gardner Minshew II,-3.0,-1.5,0.0,0.0,0.0
2025,4,KC,Xavier Worthy,37.0,18.5,1.0,0.5,0.0
2025,4,BAL,Derrick Henry,29.0,3.6,13.0,1.6,0.0
2025,4,BAL,Lamar Jackson,34.0,5.7,14.0,2.3,1.0
2025,4,BAL,Justice Hill,12.0,4.0,64.0,21.3,1.0
2025,4,LV,Ashton Jeanty,14.0,0.7,124.0,5.9,2.0
2025,4,LV,Raheem Mostert,20.0,5.0,42.0,10.5,0.0
2025,4,LV,Geno Smith,20.0,5.0,11.0,2.8,1.0
2025,4,LV,Tre Tucker,9.0,4.5,0.0,0.0,0.0
2025,4,CHI,D'Andre Swift,9.0,0.6,29.0,2.1,0.0
2025,4,CHI,Caleb Williams,9.0,1.1,4.0,0.5,1.0
2025,4,CHI,Kyle Monangai,3.0,0.8,15.0,3.8,1.0
2025,4,DAL,Javonte Williams,43.0,2.2,42.0,2.1,1.0
2025,4,DAL,Miles Sanders,3.0,1.5,5.0,2.5,0.0
2025,4,DAL,Ryan Flournoy,10.0,10.0,2.0,2.0,0.0
2025,4,DAL,Hunter Luepke,4.0,4.0,2.0,2.0,0.0
2025,4,DAL,Dak Prescott,2.0,2.0,0.0,0.0,0.0
2025,4,DAL,KaVontae Turpin,1.0,1.0,3.0,3.0,0.0
2025,4,GB,Josh Jacobs,35.0,1.6,51.0,2.3,0.0
2025,4,GB,Emanuel Wilson,22.0,2.8,22.0,2.8,0.0
2025,4,GB,Jordan Love,-1.0,-0.3,29.0,9.7,0.0
2025,4,GB,Matthew Golden,4.0,4.0,1.0,1.0,0.0
2025,4,GB,Savion Williams,0.0,0.0,1.0,1.0,0.0
2025,4,MIA,De'Von Achane,34.0,1.7,65.0,3.3,5.0
2025,4,MIA,Ollie Gordon,5.0,0.8,5.0,0.8,1.0
2025,4,MIA,Tua Tagovailoa,5.0,1.7,1.0,0.3,0.0
2025,4,MIA,Malik Washington,6.0,3.0,2.0,1.0,0.0
2025,4,NYJ,Breece Hall,44.0,3.1,37.0,2.6,3.0
2025,4,NYJ,Justin Fields,78.0,11.1,3.0,0.4,0.0
2025,4,NYJ,Braelon Allen,14.0,3.5,12.0,3.0,0.0
2025,4,NYJ,Isaiah Davis,4.0,1.3,5.0,1.7,0.0
2025,4,DEN,J.K. Dobbins,71.0,4.4,30.0,1.9,0.0
2025,4,DEN,RJ Harvey,25.0,1.8,33.0,2.4,0.0
2025,4,DEN,Bo Nix,6.0,1.0,1.0,0.2,0.0
2025,4,DEN,Marvin Mims,15.0,15.0,1.0,1.0,0.0
2025,4,DEN,Adam Prentice,2.0,2.0,2.0,2.0,0.0
2025,4,CIN,Chase Brown,20.0,2.0,20.0,2.0,0.0
2025,4,CIN,Jake Browning,2.0,0.7,2.0,0.7,0.0
2025,4,CIN,Andrei Iosivas,5.0,5.0,0.0,0.0,0.0
2025,4,CIN,Samaje Perine,3.0,3.0,1.0,1.0,0.0
2025,5,LA,Kyren Williams,35.0,2.5,30.0,2.1,0.0
2025,5,LA,Blake Corum,10.0,10.0,3.0,3.0,0.0
2025,5,LA,Matthew Stafford,0.0,0.0,0.0,0.0,0.0
2025,5,SF,Christian McCaffrey,22.0,1.0,35.0,1.6,0.0
2025,5,SF,Brian Robinson Jr.,5.0,1.0,7.0,1.4,1.0
2025,5,SF,Mac Jones,2.0,0.5,3.0,0.8,0.0
2025,5,SF,Kyle Juszczyk,-1.0,-1.0,0.0,0.0,0.0
2025,5,SF,Skyy Moore,1.0,1.0,0.0,0.0,0.0
2025,5,CLE,Quinshon Judkins,68.0,3.0,42.0,1.8,0.0
2025,5,CLE,Jerome Ford,8.0,1.6,10.0,2.0,0.0
2025,5,CLE,Dillon Gabriel,4.0,2.0,1.0,0.5,0.0
2025,5,CLE,Malachi Corley,9.0,9.0,2.0,2.0,0.0
2025,5,CLE,Dylan Sampson,-4.0,-4.0,0.0,0.0,0.0
2025,5,MIN,Jordan Mason,29.0,2.2,23.0,1.8,0.0
2025,5,MIN,Zavier Scott,7.0,1.4,11.0,2.2,0.0
2025,5,MIN,Carson Wentz,2.0,0.7,11.0,3.7,0.0
2025,5,MIN,Max Brosmer,-1.0,-1.0,0.0,0.0,0.0
2025,5,MIN,Jalen Nailor,3.0,3.0,12.0,12.0,0.0
2025,5,BAL,Derrick Henry,11.0,0.7,22.0,1.5,0.0
2025,5,BAL,Keaton Mitchell,6.0,2.0,2.0,0.7,0.0
2025,5,BAL,Justice Hill,0.0,0.0,3.0,3.0,0.0
2025,5,HOU,Nick Chubb,30.0,2.7,31.0,2.8,2.0
2025,5,HOU,Woody Marks,3.0,0.4,21.0,3.0,1.0
2025,5,HOU,Dameon Pierce,6.0,0.9,15.0,2.1,2.0
2025,5,HOU,Davis Mills,3.0,1.0,0.0,0.0,0.0
2025,5,HOU,British Brooks,5.0,2.5,10.0,5.0,1.0
2025,5,HOU,Nico Collins,3.0,3.0,5.0,5.0,0.0
2025,5,HOU,Jaylin Noel,1.0,1.0,4.0,4.0,0.0
2025,5,HOU,C.J. Stroud,30.0,30.0,0.0,0.0,0.0
2025,5,CAR,Rico Dowdle,87.0,3.8,119.0,5.2,3.0
2025,5,CAR,Trevor Etienne,4.0,1.0,18.0,4.5,0.0
2025,5,CAR,Bryce Young,0.0,0.0,1.0,0.3,0.0
2025,5,CAR,Jimmy Horn,7.0,3.5,3.0,1.5,0.0
2025,5,MIA,De'Von Achane,7.0,0.7,9.0,0.9,0.0
2025,5,MIA,Ollie Gordon,-4.0,-1.3,2.0,0.7,0.0
2025,5,MIA,Tua Tagovailoa,5.0,5.0,0.0,0.0,0.0
2025,5,IND,Jonathan Taylor,45.0,2.6,21.0,1.2,0.0
2025,5,IND,DJ Giddens,9.0,1.8,13.0,2.6,0.0
2025,5,IND,Ameer Abdullah,3.0,1.5,3.0,1.5,0.0
2025,5,IND,Daniel Jones,-1.0,-1.0,3.0,3.0,0.0
2025,5,LV,Ashton Jeanty,41.0,2.9,26.0,1.9,0.0
2025,5,LV,Raheem Mostert,11.0,1.6,11.0,1.6,0.0
2025,5,LV,Geno Smith,6.0,2.0,2.0,0.7,0.0
2025,5,LV,Tre Tucker,6.0,6.0,3.0,3.0,0.0
2025,5,NO,Kendre Miller,15.0,1.5,26.0,2.6,2.0
2025,5,NO,Alvin Kamara,14.0,1.8,13.0,1.6,1.0
2025,5,NO,Taysom Hill,-3.0,-0.5,2.0,0.3,0.0
2025,5,NO,Spencer Rattler,21.0,3.5,0.0,0.0,0.0
2025,5,NYG,Cam Skattebo,42.0,2.8,17.0,1.1,0.0
2025,5,NYG,Jaxson Dart,46.0,6.6,9.0,1.3,0.0
2025,5,NYG,Devin Singletary,8.0,1.3,12.0,2.0,0.0
2025,5,NYG,Wan'Dale Robinson,0.0,0.0,2.0,2.0,0.0
2025,5,NYJ,Breece Hall,69.0,4.9,44.0,3.1,1.0
2025,5,NYJ,Justin Fields,26.0,3.7,0.0,0.0,0.0
2025,5,NYJ,Isaiah Davis,1.0,1.0,4.0,4.0,0.0
2025,5,DAL,Javonte Williams,48.0,3.0,87.0,5.4,1.0
2025,5,DAL,Dak Prescott,28.0,4.0,0.0,0.0,0.0
2025,5,DAL,Jaydon Blue,3.0,0.8,4.0,1.0,1.0
2025,5,DAL,Ryan Flournoy,8.0,4.0,2.0,1.0,0.0
2025,5,PHI,Saquon Barkley,17.0,2.8,13.0,2.2,0.0
2025,5,PHI,AJ Dillon,2.0,1.0,10.0,5.0,1.0
2025,5,PHI,Jalen Hurts,-1.0,-0.5,4.0,2.0,1.0
2025,5,PHI,Will Shipley,0.0,0.0,0.0,0.0,0.0
2025,5,DEN,J.K. Dobbins,37.0,1.9,42.0,2.1,2.0
2025,5,DEN,RJ Harvey,6.0,1.5,6.0,1.5,0.0
2025,5,DEN,Bo Nix,17.0,5.7,5.0,1.7,0.0
2025,5,DEN,Marvin Mims,7.0,7.0,2.0,2.0,0.0
2025,5,DEN,Adam Prentice,5.0,5.0,3.0,3.0,0.0
2025,5,ARI,Michael Carter,48.0,2.7,3.0,0.2,1.0
2025,5,ARI,Zonovan Knight,11.0,2.8,0.0,0.0,0.0
2025,5,ARI,Kyler Murray,25.0,6.3,0.0,0.0,0.0
2025,5,ARI,Emari Demercado,77.0,25.7,4.0,1.3,1.0
2025,5,TEN,Tony Pollard,56.0,4.0,11.0,0.8,2.0
2025,5,TEN,Cam Ward,-14.0,-2.8,8.0,1.6,1.0
2025,5,TEN,Tyjae Spears,14.0,3.5,0.0,0.0,0.0
2025,5,TEN,Julius Chestnut,3.0,3.0,0.0,0.0,0.0
2025,5,SEA,Kenneth Walker III,51.0,5.1,35.0,3.5,1.0
2025,5,SEA,Zach Charbonnet,18.0,2.0,18.0,2.0,2.0
2025,5,SEA,Jalen Milroe,0.0,0.0,0.0,0.0,0.0
2025,5,TB,Rachaad White,26.0,1.9,15.0,1.1,2.0
2025,5,TB,Baker Mayfield,15.0,3.0,0.0,0.0,0.0
2025,5,TB,Sean Tucker,1.0,0.3,2.0,0.7,1.0
2025,5,TB,Tez Johnson,1.0,1.0,1.0,1.0,0.0
2025,5,TB,Sterling Shepard,-5.0,-5.0,0.0,0.0,0.0
2025,5,CIN,Chase Brown,16.0,2.0,11.0,1.4,0.0
2025,5,CIN,Jake Browning,22.0,5.5,9.0,2.3,1.0
2025,5,CIN,Samaje Perine,16.0,4.0,11.0,2.8,0.0
2025,5,DET,David Montgomery,38.0,2.1,27.0,1.5,2.0
2025,5,DET,Jahmyr Gibbs,37.0,3.1,17.0,1.4,1.0
2025,5,DET,Jared Goff,-2.0,-1.0,0.0,0.0,0.0
2025,5,DET,Jameson Williams,1.0,1.0,0.0,0.0,0.0
2025,5,LAC,Omarion Hampton,13.0,1.1,31.0,2.6,3.0
2025,5,LAC,Hassan Haskins,7.0,1.4,6.0,1.2,0.0
2025,5,LAC,Justin Herbert,55.0,13.8,5.0,1.3,0.0
2025,5,LAC,Kimani Vidal,10.0,2.5,8.0,2.0,0.0
2025,5,LAC,Quentin Johnston,7.0,7.0,2.0,2.0,0.0
2025,5,LAC,Trey Lance,11.0,11.0,0.0,0.0,0.0
2025,5,WAS,Jacory Croskey-Merritt,58.0,4.1,53.0,3.8,3.0
2025,5,WAS,Jayden Daniels,30.0,3.8,9.0,1.1,1.0
2025,5,WAS,Chris Rodriguez,1.0,0.2,6.0,1.2,0.0
2025,5,WAS,Jeremy McNichols,4.0,4.0,2.0,2.0,0.0
2025,5,BUF,James Cook,13.0,0.9,36.0,2.4,0.0
2025,5,BUF,Josh Allen,32.0,3.6,21.0,2.3,1.0
2025,5,BUF,Ray Davis,1.0,0.5,0.0,0.0,0.0
2025,5,BUF,Ty Johnson,3.0,1.5,7.0,3.5,0.0
2025,5,BUF,Khalil Shakir,5.0,5.0,0.0,0.0,0.0
2025,5,NE,Rhamondre Stevenson,4.0,0.6,10.0,1.4,0.0
2025,5,NE,Antonio Gibson,10.0,1.7,11.0,1.8,0.0
2025,5,NE,TreVeyon Henderson,4.0,0.7,20.0,3.3,0.0
2025,5,NE,Drake Maye,10.0,3.3,2.0,0.7,0.0
2025,5,JAX,Travis Etienne,27.0,2.3,22.0,1.8,0.0
2025,5,JAX,Trevor Lawrence,36.0,3.6,18.0,1.8,1.0
2025,5,JAX,Bhayshul Tuten,1.0,0.3,5.0,1.3,0.0
2025,5,KC,Kareem Hunt,15.0,2.1,34.0,4.9,0.0
2025,5,KC,Isiah Pacheco,18.0,2.6,18.0,2.6,0.0
2025,5,KC,Patrick Mahomes,46.0,7.7,14.0,2.3,1.0
2025,5,KC,Brashard Smith,3.0,3.0,1.0,1.0,0.0
2025,5,KC,Xavier Worthy,9.0,9.0,0.0,0.0,0.0
2025,6,NYG,Cam Skattebo,54.0,2.8,44.0,2.3,0.0
2025,6,NYG,Jaxson Dart,47.0,3.6,11.0,0.8,0.0
2025,6,NYG,Tyrone Tracy Jr.,2.0,0.5,4.0,1.0,0.0
2025,6,NYG,Devin Singletary,5.0,1.7,5.0,1.7,0.0
2025,6,PHI,Saquon Barkley,34.0,2.8,24.0,2.0,0.0
2025,6,PHI,Jalen Hurts,10.0,1.4,3.0,0.4,0.0
2025,6,PHI,AJ Dillon,1.0,1.0,1.0,1.0,0.0
2025,6,NYJ,Breece Hall,17.0,0.8,42.0,1.9,2.0
2025,6,NYJ,Justin Fields,17.0,2.4,14.0,2.0,0.0
2025,6,NYJ,Isaiah Davis,0.0,0.0,2.0,1.0,0.0
2025,6,DEN,J.K. Dobbins,13.0,0.9,27.0,1.9,0.0
2025,6,DEN,Bo Nix,23.0,4.6,1.0,0.2,0.0
2025,6,DEN,RJ Harvey,2.0,1.0,2.0,1.0,0.0
2025,6,DEN,Evan Engram,6.0,6.0,1.0,1.0,0.0
2025,6,DEN,Troy Franklin,0.0,0.0,2.0,2.0,0.0
2025,6,DEN,Jaleel McLaughlin,0.0,0.0,0.0,0.0,0.0
2025,6,DEN,Marvin Mims,-2.0,-2.0,0.0,0.0,0.0
2025,6,DEN,Adam Prentice,2.0,2.0,1.0,1.0,0.0
2025,6,BAL,Derrick Henry,109.0,4.5,13.0,0.5,2.0
2025,6,BAL,Justice Hill,16.0,2.7,0.0,0.0,0.0
2025,6,BAL,Mark Andrews,2.0,0.7,0.0,0.0,0.0
2025,6,BAL,Tyler Huntley,30.0,10.0,9.0,3.0,1.0
2025,6,BAL,Cooper Rush,0.0,0.0,0.0,0.0,0.0
2025,6,LA,Kyren Williams,50.0,3.8,0.0,0.0,0.0
2025,6,LA,Blake Corum,21.0,4.2,2.0,0.4,1.0
2025,6,LA,Matthew Stafford,1.0,0.3,0.0,0.0,0.0
2025,6,LA,Terrance Ferguson,0.0,0.0,0.0,0.0,0.0
2025,6,CAR,Rico Dowdle,122.0,4.1,61.0,2.0,1.0
2025,6,CAR,Trevor Etienne,15.0,5.0,2.0,0.7,0.0
2025,6,CAR,Bryce Young,5.0,1.7,0.0,0.0,0.0
2025,6,CAR,DeeJay Dallas,0.0,0.0,0.0,0.0,0.0
2025,6,CAR,Jimmy Horn,8.0,8.0,3.0,3.0,0.0
2025,6,DAL,Javonte Williams,15.0,1.2,14.0,1.1,0.0
2025,6,DAL,Jaydon Blue,0.0,0.0,0.0,0.0,0.0
2025,6,DAL,Dak Prescott,-1.0,-0.5,0.0,0.0,0.0
2025,6,DAL,Ryan Flournoy,1.0,1.0,2.0,2.0,0.0
2025,6,IND,Jonathan Taylor,66.0,3.1,57.0,2.7,0.0
2025,6,IND,Daniel Jones,13.0,2.6,7.0,1.4,0.0
2025,6,IND,Ameer Abdullah,5.0,5.0,2.0,2.0,0.0
2025,6,ARI,Zonovan Knight,25.0,2.3,9.0,0.8,0.0
2025,6,ARI,Michael Carter,17.0,1.9,17.0,1.9,2.0
2025,6,ARI,Jacoby Brissett,1.0,0.3,18.0,6.0,0.0
2025,6,ARI,Emari Demercado,1.0,1.0,0.0,0.0,0.0
2025,6,JAX,Travis Etienne,14.0,1.2,13.0,1.1,0.0
2025,6,JAX,Trevor Lawrence,9.0,3.0,0.0,0.0,0.0
2025,6,JAX,Bhayshul Tuten,13.0,6.5,1.0,0.5,0.0
2025,6,JAX,LeQuint Allen,2.0,2.0,0.0,0.0,0.0
2025,6,JAX,Dyami Brown,5.0,5.0,2.0,2.0,0.0
2025,6,SEA,Zach Charbonnet,15.0,1.3,9.0,0.8,1.0
2025,6,SEA,Kenneth Walker III,25.0,2.5,9.0,0.9,0.0
2025,6,SEA,Sam Darnold,2.0,0.5,0.0,0.0,0.0
2025,6,MIA,De'Von Achane,56.0,3.5,72.0,4.5,0.0
2025,6,MIA,Ollie Gordon,-1.0,-0.5,2.0,1.0,0.0
2025,6,MIA,Alec Ingold,1.0,1.0,2.0,2.0,0.0
2025,6,MIA,Tua Tagovailoa,4.0,4.0,0.0,0.0,0.0
2025,6,MIA,Malik Washington,0.0,0.0,1.0,1.0,0.0
2025,6,LAC,Kimani Vidal,72.0,4.0,52.0,2.9,1.0
2025,6,LAC,Hassan Haskins,3.0,0.5,11.0,1.8,0.0
2025,6,LAC,Justin Herbert,1.0,1.0,1.0,1.0,0.0
2025,6,NO,Alvin Kamara,17.0,1.7,14.0,1.4,1.0
2025,6,NO,Kendre Miller,10.0,1.3,11.0,1.4,1.0
2025,6,NO,Spencer Rattler,17.0,4.3,3.0,0.8,0.0
2025,6,NO,Taysom Hill,1.0,1.0,0.0,0.0,0.0
2025,6,NE,Rhamondre Stevenson,3.0,0.2,15.0,1.2,0.0
2025,6,NE,TreVeyon Henderson,9.0,1.0,18.0,2.0,1.0
2025,6,NE,Drake Maye,20.0,2.2,8.0,0.9,0.0
2025,6,PIT,Jaylen Warren,21.0,1.9,31.0,2.8,3.0
2025,6,PIT,Kenneth Gainwell,12.0,2.0,10.0,1.7,0.0
2025,6,PIT,Kaleb Johnson,6.0,1.0,9.0,1.5,0.0
2025,6,PIT,Mason Rudolph,0.0,0.0,0.0,0.0,0.0
2025,6,PIT,Aaron Rodgers,1.0,1.0,0.0,0.0,0.0
2025,6,PIT,Jonnu Smith,0.0,0.0,10.0,10.0,2.0
2025,6,CLE,Quinshon Judkins,17.0,1.4,19.0,1.6,1.0
2025,6,CLE,Dylan Sampson,6.0,2.0,6.0,2.0,0.0
2025,6,CLE,Jerome Ford,15.0,7.5,2.0,1.0,8.0
2025,6,LV,Ashton Jeanty,28.0,1.2,47.0,2.0,0.0
2025,6,LV,Raheem Mostert,-6.0,-1.2,2.0,0.4,0.0
2025,6,LV,Geno Smith,-3.0,-0.8,0.0,0.0,0.0
2025,6,TEN,Tony Pollard,9.0,0.9,25.0,2.5,1.0
2025,6,TEN,Tyjae Spears,16.0,3.2,15.0,3.0,1.0
2025,6,GB,Josh Jacobs,43.0,2.4,50.0,2.8,2.0
2025,6,GB,Jordan Love,21.0,3.0,5.0,0.7,0.0
2025,6,GB,Emanuel Wilson,5.0,1.7,6.0,2.0,0.0
2025,6,GB,Matthew Golden,8.0,4.0,8.0,4.0,0.0
2025,6,GB,Chris Brooks,1.0,1.0,0.0,0.0,0.0
2025,6,GB,Bo Melton,3.0,3.0,0.0,0.0,0.0
2025,6,GB,Savion Williams,2.0,2.0,1.0,1.0,0.0
2025,6,CIN,Chase Brown,18.0,2.0,24.0,2.7,0.0
2025,6,CIN,Samaje Perine,9.0,1.5,7.0,1.2,0.0
2025,6,CIN,Ja'Marr Chase,-3.0,-3.0,0.0,0.0,0.0
2025,6,TB,Rachaad White,30.0,1.8,35.0,2.1,1.0
2025,6,TB,Sean Tucker,17.0,2.8,8.0,1.3,0.0
2025,6,TB,Baker Mayfield,-1.0,-0.3,15.0,5.0,3.0
2025,6,SF,Christian McCaffrey,23.0,1.4,31.0,1.8,0.0
2025,6,SF,Mac Jones,10.0,2.0,3.0,0.6,0.0
2025,6,KC,Isiah Pacheco,37.0,3.1,14.0,1.2,0.0
2025,6,KC,Patrick Mahomes,30.0,3.0,2.0,0.2,0.0
2025,6,KC,Kareem Hunt,10.0,1.7,13.0,2.2,1.0
2025,6,KC,Xavier Worthy,4.0,4.0,2.0,2.0,0.0
2025,6,DET,Jahmyr Gibbs,43.0,2.5,22.0,1.3,1.0
2025,6,DET,David Montgomery,18.0,4.5,6.0,1.5,0.0
2025,6,DET,Jared Goff,7.0,7.0,0.0,0.0,0.0
2025,6,DET,Amon-Ra St. Brown,0.0,0.0,2.0,2.0,0.0
2025,6,ATL,Bijan Robinson,70.0,3.7,100.0,5.3,3.0
2025,6,ATL,Tyler Allgeier,18.0,1.8,14.0,1.4,1.0
2025,6,ATL,Michael Penix,6.0,3.0,0.0,0.0,0.0
2025,6,ATL,Feleipe Franks,1.0,1.0,1.0,1.0,0.0
2025,6,BUF,James Cook,42.0,2.5,45.0,2.6,1.0
2025,6,BUF,Josh Allen,39.0,6.5,3.0,0.5,0.0
2025,6,BUF,Ty Johnson,4.0,4.0,1.0,1.0,0.0
2025,6,WAS,Jacory Croskey-Merritt,32.0,1.9,29.0,1.7,1.0
2025,6,WAS,Jayden Daniels,4.0,0.4,48.0,4.8,1.0
2025,6,WAS,Jeremy McNichols,3.0,1.5,2.0,1.0,0.0
2025,6,WAS,Jaylin Lane,5.0,5.0,2.0,2.0,0.0
2025,6,WAS,Deebo Samuel,-1.0,-1.0,0.0,0.0,0.0
2025,6,CHI,D'Andre Swift,71.0,5.1,37.0,2.6,1.0
2025,6,CHI,Kyle Monangai,9.0,1.8,10.0,2.0,1.0
2025,6,CHI,Caleb Williams,-3.0,-0.8,1.0,0.3,0.0
2025,6,CHI,D.J. Moore,3.0,1.5,7.0,3.5,1.0
2025,6,CHI,Roschon Johnson,4.0,4.0,2.0,2.0,0.0
2025,6,CHI,Olamide Zaccheaus,1.0,1.0,3.0,3.0,0.0
2025,7,CIN,Chase Brown,21.0,1.9,87.0,7.9,3.0
2025,7,CIN,Samaje Perine,12.0,1.7,19.0,2.7,0.0
2025,7,CIN,Joe Flacco,-1.0,-0.2,4.0,0.8,0.0
2025,7,PIT,Jaylen Warren,25.0,1.6,102.0,6.4,5.0
2025,7,PIT,Kenneth Gainwell,8.0,2.7,6.0,2.0,0.0
2025,7,PIT,Aaron Rodgers,6.0,6.0,0.0,0.0,0.0
2025,7,JAX,Travis Etienne,24.0,3.0,20.0,2.5,0.0
2025,7,JAX,Bhayshul Tuten,13.0,2.6,9.0,1.8,0.0
2025,7,JAX,Parker Washington,6.0,2.0,4.0,1.3,0.0
2025,7,JAX,Trevor Lawrence,16.0,8.0,2.0,1.0,0.0
2025,7,JAX,Travis Hunter,0.0,0.0,0.0,0.0,0.0
2025,7,LA,Blake Corum,23.0,1.9,14.0,1.2,0.0
2025,7,LA,Kyren Williams,25.0,2.1,29.0,2.4,1.0
2025,7,LA,Jimmy Garoppolo,-3.0,-1.0,0.0,0.0,0.0
2025,7,LA,Matthew Stafford,1.0,0.5,0.0,0.0,0.0
2025,7,CHI,D'Andre Swift,64.0,3.4,60.0,3.2,0.0
2025,7,CHI,Kyle Monangai,51.0,3.9,30.0,2.3,0.0
2025,7,CHI,Caleb Williams,-2.0,-0.5,0.0,0.0,0.0
2025,7,CHI,Luther Burden,-1.0,-1.0,0.0,0.0,0.0
2025,7,CHI,Roschon Johnson,2.0,2.0,9.0,9.0,0.0
2025,7,CHI,D.J. Moore,7.0,7.0,2.0,2.0,0.0
2025,7,CHI,Olamide Zaccheaus,0.0,0.0,0.0,0.0,0.0
2025,7,NO,Alvin Kamara,12.0,1.1,16.0,1.5,0.0
2025,7,NO,Taysom Hill,-9.0,-4.5,5.0,2.5,0.0
2025,7,NO,Spencer Rattler,12.0,6.0,0.0,0.0,0.0
2025,7,NO,Kendre Miller,5.0,5.0,2.0,2.0,0.0
2025,7,NO,Devin Neal,1.0,1.0,0.0,0.0,0.0
2025,7,CLE,Quinshon Judkins,0.0,0.0,84.0,3.4,4.0
2025,7,CLE,Dillon Gabriel,12.0,3.0,0.0,0.0,0.0
2025,7,CLE,Dylan Sampson,4.0,1.3,4.0,1.3,0.0
2025,7,CLE,Jerome Ford,0.0,0.0,0.0,0.0,0.0
2025,7,MIA,De'Von Achane,21.0,1.6,61.0,4.7,0.0
2025,7,MIA,Ollie Gordon,5.0,1.0,6.0,1.2,0.0
2025,7,MIA,Tua Tagovailoa,6.0,2.0,0.0,0.0,0.0
2025,7,MIA,Quinn Ewers,0.0,0.0,0.0,0.0,0.0
2025,7,KC,Isiah Pacheco,21.0,1.4,36.0,2.4,0.0
2025,7,KC,Brashard Smith,19.0,1.4,20.0,1.4,0.0
2025,7,KC,Kareem Hunt,3.0,0.8,15.0,3.8,0.0
2025,7,KC,Patrick Mahomes,22.0,5.5,6.0,1.5,0.0
2025,7,KC,Gardner Minshew II,-3.0,-1.0,0.0,0.0,0.0
2025,7,KC,Xavier Worthy,13.0,13.0,0.0,0.0,0.0
2025,7,LV,Ashton Jeanty,14.0,2.3,7.0,1.2,0.0
2025,7,LV,Dylan Laube,0.0,0.0,3.0,1.5,0.0
2025,7,LV,Geno Smith,0.0,0.0,1.0,0.5,0.0
2025,7,LV,Kenny Pickett,0.0,0.0,0.0,0.0,0.0
2025,7,MIN,Jordan Mason,38.0,2.5,19.0,1.3,1.0
2025,7,MIN,Zavier Scott,1.0,0.3,3.0,0.8,0.0
2025,7,MIN,Carson Wentz,15.0,3.8,13.0,3.3,1.0
2025,7,PHI,Saquon Barkley,25.0,1.4,19.0,1.1,0.0
2025,7,PHI,Jalen Hurts,-11.0,-2.8,1.0,0.3,0.0
2025,7,PHI,Tank Bigsby,8.0,8.0,3.0,3.0,0.0
2025,7,NYJ,Breece Hall,33.0,3.0,5.0,0.5,0.0
2025,7,NYJ,Justin Fields,16.0,4.0,6.0,1.5,1.0
2025,7,NYJ,Tyrod Taylor,11.0,3.7,0.0,0.0,0.0
2025,7,NYJ,Isaiah Davis,9.0,4.5,1.0,0.5,0.0
2025,7,CAR,Rico Dowdle,47.0,2.8,32.0,1.9,1.0
2025,7,CAR,Chuba Hubbard,18.0,1.3,13.0,0.9,0.0
2025,7,CAR,Andy Dalton,-2.0,-1.0,0.0,0.0,0.0
2025,7,CAR,Bryce Young,8.0,4.0,2.0,1.0,0.0
2025,7,CAR,Jimmy Horn,7.0,7.0,0.0,0.0,0.0
2025,7,TEN,Tony Pollard,8.0,1.3,10.0,1.7,0.0
2025,7,TEN,Tyjae Spears,8.0,1.6,14.0,2.8,0.0
2025,7,TEN,Chimere Dike,-1.0,-1.0,0.0,0.0,0.0
2025,7,NE,Rhamondre Stevenson,41.0,2.3,47.0,2.6,4.0
2025,7,NE,Drake Maye,48.0,6.0,14.0,1.8,0.0
2025,7,NE,Terrell Jennings,13.0,2.6,5.0,1.0,0.0
2025,7,NE,Joshua Dobbs,-2.0,-1.0,0.0,0.0,0.0
2025,7,NE,TreVeyon Henderson,2.0,1.0,3.0,1.5,0.0
2025,7,NE,Mack Hollins,4.0,4.0,0.0,0.0,0.0
2025,7,DEN,J.K. Dobbins,51.0,3.6,30.0,2.1,1.0
2025,7,DEN,Bo Nix,47.0,9.4,1.0,0.2,0.0
2025,7,DEN,RJ Harvey,-1.0,-0.3,1.0,0.3,0.0
2025,7,DEN,Marvin Mims,0.0,0.0,13.0,13.0,1.0
2025,7,NYG,Cam Skattebo,24.0,1.5,36.0,2.3,0.0
2025,7,NYG,Tyrone Tracy Jr.,38.0,4.2,8.0,0.9,0.0
2025,7,NYG,Jaxson Dart,8.0,1.6,3.0,0.6,0.0
2025,7,NYG,Devin Singletary,1.0,0.5,1.0,0.5,0.0
2025,7,LAC,Kimani Vidal,11.0,1.2,9.0,1.0,0.0
2025,7,LAC,Justin Herbert,20.0,3.3,11.0,1.8,0.0
2025,7,LAC,Hassan Haskins,3.0,3.0,0.0,0.0,0.0
2025,7,IND,Jonathan Taylor,78.0,4.9,16.0,1.0,0.0
2025,7,IND,Daniel Jones,7.0,1.4,0.0,0.0,0.0
2025,7,IND,Ameer Abdullah,9.0,4.5,10.0,5.0,1.0
2025,7,ARI,Zonovan Knight,35.0,2.5,22.0,1.6,0.0
2025,7,ARI,Michael Carter,4.0,0.6,7.0,1.0,0.0
2025,7,ARI,Jacoby Brissett,22.0,3.7,4.0,0.7,1.0
2025,7,ARI,D'Ernest Johnson,0.0,0.0,0.0,0.0,0.0
2025,7,GB,Josh Jacobs,28.0,2.2,27.0,2.1,0.0
2025,7,GB,Emanuel Wilson,7.0,1.2,10.0,1.7,0.0
2025,7,GB,Jordan Love,22.0,5.5,0.0,0.0,0.0
2025,7,DAL,Javonte Williams,56.0,2.9,60.0,3.2,2.0
2025,7,DAL,Jaydon Blue,24.0,3.4,5.0,0.7,0.0
2025,7,DAL,Dak Prescott,6.0,1.2,1.0,0.2,0.0
2025,7,WAS,Jacory Croskey-Merritt,20.0,1.5,13.0,1.0,0.0
2025,7,WAS,Jayden Daniels,28.0,3.5,7.0,0.9,0.0
2025,7,WAS,Chris Rodriguez,7.0,2.3,5.0,1.7,0.0
2025,7,WAS,Marcus Mariota,33.0,16.5,1.0,0.5,0.0
2025,7,WAS,Jeremy McNichols,7.0,3.5,15.0,7.5,2.0
2025,7,SF,Christian McCaffrey,81.0,3.4,48.0,2.0,4.0
2025,7,SF,Brian Robinson Jr.,14.0,1.6,22.0,2.4,2.0
2025,7,SF,Mac Jones,6.0,1.2,5.0,1.0,0.0
2025,7,SF,Kyle Juszczyk,-2.0,-2.0,0.0,0.0,0.0
2025,7,ATL,Bijan Robinson,21.0,1.5,19.0,1.4,0.0
2025,7,ATL,Tyler Allgeier,6.0,1.5,10.0,2.5,0.0
2025,7,ATL,Michael Penix,6.0,3.0,0.0,0.0,0.0
2025,7,DET,Jahmyr Gibbs,111.0,6.5,25.0,1.5,2.0
2025,7,DET,David Montgomery,10.0,0.8,11.0,0.8,0.0
2025,7,DET,Jared Goff,7.0,3.5,0.0,0.0,0.0
2025,7,TB,Rachaad White,28.0,2.8,10.0,1.0,1.0
2025,7,TB,Teddy Bridgewater,-1.0,-1.0,0.0,0.0,0.0
2025,7,TB,Sean Tucker,2.0,2.0,2.0,2.0,0.0
2025,7,SEA,Kenneth Walker III,36.0,2.1,30.0,1.8,0.0
2025,7,SEA,Zach Charbonnet,26.0,2.2,23.0,1.9,1.0
2025,7,SEA,Sam Darnold,1.0,0.3,0.0,0.0,0.0
2025,7,SEA,AJ Barner,2.0,2.0,0.0,0.0,0.0
2025,7,HOU,Woody Marks,4.0,0.4,11.0,1.1,0.0
2025,7,HOU,Nick Chubb,9.0,1.8,7.0,1.4,0.0
2025,7,HOU,C.J. Stroud,19.0,9.5,6.0,3.0,0.0
2025,8,LAC,Kimani Vidal,61.0,2.7,56.0,2.4,0.0
2025,8,LAC,Jaret Patterson,12.0,1.1,18.0,1.6,0.0
2025,8,LAC,Justin Herbert,58.0,8.3,4.0,0.6,0.0
2025,8,LAC,Nyheim Hines,-3.0,-1.5,1.0,0.5,0.0
2025,8,MIN,Aaron Jones,7.0,1.4,8.0,1.6,0.0
2025,8,MIN,Jordan Mason,2.0,0.5,1.0,0.3,0.0
2025,8,MIN,Zavier Scott,11.0,5.5,5.0,2.5,0.0
2025,8,ATL,Bijan Robinson,13.0,1.4,12.0,1.3,0.0
2025,8,ATL,Tyler Allgeier,2.0,0.5,2.0,0.5,0.0
2025,8,ATL,Nathan Carter,11.0,5.5,3.0,1.5,0.0
2025,8,ATL,Kirk Cousins,0.0,0.0,2.0,1.0,0.0
2025,8,MIA,De'Von Achane,35.0,1.9,32.0,1.8,1.0
2025,8,MIA,Ollie Gordon,21.0,2.1,25.0,2.5,1.0
2025,8,MIA,Jaylen Wright,12.0,1.3,16.0,1.8,1.0
2025,8,BAL,Derrick Henry,57.0,2.7,14.0,0.7,0.0
2025,8,BAL,Tyler Huntley,48.0,6.0,5.0,0.6,0.0
2025,8,BAL,Keaton Mitchell,43.0,10.8,0.0,0.0,0.0
2025,8,BAL,Zay Flowers,5.0,5.0,3.0,3.0,0.0
2025,8,BAL,Justice Hill,2.0,2.0,0.0,0.0,0.0
2025,8,CHI,D'Andre Swift,44.0,4.0,1.0,0.1,0.0
2025,8,CHI,Kyle Monangai,18.0,2.6,6.0,0.9,0.0
2025,8,CHI,Caleb Williams,24.0,8.0,0.0,0.0,0.0
2025,8,CHI,D.J. Moore,3.0,1.5,0.0,0.0,0.0
2025,8,CAR,Chuba Hubbard,16.0,1.3,18.0,1.5,0.0
2025,8,CAR,Rico Dowdle,17.0,2.1,37.0,4.6,1.0
2025,8,CAR,Trevor Etienne,8.0,2.0,8.0,2.0,0.0
2025,8,CAR,Andy Dalton,1.0,0.5,0.0,0.0,0.0
2025,8,CAR,Jimmy Horn,4.0,2.0,5.0,2.5,0.0
2025,8,BUF,James Cook,162.0,8.5,54.0,2.8,1.0
2025,8,BUF,Ray Davis,5.0,0.6,11.0,1.2,0.0
2025,8,BUF,Ty Johnson,4.0,1.0,2.0,0.5,0.0
2025,8,BUF,Josh Allen,3.0,1.0,4.0,1.3,0.0
2025,8,CIN,Chase Brown,50.0,4.2,23.0,1.9,2.0
2025,8,CIN,Samaje Perine,47.0,5.2,47.0,5.2,3.0
2025,8,CIN,Joe Flacco,14.0,7.0,0.0,0.0,0.0
2025,8,NYJ,Breece Hall,102.0,5.7,31.0,1.7,0.0
2025,8,NYJ,Justin Fields,29.0,2.6,2.0,0.2,0.0
2025,8,NYJ,Isaiah Davis,21.0,3.0,44.0,6.3,1.0
2025,8,NYJ,Isaiah Williams,22.0,22.0,3.0,3.0,0.0
2025,8,HOU,Nick Chubb,26.0,1.5,30.0,1.8,0.0
2025,8,HOU,Woody Marks,46.0,4.2,16.0,1.5,0.0
2025,8,HOU,C.J. Stroud,28.0,4.0,2.0,0.3,0.0
2025,8,HOU,Dare Ogunbowale,9.0,9.0,0.0,0.0,0.0
2025,8,SF,Christian McCaffrey,16.0,2.0,9.0,1.1,0.0
2025,8,SF,Mac Jones,23.0,11.5,0.0,0.0,0.0
2025,8,NE,Rhamondre Stevenson,11.0,0.8,23.0,1.6,1.0
2025,8,NE,TreVeyon Henderson,47.0,4.7,28.0,2.8,0.0
2025,8,NE,Drake Maye,48.0,6.9,2.0,0.3,0.0
2025,8,NE,Demario Douglas,3.0,1.5,0.0,0.0,0.0
2025,8,NE,Terrell Jennings,12.0,6.0,3.0,1.5,0.0
2025,8,CLE,Quinshon Judkins,12.0,1.3,7.0,0.8,0.0
2025,8,CLE,Dylan Sampson,0.0,0.0,0.0,0.0,0.0
2025,8,CLE,Malachi Corley,6.0,6.0,25.0,25.0,0.0
2025,8,CLE,Harold Fannin,1.0,1.0,1.0,1.0,0.0
2025,8,CLE,Dillon Gabriel,13.0,13.0,0.0,0.0,0.0
2025,8,CLE,Gage Larvadain,3.0,3.0,0.0,0.0,0.0
2025,8,PHI,Saquon Barkley,126.0,9.0,24.0,1.7,0.0
2025,8,PHI,Tank Bigsby,38.0,4.2,66.0,7.3,5.0
2025,8,PHI,Jalen Hurts,19.0,4.8,3.0,0.8,0.0
2025,8,PHI,Tanner McKee,-2.0,-0.7,0.0,0.0,0.0
2025,8,PHI,Will Shipley,-1.0,-0.3,3.0,1.0,0.0
2025,8,NYG,Tyrone Tracy Jr.,19.0,1.9,20.0,2.0,0.0
2025,8,NYG,Jaxson Dart,12.0,2.0,5.0,0.8,0.0
2025,8,NYG,Cam Skattebo,5.0,1.7,7.0,2.3,1.0
2025,8,NYG,Devin Singletary,0.0,0.0,0.0,0.0,0.0
2025,8,NO,Alvin Kamara,21.0,3.5,0.0,0.0,0.0
2025,8,NO,Spencer Rattler,12.0,4.0,0.0,0.0,0.0
2025,8,NO,Tyler Shough,8.0,2.7,4.0,1.3,1.0
2025,8,NO,Taysom Hill,6.0,3.0,0.0,0.0,0.0
2025,8,NO,Chris Olave,-3.0,-3.0,0.0,0.0,0.0
2025,8,TB,Rachaad White,35.0,2.7,0.0,0.0,0.0
2025,8,TB,Sean Tucker,36.0,3.0,6.0,0.5,1.0
2025,8,TB,Josh Williams,11.0,2.8,0.0,0.0,0.0
2025,8,DEN,J.K. Dobbins,56.0,3.7,55.0,3.7,0.0
2025,8,DEN,RJ Harvey,40.0,5.7,6.0,0.9,0.0
2025,8,DEN,Marvin Mims,15.0,5.0,3.0,1.0,0.0
2025,8,DEN,Tyler Badie,2.0,2.0,4.0,4.0,0.0
2025,8,DEN,Bo Nix,-1.0,-1.0,0.0,0.0,0.0
2025,8,DEN,Jarrett Stidham,-1.0,-1.0,0.0,0.0,0.0
2025,8,DAL,Javonte Williams,9.0,0.7,32.0,2.5,0.0
2025,8,DAL,Jaydon Blue,11.0,1.4,18.0,2.3,1.0
2025,8,DAL,Dak Prescott,25.0,4.2,6.0,1.0,0.0
2025,8,DAL,Malik Davis,1.0,0.5,2.0,1.0,0.0
2025,8,DAL,CeeDee Lamb,0.0,0.0,2.0,2.0,0.0
2025,8,DAL,Hunter Luepke,0.0,0.0,2.0,2.0,0.0
2025,8,IND,Jonathan Taylor,68.0,5.7,85.0,7.1,1.0
2025,8,IND,Ameer Abdullah,3.0,1.5,2.0,1.0,0.0
2025,8,IND,Tyler Goodson,1.0,0.5,1.0,0.5,0.0
2025,8,IND,Daniel Jones,3.0,3.0,0.0,0.0,0.0
2025,8,IND,Riley Leonard,0.0,0.0,1.0,1.0,0.0
2025,8,TEN,Tony Pollard,25.0,2.3,19.0,1.7,1.0
2025,8,TEN,Tyjae Spears,43.0,4.8,16.0,1.8,0.0
2025,8,TEN,Julius Chestnut,3.0,1.5,2.0,1.0,0.0
2025,8,TEN,Cam Ward,-1.0,-0.5,5.0,2.5,0.0
2025,8,TEN,Chimere Dike,1.0,1.0,0.0,0.0,0.0
2025,8,PIT,Jaylen Warren,38.0,2.9,24.0,1.8,1.0
2025,8,PIT,Kenneth Gainwell,21.0,4.2,10.0,2.0,0.0
2025,8,GB,Josh Jacobs,16.0,1.2,17.0,1.3,0.0
2025,8,GB,Emanuel Wilson,39.0,3.5,22.0,2.0,0.0
2025,8,GB,Jordan Love,-1.0,-1.0,0.0,0.0,0.0
2025,8,GB,Savion Williams,1.0,1.0,0.0,0.0,0.0
2025,8,KC,Isiah Pacheco,43.0,3.6,15.0,1.3,0.0
2025,8,KC,Kareem Hunt,23.0,2.6,17.0,1.9,0.0
2025,8,KC,Patrick Mahomes,19.0,4.8,11.0,2.8,0.0
2025,8,KC,Brashard Smith,7.0,2.3,1.0,0.3,0.0
2025,8,KC,Rashee Rice,5.0,2.5,7.0,3.5,0.0
2025,8,WAS,Jacory Croskey-Merritt,12.0,1.3,13.0,1.4,0.0
2025,8,WAS,Marcus Mariota,17.0,2.1,11.0,1.4,0.0
2025,8,WAS,Jeremy McNichols,1.0,1.0,3.0,3.0,0.0
2025,8,WAS,Chris Rodriguez,2.0,2.0,0.0,0.0,0.0
2025,8,WAS,Deebo Samuel,0.0,0.0,1.0,1.0,0.0
2025,9,MIA,De'Von Achane,49.0,3.5,18.0,1.3,3.0
2025,9,MIA,Malik Washington,10.0,3.3,3.0,1.0,0.0
2025,9,MIA,Ollie Gordon,3.0,1.5,3.0,1.5,0.0
2025,9,MIA,Tua Tagovailoa,1.0,1.0,0.0,0.0,0.0
2025,9,BAL,Derrick Henry,92.0,4.8,27.0,1.4,0.0
2025,9,BAL,Lamar Jackson,6.0,1.2,8.0,1.6,0.0
2025,9,BAL,Keaton Mitchell,9.0,2.3,2.0,0.5,0.0
2025,9,BAL,Mark Andrews,3.0,1.5,1.0,0.5,0.0
2025,9,BAL,Justice Hill,2.0,2.0,0.0,0.0,0.0
2025,9,CIN,Chase Brown,19.0,1.7,18.0,1.6,0.0
2025,9,CIN,Tahj Brooks,1.0,1.0,0.0,0.0,0.0
2025,9,CIN,Joe Flacco,-1.0,-1.0,0.0,0.0,0.0
2025,9,CIN,Andrei Iosivas,2.0,2.0,2.0,2.0,0.0
2025,9,CIN,Samaje Perine,3.0,3.0,2.0,2.0,0.0
2025,9,CHI,Kyle Monangai,85.0,3.3,91.0,3.5,1.0
2025,9,CHI,Brittain Brown,14.0,2.8,23.0,4.6,2.0
2025,9,CHI,Caleb Williams,43.0,8.6,10.0,2.0,0.0
2025,9,CHI,D.J. Moore,15.0,15.0,2.0,2.0,1.0
2025,9,DET,David Montgomery,23.0,2.1,17.0,1.5,0.0
2025,9,DET,Jahmyr Gibbs,10.0,1.1,15.0,1.7,0.0
2025,9,MIN,Jordan Mason,9.0,0.9,27.0,2.7,0.0
2025,9,MIN,Aaron Jones,51.0,5.7,27.0,3.0,0.0
2025,9,MIN,J.J. McCarthy,9.0,1.0,3.0,0.3,0.0
2025,9,MIN,Jordan Addison,6.0,6.0,10.0,10.0,0.0
2025,9,GB,Josh Jacobs,33.0,1.9,54.0,3.2,3.0
2025,9,GB,Emanuel Wilson,8.0,1.3,8.0,1.3,0.0
2025,9,GB,Jordan Love,1.0,1.0,0.0,0.0,0.0
2025,9,GB,Savion Williams,0.0,0.0,0.0,0.0,0.0
2025,9,CAR,Rico Dowdle,87.0,3.5,43.0,1.7,3.0
2025,9,CAR,Chuba Hubbard,9.0,1.8,8.0,1.6,0.0
2025,9,CAR,Bryce Young,5.0,2.5,4.0,2.0,1.0
2025,9,CAR,Jimmy Horn,7.0,7.0,0.0,0.0,0.0
2025,9,HOU,Nick Chubb,16.0,1.5,18.0,1.6,0.0
2025,9,HOU,Woody Marks,11.0,1.1,16.0,1.6,1.0
2025,9,HOU,British Brooks,0.0,0.0,0.0,0.0,0.0
2025,9,HOU,Davis Mills,1.0,0.5,6.0,3.0,0.0
2025,9,HOU,C.J. Stroud,6.0,3.0,6.0,3.0,0.0
2025,9,HOU,Jaylin Noel,-3.0,-3.0,0.0,0.0,0.0
2025,9,DEN,J.K. Dobbins,34.0,2.3,27.0,1.8,1.0
2025,9,DEN,Bo Nix,34.0,11.3,2.0,0.7,0.0
2025,9,DEN,Troy Franklin,-6.0,-3.0,2.0,1.0,0.0
2025,9,DEN,RJ Harvey,4.0,2.0,1.0,0.5,0.0
2025,9,DEN,Adam Prentice,0.0,0.0,2.0,2.0,0.0
2025,9,NE,TreVeyon Henderson,42.0,3.0,13.0,0.9,0.0
2025,9,NE,Terrell Jennings,21.0,1.9,14.0,1.3,1.0
2025,9,NE,Drake Maye,20.0,2.5,0.0,0.0,0.0
2025,9,ATL,Bijan Robinson,25.0,2.1,21.0,1.8,1.0
2025,9,ATL,Tyler Allgeier,5.0,2.5,1.0,0.5,0.0
2025,9,ATL,Michael Penix,19.0,9.5,0.0,0.0,0.0
2025,9,NYG,Jaxson Dart,36.0,4.5,20.0,2.5,0.0
2025,9,NYG,Devin Singletary,17.0,2.1,26.0,3.3,0.0
2025,9,NYG,Tyrone Tracy Jr.,9.0,1.8,9.0,1.8,0.0
2025,9,SF,Christian McCaffrey,62.0,2.2,44.0,1.6,0.0
2025,9,SF,Brian Robinson Jr.,28.0,5.6,25.0,5.0,1.0
2025,9,SF,Mac Jones,3.0,0.8,1.0,0.3,0.0
2025,9,SF,George Kittle,-3.0,-3.0,0.0,0.0,0.0
2025,9,SF,Adrian Martinez,-1.0,-1.0,0.0,0.0,0.0
2025,9,PIT,Jaylen Warren,13.0,0.8,18.0,1.1,0.0
2025,9,PIT,Kenneth Gainwell,-4.0,-1.3,3.0,1.0,0.0
2025,9,PIT,Aaron Rodgers,0.0,0.0,0.0,0.0,0.0
2025,9,PIT,Connor Heyward,0.0,0.0,4.0,4.0,0.0
2025,9,PIT,Kaleb Johnson,2.0,2.0,2.0,2.0,0.0
2025,9,IND,Jonathan Taylor,11.0,0.8,34.0,2.4,3.0
2025,9,IND,Daniel Jones,1.0,0.3,3.0,1.0,0.0
2025,9,IND,Ameer Abdullah,2.0,2.0,1.0,1.0,0.0
2025,9,IND,Rodney Thomas II,1.0,1.0,2.0,2.0,0.0
2025,9,TEN,Tony Pollard,35.0,3.5,21.0,2.1,2.0
2025,9,TEN,Tyjae Spears,3.0,0.4,23.0,3.3,2.0
2025,9,TEN,Cam Ward,5.0,2.5,1.0,0.5,0.0
2025,9,LAC,Kimani Vidal,17.0,1.4,13.0,1.1,1.0
2025,9,LAC,Justin Herbert,48.0,5.3,9.0,1.0,0.0
2025,9,LAC,Jaret Patterson,27.0,3.0,17.0,1.9,0.0
2025,9,LA,Kyren Williams,61.0,2.4,53.0,2.1,3.0
2025,9,LA,Blake Corum,41.0,3.2,17.0,1.3,2.0
2025,9,LA,Matthew Stafford,-4.0,-1.0,0.0,0.0,0.0
2025,9,LA,Puka Nacua,2.0,2.0,1.0,1.0,0.0
2025,9,NO,Alvin Kamara,3.0,0.5,11.0,1.8,2.0
2025,9,NO,Taysom Hill,9.0,2.3,21.0,5.3,1.0
2025,9,NO,Devin Neal,8.0,2.7,3.0,1.0,0.0
2025,9,NO,Tyler Shough,2.0,2.0,0.0,0.0,0.0
2025,9,LV,Ashton Jeanty,18.0,1.4,24.0,1.8,1.0
2025,9,LV,Geno Smith,4.0,0.8,5.0,1.0,0.0
2025,9,LV,Brock Bowers,3.0,3.0,3.0,3.0,0.0
2025,9,JAX,Travis Etienne,28.0,1.3,56.0,2.5,1.0
2025,9,JAX,Trevor Lawrence,15.0,1.7,9.0,1.0,0.0
2025,9,JAX,Bhayshul Tuten,6.0,0.7,23.0,2.6,0.0
2025,9,JAX,LeQuint Allen,9.0,9.0,1.0,1.0,0.0
2025,9,JAX,Dyami Brown,2.0,2.0,2.0,2.0,0.0
2025,9,BUF,James Cook,80.0,3.0,34.0,1.3,1.0
2025,9,BUF,Josh Allen,12.0,2.0,7.0,1.2,0.0
2025,9,BUF,Ty Johnson,8.0,4.0,0.0,0.0,0.0
2025,9,KC,Kareem Hunt,24.0,2.2,25.0,2.3,0.0
2025,9,KC,Brashard Smith,5.0,1.7,2.0,0.7,0.0
2025,9,KC,Clyde Edwards-Helaire,2.0,1.0,3.0,1.5,0.0
2025,9,KC,Rashee Rice,6.0,3.0,0.0,0.0,0.0
2025,9,KC,Patrick Mahomes,3.0,3.0,2.0,2.0,0.0
2025,9,KC,Xavier Worthy,4.0,4.0,3.0,3.0,1.0
2025,9,WAS,Jacory Croskey-Merritt,2.0,0.2,36.0,3.0,0.0
2025,9,WAS,Chris Rodriguez,11.0,0.9,54.0,4.5,1.0
2025,9,WAS,Jayden Daniels,21.0,2.1,30.0,3.0,2.0
2025,9,WAS,Jeremy McNichols,0.0,0.0,0.0,0.0,0.0
2025,9,WAS,Deebo Samuel,0.0,0.0,3.0,3.0,0.0
2025,9,SEA,Kenneth Walker III,15.0,1.4,27.0,2.5,1.0
2025,9,SEA,Zach Charbonnet,2.0,0.3,23.0,2.9,0.0
2025,9,SEA,George Holani,6.0,2.0,3.0,1.0,0.0
2025,9,SEA,AJ Barner,0.0,0.0,1.0,1.0,0.0
2025,9,SEA,Jaxon Smith-Njigba,2.0,2.0,9.0,9.0,0.0
2025,9,DAL,Javonte Williams,30.0,2.0,53.0,3.5,3.0
2025,9,DAL,Dak Prescott,28.0,7.0,6.0,1.5,1.0
2025,9,DAL,Malik Davis,1.0,1.0,2.0,2.0,0.0
2025,9,DAL,KaVontae Turpin,1.0,1.0,2.0,2.0,0.0
2025,9,ARI,Emari Demercado,53.0,3.8,26.0,1.9,0.0
2025,9,ARI,Zonovan Knight,14.0,1.6,13.0,1.4,1.0
2025,9,ARI,Jacoby Brissett,4.0,0.8,0.0,0.0,0.0
2025,9,ARI,Greg Dortch,6.0,6.0,3.0,3.0,0.0
2025,10,DEN,J.K. Dobbins,37.0,2.1,40.0,2.2,1.0
2025,10,DEN,Bo Nix,-4.0,-0.8,2.0,0.4,0.0
2025,10,DEN,RJ Harvey,5.0,1.3,4.0,1.0,0.0
2025,10,LV,Ashton Jeanty,25.0,1.3,35.0,1.8,1.0
2025,10,LV,Geno Smith,7.0,2.3,0.0,0.0,0.0
2025,10,LV,Brock Bowers,-4.0,-4.0,0.0,0.0,0.0
2025,10,LV,Raheem Mostert,1.0,1.0,3.0,3.0,0.0
2025,10,LV,Tre Tucker,5.0,5.0,2.0,2.0,0.0
2025,10,IND,Jonathan Taylor,117.0,3.7,127.0,4.0,1.0
2025,10,IND,Daniel Jones,49.0,7.0,4.0,0.6,0.0
2025,10,IND,Ashton Dulin,5.0,5.0,17.0,17.0,0.0
2025,10,IND,Tyler Goodson,4.0,4.0,0.0,0.0,0.0
2025,10,ATL,Bijan Robinson,44.0,2.6,40.0,2.4,3.0
2025,10,ATL,Tyler Allgeier,27.0,2.5,30.0,2.7,1.0
2025,10,ATL,Michael Penix,-1.0,-1.0,0.0,0.0,0.0
2025,10,CAR,Rico Dowdle,36.0,2.0,17.0,0.9,1.0
2025,10,CAR,Chuba Hubbard,11.0,3.7,3.0,1.0,0.0
2025,10,CAR,Bryce Young,6.0,3.0,0.0,0.0,0.0
2025,10,NO,Alvin Kamara,58.0,2.6,25.0,1.1,2.0
2025,10,NO,Taysom Hill,8.0,1.1,12.0,1.7,0.0
2025,10,NO,Devin Neal,15.0,3.8,7.0,1.8,0.0
2025,10,NO,Tyler Shough,-3.0,-0.8,0.0,0.0,0.0
2025,10,CHI,D'Andre Swift,54.0,4.2,26.0,2.0,1.0
2025,10,CHI,Caleb Williams,50.0,6.3,13.0,1.6,2.0
2025,10,CHI,Kyle Monangai,19.0,2.7,9.0,1.3,0.0
2025,10,NYG,Tyrone Tracy Jr.,56.0,4.0,15.0,1.1,0.0
2025,10,NYG,Devin Singletary,13.0,1.6,7.0,0.9,0.0
2025,10,NYG,Jaxson Dart,66.0,11.0,0.0,0.0,0.0
2025,10,NYG,Russell Wilson,9.0,4.5,3.0,1.5,0.0
2025,10,HOU,Woody Marks,31.0,2.2,32.0,2.3,1.0
2025,10,HOU,Nick Chubb,22.0,4.4,25.0,5.0,1.0
2025,10,HOU,Davis Mills,20.0,6.7,0.0,0.0,0.0
2025,10,JAX,Travis Etienne,29.0,1.8,29.0,1.8,1.0
2025,10,JAX,Trevor Lawrence,29.0,5.8,6.0,1.2,1.0
2025,10,JAX,Bhayshul Tuten,1.0,0.3,4.0,1.0,0.0
2025,10,JAX,Parker Washington,-5.0,-2.5,1.0,0.5,0.0
2025,10,MIA,De'Von Achane,87.0,4.0,87.0,4.0,2.0
2025,10,MIA,Jaylen Wright,-2.0,-0.4,19.0,3.8,1.0
2025,10,MIA,Tua Tagovailoa,-1.0,-0.5,0.0,0.0,0.0
2025,10,MIA,Ollie Gordon,-3.0,-3.0,0.0,0.0,0.0
2025,10,MIA,Alec Ingold,2.0,2.0,4.0,4.0,1.0
2025,10,MIA,Malik Washington,0.0,0.0,4.0,4.0,0.0
2025,10,BUF,James Cook,31.0,2.4,22.0,1.7,2.0
2025,10,BUF,Josh Allen,17.0,4.3,14.0,3.5,0.0
2025,10,BUF,Ray Davis,-2.0,-1.0,0.0,0.0,0.0
2025,10,BUF,Ty Johnson,1.0,1.0,1.0,1.0,0.0
2025,10,BUF,Elijah Moore,-1.0,-1.0,0.0,0.0,0.0
2025,10,BUF,Mitchell Trubisky,4.0,4.0,0.0,0.0,0.0
2025,10,MIN,Aaron Jones,25.0,2.8,22.0,2.4,1.0
2025,10,MIN,J.J. McCarthy,35.0,7.0,13.0,2.6,3.0
2025,10,MIN,Jordan Mason,10.0,2.5,15.0,3.8,2.0
2025,10,BAL,Derrick Henry,39.0,2.0,36.0,1.8,1.0
2025,10,BAL,Lamar Jackson,16.0,1.8,20.0,2.2,4.0
2025,10,BAL,Keaton Mitchell,28.0,7.0,3.0,0.8,0.0
2025,10,BAL,Zay Flowers,6.0,6.0,0.0,0.0,0.0
2025,10,BAL,Justice Hill,0.0,0.0,1.0,1.0,0.0
2025,10,BAL,Patrick Ricard,2.0,2.0,1.0,1.0,0.0
2025,10,NYJ,Breece Hall,8.0,0.4,75.0,3.6,0.0
2025,10,NYJ,Justin Fields,24.0,3.4,4.0,0.6,0.0
2025,10,NYJ,Isaiah Davis,4.0,1.3,6.0,2.0,0.0
2025,10,NYJ,John Metchie,-7.0,-7.0,0.0,0.0,0.0
2025,10,NYJ,Arian Smith,11.0,11.0,2.0,2.0,0.0
2025,10,CLE,Quinshon Judkins,40.0,1.8,35.0,1.6,0.0
2025,10,CLE,Dillon Gabriel,41.0,8.2,13.0,2.6,1.0
2025,10,CLE,Malachi Corley,3.0,1.5,29.0,14.5,2.0
2025,10,CLE,Dylan Sampson,-7.0,-3.5,3.0,1.5,1.0
2025,10,CLE,Jerome Ford,0.0,0.0,1.0,1.0,0.0
2025,10,TB,Rachaad White,15.0,1.5,23.0,2.3,0.0
2025,10,TB,Sean Tucker,42.0,4.7,11.0,1.2,0.0
2025,10,TB,Kameron Johnson,11.0,11.0,0.0,0.0,0.0
2025,10,TB,Sterling Shepard,11.0,11.0,0.0,0.0,0.0
2025,10,NE,TreVeyon Henderson,74.0,5.3,73.0,5.2,0.0
2025,10,NE,Drake Maye,9.0,1.3,4.0,0.6,0.0
2025,10,NE,Terrell Jennings,4.0,1.0,1.0,0.3,0.0
2025,10,NE,Demario Douglas,0.0,0.0,0.0,0.0,0.0
2025,10,NE,D'Ernest Johnson,1.0,1.0,0.0,0.0,0.0
2025,10,SEA,Zach Charbonnet,38.0,2.7,45.0,3.2,4.0
2025,10,SEA,Kenneth Walker III,63.0,4.5,4.0,0.3,2.0
2025,10,SEA,George Holani,13.0,1.9,18.0,2.6,3.0
2025,10,SEA,Drew Lock,-4.0,-1.0,0.0,0.0,0.0
2025,10,SEA,Sam Darnold,-2.0,-0.7,0.0,0.0,0.0
2025,10,SEA,AJ Barner,3.0,1.5,0.0,0.0,0.0
2025,10,SEA,Rashid Shaheed,20.0,10.0,0.0,0.0,0.0
2025,10,ARI,Zonovan Knight,23.0,2.3,5.0,0.5,2.0
2025,10,ARI,Jacoby Brissett,21.0,5.3,10.0,2.5,1.0
2025,10,ARI,Emari Demercado,14.0,3.5,50.0,12.5,1.0
2025,10,ARI,Michael Carter,4.0,1.3,0.0,0.0,0.0
2025,10,ARI,Greg Dortch,2.0,1.0,0.0,0.0,0.0
2025,10,SF,Christian McCaffrey,15.0,1.3,15.0,1.3,0.0
2025,10,SF,Brian Robinson Jr.,26.0,3.3,15.0,1.9,4.0
2025,10,SF,Mac Jones,3.0,3.0,0.0,0.0,0.0
2025,10,LA,Kyren Williams,58.0,4.1,15.0,1.1,0.0
2025,10,LA,Blake Corum,38.0,2.9,18.0,1.4,1.0
2025,10,LA,Matthew Stafford,-3.0,-1.0,0.0,0.0,0.0
2025,10,WAS,Jacory Croskey-Merritt,18.0,1.6,12.0,1.1,0.0
2025,10,WAS,Chris Rodriguez,9.0,1.5,7.0,1.2,0.0
2025,10,WAS,Marcus Mariota,20.0,4.0,2.0,0.4,0.0
2025,10,WAS,Jeremy McNichols,18.0,3.6,7.0,1.4,0.0
2025,10,DET,Jahmyr Gibbs,101.0,6.7,41.0,2.7,0.0
2025,10,DET,David Montgomery,42.0,2.8,29.0,1.9,0.0
2025,10,DET,Kyle Allen,-1.0,-1.0,0.0,0.0,0.0
2025,10,DET,Kalif Raymond,0.0,0.0,10.0,10.0,0.0
2025,10,DET,Sione Vaki,2.0,2.0,2.0,2.0,0.0
2025,10,LAC,Kimani Vidal,27.0,1.1,68.0,2.7,0.0
2025,10,LAC,Justin Herbert,15.0,3.0,4.0,0.8,0.0
2025,10,LAC,Jaret Patterson,0.0,0.0,1.0,1.0,0.0
2025,10,PIT,Jaylen Warren,20.0,1.4,50.0,3.6,1.0
2025,10,PIT,Kaleb Johnson,2.0,1.0,1.0,0.5,0.0
2025,10,GB,Josh Jacobs,25.0,1.2,49.0,2.3,2.0
2025,10,GB,Jordan Love,24.0,4.8,4.0,0.8,0.0
2025,10,GB,Emanuel Wilson,0.0,0.0,2.0,2.0,0.0
2025,10,PHI,Saquon Barkley,31.0,1.4,29.0,1.3,0.0
2025,10,PHI,Jalen Hurts,25.0,5.0,2.0,0.4,0.0
2025,10,PHI,Will Shipley,8.0,2.0,9.0,2.3,0.0
2025,10,PHI,Tank Bigsby,2.0,0.7,5.0,1.7,0.0
2025,11,NE,TreVeyon Henderson,14.0,0.7,48.0,2.5,2.0
2025,11,NE,Drake Maye,2.0,0.5,0.0,0.0,0.0
2025,11,NE,D'Ernest Johnson,2.0,0.7,4.0,1.3,0.0
2025,11,NE,Demario Douglas,-5.0,-5.0,0.0,0.0,0.0
2025,11,NYJ,Breece Hall,35.0,2.5,23.0,1.6,1.0
2025,11,NYJ,Justin Fields,43.0,3.9,24.0,2.2,0.0
2025,11,NYJ,Isaiah Davis,5.0,2.5,6.0,3.0,0.0
2025,11,NYJ,Isaiah Williams,1.0,1.0,3.0,3.0,0.0
2025,11,MIA,De'Von Achane,74.0,3.5,46.0,2.2,0.0
2025,11,MIA,Ollie Gordon,30.0,3.3,15.0,1.7,0.0
2025,11,MIA,Jaylen Wright,1.0,1.0,3.0,3.0,0.0
2025,11,WAS,Chris Rodriguez,35.0,2.3,44.0,2.9,1.0
2025,11,WAS,Jacory Croskey-Merritt,8.0,0.9,20.0,2.2,0.0
2025,11,WAS,Marcus Mariota,40.0,10.0,9.0,2.3,0.0
2025,11,WAS,Jeremy McNichols,8.0,2.0,5.0,1.3,0.0
2025,11,WAS,Deebo Samuel,0.0,0.0,3.0,3.0,0.0
2025,11,ATL,Bijan Robinson,60.0,2.6,44.0,1.9,2.0
2025,11,ATL,Tyler Allgeier,8.0,2.7,2.0,0.7,0.0
2025,11,ATL,Kirk Cousins,2.0,2.0,0.0,0.0,0.0
2025,11,ATL,Michael Penix,9.0,9.0,0.0,0.0,0.0
2025,11,CAR,Rico Dowdle,30.0,1.6,15.0,0.8,0.0
2025,11,CAR,Chuba Hubbard,15.0,3.8,6.0,1.5,0.0
2025,11,CAR,Trevor Etienne,2.0,2.0,0.0,0.0,0.0
2025,11,CAR,Bryce Young,-1.0,-1.0,0.0,0.0,0.0
2025,11,BUF,James Cook,40.0,2.5,8.0,0.5,1.0
2025,11,BUF,Josh Allen,40.0,6.7,0.0,0.0,0.0
2025,11,BUF,Ty Johnson,9.0,9.0,0.0,0.0,0.0
2025,11,TB,Sean Tucker,95.0,5.0,11.0,0.6,2.0
2025,11,TB,Rachaad White,51.0,5.1,0.0,0.0,0.0
2025,11,TB,Baker Mayfield,39.0,7.8,0.0,0.0,0.0
2025,11,TB,Tez Johnson,0.0,0.0,0.0,0.0,0.0
2025,11,TB,Teddy Bridgewater,-1.0,-1.0,0.0,0.0,0.0
2025,11,TB,Sterling Shepard,7.0,7.0,0.0,0.0,0.0
2025,11,JAX,Travis Etienne,45.0,2.4,28.0,1.5,3.0
2025,11,JAX,Bhayshul Tuten,32.0,2.1,42.0,2.8,3.0
2025,11,JAX,LeQuint Allen,19.0,2.4,17.0,2.1,2.0
2025,11,JAX,Trevor Lawrence,7.0,1.4,2.0,0.4,0.0
2025,11,LAC,Kimani Vidal,5.0,1.0,8.0,1.6,0.0
2025,11,LAC,Justin Herbert,21.0,7.0,0.0,0.0,0.0
2025,11,LAC,Trey Lance,0.0,0.0,1.0,0.3,0.0
2025,11,LAC,Trayveon Williams,-2.0,-0.7,1.0,0.3,0.0
2025,11,LAC,Amar Johnson,3.0,1.5,5.0,2.5,0.0
2025,11,MIN,Aaron Jones,55.0,3.4,15.0,0.9,1.0
2025,11,MIN,Jordan Mason,36.0,6.0,9.0,1.5,0.0
2025,11,CHI,D'Andre Swift,50.0,2.4,40.0,1.9,4.0
2025,11,CHI,Kyle Monangai,16.0,1.3,7.0,0.6,0.0
2025,11,CHI,Caleb Williams,3.0,0.8,23.0,5.8,2.0
2025,11,CHI,Travis Homer,-2.0,-2.0,0.0,0.0,0.0
2025,11,CHI,D.J. Moore,3.0,3.0,0.0,0.0,0.0
2025,11,NYG,Tyrone Tracy Jr.,23.0,1.2,65.0,3.4,0.0
2025,11,NYG,Devin Singletary,8.0,0.5,36.0,2.3,0.0
2025,11,NYG,Jameis Winston,-1.0,-0.3,11.0,3.7,0.0
2025,11,GB,Emanuel Wilson,5.0,0.5,35.0,3.2,2.0
2025,11,GB,Josh Jacobs,3.0,0.4,37.0,5.3,0.0
2025,11,GB,Jordan Love,3.0,1.5,4.0,2.0,1.0
2025,11,GB,Chris Brooks,7.0,7.0,1.0,1.0,0.0
2025,11,GB,Bo Melton,13.0,13.0,4.0,4.0,0.0
2025,11,GB,Malik Willis,16.0,16.0,0.0,0.0,0.0
2025,11,PIT,Jaylen Warren,26.0,2.6,36.0,3.6,1.0
2025,11,PIT,Kenneth Gainwell,11.0,1.2,13.0,1.4,1.0
2025,11,PIT,Kaleb Johnson,8.0,1.6,7.0,1.4,0.0
2025,11,PIT,Connor Heyward,3.0,1.5,0.0,0.0,0.0
2025,11,PIT,Aaron Rodgers,8.0,8.0,0.0,0.0,0.0
2025,11,PIT,Mason Rudolph,-1.0,-1.0,0.0,0.0,0.0
2025,11,CIN,Chase Brown,54.0,3.0,45.0,2.5,2.0
2025,11,CIN,Kendall Milton,2.0,1.0,0.0,0.0,0.0
2025,11,CIN,Tahj Brooks,3.0,3.0,2.0,2.0,0.0
2025,11,CIN,Joe Flacco,-1.0,-1.0,0.0,0.0,0.0
2025,11,TEN,Tony Pollard,14.0,1.4,8.0,0.8,0.0
2025,11,TEN,Tyjae Spears,3.0,0.8,0.0,0.0,0.0
2025,11,TEN,Cam Ward,30.0,10.0,3.0,1.0,0.0
2025,11,HOU,Woody Marks,34.0,1.9,10.0,0.6,0.0
2025,11,HOU,Nick Chubb,14.0,4.7,3.0,1.0,0.0
2025,11,HOU,Davis Mills,14.0,7.0,0.0,0.0,0.0
2025,11,ARI,Emari Demercado,4.0,0.8,4.0,0.8,0.0
2025,11,ARI,Zonovan Knight,14.0,2.8,10.0,2.0,0.0
2025,11,ARI,Jacoby Brissett,-2.0,-1.0,0.0,0.0,0.0
2025,11,ARI,Michael Carter,3.0,1.5,3.0,1.5,0.0
2025,11,SF,Christian McCaffrey,38.0,2.9,43.0,3.3,0.0
2025,11,SF,Brian Robinson Jr.,10.0,1.3,14.0,1.8,0.0
2025,11,SF,Mac Jones,-3.0,-1.0,0.0,0.0,0.0
2025,11,SF,Brock Purdy,-7.0,-7.0,0.0,0.0,0.0
2025,11,LA,Kyren Williams,58.0,4.8,33.0,2.8,2.0
2025,11,LA,Blake Corum,6.0,0.8,4.0,0.5,0.0
2025,11,LA,Puka Nacua,9.0,4.5,9.0,4.5,0.0
2025,11,SEA,Kenneth Walker III,48.0,3.0,19.0,1.2,0.0
2025,11,SEA,Zach Charbonnet,22.0,2.0,15.0,1.4,0.0
2025,11,SEA,AJ Barner,1.0,0.5,0.0,0.0,0.0
2025,11,SEA,Sam Darnold,11.0,5.5,0.0,0.0,0.0
2025,11,SEA,George Holani,6.0,3.0,0.0,0.0,0.0
2025,11,SEA,Rashid Shaheed,1.0,1.0,1.0,1.0,0.0
2025,11,SEA,Jaxon Smith-Njigba,4.0,4.0,7.0,7.0,1.0
2025,11,CLE,Quinshon Judkins,20.0,1.2,39.0,2.3,0.0
2025,11,CLE,Shedeur Sanders,13.0,4.3,3.0,1.0,0.0
2025,11,CLE,Dillon Gabriel,2.0,1.0,0.0,0.0,0.0
2025,11,CLE,Isaiah Bond,0.0,0.0,8.0,8.0,0.0
2025,11,CLE,Jerome Ford,2.0,2.0,0.0,0.0,0.0
2025,11,CLE,Dylan Sampson,0.0,0.0,19.0,19.0,1.0
2025,11,BAL,Derrick Henry,20.0,1.1,83.0,4.6,1.0
2025,11,BAL,Keaton Mitchell,12.0,2.0,19.0,3.2,0.0
2025,11,BAL,Lamar Jackson,7.0,1.8,3.0,0.8,0.0
2025,11,BAL,Mark Andrews,35.0,35.0,0.0,0.0,0.0
2025,11,BAL,Zay Flowers,2.0,2.0,3.0,3.0,0.0
2025,11,DEN,RJ Harvey,16.0,1.5,14.0,1.3,0.0
2025,11,DEN,Jaleel McLaughlin,10.0,1.7,9.0,1.5,0.0
2025,11,DEN,Bo Nix,6.0,2.0,2.0,0.7,0.0
2025,11,DEN,Marvin Mims,2.0,2.0,0.0,0.0,0.0
2025,11,KC,Kareem Hunt,31.0,2.4,28.0,2.2,0.0
2025,11,KC,Patrick Mahomes,3.0,3.0,0.0,0.0,0.0
2025,11,PHI,Saquon Barkley,43.0,1.7,40.0,1.5,3.0
2025,11,PHI,Jalen Hurts,26.0,2.6,5.0,0.5,0.0
2025,11,PHI,Tank Bigsby,25.0,6.3,9.0,2.3,1.0
2025,11,DET,Jahmyr Gibbs,21.0,1.8,18.0,1.5,1.0
2025,11,DET,David Montgomery,15.0,2.5,12.0,2.0,0.0
2025,11,DET,Jared Goff,-1.0,-1.0,0.0,0.0,0.0
2025,11,DET,Grant Stuard,0.0,0.0,0.0,0.0,0.0
2025,11,DET,Jameson Williams,7.0,7.0,2.0,2.0,0.0
2025,11,LV,Ashton Jeanty,2.0,0.3,5.0,0.8,0.0
2025,11,LV,Geno Smith,13.0,3.3,1.0,0.3,0.0
2025,11,LV,Raheem Mostert,2.0,1.0,4.0,2.0,1.0
2025,11,DAL,Javonte Williams,52.0,2.4,41.0,1.9,0.0
2025,11,DAL,Malik Davis,13.0,3.3,7.0,1.8,0.0
2025,11,DAL,Dak Prescott,-4.0,-1.0,0.0,0.0,0.0
2025,11,DAL,Hunter Luepke,3.0,3.0,2.0,2.0,0.0
2025,12,HOU,Woody Marks,20.0,1.3,54.0,3.4,1.0
2025,12,HOU,Nick Chubb,4.0,0.7,12.0,2.0,0.0
2025,12,HOU,Davis Mills,1.0,0.5,3.0,1.5,0.0
2025,12,HOU,Xavier Hutchinson,0.0,0.0,9.0,9.0,0.0
2025,12,HOU,Jaylin Noel,5.0,5.0,0.0,0.0,0.0
2025,12,BUF,James Cook,26.0,1.5,90.0,5.3,0.0
2025,12,BUF,Josh Allen,13.0,2.6,7.0,1.4,0.0
2025,12,BUF,Ty Johnson,2.0,1.0,5.0,2.5,0.0
2025,12,BAL,Derrick Henry,20.0,1.0,44.0,2.1,0.0
2025,12,BAL,Lamar Jackson,8.0,1.1,3.0,0.4,0.0
2025,12,BAL,Mark Andrews,2.0,1.0,0.0,0.0,0.0
2025,12,BAL,Zay Flowers,7.0,3.5,4.0,2.0,0.0
2025,12,BAL,Keaton Mitchell,7.0,3.5,3.0,1.5,0.0
2025,12,NYJ,Breece Hall,24.0,1.5,20.0,1.3,0.0
2025,12,NYJ,Tyrod Taylor,10.0,2.0,9.0,1.8,0.0
2025,12,NYJ,Isaiah Davis,1.0,0.3,6.0,1.5,0.0
2025,12,NYJ,Arian Smith,6.0,6.0,2.0,2.0,0.0
2025,12,CHI,Kyle Monangai,32.0,2.7,16.0,1.3,0.0
2025,12,CHI,D'Andre Swift,7.0,0.9,8.0,1.0,0.0
2025,12,CHI,Caleb Williams,21.0,5.3,0.0,0.0,0.0
2025,12,CHI,Luther Burden,15.0,15.0,0.0,0.0,0.0
2025,12,PIT,Jaylen Warren,37.0,2.1,31.0,1.7,0.0
2025,12,PIT,Kenneth Gainwell,78.0,7.8,14.0,1.4,0.0
2025,12,PIT,Mason Rudolph,5.0,1.7,2.0,0.7,0.0
2025,12,PIT,D.K. Metcalf,10.0,5.0,2.0,1.0,0.0
2025,12,PIT,Jonnu Smith,4.0,2.0,3.0,1.5,0.0
2025,12,PIT,Connor Heyward,0.0,0.0,0.0,0.0,0.0
2025,12,CIN,Chase Brown,72.0,3.8,35.0,1.8,0.0
2025,12,CIN,Tahj Brooks,2.0,1.0,3.0,1.5,0.0
2025,12,CIN,Joe Flacco,3.0,3.0,0.0,0.0,0.0
2025,12,CIN,Andrei Iosivas,4.0,4.0,1.0,1.0,0.0
2025,12,NE,TreVeyon Henderson,28.0,1.6,38.0,2.1,1.0
2025,12,NE,Rhamondre Stevenson,2.0,0.3,3.0,0.5,0.0
2025,12,NE,Drake Maye,18.0,3.6,4.0,0.8,0.0
2025,12,NE,Demario Douglas,14.0,14.0,0.0,0.0,0.0
2025,12,NE,Terrell Jennings,0.0,0.0,0.0,0.0,0.0
2025,12,DET,Jahmyr Gibbs,153.0,10.2,66.0,4.4,1.0
2025,12,DET,David Montgomery,13.0,2.6,5.0,1.0,0.0
2025,12,NYG,Tyrone Tracy Jr.,33.0,1.7,29.0,1.5,1.0
2025,12,NYG,Devin Singletary,26.0,1.9,21.0,1.5,1.0
2025,12,NYG,Jameis Winston,12.0,3.0,1.0,0.3,0.0
2025,12,NYG,Wan'Dale Robinson,0.0,0.0,0.0,0.0,0.0
2025,12,GB,Emanuel Wilson,34.0,1.2,73.0,2.6,3.0
2025,12,GB,Chris Brooks,1.0,0.1,20.0,2.5,1.0
2025,12,GB,Jordan Love,15.0,5.0,0.0,0.0,0.0
2025,12,GB,Malik Willis,0.0,0.0,3.0,1.5,0.0
2025,12,GB,Savion Williams,0.0,0.0,0.0,0.0,0.0
2025,12,MIN,Aaron Jones,15.0,1.7,26.0,2.9,0.0
2025,12,MIN,Jordan Mason,14.0,1.8,28.0,3.5,0.0
2025,12,MIN,J.J. McCarthy,8.0,4.0,2.0,1.0,0.0
2025,12,MIN,T.J. Hockenson,0.0,0.0,0.0,0.0,0.0
2025,12,KC,Kareem Hunt,50.0,1.7,54.0,1.8,3.0
2025,12,KC,Clyde Edwards-Helaire,1.0,0.2,7.0,1.4,0.0
2025,12,KC,Patrick Mahomes,29.0,7.3,1.0,0.3,0.0
2025,12,KC,Travis Kelce,1.0,1.0,0.0,0.0,0.0
2025,12,KC,Brashard Smith,4.0,4.0,1.0,1.0,0.0
2025,12,IND,Jonathan Taylor,40.0,2.5,18.0,1.1,3.0
2025,12,IND,Daniel Jones,16.0,5.3,0.0,0.0,0.0
2025,12,TEN,Tony Pollard,8.0,0.7,12.0,1.1,0.0
2025,12,TEN,Cam Ward,31.0,5.2,6.0,1.0,0.0
2025,12,TEN,Tyjae Spears,2.0,0.7,2.0,0.7,0.0
2025,12,TEN,Julius Chestnut,1.0,0.5,2.0,1.0,0.0
2025,12,SEA,Kenneth Walker III,43.0,3.9,28.0,2.5,3.0
2025,12,SEA,Zach Charbonnet,24.0,4.0,11.0,1.8,0.0
2025,12,SEA,Sam Darnold,-1.0,-1.0,0.0,0.0,0.0
2025,12,SEA,Rashid Shaheed,3.0,3.0,2.0,2.0,0.0
2025,12,SEA,Jaxon Smith-Njigba,2.0,2.0,2.0,2.0,0.0
2025,12,ARI,Zonovan Knight,-5.0,-0.5,17.0,1.7,0.0
2025,12,ARI,Michael Carter,13.0,2.6,15.0,3.0,0.0
2025,12,ARI,Jacoby Brissett,11.0,3.7,9.0,3.0,0.0
2025,12,ARI,Greg Dortch,-5.0,-2.5,0.0,0.0,0.0
2025,12,JAX,Travis Etienne,37.0,2.5,49.0,3.3,0.0
2025,12,JAX,Bhayshul Tuten,6.0,0.9,11.0,1.6,0.0
2025,12,JAX,Trevor Lawrence,24.0,4.8,5.0,1.0,0.0
2025,12,JAX,LeQuint Allen,0.0,0.0,2.0,2.0,0.0
2025,12,LV,Ashton Jeanty,22.0,1.3,28.0,1.6,1.0
2025,12,LV,Geno Smith,-1.0,-0.3,9.0,3.0,0.0
2025,12,LV,Raheem Mostert,1.0,1.0,1.0,1.0,0.0
2025,12,CLE,Quinshon Judkins,19.0,1.2,28.0,1.8,2.0
2025,12,CLE,Dylan Sampson,12.0,1.7,11.0,1.6,1.0
2025,12,CLE,Malachi Corley,-6.0,-6.0,0.0,0.0,0.0
2025,12,CLE,Harold Fannin,2.0,2.0,2.0,2.0,0.0
2025,12,CLE,Jerome Ford,-3.0,-3.0,0.0,0.0,0.0
2025,12,CLE,Shedeur Sanders,-1.0,-1.0,0.0,0.0,0.0
2025,12,DAL,Javonte Williams,57.0,2.9,30.0,1.5,10.0
2025,12,DAL,Dak Prescott,9.0,1.8,0.0,0.0,0.0
2025,12,DAL,Malik Davis,22.0,7.3,2.0,0.7,0.0
2025,12,DAL,KaVontae Turpin,2.0,1.0,2.0,1.0,0.0
2025,12,DAL,Jake Ferguson,0.0,0.0,1.0,1.0,0.0
2025,12,PHI,Saquon Barkley,14.0,1.4,8.0,0.8,0.0
2025,12,PHI,Jalen Hurts,28.0,4.0,5.0,0.7,0.0
2025,12,PHI,Tank Bigsby,6.0,6.0,2.0,2.0,0.0
2025,12,NO,Taysom Hill,8.0,0.8,9.0,0.9,0.0
2025,12,NO,Devin Neal,7.0,1.0,11.0,1.6,0.0
2025,12,NO,Tyler Shough,17.0,2.4,5.0,0.7,0.0
2025,12,NO,Alvin Kamara,4.0,1.3,7.0,2.3,0.0
2025,12,NO,Mason Tipton,10.0,10.0,1.0,1.0,0.0
2025,12,ATL,Bijan Robinson,45.0,3.2,25.0,1.8,1.0
2025,12,ATL,Tyler Allgeier,29.0,2.4,15.0,1.3,0.0
2025,12,ATL,Kirk Cousins,5.0,2.5,0.0,0.0,0.0
2025,12,ATL,Feleipe Franks,1.0,1.0,1.0,1.0,0.0
2025,12,LA,Kyren Williams,33.0,2.8,13.0,1.1,2.0
2025,12,LA,Blake Corum,19.0,2.7,5.0,0.7,1.0
2025,12,TB,Sean Tucker,35.0,2.9,7.0,0.6,1.0
2025,12,TB,Rachaad White,34.0,4.9,4.0,0.6,1.0
2025,12,TB,Baker Mayfield,19.0,4.8,0.0,0.0,0.0
2025,12,TB,Owen Wright,6.0,2.0,0.0,0.0,0.0
2025,12,TB,Tez Johnson,12.0,6.0,0.0,0.0,0.0
2025,12,TB,Teddy Bridgewater,6.0,6.0,0.0,0.0,0.0
2025,12,SF,Christian McCaffrey,67.0,2.8,22.0,0.9,0.0
2025,12,SF,Brian Robinson Jr.,25.0,3.6,15.0,2.1,1.0
2025,12,SF,Brock Purdy,12.0,2.0,4.0,0.7,0.0
2025,12,SF,Ricky Pearsall,1.0,1.0,1.0,1.0,0.0
2025,12,CAR,Rico Dowdle,11.0,1.8,27.0,4.5,1.0
2025,12,CAR,Bryce Young,14.0,3.5,1.0,0.3,0.0
2025,12,CAR,Chuba Hubbard,14.0,4.7,2.0,0.7,0.0
2025,13,DET,Jahmyr Gibbs,68.0,3.4,0.0,0.0,0.0
2025,13,DET,David Montgomery,32.0,4.0,0.0,0.0,0.0
2025,13,DET,Jared Goff,24.0,24.0,0.0,0.0,0.0
2025,13,DET,Jameson Williams,-5.0,-5.0,0.0,0.0,0.0
2025,13,GB,Josh Jacobs,83.0,4.9,0.0,0.0,0.0
2025,13,GB,Jordan Love,4.0,0.8,0.0,0.0,0.0
2025,13,GB,Emanuel Wilson,14.0,3.5,0.0,0.0,0.0
2025,13,GB,Bo Melton,15.0,7.5,0.0,0.0,0.0
2025,13,GB,Christian Watson,3.0,3.0,0.0,0.0,0.0
2025,13,GB,Dontayvion Wicks,6.0,6.0,0.0,0.0,0.0
2025,13,DAL,Javonte Williams,59.0,3.5,0.0,0.0,0.0
2025,13,DAL,Malik Davis,47.0,15.7,0.0,0.0,0.0
2025,13,DAL,Dak Prescott,-2.0,-0.7,0.0,0.0,0.0
2025,13,DAL,KaVontae Turpin,33.0,11.0,0.0,0.0,0.0
2025,13,KC,Kareem Hunt,58.0,4.1,0.0,0.0,0.0
2025,13,KC,Patrick Mahomes,30.0,10.0,0.0,0.0,0.0
2025,13,KC,Isiah Pacheco,16.0,5.3,0.0,0.0,0.0
2025,13,KC,Xavier Worthy,13.0,6.5,0.0,0.0,0.0
2025,13,KC,Rashee Rice,2.0,2.0,0.0,0.0,0.0
2025,13,BAL,Derrick Henry,60.0,6.0,0.0,0.0,0.0
2025,13,BAL,Lamar Jackson,27.0,4.5,0.0,0.0,0.0
2025,13,BAL,Rasheen Ali,17.0,4.3,0.0,0.0,0.0
2025,13,BAL,Keaton Mitchell,19.0,9.5,0.0,0.0,0.0
2025,13,CIN,Chase Brown,78.0,5.2,0.0,0.0,0.0
2025,13,CIN,Samaje Perine,39.0,2.8,0.0,0.0,0.0
2025,13,CIN,Joe Burrow,8.0,2.7,0.0,0.0,0.0
2025,13,CIN,Drew Sample,3.0,3.0,0.0,0.0,0.0
2025,13,PHI,Saquon Barkley,56.0,4.3,0.0,0.0,0.0
2025,13,PHI,Jalen Hurts,31.0,7.8,0.0,0.0,0.0
2025,13,CHI,Kyle Monangai,130.0,5.9,0.0,0.0,0.0
2025,13,CHI,D'Andre Swift,125.0,6.9,0.0,0.0,0.0
2025,13,CHI,Caleb Williams,13.0,2.6,0.0,0.0,0.0
2025,13,CHI,Luther Burden,3.0,3.0,0.0,0.0,0.0
2025,13,CHI,D.J. Moore,10.0,10.0,0.0,0.0,0.0
2025,13,CAR,Rico Dowdle,28.0,1.6,30.0,1.7,1.0
2025,13,CAR,Chuba Hubbard,43.0,2.5,40.0,2.4,0.0
2025,13,CAR,Bryce Young,20.0,4.0,3.0,0.6,1.0
2025,13,LA,Kyren Williams,43.0,3.3,29.0,2.2,0.0
2025,13,LA,Blake Corum,35.0,5.0,46.0,6.6,4.0
2025,13,LA,Matthew Stafford,-1.0,-1.0,0.0,0.0,0.0
2025,13,CLE,Quinshon Judkins,32.0,1.4,59.0,2.6,0.0
2025,13,CLE,Dylan Sampson,12.0,3.0,11.0,2.8,1.0
2025,13,CLE,Isaiah Bond,4.0,4.0,5.0,5.0,0.0
2025,13,CLE,Malachi Corley,5.0,5.0,4.0,4.0,0.0
2025,13,CLE,Harold Fannin,0.0,0.0,0.0,0.0,0.0
2025,13,CLE,Shedeur Sanders,6.0,6.0,0.0,0.0,0.0
2025,13,SF,Christian McCaffrey,22.0,1.1,31.0,1.6,0.0
2025,13,SF,Brian Robinson Jr.,14.0,1.8,12.0,1.5,0.0
2025,13,SF,Mac Jones,0.0,0.0,2.0,1.0,0.0
2025,13,SF,Brock Purdy,4.0,2.0,0.0,0.0,0.0
2025,13,SF,Demarcus Robinson,4.0,4.0,2.0,2.0,0.0
2025,13,IND,Jonathan Taylor,47.0,2.2,38.0,1.8,2.0
2025,13,IND,Daniel Jones,1.0,1.0,0.0,0.0,0.0
2025,13,IND,Tyler Warren,0.0,0.0,0.0,0.0,0.0
2025,13,HOU,Woody Marks,38.0,2.0,26.0,1.4,0.0
2025,13,HOU,Nick Chubb,21.0,2.3,13.0,1.4,0.0
2025,13,HOU,Cade Stover,0.0,0.0,3.0,0.8,0.0
2025,13,HOU,Nico Collins,5.0,5.0,2.0,2.0,0.0
2025,13,HOU,C.J. Stroud,0.0,0.0,0.0,0.0,0.0
2025,13,MIA,De'Von Achane,57.0,2.6,77.0,3.5,2.0
2025,13,MIA,Tua Tagovailoa,4.0,1.0,0.0,0.0,0.0
2025,13,MIA,Ollie Gordon,4.0,1.3,6.0,2.0,0.0
2025,13,MIA,Jaylen Wright,6.0,2.0,10.0,3.3,1.0
2025,13,NO,Devin Neal,8.0,0.6,39.0,2.8,1.0
2025,13,NO,Tyler Shough,14.0,2.3,4.0,0.7,1.0
2025,13,NO,Evan Hull,1.0,0.2,14.0,2.8,0.0
2025,13,NO,Taysom Hill,0.0,0.0,2.0,2.0,0.0
2025,13,NO,Mason Tipton,-1.0,-1.0,0.0,0.0,0.0
2025,13,NYJ,Breece Hall,40.0,2.1,28.0,1.5,1.0
2025,13,NYJ,Tyrod Taylor,40.0,5.0,4.0,0.5,1.0
2025,13,NYJ,John Metchie,-2.0,-2.0,0.0,0.0,0.0
2025,13,ATL,Bijan Robinson,71.0,3.1,71.0,3.1,2.0
2025,13,ATL,Tyler Allgeier,12.0,1.5,8.0,1.0,0.0
2025,13,ATL,Deven Thompkins,4.0,4.0,1.0,1.0,0.0
2025,13,TB,Bucky Irving,30.0,1.8,31.0,1.8,2.0
2025,13,TB,Baker Mayfield,6.0,1.0,21.0,3.5,0.0
2025,13,TB,Sean Tucker,0.0,0.0,0.0,0.0,0.0
2025,13,TB,Rachaad White,1.0,0.5,6.0,3.0,0.0
2025,13,ARI,Zonovan Knight,10.0,0.9,52.0,4.7,2.0
2025,13,ARI,Michael Carter,7.0,1.4,10.0,2.0,0.0
2025,13,ARI,Jacoby Brissett,13.0,4.3,3.0,1.0,0.0
2025,13,TEN,Tony Pollard,29.0,2.9,31.0,3.1,0.0
2025,13,TEN,Tyjae Spears,-3.0,-1.5,2.0,1.0,0.0
2025,13,TEN,Chimere Dike,0.0,0.0,1.0,1.0,0.0
2025,13,TEN,Cam Ward,2.0,2.0,5.0,5.0,1.0
2025,13,JAX,Travis Etienne,9.0,0.8,19.0,1.6,0.0
2025,13,JAX,Bhayshul Tuten,4.0,0.5,13.0,1.6,0.0
2025,13,JAX,Trevor Lawrence,16.0,5.3,9.0,3.0,0.0
2025,13,JAX,Nick Mullens,-3.0,-1.0,0.0,0.0,0.0
2025,13,JAX,Jakobi Meyers,1.0,1.0,2.0,2.0,0.0
2025,13,SEA,Zach Charbonnet,6.0,0.4,46.0,3.3,2.0
2025,13,SEA,Kenneth Walker III,22.0,1.7,34.0,2.6,2.0
2025,13,SEA,Myles Gaskin,2.0,0.7,4.0,1.3,0.0
2025,13,SEA,AJ Barner,0.0,0.0,2.0,2.0,0.0
2025,13,SEA,Rashid Shaheed,8.0,8.0,1.0,1.0,0.0
2025,13,MIN,Aaron Jones,0.0,0.0,3.0,0.5,0.0
2025,13,MIN,Jordan Mason,21.0,3.5,26.0,4.3,0.0
2025,13,MIN,Zavier Scott,12.0,4.0,5.0,1.7,0.0
2025,13,MIN,Max Brosmer,-1.0,-1.0,0.0,0.0,0.0
2025,13,LAC,Kimani Vidal,21.0,0.8,105.0,4.2,0.0
2025,13,LAC,Jaret Patterson,14.0,1.3,40.0,3.6,0.0
2025,13,LAC,Trey Lance,2.0,0.5,2.0,0.5,0.0
2025,13,LAC,Justin Herbert,7.0,2.3,1.0,0.3,0.0
2025,13,LV,Ashton Jeanty,9.0,0.6,22.0,1.5,0.0
2025,13,LV,Geno Smith,-6.0,-3.0,0.0,0.0,0.0
2025,13,LV,Raheem Mostert,6.0,6.0,0.0,0.0,0.0
2025,13,PIT,Jaylen Warren,27.0,2.7,8.0,0.8,0.0
2025,13,PIT,Kenneth Gainwell,16.0,3.2,4.0,0.8,0.0
2025,13,PIT,Kaleb Johnson,3.0,1.5,0.0,0.0,0.0
2025,13,PIT,Aaron Rodgers,0.0,0.0,0.0,0.0,0.0
2025,13,BUF,James Cook,123.0,3.8,21.0,0.7,1.0
2025,13,BUF,Ray Davis,44.0,4.9,18.0,2.0,1.0
2025,13,BUF,Josh Allen,29.0,3.6,9.0,1.1,1.0
2025,13,BUF,Ty Johnson,4.0,2.0,1.0,0.5,0.0
2025,13,WAS,Chris Rodriguez,12.0,1.1,29.0,2.6,1.0
2025,13,WAS,Marcus Mariota,49.0,4.9,6.0,0.6,0.0
2025,13,WAS,Jeremy McNichols,6.0,1.0,24.0,4.0,0.0
2025,13,WAS,Jacory Croskey-Merritt,13.0,3.3,7.0,1.8,0.0
2025,13,WAS,Deebo Samuel,-3.0,-1.5,0.0,0.0,0.0
2025,13,DEN,RJ Harvey,21.0,1.6,14.0,1.1,0.0
2025,13,DEN,Jaleel McLaughlin,15.0,2.5,9.0,1.5,0.0
2025,13,DEN,Bo Nix,16.0,8.0,0.0,0.0,0.0
2025,13,DEN,Marvin Mims,9.0,9.0,0.0,0.0,0.0
2025,13,DEN,Adam Prentice,1.0,1.0,2.0,2.0,0.0
2025,13,NE,Rhamondre Stevenson,8.0,0.7,32.0,2.7,2.0
2025,13,NE,TreVeyon Henderson,38.0,3.5,29.0,2.6,4.0
2025,13,NE,Drake Maye,11.0,1.8,1.0,0.2,0.0
2025,13,NYG,Devin Singletary,38.0,3.2,30.0,2.5,1.0
2025,13,NYG,Tyrone Tracy Jr.,22.0,2.2,14.0,1.4,0.0
2025,13,NYG,Jaxson Dart,17.0,4.3,3.0,0.8,0.0
2025,13,NYG,Jamie Gillan,-13.0,-13.0,0.0,0.0,0.0
2025,14,DET,Jahmyr Gibbs,31.0,2.6,12.0,1.0,1.0
2025,14,DET,David Montgomery,24.0,4.0,36.0,6.0,1.0
2025,14,DET,Jared Goff,-2.0,-1.0,0.0,0.0,0.0
2025,14,DET,Malik Cunningham,0.0,0.0,1.0,1.0,0.0
2025,14,DET,Jameson Williams,7.0,7.0,0.0,0.0,0.0
2025,14,DAL,Javonte Williams,38.0,2.2,29.0,1.7,3.0
2025,14,DAL,Malik Davis,5.0,1.7,1.0,0.3,0.0
2025,14,DAL,Dak Prescott,13.0,4.3,1.0,0.3,1.0
2025,14,DAL,KaVontae Turpin,4.0,4.0,0.0,0.0,0.0
2025,14,ATL,Bijan Robinson,57.0,2.9,29.0,1.5,1.0
2025,14,ATL,Tyler Allgeier,23.0,2.1,11.0,1.0,1.0
2025,14,SEA,Kenneth Walker III,13.0,1.3,16.0,1.6,1.0
2025,14,SEA,Zach Charbonnet,31.0,4.4,15.0,2.1,1.0
2025,14,SEA,Velus Jones Jr.,28.0,7.0,4.0,1.0,0.0
2025,14,SEA,Sam Darnold,21.0,7.0,2.0,0.7,0.0
2025,14,SEA,Drew Lock,0.0,0.0,0.0,0.0,0.0
2025,14,SEA,Jaxon Smith-Njigba,-1.0,-1.0,0.0,0.0,0.0
2025,14,BAL,Derrick Henry,55.0,2.2,39.0,1.6,3.0
2025,14,BAL,Lamar Jackson,37.0,5.3,6.0,0.9,1.0
2025,14,BAL,Keaton Mitchell,24.0,4.0,52.0,8.7,1.0
2025,14,BAL,Rasheen Ali,1.0,1.0,1.0,1.0,0.0
2025,14,BAL,Zay Flowers,1.0,1.0,1.0,1.0,0.0
2025,14,PIT,Jaylen Warren,7.0,0.9,6.0,0.8,0.0
2025,14,PIT,Kenneth Gainwell,7.0,1.8,8.0,2.0,1.0
2025,14,PIT,Kaleb Johnson,2.0,1.0,2.0,1.0,0.0
2025,14,PIT,Aaron Rodgers,0.0,0.0,0.0,0.0,0.0
2025,14,PIT,Connor Heyward,1.0,1.0,1.0,1.0,0.0
2025,14,BUF,James Cook,42.0,2.3,38.0,2.1,1.0
2025,14,BUF,Josh Allen,23.0,2.6,55.0,6.1,3.0
2025,14,BUF,Ty Johnson,24.0,12.0,1.0,0.5,0.0
2025,14,CIN,Chase Brown,9.0,0.8,14.0,1.2,0.0
2025,14,CIN,Samaje Perine,16.0,2.7,15.0,2.5,0.0
2025,14,CIN,Ja'Marr Chase,6.0,6.0,2.0,2.0,0.0
2025,14,CLE,Quinshon Judkins,4.0,0.3,22.0,1.6,1.0
2025,14,CLE,Shedeur Sanders,20.0,6.7,9.0,3.0,1.0
2025,14,CLE,Dylan Sampson,1.0,0.5,3.0,1.5,0.0
2025,14,CLE,Malachi Corley,2.0,2.0,0.0,0.0,0.0
2025,14,TEN,Tony Pollard,101.0,4.0,60.0,2.4,1.0
2025,14,TEN,Tyjae Spears,9.0,1.1,10.0,1.3,1.0
2025,14,TEN,Cam Ward,3.0,1.5,1.0,0.5,0.0
2025,14,JAX,Travis Etienne,55.0,2.8,19.0,1.0,1.0
2025,14,JAX,Trevor Lawrence,12.0,3.0,4.0,1.0,0.0
2025,14,JAX,Jakobi Meyers,4.0,1.3,5.0,1.7,0.0
2025,14,JAX,Nick Mullens,-1.0,-0.3,0.0,0.0,0.0
2025,14,JAX,Bhayshul Tuten,3.0,1.5,2.0,1.0,0.0
2025,14,IND,Jonathan Taylor,46.0,2.2,28.0,1.3,1.0
2025,14,IND,Riley Leonard,5.0,2.5,0.0,0.0,0.0
2025,14,IND,Ameer Abdullah,4.0,4.0,0.0,0.0,0.0
2025,14,IND,Daniel Jones,4.0,4.0,0.0,0.0,0.0
2025,14,IND,Tyler Warren,1.0,1.0,1.0,1.0,0.0
2025,14,MIN,Aaron Jones,42.0,3.0,34.0,2.4,2.0
2025,14,MIN,Jordan Mason,20.0,1.8,32.0,2.9,0.0
2025,14,MIN,J.J. McCarthy,3.0,0.5,16.0,2.7,0.0
2025,14,MIN,Zavier Scott,1.0,0.3,14.0,4.7,0.0
2025,14,WAS,Chris Rodriguez,19.0,1.9,33.0,3.3,1.0
2025,14,WAS,Jacory Croskey-Merritt,22.0,3.1,10.0,1.4,1.0
2025,14,WAS,Jayden Daniels,10.0,2.5,6.0,1.5,0.0
2025,14,WAS,Marcus Mariota,6.0,3.0,1.0,0.5,0.0
2025,14,NYJ,Breece Hall,26.0,1.9,17.0,1.2,0.0
2025,14,NYJ,Isaiah Davis,21.0,10.5,1.0,0.5,0.0
2025,14,NYJ,Brady Cook,0.0,0.0,0.0,0.0,0.0
2025,14,MIA,Jaylen Wright,46.0,1.9,61.0,2.5,1.0
2025,14,MIA,De'Von Achane,47.0,6.7,45.0,6.4,3.0
2025,14,MIA,Ollie Gordon,6.0,1.2,11.0,2.2,0.0
2025,14,MIA,Zach Wilson,-2.0,-1.0,0.0,0.0,0.0
2025,14,MIA,Tua Tagovailoa,0.0,0.0,0.0,0.0,0.0
2025,14,MIA,Jaylen Waddle,21.0,21.0,0.0,0.0,0.0
2025,14,MIA,Darren Waller,1.0,1.0,3.0,3.0,0.0
2025,14,TB,Bucky Irving,31.0,2.1,24.0,1.6,0.0
2025,14,TB,Rachaad White,30.0,2.7,23.0,2.1,0.0
2025,14,TB,Sean Tucker,8.0,1.1,21.0,3.0,0.0
2025,14,TB,Baker Mayfield,38.0,6.3,4.0,0.7,0.0
2025,14,NO,Devin Neal,37.0,1.9,33.0,1.7,0.0
2025,14,NO,Tyler Shough,38.0,5.4,17.0,2.4,0.0
2025,14,NO,Audric Estime,9.0,3.0,2.0,0.7,0.0
2025,14,NO,Taysom Hill,-1.0,-0.5,0.0,0.0,0.0
2025,14,NO,Evan Hull,2.0,2.0,2.0,2.0,0.0
2025,14,LV,Ashton Jeanty,24.0,2.4,6.0,0.6,0.0
2025,14,LV,Kenny Pickett,6.0,6.0,0.0,0.0,0.0
2025,14,LV,Geno Smith,4.0,4.0,0.0,0.0,0.0
2025,14,DEN,RJ Harvey,54.0,3.2,21.0,1.2,2.0
2025,14,DEN,Tyler Badie,8.0,2.0,8.0,2.0,0.0
2025,14,DEN,Jaleel McLaughlin,18.0,4.5,4.0,1.0,0.0
2025,14,DEN,Bo Nix,15.0,5.0,0.0,0.0,0.0
2025,14,DEN,Adam Prentice,19.0,9.5,3.0,1.5,0.0
2025,14,DEN,Marvin Mims,2.0,2.0,0.0,0.0,0.0
2025,14,ARI,Zonovan Knight,10.0,1.4,6.0,0.9,0.0
2025,14,ARI,Jacoby Brissett,18.0,4.5,4.0,1.0,0.0
2025,14,ARI,Michael Carter,8.0,2.7,5.0,1.7,0.0
2025,14,LA,Kyren Williams,54.0,4.2,30.0,2.3,0.0
2025,14,LA,Blake Corum,95.0,7.9,33.0,2.8,0.0
2025,14,LA,Ronnie Rivers,25.0,3.1,16.0,2.0,0.0
2025,14,LA,Jimmy Garoppolo,-4.0,-1.3,0.0,0.0,0.0
2025,14,GB,Josh Jacobs,65.0,3.3,21.0,1.1,3.0
2025,14,GB,Emanuel Wilson,10.0,3.3,0.0,0.0,0.0
2025,14,GB,Jayden Reed,10.0,5.0,12.0,6.0,1.0
2025,14,GB,Jordan Love,-1.0,-1.0,0.0,0.0,0.0
2025,14,CHI,Kyle Monangai,57.0,4.1,0.0,0.0,0.0
2025,14,CHI,D'Andre Swift,63.0,4.8,0.0,0.0,0.0
2025,14,CHI,Caleb Williams,15.0,3.8,0.0,0.0,0.0
2025,14,CHI,Luther Burden,3.0,3.0,0.0,0.0,0.0
2025,14,KC,Kareem Hunt,13.0,1.1,17.0,1.4,1.0
2025,14,KC,Isiah Pacheco,19.0,2.1,11.0,1.2,0.0
2025,14,KC,Patrick Mahomes,45.0,6.4,14.0,2.0,1.0
2025,14,KC,Brashard Smith,7.0,7.0,0.0,0.0,0.0
2025,14,HOU,Woody Marks,35.0,1.3,33.0,1.3,1.0
2025,14,HOU,C.J. Stroud,5.0,2.5,0.0,0.0,0.0
2025,14,HOU,Nick Chubb,1.0,1.0,2.0,2.0,0.0
2025,14,HOU,Jaylin Noel,1.0,1.0,0.0,0.0,0.0
2025,14,HOU,Dare Ogunbowale,2.0,2.0,3.0,3.0,0.0
2025,14,LAC,Kimani Vidal,24.0,1.7,20.0,1.4,0.0
2025,14,LAC,Omarion Hampton,35.0,2.7,21.0,1.6,1.0
2025,14,LAC,Justin Herbert,35.0,3.5,31.0,3.1,3.0
2025,14,LAC,Tre Harris,1.0,1.0,2.0,2.0,0.0
2025,14,PHI,Saquon Barkley,92.0,4.6,30.0,1.5,4.0
2025,14,PHI,Jalen Hurts,8.0,2.0,0.0,0.0,0.0
2025,14,PHI,Tank Bigsby,2.0,2.0,2.0,2.0,0.0
2025,15,TB,Bucky Irving,29.0,1.8,31.0,1.9,1.0
2025,15,TB,Sean Tucker,-1.0,-0.3,8.0,2.0,0.0
2025,15,TB,Baker Mayfield,0.0,0.0,1.0,1.0,0.0
2025,15,TB,Rachaad White,10.0,10.0,10.0,10.0,0.0
2025,15,ATL,Bijan Robinson,54.0,2.8,39.0,2.1,0.0
2025,15,ATL,Tyler Allgeier,11.0,5.5,7.0,3.5,0.0
2025,15,CHI,D'Andre Swift,62.0,3.4,36.0,2.0,3.0
2025,15,CHI,Kyle Monangai,16.0,1.5,17.0,1.5,0.0
2025,15,CHI,Caleb Williams,13.0,4.3,0.0,0.0,0.0
2025,15,CHI,Colston Loveland,-2.0,-2.0,0.0,0.0,0.0
2025,15,CLE,Quinshon Judkins,14.0,1.2,7.0,0.6,0.0
2025,15,CLE,Shedeur Sanders,22.0,11.0,2.0,1.0,0.0
2025,15,CLE,Harold Fannin,2.0,2.0,0.0,0.0,0.0
2025,15,CLE,Trayveon Williams,2.0,2.0,1.0,1.0,0.0
2025,15,CIN,Samaje Perine,19.0,1.4,23.0,1.6,0.0
2025,15,CIN,Chase Brown,23.0,1.8,30.0,2.3,0.0
2025,15,CIN,Joe Burrow,5.0,2.5,0.0,0.0,0.0
2025,15,BAL,Derrick Henry,45.0,4.1,55.0,5.0,0.0
2025,15,BAL,Keaton Mitchell,40.0,5.0,26.0,3.3,0.0
2025,15,BAL,Tyler Huntley,-3.0,-1.0,0.0,0.0,0.0
2025,15,BAL,Lamar Jackson,24.0,12.0,2.0,1.0,0.0
2025,15,HOU,Jawhar Jordan,44.0,2.9,57.0,3.8,4.0
2025,15,HOU,Woody Marks,25.0,3.6,5.0,0.7,0.0
2025,15,HOU,C.J. Stroud,7.0,1.2,3.0,0.5,0.0
2025,15,HOU,Dare Ogunbowale,1.0,0.2,1.0,0.2,0.0
2025,15,ARI,Michael Carter,42.0,3.0,14.0,1.0,0.0
2025,15,ARI,Jacoby Brissett,4.0,1.3,2.0,0.7,0.0
2025,15,ARI,Corey Kiner,6.0,3.0,5.0,2.5,0.0
2025,15,ARI,Emari Demercado,1.0,1.0,0.0,0.0,0.0
2025,15,ARI,Zonovan Knight,-2.0,-2.0,0.0,0.0,0.0
2025,15,JAX,Travis Etienne,20.0,1.7,12.0,1.0,1.0
2025,15,JAX,Trevor Lawrence,45.0,9.0,6.0,1.2,0.0
2025,15,JAX,LeQuint Allen,8.0,2.0,3.0,0.8,0.0
2025,15,JAX,Nick Mullens,-2.0,-0.7,0.0,0.0,0.0
2025,15,JAX,Dyami Brown,4.0,4.0,0.0,0.0,0.0
2025,15,JAX,Brian Thomas,5.0,5.0,0.0,0.0,0.0
2025,15,JAX,Bhayshul Tuten,4.0,4.0,3.0,3.0,0.0
2025,15,NYJ,Breece Hall,16.0,1.3,7.0,0.6,0.0
2025,15,NYJ,Isaiah Davis,49.0,5.4,9.0,1.0,0.0
2025,15,NYJ,Brady Cook,37.0,6.2,2.0,0.3,0.0
2025,15,NYJ,Khalil Herbert,4.0,2.0,1.0,0.5,0.0
2025,15,NYJ,Andrew Beck,5.0,5.0,0.0,0.0,0.0
2025,15,NYJ,John Metchie,3.0,3.0,1.0,1.0,0.0
2025,15,NYJ,Adonai Mitchell,-4.0,-4.0,0.0,0.0,0.0
2025,15,KC,Isiah Pacheco,8.0,0.7,13.0,1.2,0.0
2025,15,KC,Kareem Hunt,7.0,1.2,5.0,0.8,0.0
2025,15,KC,Patrick Mahomes,13.0,6.5,2.0,1.0,0.0
2025,15,KC,Brashard Smith,0.0,0.0,1.0,0.5,0.0
2025,15,LAC,Omarion Hampton,42.0,2.8,19.0,1.3,0.0
2025,15,LAC,Kimani Vidal,18.0,1.5,15.0,1.3,0.0
2025,15,LAC,Justin Herbert,-1.0,-0.5,1.0,0.5,0.0
2025,15,NE,TreVeyon Henderson,138.0,9.9,10.0,0.7,0.0
2025,15,NE,Rhamondre Stevenson,30.0,5.0,20.0,3.3,0.0
2025,15,NE,Drake Maye,25.0,6.3,18.0,4.5,0.0
2025,15,NE,DeMario Douglas,3.0,3.0,2.0,2.0,0.0
2025,15,BUF,James Cook,73.0,3.3,34.0,1.5,0.0
2025,15,BUF,Josh Allen,38.0,3.5,10.0,0.9,0.0
2025,15,BUF,Ty Johnson,11.0,2.8,2.0,0.5,0.0
2025,15,NYG,Tyrone Tracy Jr.,44.0,2.9,26.0,1.7,2.0
2025,15,NYG,Jaxson Dart,62.0,6.9,1.0,0.1,0.0
2025,15,NYG,Devin Singletary,8.0,1.6,5.0,1.0,0.0
2025,15,WAS,Jacory Croskey-Merritt,68.0,3.8,28.0,1.6,1.0
2025,15,WAS,Marcus Mariota,43.0,4.3,0.0,0.0,0.0
2025,15,WAS,Jeremy McNichols,-2.0,-0.2,8.0,0.9,0.0
2025,15,PHI,Saquon Barkley,33.0,1.5,45.0,2.0,2.0
2025,15,PHI,Tank Bigsby,23.0,1.4,34.0,2.0,1.0
2025,15,PHI,Jalen Hurts,36.0,5.1,3.0,0.4,0.0
2025,15,PHI,Tanner McKee,5.0,5.0,4.0,4.0,0.0
2025,15,LV,Ashton Jeanty,20.0,2.2,15.0,1.7,1.0
2025,15,LV,Dylan Laube,2.0,1.0,2.0,1.0,0.0
2025,15,LV,Kenny Pickett,5.0,2.5,2.0,1.0,1.0
2025,15,DEN,RJ Harvey,41.0,2.2,24.0,1.3,0.0
2025,15,DEN,Bo Nix,3.0,0.4,7.0,1.0,0.0
2025,15,DEN,Jaleel McLaughlin,3.0,1.5,1.0,0.5,0.0
2025,15,DEN,Troy Franklin,3.0,3.0,0.0,0.0,0.0
2025,15,DEN,Marvin Mims,7.0,7.0,1.0,1.0,0.0
2025,15,DEN,Adam Prentice,-1.0,-1.0,0.0,0.0,0.0
2025,15,GB,Josh Jacobs,60.0,5.0,13.0,1.1,0.0
2025,15,GB,Jordan Love,29.0,9.7,0.0,0.0,0.0
2025,15,GB,Chris Brooks,7.0,3.5,3.0,1.5,0.0
2025,15,GB,Emanuel Wilson,2.0,1.0,1.0,0.5,0.0
2025,15,GB,Bo Melton,0.0,0.0,0.0,0.0,0.0
2025,15,LA,Kyren Williams,45.0,3.0,33.0,2.2,2.0
2025,15,LA,Blake Corum,50.0,4.5,21.0,1.9,0.0
2025,15,LA,Puka Nacua,1.0,0.5,7.0,3.5,1.0
2025,15,LA,Matthew Stafford,1.0,1.0,1.0,1.0,0.0
2025,15,DET,Jahmyr Gibbs,18.0,1.4,20.0,1.5,4.0
2025,15,DET,David Montgomery,14.0,2.0,18.0,2.6,0.0
2025,15,NO,Tyler Shough,27.0,3.4,5.0,0.6,0.0
2025,15,NO,Devin Neal,16.0,2.3,12.0,1.7,0.0
2025,15,NO,Evan Hull,9.0,2.3,3.0,0.8,0.0
2025,15,NO,Audric Estime,5.0,1.7,6.0,2.0,0.0
2025,15,NO,Taysom Hill,1.0,0.5,1.0,0.5,0.0
2025,15,NO,Mason Tipton,-4.0,-4.0,0.0,0.0,0.0
2025,15,CAR,Rico Dowdle,26.0,1.6,23.0,1.4,0.0
2025,15,CAR,Chuba Hubbard,16.0,2.0,13.0,1.6,0.0
2025,15,CAR,Bryce Young,35.0,5.0,14.0,2.0,0.0
2025,15,SEA,Kenneth Walker III,9.0,1.0,8.0,0.9,0.0
2025,15,SEA,Zach Charbonnet,21.0,2.6,10.0,1.3,0.0
2025,15,SEA,Sam Darnold,5.0,1.3,0.0,0.0,0.0
2025,15,SEA,Rashid Shaheed,-3.0,-3.0,0.0,0.0,0.0
2025,15,IND,Jonathan Taylor,43.0,1.7,44.0,1.8,0.0
2025,15,IND,Ameer Abdullah,2.0,0.5,13.0,3.3,0.0
2025,15,IND,Philip Rivers,-5.0,-5.0,0.0,0.0,0.0
2025,15,SF,Christian McCaffrey,73.0,3.3,0.0,0.0,0.0
2025,15,SF,Brian Robinson Jr.,21.0,2.3,0.0,0.0,0.0
2025,15,SF,Brock Purdy,44.0,6.3,0.0,0.0,0.0
2025,15,TEN,Tony Pollard,101.0,7.2,3.0,0.2,1.0
2025,15,TEN,Tyjae Spears,34.0,11.3,0.0,0.0,0.0
2025,15,TEN,Chimere Dike,-7.0,-7.0,0.0,0.0,0.0
2025,15,TEN,Kalel Mullings,3.0,3.0,0.0,0.0,0.0
2025,15,TEN,Cam Ward,2.0,2.0,0.0,0.0,0.0
2025,15,DAL,Javonte Williams,43.0,2.9,48.0,3.2,0.0
2025,15,DAL,Malik Davis,4.0,0.5,17.0,2.1,0.0
2025,15,DAL,Hunter Luepke,4.0,1.3,12.0,4.0,0.0
2025,15,DAL,Brandon Aubrey,6.0,6.0,0.0,0.0,0.0
2025,15,DAL,Dak Prescott,0.0,0.0,2.0,2.0,0.0
2025,15,DAL,KaVontae Turpin,0.0,0.0,2.0,2.0,1.0
2025,15,MIN,Aaron Jones,13.0,1.1,21.0,1.8,0.0
2025,15,MIN,Jordan Mason,5.0,0.5,24.0,2.4,1.0
2025,15,MIN,J.J. McCarthy,5.0,1.3,10.0,2.5,1.0
2025,15,MIN,C.J. Ham,1.0,1.0,0.0,0.0,0.0
2025,15,MIN,Jalen Nailor,-2.0,-2.0,0.0,0.0,0.0
2025,15,PIT,Kenneth Gainwell,25.0,1.9,55.0,4.2,6.0
2025,15,PIT,Jaylen Warren,16.0,1.3,17.0,1.4,1.0
2025,15,PIT,Connor Heyward,2.0,0.5,2.0,0.5,0.0
2025,15,PIT,Kaleb Johnson,1.0,0.5,3.0,1.5,0.0
2025,15,PIT,Jonnu Smith,9.0,9.0,5.0,5.0,1.0
2025,15,MIA,De'Von Achane,34.0,2.8,26.0,2.2,1.0
2025,15,MIA,Ollie Gordon,-2.0,-1.0,2.0,1.0,0.0
2025,15,MIA,Tua Tagovailoa,1.0,1.0,0.0,0.0,0.0
2025,15,MIA,Jaylen Wright,1.0,1.0,1.0,1.0,0.0
2025,16,SEA,Kenneth Walker III,73.0,6.6,27.0,2.5,1.0
2025,16,SEA,Zach Charbonnet,15.0,1.7,17.0,1.9,0.0
2025,16,SEA,Sam Darnold,4.0,1.3,3.0,1.0,0.0
2025,16,SEA,AJ Barner,0.0,0.0,1.0,1.0,0.0
2025,16,SEA,Rashid Shaheed,28.0,28.0,3.0,3.0,0.0
2025,16,LA,Kyren Williams,36.0,1.6,34.0,1.5,1.0
2025,16,LA,Blake Corum,32.0,2.3,16.0,1.1,0.0
2025,16,LA,Matthew Stafford,5.0,2.5,1.0,0.5,0.0
2025,16,WAS,Chris Rodriguez,13.0,0.9,50.0,3.3,5.0
2025,16,WAS,Jacory Croskey-Merritt,13.0,1.6,12.0,1.5,1.0
2025,16,WAS,Josh Johnson,0.0,0.0,0.0,0.0,0.0
2025,16,WAS,Marcus Mariota,-1.0,-1.0,0.0,0.0,0.0
2025,16,WAS,Jeremy McNichols,2.0,2.0,1.0,1.0,0.0
2025,16,PHI,Saquon Barkley,53.0,2.5,79.0,3.8,6.0
2025,16,PHI,Jalen Hurts,40.0,5.7,0.0,0.0,0.0
2025,16,PHI,Tank Bigsby,27.0,6.8,10.0,2.5,2.0
2025,16,PHI,Tanner McKee,-2.0,-1.0,0.0,0.0,0.0
2025,16,CHI,D'Andre Swift,25.0,1.9,33.0,2.5,0.0
2025,16,CHI,Kyle Monangai,22.0,2.4,28.0,3.1,1.0
2025,16,CHI,Caleb Williams,30.0,10.0,0.0,0.0,0.0
2025,16,CHI,D.J. Moore,8.0,8.0,4.0,4.0,0.0
2025,16,GB,Emanuel Wilson,48.0,3.4,34.0,2.4,0.0
2025,16,GB,Josh Jacobs,22.0,1.8,14.0,1.2,0.0
2025,16,GB,Malik Willis,42.0,4.2,2.0,0.2,0.0
2025,16,GB,Matthew Golden,2.0,1.0,2.0,1.0,0.0
2025,16,GB,Jordan Love,7.0,3.5,0.0,0.0,0.0
2025,16,GB,Savion Williams,7.0,3.5,2.0,1.0,0.0
2025,16,GB,Chris Brooks,3.0,3.0,1.0,1.0,0.0
2025,16,GB,Jayden Reed,6.0,6.0,0.0,0.0,0.0
2025,16,CAR,Rico Dowdle,21.0,2.3,8.0,0.9,0.0
2025,16,CAR,Chuba Hubbard,17.0,2.8,10.0,1.7,0.0
2025,16,CAR,Bryce Young,12.0,3.0,8.0,2.0,0.0
2025,16,CAR,Jimmy Horn,21.0,21.0,4.0,4.0,0.0
2025,16,TB,Bucky Irving,35.0,1.8,36.0,1.9,0.0
2025,16,TB,Rachaad White,33.0,6.6,12.0,2.4,1.0
2025,16,TB,Baker Mayfield,48.0,12.0,1.0,0.3,0.0
2025,16,TB,Sean Tucker,1.0,0.3,2.0,0.5,0.0
2025,16,TB,Jalen McMillan,0.0,0.0,1.0,1.0,0.0
2025,16,CLE,Raheim Sanders,14.0,1.3,28.0,2.5,0.0
2025,16,CLE,Quinshon Judkins,11.0,1.4,11.0,1.4,0.0
2025,16,CLE,Shedeur Sanders,24.0,6.0,25.0,6.3,0.0
2025,16,CLE,Malachi Corley,12.0,4.0,18.0,6.0,0.0
2025,16,CLE,Trayveon Williams,11.0,3.7,6.0,2.0,0.0
2025,16,CLE,Isaiah Bond,-1.0,-1.0,0.0,0.0,0.0
2025,16,CLE,Harold Fannin,0.0,0.0,1.0,1.0,0.0
2025,16,BUF,James Cook,67.0,4.2,50.0,3.1,0.0
2025,16,BUF,Josh Allen,13.0,1.9,4.0,0.6,0.0
2025,16,BUF,Ray Davis,8.0,2.7,6.0,2.0,0.0
2025,16,BUF,Ty Johnson,11.0,3.7,5.0,1.7,0.0
2025,16,DAL,Javonte Williams,19.0,2.1,15.0,1.7,0.0
2025,16,DAL,Malik Davis,13.0,1.6,10.0,1.3,0.0
2025,16,DAL,Dak Prescott,13.0,6.5,1.0,0.5,0.0
2025,16,DAL,KaVontae Turpin,12.0,6.0,1.0,0.5,0.0
2025,16,DAL,Hunter Luepke,0.0,0.0,0.0,0.0,0.0
2025,16,DAL,Joe Milton,7.0,7.0,0.0,0.0,0.0
2025,16,LAC,Omarion Hampton,55.0,3.4,30.0,1.9,3.0
2025,16,LAC,Justin Herbert,38.0,4.8,4.0,0.5,0.0
2025,16,LAC,Kimani Vidal,4.0,0.8,7.0,1.4,1.0
2025,16,LAC,Hassan Haskins,8.0,2.0,6.0,1.5,0.0
2025,16,MIA,De'Von Achane,15.0,1.0,66.0,4.4,0.0
2025,16,MIA,Jaylen Wright,23.0,2.6,12.0,1.3,0.0
2025,16,MIA,Quinn Ewers,5.0,2.5,0.0,0.0,0.0
2025,16,MIA,Ollie Gordon,-1.0,-1.0,0.0,0.0,0.0
2025,16,MIA,Malik Washington,7.0,7.0,2.0,2.0,0.0
2025,16,CIN,Chase Brown,41.0,3.4,25.0,2.1,2.0
2025,16,CIN,Samaje Perine,14.0,2.0,11.0,1.6,0.0
2025,16,CIN,Tahj Brooks,5.0,1.3,2.0,0.5,0.0
2025,16,CIN,Joe Burrow,6.0,3.0,0.0,0.0,0.0
2025,16,CIN,Ke'Shawn Williams,1.0,1.0,0.0,0.0,0.0
2025,16,NO,Taysom Hill,30.0,2.5,12.0,1.0,0.0
2025,16,NO,Audric Estime,14.0,2.8,5.0,1.0,0.0
2025,16,NO,Evan Hull,3.0,0.6,0.0,0.0,0.0
2025,16,NO,Tyler Shough,8.0,4.0,0.0,0.0,0.0
2025,16,NO,Mason Tipton,5.0,5.0,7.0,7.0,1.0
2025,16,NYJ,Breece Hall,36.0,2.3,18.0,1.1,2.0
2025,16,NYJ,Isaiah Davis,4.0,1.3,4.0,1.3,0.0
2025,16,NYJ,Brady Cook,0.0,0.0,2.0,2.0,0.0
2025,16,NYG,Tyrone Tracy Jr.,25.0,1.6,46.0,2.9,0.0
2025,16,NYG,Devin Singletary,20.0,1.8,27.0,2.5,0.0
2025,16,NYG,Jaxson Dart,1.0,0.5,6.0,3.0,0.0
2025,16,NYG,Wan'Dale Robinson,1.0,1.0,2.0,2.0,0.0
2025,16,MIN,Aaron Jones,59.0,2.8,26.0,1.2,0.0
2025,16,MIN,Max Brosmer,-3.0,-1.0,0.0,0.0,0.0
2025,16,MIN,Jordan Mason,2.0,1.0,3.0,1.5,0.0
2025,16,MIN,J.J. McCarthy,17.0,8.5,3.0,1.5,0.0
2025,16,MIN,Zavier Scott,2.0,1.0,2.0,1.0,0.0
2025,16,MIN,C.J. Ham,2.0,2.0,1.0,1.0,0.0
2025,16,TEN,Tony Pollard,69.0,3.3,33.0,1.6,2.0
2025,16,TEN,Tyjae Spears,48.0,3.7,4.0,0.3,0.0
2025,16,TEN,Cam Ward,-2.0,-0.5,11.0,2.8,1.0
2025,16,TEN,Julius Chestnut,0.0,0.0,1.0,1.0,0.0
2025,16,TEN,Kalel Mullings,0.0,0.0,0.0,0.0,0.0
2025,16,KC,Isiah Pacheco,29.0,3.6,5.0,0.6,0.0
2025,16,KC,Kareem Hunt,2.0,0.7,0.0,0.0,0.0
2025,16,KC,Chris Oladokun,7.0,3.5,0.0,0.0,0.0
2025,16,KC,Gardner Minshew II,8.0,8.0,0.0,0.0,0.0
2025,16,KC,Xavier Worthy,0.0,0.0,0.0,0.0,0.0
2025,16,ARI,Michael Carter,27.0,2.5,38.0,3.5,0.0
2025,16,ARI,Corey Kiner,15.0,2.5,17.0,2.8,1.0
2025,16,ARI,Emari Demercado,17.0,3.4,13.0,2.6,0.0
2025,16,ARI,Jacoby Brissett,4.0,4.0,1.0,1.0,0.0
2025,16,ATL,Tyler Allgeier,38.0,2.4,41.0,2.6,1.0
2025,16,ATL,Bijan Robinson,51.0,3.2,25.0,1.6,0.0
2025,16,ATL,Kirk Cousins,-5.0,-1.0,2.0,0.4,0.0
2025,16,DEN,RJ Harvey,19.0,2.7,31.0,4.4,1.0
2025,16,DEN,Jaleel McLaughlin,22.0,4.4,15.0,3.0,0.0
2025,16,DEN,Bo Nix,11.0,2.8,0.0,0.0,0.0
2025,16,DEN,Marvin Mims,3.0,3.0,0.0,0.0,0.0
2025,16,JAX,Travis Etienne,8.0,0.5,42.0,2.6,1.0
2025,16,JAX,Trevor Lawrence,17.0,2.8,3.0,0.5,0.0
2025,16,JAX,LeQuint Allen,10.0,2.5,0.0,0.0,0.0
2025,16,JAX,Jakobi Meyers,0.0,0.0,1.0,1.0,0.0
2025,16,DET,Jahmyr Gibbs,-2.0,-0.3,4.0,0.6,1.0
2025,16,DET,David Montgomery,12.0,3.0,2.0,0.5,0.0
2025,16,DET,Jared Goff,-1.0,-1.0,0.0,0.0,0.0
2025,16,PIT,Jaylen Warren,122.0,8.7,21.0,1.5,2.0
2025,16,PIT,Kenneth Gainwell,29.0,3.2,21.0,2.3,1.0
2025,16,PIT,Aaron Rodgers,6.0,3.0,3.0,1.5,0.0
2025,16,PIT,Jonnu Smith,12.0,6.0,16.0,8.0,0.0
2025,16,HOU,Jawhar Jordan,40.0,2.7,13.0,0.9,3.0
2025,16,HOU,Nick Chubb,4.0,0.7,29.0,4.8,1.0
2025,16,HOU,C.J. Stroud,0.0,0.0,0.0,0.0,0.0
2025,16,HOU,Dare Ogunbowale,-3.0,-3.0,0.0,0.0,0.0
2025,16,LV,Ashton Jeanty,56.0,2.3,72.0,3.0,4.0
2025,16,LV,Tre Tucker,11.0,5.5,0.0,0.0,0.0
2025,16,LV,Raheem Mostert,1.0,1.0,5.0,5.0,1.0
2025,16,BAL,Derrick Henry,62.0,3.4,66.0,3.7,0.0
2025,16,BAL,Keaton Mitchell,7.0,0.8,6.0,0.7,1.0
2025,16,BAL,Tyler Huntley,2.0,1.0,0.0,0.0,0.0
2025,16,BAL,Lamar Jackson,3.0,1.5,4.0,2.0,0.0
2025,16,BAL,Mark Andrews,0.0,0.0,3.0,3.0,0.0
2025,16,BAL,Zay Flowers,14.0,14.0,4.0,4.0,0.0
2025,16,NE,Drake Maye,16.0,1.6,9.0,0.9,0.0
2025,16,NE,Rhamondre Stevenson,17.0,2.1,34.0,4.3,0.0
2025,16,NE,TreVeyon Henderson,-3.0,-0.6,6.0,1.2,0.0
2025,16,IND,Jonathan Taylor,27.0,1.7,19.0,1.2,1.0
2025,16,IND,Tyler Goodson,5.0,1.7,4.0,1.3,0.0
2025,16,IND,Josh Downs,1.0,1.0,2.0,2.0,0.0
2025,16,SF,Christian McCaffrey,69.0,3.3,48.0,2.3,0.0
2025,16,SF,Brian Robinson Jr.,11.0,2.2,9.0,1.8,0.0
2025,16,SF,Mac Jones,-3.0,-1.0,0.0,0.0,0.0
2025,16,SF,Brock Purdy,8.0,4.0,3.0,1.5,0.0
2025,17,WAS,Jacory Croskey-Merritt,71.0,6.5,34.0,3.1,3.0
2025,17,WAS,Josh Johnson,10.0,5.0,0.0,0.0,0.0
2025,17,WAS,Deebo Samuel,16.0,8.0,9.0,4.5,0.0
2025,17,WAS,Jeremy McNichols,-2.0,-2.0,0.0,0.0,0.0
2025,17,DAL,Malik Davis,48.0,2.4,55.0,2.8,0.0
2025,17,DAL,Javonte Williams,24.0,1.8,30.0,2.3,1.0
2025,17,DAL,Hunter Luepke,13.0,1.9,17.0,2.4,0.0
2025,17,DAL,Dak Prescott,9.0,2.3,15.0,3.8,0.0
2025,17,MIN,Aaron Jones,21.0,1.2,32.0,1.8,0.0
2025,17,MIN,Ty Chandler,8.0,1.1,16.0,2.3,0.0
2025,17,MIN,Max Brosmer,16.0,8.0,0.0,0.0,0.0
2025,17,MIN,Jordan Addison,59.0,59.0,6.0,6.0,1.0
2025,17,DET,Jahmyr Gibbs,6.0,0.4,35.0,2.1,1.0
2025,17,DET,David Montgomery,6.0,0.6,19.0,1.9,0.0
2025,17,DET,Jared Goff,0.0,0.0,2.0,0.7,0.0
2025,17,KC,Isiah Pacheco,6.0,0.7,26.0,2.9,0.0
2025,17,KC,Kareem Hunt,12.0,1.7,26.0,3.7,0.0
2025,17,KC,Chris Oladokun,11.0,5.5,0.0,0.0,0.0
2025,17,KC,Xavier Worthy,0.0,0.0,1.0,1.0,0.0
2025,17,DEN,RJ Harvey,13.0,0.9,30.0,2.1,1.0
2025,17,DEN,Bo Nix,33.0,3.7,9.0,1.0,0.0
2025,17,DEN,Jaleel McLaughlin,24.0,3.4,16.0,2.3,0.0
2025,17,DEN,Adam Prentice,2.0,1.0,1.0,0.5,0.0
2025,17,LAC,Omarion Hampton,14.0,1.0,15.0,1.1,0.0
2025,17,LAC,Justin Herbert,21.0,3.5,16.0,2.7,0.0
2025,17,LAC,Tre Harris,4.0,4.0,3.0,3.0,0.0
2025,17,LAC,Jaret Patterson,1.0,1.0,0.0,0.0,0.0
2025,17,HOU,Woody Marks,41.0,2.2,30.0,1.6,0.0
2025,17,HOU,Jawhar Jordan,18.0,2.3,18.0,2.3,1.0
2025,17,HOU,C.J. Stroud,0.0,0.0,0.0,0.0,0.0
2025,17,HOU,Nick Chubb,1.0,1.0,0.0,0.0,0.0
2025,17,HOU,Xavier Hutchinson,0.0,0.0,8.0,8.0,0.0
2025,17,HOU,Jaylin Noel,2.0,2.0,0.0,0.0,0.0
2025,17,GB,Malik Willis,42.0,4.7,18.0,2.0,0.0
2025,17,GB,Josh Jacobs,0.0,0.0,3.0,0.8,0.0
2025,17,GB,Emanuel Wilson,9.0,3.0,7.0,2.3,0.0
2025,17,GB,Clayton Tune,0.0,0.0,0.0,0.0,0.0
2025,17,BAL,Derrick Henry,101.0,2.8,115.0,3.2,1.0
2025,17,BAL,Keaton Mitchell,16.0,1.8,15.0,1.7,0.0
2025,17,BAL,Tyler Huntley,54.0,6.8,6.0,0.8,0.0
2025,17,CAR,Rico Dowdle,37.0,3.1,22.0,1.8,0.0
2025,17,CAR,Bryce Young,27.0,3.0,0.0,0.0,0.0
2025,17,CAR,Chuba Hubbard,8.0,2.0,4.0,1.0,0.0
2025,17,CAR,Mitchell Evans,0.0,0.0,1.0,1.0,0.0
2025,17,SEA,Zach Charbonnet,81.0,4.5,29.0,1.6,1.0
2025,17,SEA,Kenneth Walker III,32.0,2.1,19.0,1.3,4.0
2025,17,SEA,Sam Darnold,2.0,0.7,0.0,0.0,0.0
2025,17,CIN,Chase Brown,53.0,2.4,48.0,2.2,4.0
2025,17,CIN,Joe Flacco,2.0,0.5,0.0,0.0,0.0
2025,17,CIN,Tahj Brooks,6.0,2.0,4.0,1.3,0.0
2025,17,CIN,Joe Burrow,2.0,0.7,0.0,0.0,0.0
2025,17,CIN,Samaje Perine,2.0,0.7,3.0,1.0,0.0
2025,17,ARI,Michael Carter,21.0,3.0,8.0,1.1,0.0
2025,17,ARI,Emari Demercado,7.0,1.4,4.0,0.8,0.0
2025,17,ARI,Corey Kiner,1.0,1.0,1.0,1.0,0.0
2025,17,CLE,Dylan Sampson,14.0,1.3,13.0,1.2,0.0
2025,17,CLE,Raheim Sanders,9.0,1.1,12.0,1.5,0.0
2025,17,CLE,Shedeur Sanders,14.0,3.5,6.0,1.5,0.0
2025,17,CLE,Trayveon Williams,6.0,3.0,4.0,2.0,0.0
2025,17,PIT,Jaylen Warren,15.0,1.3,49.0,4.1,0.0
2025,17,PIT,Kenneth Gainwell,14.0,2.0,12.0,1.7,0.0
2025,17,PIT,Connor Heyward,24.0,12.0,2.0,1.0,0.0
2025,17,PIT,Jonnu Smith,4.0,2.0,5.0,2.5,0.0
2025,17,PIT,Aaron Rodgers,6.0,6.0,0.0,0.0,0.0
2025,17,IND,Jonathan Taylor,50.0,2.4,20.0,1.0,1.0
2025,17,IND,Philip Rivers,-1.0,-1.0,0.0,0.0,0.0
2025,17,JAX,Travis Etienne,55.0,3.2,21.0,1.2,0.0
2025,17,JAX,Trevor Lawrence,23.0,2.9,3.0,0.4,0.0
2025,17,JAX,DeeJay Dallas,18.0,9.0,3.0,1.5,0.0
2025,17,JAX,LeQuint Allen,1.0,1.0,2.0,2.0,0.0
2025,17,JAX,Parker Washington,-5.0,-5.0,0.0,0.0,0.0
2025,17,MIA,De'Von Achane,39.0,2.2,44.0,2.4,2.0
2025,17,MIA,Jaylen Wright,12.0,2.4,44.0,8.8,0.0
2025,17,MIA,Quinn Ewers,5.0,1.3,0.0,0.0,0.0
2025,17,MIA,Greg Dulcich,-7.0,-7.0,0.0,0.0,0.0
2025,17,MIA,Jaylen Waddle,4.0,4.0,3.0,3.0,0.0
2025,17,MIA,Malik Washington,0.0,0.0,1.0,1.0,0.0
2025,17,TB,Bucky Irving,9.0,1.0,10.0,1.1,0.0
2025,17,TB,Baker Mayfield,12.0,4.0,4.0,1.3,0.0
2025,17,TB,Sean Tucker,3.0,1.5,5.0,2.5,0.0
2025,17,TB,Rachaad White,5.0,2.5,5.0,2.5,0.0
2025,17,NYJ,Breece Hall,89.0,6.4,22.0,1.6,0.0
2025,17,NYJ,Kene Nwangwu,19.0,3.2,12.0,2.0,0.0
2025,17,NYJ,Isaiah Davis,6.0,2.0,5.0,1.7,0.0
2025,17,NYJ,Brady Cook,0.0,0.0,1.0,0.5,0.0
2025,17,NYJ,Khalil Herbert,3.0,1.5,2.0,1.0,0.0
2025,17,NYJ,Isaiah Williams,4.0,4.0,1.0,1.0,0.0
2025,17,NE,TreVeyon Henderson,51.0,2.7,31.0,1.6,1.0
2025,17,NE,Rhamondre Stevenson,23.0,2.9,24.0,3.0,0.0
2025,17,NE,D'Ernest Johnson,3.0,0.8,2.0,0.5,0.0
2025,17,NE,Drake Maye,19.0,6.3,3.0,1.0,0.0
2025,17,NE,Joshua Dobbs,-1.0,-0.5,0.0,0.0,0.0
2025,17,TEN,Tony Pollard,29.0,1.6,56.0,3.1,2.0
2025,17,TEN,Tyjae Spears,1.0,0.2,1.0,0.2,0.0
2025,17,TEN,Cam Ward,10.0,5.0,0.0,0.0,0.0
2025,17,TEN,Chimere Dike,5.0,5.0,2.0,2.0,0.0
2025,17,TEN,Kalel Mullings,1.0,1.0,3.0,3.0,0.0
2025,17,NO,Audric Estime,20.0,1.4,74.0,5.3,7.0
2025,17,NO,Tyler Shough,6.0,1.5,0.0,0.0,0.0
2025,17,NO,Taysom Hill,-1.0,-0.3,1.0,0.3,1.0
2025,17,NO,Evan Hull,2.0,1.0,1.0,0.5,0.0
2025,17,LV,Ashton Jeanty,46.0,2.9,14.0,0.9,1.0
2025,17,LV,Tre Tucker,0.0,0.0,0.0,0.0,0.0
2025,17,LV,Geno Smith,1.0,1.0,0.0,0.0,0.0
2025,17,LV,Zamir White,2.0,2.0,0.0,0.0,0.0
2025,17,NYG,Tyrone Tracy Jr.,55.0,3.9,7.0,0.5,1.0
2025,17,NYG,Jaxson Dart,48.0,5.3,0.0,0.0,0.0
2025,17,NYG,Devin Singletary,29.0,3.6,16.0,2.0,1.0
2025,17,BUF,James Cook,58.0,2.9,16.0,0.8,1.0
2025,17,BUF,Josh Allen,25.0,3.6,2.0,0.3,0.0
2025,17,BUF,Ty Johnson,12.0,2.4,3.0,0.6,0.0
2025,17,BUF,Ray Davis,4.0,4.0,0.0,0.0,0.0
2025,17,PHI,Saquon Barkley,55.0,2.9,13.0,0.7,0.0
2025,17,PHI,Jalen Hurts,4.0,1.3,1.0,0.3,0.0
2025,17,PHI,Tank Bigsby,7.0,3.5,0.0,0.0,0.0
2025,17,PHI,Will Shipley,2.0,1.0,0.0,0.0,0.0
2025,17,SF,Christian McCaffrey,73.0,3.2,67.0,2.9,1.0
2025,17,SF,Brock Purdy,19.0,3.2,9.0,1.5,0.0
2025,17,SF,Brian Robinson Jr.,13.0,3.3,9.0,2.3,0.0
2025,17,SF,Skyy Moore,8.0,8.0,2.0,2.0,0.0
2025,17,CHI,D'Andre Swift,23.0,2.6,31.0,3.4,0.0
2025,17,CHI,Kyle Monangai,13.0,1.6,25.0,3.1,0.0
2025,17,CHI,Caleb Williams,13.0,2.6,5.0,1.0,0.0
2025,17,ATL,Bijan Robinson,140.0,6.4,55.0,2.5,1.0
2025,17,ATL,Tyler Allgeier,18.0,1.8,5.0,0.5,0.0
2025,17,ATL,Kirk Cousins,1.0,1.0,0.0,0.0,0.0
2025,17,LA,Kyren Williams,51.0,3.9,41.0,3.2,1.0
2025,17,LA,Blake Corum,16.0,2.7,2.0,0.3,0.0
2025,17,LA,Ronnie Rivers,1.0,1.0,4.0,4.0,0.0
2025,18,TB,Bucky Irving,59.0,2.3,26.0,1.0,0.0
2025,18,TB,Rachaad White,16.0,2.3,7.0,1.0,0.0
2025,18,TB,Baker Mayfield,11.0,2.8,20.0,5.0,0.0
2025,18,TB,Sean Tucker,-4.0,-1.0,0.0,0.0,0.0
2025,18,TB,Tez Johnson,3.0,3.0,2.0,2.0,0.0
2025,18,CAR,Rico Dowdle,5.0,0.7,5.0,0.7,0.0
2025,18,CAR,Chuba Hubbard,5.0,1.0,5.0,1.0,1.0
2025,18,CAR,Bryce Young,-1.0,-0.5,0.0,0.0,0.0
2025,18,SF,Christian McCaffrey,12.0,1.5,11.0,1.4,0.0
2025,18,SF,Brock Purdy,18.0,9.0,3.0,1.5,0.0
2025,18,SF,Brian Robinson Jr.,5.0,2.5,4.0,2.0,0.0
2025,18,SEA,Zach Charbonnet,42.0,2.5,32.0,1.9,0.0
2025,18,SEA,Kenneth Walker III,50.0,3.1,47.0,2.9,2.0
2025,18,SEA,Sam Darnold,6.0,1.0,3.0,0.5,0.0
2025,18,ATL,Bijan Robinson,11.0,0.7,22.0,1.5,0.0
2025,18,ATL,Tyler Allgeier,14.0,2.0,2.0,0.3,0.0
2025,18,ATL,Kirk Cousins,0.0,0.0,0.0,0.0,0.0
2025,18,NO,Audric Estime,52.0,2.5,11.0,0.5,0.0
2025,18,NO,Tyler Shough,33.0,11.0,1.0,0.3,0.0
2025,18,NO,Evan Hull,11.0,5.5,0.0,0.0,0.0
2025,18,CIN,Chase Brown,51.0,3.9,21.0,1.6,0.0
2025,18,CIN,Samaje Perine,23.0,2.9,19.0,2.4,1.0
2025,18,CIN,Joe Burrow,17.0,8.5,0.0,0.0,0.0
2025,18,CIN,Joe Flacco,2.0,2.0,0.0,0.0,0.0
2025,18,CIN,Ke'Shawn Williams,5.0,5.0,4.0,4.0,0.0
2025,18,CLE,Dylan Sampson,15.0,1.5,17.0,1.7,0.0
2025,18,CLE,Raheim Sanders,7.0,1.4,19.0,3.8,0.0
2025,18,CLE,Malachi Corley,5.0,1.7,13.0,4.3,0.0
2025,18,CLE,Shedeur Sanders,17.0,5.7,9.0,3.0,0.0
2025,18,CLE,Isaiah Bond,4.0,4.0,0.0,0.0,0.0
2025,18,CLE,Jerry Jeudy,4.0,4.0,1.0,1.0,0.0
2025,18,CLE,Trayveon Williams,4.0,4.0,3.0,3.0,0.0
2025,18,HOU,British Brooks,17.0,1.3,46.0,3.5,1.0
2025,18,HOU,Woody Marks,20.0,2.0,28.0,2.8,0.0
2025,18,HOU,Jawhar Jordan,1.0,0.2,2.0,0.4,0.0
2025,18,HOU,C.J. Stroud,5.0,2.5,0.0,0.0,0.0
2025,18,HOU,Davis Mills,11.0,11.0,1.0,1.0,0.0
2025,18,HOU,Dare Ogunbowale,1.0,1.0,2.0,2.0,0.0
2025,18,IND,Jonathan Taylor,10.0,0.7,16.0,1.1,1.0
2025,18,IND,DJ Giddens,18.0,2.3,12.0,1.5,0.0
2025,18,IND,Riley Leonard,21.0,7.0,0.0,0.0,0.0
2025,18,IND,Ameer Abdullah,0.0,0.0,1.0,1.0,0.0
2025,18,IND,Josh Downs,-5.0,-5.0,0.0,0.0,0.0
2025,18,IND,Tyler Goodson,0.0,0.0,3.0,3.0,0.0
2025,18,JAX,Travis Etienne,17.0,1.2,15.0,1.1,2.0
2025,18,JAX,Bhayshul Tuten,16.0,3.2,7.0,1.4,0.0
2025,18,JAX,Nick Mullens,-2.0,-0.7,0.0,0.0,0.0
2025,18,JAX,Trevor Lawrence,0.0,0.0,11.0,5.5,2.0
2025,18,TEN,Tony Pollard,29.0,2.1,19.0,1.4,0.0
2025,18,TEN,Tyjae Spears,8.0,2.7,10.0,3.3,0.0
2025,18,TEN,Cam Ward,8.0,4.0,3.0,1.5,0.0
2025,18,MIN,Jordan Mason,39.0,2.8,55.0,3.9,3.0
2025,18,MIN,Ty Chandler,8.0,0.8,15.0,1.5,1.0
2025,18,MIN,Zavier Scott,3.0,1.0,6.0,2.0,0.0
2025,18,MIN,J.J. McCarthy,0.0,0.0,7.0,3.5,1.0
2025,18,MIN,C.J. Ham,0.0,0.0,1.0,1.0,0.0
2025,18,MIN,Justin Jefferson,2.0,2.0,1.0,1.0,0.0
2025,18,GB,Emanuel Wilson,9.0,0.5,35.0,1.9,1.0
2025,18,GB,Chris Brooks,36.0,2.8,25.0,1.9,0.0
2025,18,GB,Clayton Tune,10.0,2.5,13.0,3.3,1.0
2025,18,NYG,Tyrone Tracy Jr.,77.0,4.3,26.0,1.4,0.0
2025,18,NYG,Devin Singletary,15.0,1.7,11.0,1.2,0.0
2025,18,NYG,Jaxson Dart,28.0,5.6,4.0,0.8,0.0
2025,18,DAL,Jaydon Blue,47.0,2.9,17.0,1.1,0.0
2025,18,DAL,Phil Mafah,11.0,2.2,7.0,1.4,0.0
2025,18,DAL,Joe Milton,35.0,8.8,8.0,2.0,0.0
2025,18,DAL,Hunter Luepke,2.0,1.0,10.0,5.0,0.0
2025,18,DAL,Dak Prescott,-1.0,-0.5,0.0,0.0,0.0
2025,18,DAL,KaVontae Turpin,6.0,6.0,1.0,1.0,0.0
2025,18,BUF,Ray Davis,72.0,3.4,79.0,3.8,2.0
2025,18,BUF,Ty Johnson,11.0,0.8,25.0,1.9,2.0
2025,18,BUF,Mitchell Trubisky,1.0,0.2,4.0,0.8,0.0
2025,18,BUF,James Cook,8.0,4.0,7.0,3.5,0.0
2025,18,BUF,Reggie Gilliam,0.0,0.0,4.0,2.0,0.0
2025,18,NYJ,Khalil Herbert,8.0,0.7,34.0,2.8,0.0
2025,18,NYJ,Kene Nwangwu,5.0,0.7,13.0,1.9,0.0
2025,18,NYJ,Brady Cook,1.0,0.3,6.0,2.0,0.0
2025,18,NYJ,Arian Smith,2.0,2.0,0.0,0.0,0.0
2025,18,CHI,D'Andre Swift,28.0,2.8,12.0,1.2,0.0
2025,18,CHI,Kyle Monangai,8.0,1.3,6.0,1.0,0.0
2025,18,CHI,Luther Burden,0.0,0.0,10.0,10.0,0.0
2025,18,CHI,Caleb Williams,1.0,1.0,0.0,0.0,0.0
2025,18,DET,Jahmyr Gibbs,47.0,2.5,33.0,1.7,1.0
2025,18,DET,David Montgomery,29.0,3.6,13.0,1.6,0.0
2025,18,DEN,RJ Harvey,12.0,0.8,16.0,1.1,3.0
2025,18,DEN,Bo Nix,45.0,5.6,4.0,0.5,0.0
2025,18,DEN,Jaleel McLaughlin,22.0,3.7,19.0,3.2,2.0
2025,18,DEN,Tyler Badie,-3.0,-1.5,1.0,0.5,0.0
2025,18,LAC,Trey Lance,59.0,6.6,10.0,1.1,1.0
2025,18,LAC,Jaret Patterson,11.0,1.4,18.0,2.3,1.0
2025,18,LAC,Kimani Vidal,6.0,2.0,6.0,2.0,0.0
2025,18,LAC,Hassan Haskins,0.0,0.0,3.0,3.0,1.0
2025,18,LA,Blake Corum,33.0,2.5,26.0,2.0,1.0
2025,18,LA,Kyren Williams,18.0,1.5,42.0,3.5,1.0
2025,18,LA,Jimmy Garoppolo,-3.0,-1.0,0.0,0.0,0.0
2025,18,LA,Puka Nacua,18.0,9.0,6.0,3.0,0.0
2025,18,LA,Matthew Stafford,3.0,3.0,0.0,0.0,0.0
2025,18,ARI,Michael Carter,15.0,2.1,3.0,0.4,0.0
2025,18,ARI,Jacoby Brissett,19.0,6.3,0.0,0.0,0.0
2025,18,ARI,Corey Kiner,7.0,2.3,6.0,2.0,0.0
2025,18,ARI,Emari Demercado,14.0,7.0,15.0,7.5,2.0
2025,18,LV,Ashton Jeanty,49.0,1.9,38.0,1.5,0.0
2025,18,LV,Shedrick Jackson,2.0,2.0,1.0,1.0,0.0
2025,18,LV,Aidan O'Connell,7.0,7.0,0.0,0.0,0.0
2025,18,LV,Kenny Pickett,7.0,7.0,2.0,2.0,0.0
2025,18,LV,Isaiah Pola-Mao,2.0,2.0,1.0,1.0,0.0
2025,18,LV,Tre Tucker,2.0,2.0,2.0,2.0,0.0
2025,18,LV,Zamir White,1.0,1.0,4.0,4.0,0.0
2025,18,KC,Brashard Smith,35.0,2.9,21.0,1.8,0.0
2025,18,KC,Kareem Hunt,6.0,1.2,8.0,1.6,0.0
2025,18,KC,Dameon Pierce,5.0,1.3,5.0,1.3,0.0
2025,18,KC,Shane Buechele,4.0,4.0,0.0,0.0,0.0
2025,18,KC,Chris Oladokun,0.0,0.0,0.0,0.0,0.0
2025,18,NE,TreVeyon Henderson,51.0,3.9,2.0,0.2,1.0
2025,18,NE,Rhamondre Stevenson,45.0,6.4,86.0,12.3,4.0
2025,18,NE,D'Ernest Johnson,10.0,2.0,3.0,0.6,1.0
2025,18,NE,Drake Maye,25.0,5.0,16.0,3.2,1.0
2025,18,NE,Joshua Dobbs,0.0,0.0,0.0,0.0,0.0
2025,18,NE,Kyle Williams,5.0,5.0,0.0,0.0,0.0
2025,18,MIA,Jaylen Wright,13.0,1.0,10.0,0.8,2.0
2025,18,MIA,Ollie Gordon,9.0,1.0,0.0,0.0,0.0
2025,18,MIA,Malik Washington,5.0,2.5,17.0,8.5,1.0
2025,18,MIA,Quinn Ewers,9.0,9.0,0.0,0.0,0.0
2025,18,PHI,Tank Bigsby,44.0,2.8,31.0,1.9,1.0
2025,18,PHI,Tanner McKee,2.0,1.0,1.0,0.5,0.0
2025,18,PHI,Will Shipley,0.0,0.0,2.0,2.0,0.0
2025,18,WAS,Chris Rodriguez,36.0,2.3,29.0,1.8,2.0
2025,18,WAS,Jacory Croskey-Merritt,18.0,1.4,11.0,0.8,0.0
2025,18,WAS,Josh Johnson,30.0,3.3,15.0,1.7,0.0
2025,18,WAS,Deebo Samuel,1.0,0.5,0.0,0.0,0.0
2025,18,WAS,Jeremy McNichols,1.0,1.0,2.0,2.0,0.0
2025,18,PIT,Jaylen Warren,38.0,2.7,28.0,2.0,3.0
2025,18,PIT,Kenneth Gainwell,7.0,1.4,3.0,0.6,0.0
2025,18,PIT,Connor Heyward,2.0,0.7,0.0,0.0,0.0
2025,18,PIT,Aaron Rodgers,20.0,20.0,0.0,0.0,0.0
2025,18,PIT,Jonnu Smith,0.0,0.0,2.0,2.0,0.0
2025,18,BAL,Derrick Henry,82.0,4.1,44.0,2.2,2.0
2025,18,BAL,Lamar Jackson,6.0,1.5,3.0,0.8,0.0
2025,18,BAL,Keaton Mitchell,2.0,1.0,0.0,0.0,0.0
2025,18,BAL,Rasheen Ali,0.0,0.0,0.0,0.0,0.0
2025,19,CAR,Chuba Hubbard,25.0,1.9,21.0,1.6,0.0
2025,19,CAR,Rico Dowdle,5.0,1.0,4.0,0.8,0.0
2025,19,CAR,Bryce Young,24.0,8.0,0.0,0.0,0.0
2025,19,CAR,Trevor Etienne,3.0,3.0,1.0,1.0,0.0
2025,19,LA,Kyren Williams,35.0,2.7,22.0,1.7,0.0
2025,19,LA,Blake Corum,21.0,1.9,24.0,2.2,0.0
2025,19,LA,Puka Nacua,5.0,1.7,9.0,3.0,2.0
2025,19,LA,Matthew Stafford,-1.0,-0.5,1.0,0.5,0.0
2025,19,CHI,D'Andre Swift,38.0,2.9,16.0,1.2,1.0
2025,19,CHI,Kyle Monangai,15.0,1.9,12.0,1.5,0.0
2025,19,CHI,Caleb Williams,20.0,5.0,0.0,0.0,0.0
2025,19,CHI,Luther Burden,-4.0,-4.0,0.0,0.0,0.0
2025,19,CHI,Cole Kmet,0.0,0.0,1.0,1.0,0.0
2025,19,CHI,D.J. Moore,-5.0,-5.0,0.0,0.0,0.0
2025,19,GB,Josh Jacobs,32.0,1.7,23.0,1.2,1.0
2025,19,GB,Chris Brooks,16.0,16.0,0.0,0.0,0.0
2025,19,GB,Jordan Love,11.0,11.0,0.0,0.0,0.0
2025,19,GB,Jayden Reed,14.0,14.0,0.0,0.0,0.0
2025,19,GB,Emanuel Wilson,1.0,1.0,2.0,2.0,0.0
2025,19,JAX,Travis Etienne,44.0,4.4,23.0,2.3,0.0
2025,19,JAX,Trevor Lawrence,26.0,4.3,5.0,0.8,0.0
2025,19,JAX,Bhayshul Tuten,39.0,9.8,12.0,3.0,0.0
2025,19,JAX,Parker Washington,2.0,1.0,0.0,0.0,0.0
2025,19,JAX,LeQuint Allen,1.0,1.0,2.0,2.0,0.0
2025,19,BUF,James Cook,35.0,2.3,11.0,0.7,0.0
2025,19,BUF,Josh Allen,14.0,1.3,19.0,1.7,0.0
2025,19,PHI,Saquon Barkley,68.0,2.6,38.0,1.5,1.0
2025,19,PHI,Jalen Hurts,12.0,2.4,2.0,0.4,0.0
2025,19,PHI,Tank Bigsby,13.0,3.3,6.0,1.5,0.0
2025,19,PHI,Dallas Goedert,1.0,1.0,0.0,0.0,0.0
2025,19,SF,Christian McCaffrey,21.0,1.4,27.0,1.8,2.0
2025,19,SF,Brock Purdy,21.0,2.3,3.0,0.3,0.0
2025,19,SF,Skyy Moore,0.0,0.0,3.0,3.0,1.0
2025,19,NE,Drake Maye,51.0,5.1,15.0,1.5,0.0
2025,19,NE,Rhamondre Stevenson,19.0,1.9,34.0,3.4,1.0
2025,19,NE,TreVeyon Henderson,16.0,1.8,11.0,1.2,0.0
2025,19,LAC,Kimani Vidal,17.0,1.5,14.0,1.3,0.0
2025,19,LAC,Justin Herbert,23.0,2.3,34.0,3.4,0.0
2025,19,LAC,Omarion Hampton,-1.0,-1.0,0.0,0.0,0.0
2025,19,PIT,Jaylen Warren,19.0,1.6,24.0,2.0,0.0
2025,19,PIT,Kenneth Gainwell,12.0,2.0,8.0,1.3,0.0
2025,19,HOU,Woody Marks,58.0,3.1,54.0,2.8,2.0
2025,19,HOU,Nick Chubb,28.0,2.8,20.0,2.0,0.0
2025,19,HOU,Cade Stover,0.0,0.0,4.0,4.0,0.0
2025,19,HOU,C.J. Stroud,0.0,0.0,0.0,0.0,0.0
2025,20,DEN,Bo Nix,25.0,2.1,4.0,0.3,0.0
2025,20,DEN,RJ Harvey,6.0,1.0,14.0,2.3,2.0
2025,20,DEN,Jaleel McLaughlin,10.0,2.5,11.0,2.8,3.0
2025,20,BUF,James Cook,80.0,3.3,37.0,1.5,2.0
2025,20,BUF,Josh Allen,45.0,3.8,21.0,1.8,0.0
2025,20,SEA,Kenneth Walker III,65.0,3.4,51.0,2.7,3.0
2025,20,SEA,Velus Jones Jr.,6.0,1.0,4.0,0.7,0.0
2025,20,SEA,Zach Charbonnet,9.0,1.8,11.0,2.2,0.0
2025,20,SEA,Rashid Shaheed,23.0,11.5,4.0,2.0,0.0
2025,20,SEA,AJ Barner,1.0,1.0,1.0,1.0,0.0
2025,20,SF,Christian McCaffrey,17.0,1.5,18.0,1.6,0.0
2025,20,SF,Jordan James,17.0,2.8,11.0,1.8,0.0
2025,20,SF,Brock Purdy,27.0,5.4,10.0,2.0,0.0
2025,20,SF,Brian Robinson Jr.,3.0,1.0,1.0,0.3,0.0
2025,20,SF,Mac Jones,7.0,7.0,0.0,0.0,0.0
2025,20,SF,Kyle Juszczyk,-3.0,-3.0,0.0,0.0,0.0
2025,20,NE,Rhamondre Stevenson,42.0,2.6,28.0,1.8,1.0
2025,20,NE,TreVeyon Henderson,16.0,1.3,9.0,0.8,0.0
2025,20,NE,Drake Maye,2.0,0.5,8.0,2.0,1.0
2025,20,HOU,Woody Marks,9.0,0.6,8.0,0.6,0.0
2025,20,HOU,Nick Chubb,10.0,2.5,4.0,1.0,0.0
2025,20,HOU,Cade Stover,4.0,2.0,2.0,1.0,0.0
2025,20,HOU,C.J. Stroud,10.0,5.0,1.0,0.5,0.0
2025,20,CHI,D'Andre Swift,45.0,2.4,31.0,1.6,0.0
2025,20,CHI,Kyle Monangai,12.0,0.9,24.0,1.8,0.0
2025,20,CHI,Caleb Williams,11.0,2.2,29.0,5.8,0.0
2025,20,CHI,Luther Burden,0.0,0.0,0.0,0.0,0.0
2025,20,CHI,D.J. Moore,7.0,7.0,1.0,1.0,0.0
2025,20,LA,Kyren Williams,55.0,2.6,32.0,1.5,0.0
2025,20,LA,Blake Corum,11.0,1.8,8.0,1.3,1.0
2025,20,LA,Puka Nacua,3.0,1.5,3.0,1.5,0.0
2025,20,LA,Matthew Stafford,-1.0,-1.0,0.0,0.0,0.0
2025,20,LA,Jordan Whittington,0.0,0.0,0.0,0.0,0.0
2025,21,DEN,RJ Harvey,14.0,1.1,23.0,1.8,2.0
2025,21,DEN,Jaleel McLaughlin,4.0,1.0,7.0,1.8,0.0
2025,21,DEN,Jarrett Stidham,21.0,5.3,2.0,0.5,0.0
2025,21,DEN,Tyler Badie,3.0,3.0,1.0,1.0,0.0
2025,21,DEN,Pat Bryant,0.0,0.0,1.0,1.0,2.0
2025,21,DEN,Adam Prentice,1.0,1.0,2.0,2.0,0.0
2025,21,NE,Rhamondre Stevenson,28.0,1.1,43.0,1.7,2.0
2025,21,NE,Drake Maye,55.0,5.5,10.0,1.0,0.0
2025,21,NE,TreVeyon Henderson,0.0,0.0,5.0,1.7,0.0
2025,21,SEA,Kenneth Walker III,31.0,1.6,31.0,1.6,3.0
2025,21,SEA,Sam Darnold,6.0,2.0,3.0,1.0,0.0
2025,21,SEA,George Holani,1.0,0.3,3.0,1.0,0.0
2025,21,SEA,Rashid Shaheed,0.0,0.0,0.0,0.0,0.0
2025,21,LA,Kyren Williams,16.0,1.6,23.0,2.3,1.0
2025,21,LA,Blake Corum,37.0,4.1,18.0,2.0,0.0
2025,21,LA,Matthew Stafford,13.0,6.5,3.0,1.5,0.0
2025,21,LA,Puka Nacua,2.0,2.0,2.0,2.0,0.0
2025,22,NE,Rhamondre Stevenson,14.0,2.0,9.0,1.3,0.0
2025,22,NE,TreVeyon Henderson,10.0,1.7,9.0,1.5,0.0
2025,22,NE,Drake Maye,31.0,6.2,6.0,1.2,1.0
2025,22,SEA,Kenneth Walker III,72.0,2.7,63.0,2.3,6.0
2025,22,SEA,Sam Darnold,-1.0,-0.5,6.0,3.0,1.0
2025,22,SEA,George Holani,2.0,1.0,4.0,2.0,0.0
2025,22,SEA,Rashid Shaheed,-5.0,-5.0,0.0,0.0,0.0
